id,sentence
2,因为一年一度的端午，带了婆婆、爸妈来吃，可是，人家就是看不起我们等“穷苦人家”，难怪叫西关“世家”，我们不算是世家，因此，等了半个钟也没人来收拾桌子、开卡、倒水，汗！！！！！\n足足等了45分钟，才有人理我们，开了壶茶--个人猜测，也许人太多，水壶不够！！！服务员也不够！！！\n这也没什么。\n毕竟是世家，要试试味道吧。\n满心欢喜地点了广州式的点心和菜，也许是人太多，厨子煮到手软，一道太咸，一道太油.....\n最后埋单，也干等了半小时。\n晕？？？？？？\n这里收服务费，这点才觉得浪费！！！
60,感觉他们家的菜做的要不就是很咸，要不就是油很大，反正我个人是不太喜欢的~！鱼做的还味道还算可以~~价格稍微有点高了
91,早就想好要吃的，吃好火锅么正好呀~~\n找了好一会儿才找到啊~~\n点了热的大壹丸1号和芋Q牛奶冰，大壹丸1号选了仙草汤底的，有花豆有珍珠有芋Q还有金薯，温温热热蛮好喝的~~芋Q牛奶冰选了一半芋Q一半金薯，金薯就是地瓜丸，比芋Q要更好吃哦，浓浓的奶味加上满满当当嚼劲十足的芋Q和金薯，不错呢~~下回要吃吃看冰的大壹丸1号~~
117,过生日在这里订购了一个双层的黄油蛋糕，之前的蛋糕都在这里定的，不过之前都是吃奶油的。感觉还是不错的。\n但是谁想到。。这个的这个黄油的，真是个大悲剧！\n吃起来十分腻！我平常超级能吃甜食。什么暴风雪两大杯一点不成问题。特别能抵抗腻的感觉。但是这个。。我去\n一口下去就不行了。黄油层十分的厚实。非常糊嘴，特别腻。以后还是不要创新的好= =
168,会员优惠时不时有。但是水果新鲜度很低。服务的态度更是不敢恭维，收银员很累可以理解，但是请不要跟欠钱的大婶似的把客户的卡甩来甩去。
182,老公生日那天去的，天上下着小雪，纷纷扬扬的，一路走过去，很有感觉。路上还帮助了一对儿也在找这间餐厅的情侣，助人为乐吗~\n老公先到的，柔和的灯光下，老公的笑脸……\n服务员小妹非常贴心的点了小烛台，报了团购号，因为我和老公都不喝咖啡和红茶，所以问问能否给换成其他饮品，差额我们自付。\n瘦瘦的长辫子的服务员MM特别可爱，又体贴又热心，帮忙给问了半天，其中一个胖胖的服务员MM很硬的回了句不行，当时弄得我有点心里波澜哈，多美好的日子，我希望一切都好的。\n最后长辫子MM说，我们买一杯果汁，可以优惠赠送一杯。\n不是钱的问题，而是态度，感觉很舒服。然后就一直注意这个长辫子的MM，真是对每桌客人都是热情又体贴的，真不错，严重表扬下啦~~\n老公点的牛排，也是这个长辫子MM推荐的五分熟的，老公之前的全部要八分熟，从未尝试过五分熟，这次的尝试，被老公津津乐道了好久，真的是唇齿留香，说以前吃的都是牛肉，这回才叫品尝牛排，呵呵，老公满意，我自然也是无比开心的啦~\n我最喜欢的奶油南瓜汤，真的非常惊艳，只一勺，已经被感动了。还尝了一勺老公的奶油蘑菇汤，嘿嘿，一勺就成了。\n一顿饭吃得真的很高兴，我希望老公的生日能很完美，准备了很多小惊喜，来THE BISTRO更是锦上添花，所以四星推荐，并且真心感谢。
186,环境都几好，几明亮几大体，比较适合家庭聚会，出品中规中矩，比唔倒咩惊喜也都无咩大的过错，一副大户人家的样，可惜管理跟唔上，对唔住篱个价钱．
195,和朋友去过一次，当时跟着导游听着历史去的，不听不知道，和珅在当代真是厉害啊，一年三进官，而且长的非常漂亮，还有关于和珅贪玩腐败啊，有个藏宝楼，有10000个福字等等。。比较好玩，建议大家都听听历史，要不然，你看不出有什么的
209,店的位置就在路口十分方便寻找，里面的东西也就大同小异了，一共三层，三楼的地方比较小，通常都比较抢手，原因的话，大家都懂3的
218,港岛、九龙和迪士尼等该玩的地方也都玩过了，决定去第二大离岛南丫岛看看\n据说天虹是当地最大的海鲜酒家，于是就在1个多小时长途跋涉之后试吃了下\n看了下菜单，发现套餐里的东西实在不合胃口，所以就单点了两份海鲜\n说到海鲜基本就是冲着超大个头的濑尿虾去的。。。。所以椒盐濑尿虾当然不让（200米）\n之前也听说了芝士焗龙虾也很美味就点了一份（230米）\n上菜了发现说是一份其实也就是一只濑尿虾分成4段和一只小小的龙虾对半分\n看着又是椒盐又是芝士，本以为都是重口味的\n但尝了之后觉得海鲜本身的鲜味还是很重的，肉质也很紧\n回来的时候正好赶上了下午的那班免费天虹的船\n本以为就是个小破船，结果等啊等，居然等来了一艘超级可爱的小游艇！！！\n哈哈，比起公共的摆渡船，条件实在是好太多了啊。。。\n无论外观和内设都非常的别具一格，均以可爱的彩虹和海洋生物为主题\n而且还是中环、尖沙嘴两处停靠的\n店家真是用心良苦哦～\n价格虽贵但也算是不枉此行了
223,青岛的朋友推荐的，说很值得一去。于是一路找啊找啊，找了两站路，最后发现方向走错了，走不动了，打车去的。小小complaint一下，青岛的门牌号单双号也差太远了吧。。。。、\n环境很好，风景也很好，东西也很好吃。适合赖一天，什么都不做，看海发呆的地方。
235,798里面的一个小店 都是明信片 \n很喜欢的设计 可以填好地址 留下需要邮寄的时间 店里会到时候帮你寄出\n但是需要额外加钱\n你也可以买了明信片自己写好扔到外面的邮筒
238,国庆的时候抽空去了健康煮\n这家自助火锅前一段时间蛮火的\n就跟着点评团团购了\n可是没想到那里加入会员后直接消费的价格跟团购价格是一样的。。\n \n预约制度比较完善，几家分店都必须打400电话统一预约的\n如果不预约，可要等N久的时间啊。。。\n我去的是天山路店，地铁口一出来就是啦~~很方便的~~\n环境还不错，偏紫红的色调，有些暗，但是蛮精致的~~\n大厅都是散座，有几个包厢是大圆桌啦~~\n涮品种类很多，非常的丰富啊~~\n肉类有各种丸子、虾饺、蟹棒等等\n其他的切片肉都是师傅现场切的，需要自己去取\n种类也蛮多的，有羊肉、肥牛、鹅肉、五花肉等等~~\n海鲜区之前看点评好多人都说是冷冻的\n但是我去的时候是蛮新鲜的呀~~\n有各种虾、蟹、花蛤、鱿鱼、扇贝、鲜鱼片等等~~\n蔬菜区的品种就略少了\n不过到这里的基本都是来吃肉和海鲜的。。\n不过也还可以啦~~基本的菜类、菌菇类、粉条类都是有哒~~\n小料和锅底也都是自选哒~~\n自选小料是每个火锅店都有的，就不用多说啦\n这里的小锅是清汤，要什么口味的锅底是自己添加的\n这一点很有意思，如果口味重还可以混合。。。\n甜品、饮料、水果区\n甜品就是一些小蛋糕，这个就一般般啦\n饮料也是机打的那种，水果品种也不多，不过都还好啦~~\n最后凭券每人还可以领一份哈根达斯冰激凌，不过品种不多啊。。。\n更深入了解请关注小蜜的食记帖子~~http://s.dianping.com/topic/4633312
254,那个时候在YY上看到他们家在搞团购，666元好像，拍一套DDP的写真，然后送满月照和百天照!\n当时做了蛮多功课都说他们家不错而且我看这个团购也满核算的，所以就订了、\n他们里面的客服和化妆师还是摄影师都不错，就是那个看上去像老板一样的人看到你不另外加钱做相册什么的就开始脸臭了。\n本来我觉得如果真的自己喜欢的话你不说我也会加钱的，但是他那个态度实在是。。他越是那样我就越不加钱，情愿自己TB上叫人家另外做。。
288,中午去那里买了点心，人还挺多的，结账要排队的，生意不错\n面包看上去都挺新鲜的\n我买了蛋糕吃\n服务态度很不错的\n我就买了2小块蛋糕\n服务员也帮我分别打包装了很精美的盒子\n让我觉得非常开心\n只是不知道为什么旁边卖饮料的一直没有人买\n我也不敢去尝试，一杯咖啡是10元，价格还算可以
308,排队等好久，常点牛舌、还有石锅拌饭，还点了蜜汁梅肉，好大的猪肉，甜甜的，挺喜欢的，还有一贯爱吃的南瓜粥。两个人吃了100多 还可以
326,在北京吃过太多次了。家里后来竟然也引进了这个。实在是性价比太高。披萨好吃又便宜。量都超大的。对于喜欢吃西餐的人来巴贝拉实在是很合适。就是说是有无线。但是去了发现上不了。
332,我很喜欢吃老爸做的焖面，说实话，没吃到外面很好吃的焖面，来到这，看见这个排骨焖面，就点了一个，味道真的不错，和老爸做的没什么分别！
340,去青岛当然要吃海鲜，两天都在登州路转，因为有新鲜啤酒喝~~\n他家葱爆八带（章鱼）味道不错，很入味，还点了炒蛏子、烤海蛎子、椒盐濑尿虾，味道都不错，啤酒喝的是螺旋藻的绿啤，60元一扎，总体吃下来还不错。
343,"到了冬天非常喜欢吃板栗!这家的板栗店味道很好,价格也比较实惠,好象是买一斤送半斤的,量也很足!每周都会去光顾一次,就买11.8的那种味道不比13.8的差哦!"
367,我上班的地方两边各一家原味，这家店在一边，另一边也是个原味。\n早上时同事有时会一起出去吃早餐，一般都去的另一家，这家基本没一起去过……\n图个好奇，我偶尔也去吃过几餐。\n现在的原味粉店越开越多，其实相互间也没啥关系\n这个店算比较大的了，每次去时人也挺多，得先买单拿号子的~价格嘛，不便宜，凡是挂了“原味”两字的粉店比外头都贵个一两块~\n这儿的味道还可以，吃原味的话感觉油比较重一点，味道也鲜浓一些，所以看个人选择了~
402,哎呀，这个人均就不谈了，总觉得这贵的都跟它的设计理念不符合了。\n不过，还是喜欢呀。感觉MUJI的东西已经超出东西本身的范畴了，进而升华为一种对于生活的态度。\n这家收银台前的伙计和别家比很与众不同，废话连篇，也是已经跟他们产品的气质不符合了。
460,家庭聚会，大概20个人，每桌大约16个菜。\n因为是别人请客所以具体的价格不清楚，具体的菜品名称也不知道，印象中有一道茶树菇味道不错；清蒸牙片千万别点，肉太老；有道凉菜，应该是捆猪蹄（我在大连的时候好象还没有这道菜的说），个人认为不错；饺子味道不错，牛肉馅儿的；其他的菜就一般般，没深刻印象，属于夹了一筷子就不太想再夹第二筷子的类型。\n服务员态度还好，不过下次不会主动再来光顾。
477,话说我觉得那里面的几个服务员不错，哈哈~~好久没去了，不知道走了没，58度c的饮品还不错，价格还过得去。
500,环境装修相当不错，在家附近算是个不错的餐厅，每次家里来客人都去青年餐厅。春节时包间没定上定的大厅，每桌最低消费800元，霸王啊！
506,这家店真的不大，去晚了真的没有位子了~我是下午4到的，还没有营业，就先预订了位子，到了5点再去的时候，人开始多了。总体来说，价格还是蛮实惠的，各种刺身都很新鲜。所有铁板累的食物都是加入黄油烤的，味道很香、很浓郁，只是，牛舌有点老，牛肉的块头对于女孩子来说，大了一点点，会显得不嫩。老板娘很热情，会亲自上菜、换盘子的
509,经常去的一家电影院，非常的喜欢哪。。。\n楼下就是百盛，购物饮食都非常的方便呀。。。\n离家里很近，就办了张VIP，还可以打7折，平时又经常有活动会员特惠的。。。\n有4个厅，场次挺多，效果也不错，位置挺舒服，就是偶尔冷气太足了。。。\n这里的爆米花也很喜欢，甜味适中，每次必买，不买就不过瘾啦。。。\n反正是我很喜欢也很方便的一家影院，以后会经常去的。。。
519,饺子 不错 真不错\n原先公司在那里经常去吃，很好吃\n特别推荐 大蒜烧鞭花\n大蒜烧鞭花\n大蒜烧鞭花\n大蒜烧鞭花\n大蒜烧鞭花
529,晚上刚去吃的，其实都是第二次去吃了，一直以为只是家普通的小吃店呢，今天一看点评才知道这么有名还有这么多分店啊~\n都不知道咋点评了，就当普通小吃店吃吃好了，至少我还没发现啥特别的呢
540,2010-6-12\n周末活动，下班后直接过去的\n小隔间里的空调不起作用，有点闷\n口水鸡 很大一盘，辣味适中\n海蜇皮 还是少了点，下面都是莴苣菜\n牛仔骨 量很大，铁锅里盛上来，味道不错\n特价菜 清炒虾仁，还是很新鲜的，也就3两左右吧\n一桶鲜，确实有名气，鲜的莱\n板栗鸡翅 板栗较少，鸡翅，小粽子，好像还有面饼，招牌菜\n咸菜炒蚌肉，清脆的像鹅肠一样\n总的来说味道都不错，分量也很足，吃的蛮实在的
556,以前没有搬的时候去过几次，感觉味道一般，和一般的韩国料理地点大同小异，牛舌、五花肉都还可以，服务态度也行，可以吃吃的
568,这家店点菜的方式不走寻常路，要顾客点单后凭小票到不同窗口自取，我很不适应\n是的凤爪、鲜虾烧卖、流沙包、烧鸭什么的，口味还行\n就是觉得用餐环境有点乱
617,价格不便宜啊，菜量很精致啊。装修还称，不是很奢华的样子，凑合吧。但是菜品的口味很有特点，大概是福建一带的菜系，口味以清淡为主。绿叶蔬菜啊。。。。。。就算是肉类也是很清淡，很清淡的。据说是比较健康，而且呢，对胃肠的刺激不大，只不过呢，对我来说呢，偶尔吃一次还挺不错的，要是天天都这口味就有点受不了了。哈哈哈，那个桂花鸭的分量也太小了，寥寥无几的几小块。
634,"看到名字是彻底被雷了一段时间，\n直到某天...同事说，这里的洋葱圈圈真的很好吃，\n就去了...(可是偶真滴不觉得洋葱圈圈好吃啊,\n就是洋葱外面面包屑炸下，不过那里的阿姨说应该就是这样吃的...）\n咱点了匹萨和千层面，实话说，千层面好吃啊，\n上面的芝士软软香香的相当好吃，番茄酱也很浓郁...\n匹萨就悲剧了...（不过和巴贝拉比起来要比巴贝拉好吃），\n因为喜欢薄底匹萨，所以阿姨帮我们做了薄底的，不过..\n还是有点厚...但是阿姨速度真的是相当的快，\n一般人家烤匹萨要等20分钟了，这里阿姨只要10分钟。\n此外，环境上面讲，他们家的小餐厅真的很小很小，\n一共就两张桌子，其中一张还是他们家人在那里吃中饭。\n就是一家子在家里看电视里面吃饭那种，\n一开始我和同事还犹豫是不是要进去...囧\n不过做匹萨那个阿姨说她以前还和一个老外一起开过连锁店，\n貌似蛮厉害的..他们家还有一个做奶茶的铺子，\n买5杯也不知6杯的还送一杯，\n奶茶生意相当好，人家进店貌似都是来买奶茶喝的。"
646,每次从这里下来就要买一个带回去，因为每天都有15的6寸，所以基本上都按15走的。\n偶尔还有特价，比如tuna的也是15在周末，就多买几个。。更喜欢香葱酱和蛋黄的搭配。\ncheese 打热后在加洋葱和番茄生菜，很delicious……
648,这里的生意很好，但是由于是羊肉为主，这里的面价格不便宜，好像我以前吃的最一般的面也要十几块，而且面和肉的量真心少啊，就是这个汤估计是现熬的，里面还有干丝什么的，比较的鲜，其他没什么，只能说一般般，喜欢吃羊肉的倒是可以来吃吃
649,我经常来交通大学的地下铁喝丝袜奶茶，口感非常的，他们种类很多，人也多，晚上去都得排队，学生很多，大家要是路过，可以去喝1杯
654,单位门口的炸酱面馆，原来叫大碗居现在名字变文气了啊，莫非取“九河下稍”之意？\n大叔吃了无数次的地儿，周四包子A班过来接大叔不巧赶上加班等了一个多小时啊，见到大叔的时候已然饿的不行了。。要立刻吃就来这了，点了俩面一个宫保鸡丁一啤酒，包子本来不想喝又被大叔灌了一杯成了小红脸，面还是一如既往的味道没什么毛病，就是菜爆炒的有点过里面好多糊碎屑。。\n招牌的猪蹄儿没点点菜时给忘了，还有糖醋面筋也不错下次一块点吧。。\n吃完面条直接去逛大华润了，本来是说买水结果花了八十多吧不过都是有用的，上了867就迫不及待的把买的小东西的包装都拆了，然后又把拆下来的包装整理好，真是咱家的好主妇，哈哈\n包子要送我回家，到了南院发现两把长凳都被占领了，就去做小长廊了，大叔犯小心样儿了激动半天以至于晚上都没睡好啊，以后真的尽量不这样了。。\n回顾一个在helen's的经典对白\n大叔：才喝多少脸就红了？\n包子：恩，我也感觉脸都热了\n大叔：是么？\n包子：你摸摸\n大叔：我用嘴感觉一下行么\n包子：。。。（面带羞涩的从了）\n2011-06-16
665,五花肉明显比以前的量少了，翻开到最后那几片居然薄如蝉翼啊，放烤盘上直接就糊了，没法吃。\n鸡胗子一直是我的最爱，可惜这次发现量少了一些。\n烤鳕鱼是我的保留节目，每次必点，这次的鳕鱼块，明显的薄多了，而且切的段很多，不是以前那种一大块一大块的了，是一小块一小块的了！\n鸡翅中，迷你版的，个头小了点就不提了，数量还少了至少1对（2只），外人看不出来，我这熟客能看不出来？\n土豆片还是那样，这个不会有变化。\n只有牛心管是值得肯定的，这次的数量和质量都令我满意。\n个人极爱他家粉丝盖饭，每次必点~~还有拌蚬子，挺大一盘，蚬子超多，味道也好，甜甜辣辣的，但是最近有缩水迹象，洋葱变多了，蚬子个头也见小~~~
680,一家很有特点的的饭店，环境不错，依着窗而坐就可看到窗外的美景，旁边就是安亭老街，服务员很亲切，鸭片和菜感觉偏油，
690,这次换一家苏帮菜馆吃，自己也很有名的，价格就大众化了，平易近人，所以人气也很旺\n冷菜： \n口水鸡：一般般吧，不是苏帮菜做的不太好\n马兰头：还可以\n蓝莓山药：造型很好看，味道也不错，推荐\n热菜：\n松鼠桂鱼：这家才68一条，比起得月楼的价钱真是太值了，味道也很好，又脆又嫩，也很入味\n酸汤肥牛：牛肉很嫩，汤蛮酸的\n清炒芦蒿：不错\n清汤狮子头：够大个，肉很嫩，汤也很鲜美\n价格便宜，吃得也很满足
702,虽然号称是中影旗下的电影院，但是我去了几次都没觉得有多好，里面一共3个厅。逢周末和热门电影的时候人也很多，虽然有3D，但是感觉效果一般。
757,非常火爆的一家小铺，早上如果不趁早儿，呛面儿馒头和豆包儿就抢不到了，馒头又大又喧腾，远远就能闻见一股香味儿，白嘴儿就能吃一个。还经营别的粗粮主食，没有馒头这么火爆，味道也不错，主要是很方便，干净，老主顾吃着放心。
771,闺蜜是定在植物园一品厅的。是他们酒店的指定婚庆，针对于这个酒店有优惠套餐，昨天陪着过去他们公司了解了一下，销售给我们看了他们再那个厅做的样片，全场白绿色系配上T台灯光的效果把这个厅的缺点很好的掩饰掉了。闺蜜的预算不是很高，但是呢销售没有冷脸，而是把我们需要的一些东西 列了出来组成了一个套餐。最后价格也在闺蜜的预算里面。我觉得还是可以的。他们不是硬性消费，而是做了真正需要的做策划。期待这场婚礼。
775,"七宝去过两次了,第二次去的时候才发现有这么个东东,买也了一个感觉一般般的,里面的豆沙感觉没有那么细腻,吃半个就可以的,吃整个就太甜了."
784,很喜欢这家的鞋子 特别是夏天的平底凉鞋 价格基本在千元 虽然有点小贵 但真的很中意 另外 不知道这次百盛199-100的活动他们会参加吗
796,一直都喜欢按按摸，\n去过很多家   一直找不到好的按摩地方，\n不是让你买卡 就是聊天一点都不专注的给你按摩，\n很讨厌这样，这家店还行吧，可能下次会来。。。
807,本来想去新开的隐上花，结果遇到封路，只能绕行，没开出多久就路过蓝莲了，有座还有人帮我泊车，就留在这里吃了。正好阳光明媚，在秋天晒着太阳吃饭，很写意。点了几个名菜，对大家推崇的有机鱼头没觉得非常好，有可能是上得太快，我们等人耽误得稍微凉了点。倒是配的年糕非常糯。另外点的牛肋肉非常棒，很浓，很入味，即使不用酱料也非常可口。当然价格也是我们点的菜里最贵的。\n有个郁闷的是本来想这么冷的天不会有蚊子了，就没带防虫膏，结果被叮了好多包。后来发现不是蚊子，而是一种很小的小虫，居然也是吸血的，叮出来的包居然也和蚊子块差不多大差不多痒。
828,我们部门聚会去吃的，发现涨价了很多，本来是觉得味道不错价格也亲民，现在看来有点贵了。我们要生菜还6元一份，服务生说是这个月开始的。免费生菜是数炉子的，一个炉子送一份。本来免费的话还可以解点油腻多吃点肉。那天是我们先点菜老板后到的，因为人多嘴杂的就点得过量了，要老板埋单的心里有点不好意思，就没敢再要生菜了。吃到一般就觉得太多，想要退也不让。\n本来是事先预订包厢的，他们还电话来确认国，哪里知道去了之后还没有～～\n最后大家都不太有兴致了。
835,連續n年的團年飯在這吃了。大眾化的價錢，大眾化的口味。東西做得還是不錯的，前面弟兄說服務不怎樣，我覺得很對得起價錢了。\n今年感冒了，吃什麼都沒吃出味道。唯獨龍蝦伊面裡頭的面感覺不錯。
845,约好JM一起来的，南方商城附近没有特别有感觉的发型店\n听朋友推荐了这家，那就一块去试试\nR桑是的短发之前太过罗嗦，剪完使得整个人清爽了不少，\n把脸颊两边的头发剪掉反而显得脸小了不少。\n我吗，听了阿杰的建议，选择了优惠券的数码烫\n用的药水还不错，烫的时间也不是很长，弄好之后很日系列\n很有感觉，和我平时看到的杂志很象哦\n刘海更是剪的很有味道，一刀平很漂亮的闹
854,去了不知道多少次了，唉，朋友喜欢去，我也喜欢放松，就经常一起去。\n按摩技术还行吧，我觉得其实环境和服务比起按摩本身更有竞争力一些。\n他们本身也进行了很多次改革了，无论是按摩项目还是服务上。\n相比周遍的几家类似的店，生意的确要好很多。\n反正一到联洋我就会和朋友去那里的。\n价格呢，绝对不算便宜，性价比一般。\n昨天又去了，项目更多了，但是好像其他方面质量更差了。\n给我的那个包房吵是吵得不得了，郁闷，下次绝对要另选房间。\n做的项目还行，折腾了好几个小时，260多， 感觉还是值的吧。\n躺在床上，那个电热毯把床温得暖暖地很舒服，所以不舍得下来，呵呵。
862,这里得没有别处得料多，也不够冰 ，不知道是不是生意不够好的缘故 ，， 态度么，很一般 ，反正不会再来
863,第一次来这儿吃饭，我朋友店里平安夜聚会，我们随便找的。总体来说味道还不错，就是有点儿油。服务差点儿，让填汤的时候叫了三次都没给填。
915,"买咗来食好耐,但一直都唔记得点评。\n买咗6只味道,（时间太耐唔记得边6只）,芝士草莓果最难食,反正就系有芝士味道都唔好食,好奇怪。\n最好食都系抹茶。价钱都算贵。"
916,家门口上档次的饭店，请客首选。价钱小贵，自家只好难班吃吃哈~~轮番下来，他家的菜大部分已吃遍（海鲜极品不算耶）樟茶鸭，牛柳，熏鱼，糖醋小排，蒸江鱼鲜，布袋饼，霸王鸡都是属于好吃不太贵的；鲥鱼，火方很贵但是好吃的，不好吃的还真不太有，无怪乎会经常光顾哦......
925,这里是101号，玻璃博物馆685号，别看号码离了远，实际公园隔壁过条马路就到玻璃博物馆了。\n看好下午的表演出来去钢雕公园，走过去最多10分钟。公园4点关门，门口登记下就好进去了。\n从门口看，有很多废铁做成的雕塑，往里走就是废弃工厂，都是不能过去的，边上能过去的就个滑梯，看着很不错，但是厚厚的灰啊。\n这里人真的很少，瞄了眼登记册，今天10月2日一共才进去不足20人。\n逛了圈，又冷又荒，有点渗人，那些雕塑仔细看都透着寒气，所以20分钟就出来了，没什么可逛的，特地过去就没什么意思了。\n另外出来的时候突然觉得腰疼，后来就好了，不知道是不是巧合，反正那个地方蛮那个的，不会再去了。
926,公司年会选在这里，三楼电梯右手进去的这个厅，感觉满开阔的，菜品也对胃口的，就是结账的时候说不能刷卡，只能现金，这个不知道是年夜饭的规矩还是什么，觉得不是最合适。
931,乳鸽必点，其他的还真说不出什么特别的。比一般港式茶餐厅贵不少，但是味道也没有很突出吧，点心还是蛮实惠的，炒菜类就一般了
933,因为离家近，所以常去，没地放方去的时候常去！整体环境还算干净，东西就这样，毕竟是连锁餐饮，没什么大特色，真要说特点就是没有特点。
934,没想到生活时尚会介绍这家店，有次去的时候正好赶上在拍，后来朋友还特意看了生活时尚频道，找寻我们的身影，结果是。。。没有。。。\n赶上这家店周年庆的时候，满百直接抵扣30，顿时觉得价格还是亲民的。\n菜品嘛，其实还过得去啦，酸菜鱼虽然达不到鲜得眉毛掉下来，但终究量还是在的嘛，之后还尝过羊蝎子火锅，印象不深了，他家的饮料是畅饮的，虽然兑水是事实，但终究比白水好吧，如果对火锅不挑剔的朋友，这家店还是可以吃吃的。
939,如今面包店，都仿造85度C来开了\n连东西名字都一样了。。。我汗一记哦\n不过价格比较便宜点就是了\n这个还是不错的，还有的打折的东西卖\n喜欢吃清蛋糕，很大一只，也不贵，可以供好几个人享用了~~\n诚实的说，东西还是可以的，味道也是可以的\n就是从里到外山寨人家。。。哎
940,去吃的大部分都是复旦学生，也可能是因为学生比较好欺负，所以这家店的服务态度不是一般的差，服务员拽的不得了，有的根本不正眼看你。
955,青年公园交通不算方便\n但中山八路附近来讲算系几清秀的一个公园\n虽然无咩水景 亦无咩山 平地的一个小公园\n不过都几舒适 可惜就系附近交通不太好 马路过多 地处偏僻\n拍了不少照片 这里最受欢迎就是烧烤场了 基本都是10几20岁的青年人在烧\n价钱是不贵 周末如果天气配合都真系几满人添\n门口有巴士站 其实坐车会比系附近行过来更适合\n.
957,表弟女儿双满月在这里办酒。\n服务马马虎虎，菜品嘛就清炒蟹粉有点印象，其他没撒印象了。\n口味一般吧。。。\n但是价格绝对和菜量不符，太少了。。。\n一盘菜几口就没了，宁可去城隍庙吃蟹粉小笼滴。。。
971,午餐时间吃早茶，全因营业时间较晚。\n零点每人需收茶位费，听见隔壁桌在争执，南京人，不习惯，喝白开水好了。\n猪肚惊艳、鸡爪正宗、流沙包可口、蛋挞酥甜，这样的餐厅，不做早茶可惜了。\n服务员不断地斟茶水，却不把壶放我们桌上，这样一来，少了点老广东早茶的氛围。
991,那些面包种类还是蛮多的，活动也有，我喜欢吃甜甜圈，牛奶味牛轧糖，牛奶味特别浓，但是另一个口味的不是很哈了，还有热饮，蛋糕也好吃
1005,第一次吃298的。总体的感觉不错。\n最喜欢吃那个大明虾，那么大一只，真好吃。\n还有生鱼片，三文鱼的鱼腩，还有三文鱼。味道都是不错，比较新鲜。\n鹅肝太甜了。不喜欢。烤肉也觉得一般。\n烤的鱼还是不错的。\n品种还是少了一点。性比价还是不是很高。\n还好是别人请客。\n服务要夸一下。小男生比较周到。
1021,一定是东北的地区难以get到广东点心的精髓，让一个和在广东上学的同学一起去吃的我情何以堪？那个粥里的蛋竟然是白水煮熟了的蛋切成小块的我真的是崩溃了要，随便吃吃吧真心无语。可能是东北人吃东西习惯神马的都木有碗只有一个我觉得是用来吐骨头的碟子，问他们要一个碗的时候像看怪物一样看我TAT 要发票的时候还说不要发票就可以送饮料什么的早你怎么不说送饮料呢，切
1028,去过很多次了，一直都很喜欢那个味道~吃鱼比较不能长胖，冬天吃的话还暖暖的很舒服。前几次去的时候每次都点的小米辣。挺好吃的，还送了我两对杯子。挺可爱！\n唯一缺陷：不能刷卡！
1032,周末去看《功夫梦》，到早了，\n还差四十分钟才开演，时间不多，就来这里坐坐。\n可是没想到，就这四十分钟，\n吃到的不是可口的 ICE CREAM ，\n没有享受到哈根达斯的服务，\n而是生了一肚子气，\n浪费了四十多分钟，\n电影还差点晚了。\n点了两个一心一意，第一个是在10分钟之后，也就是距离开场半个小时的时候上来的，速度不错，味道嘛，还可以。\n而第二个 则是30分钟之后，在我们一再催促之下，此时还好离开场有10分钟。\nBUT，but，BUT！！！\n当药结账的时候，服务人员又让我等着，在我一再表示我要去看电影，马上就要晚了的情况下，他们仍旧自行其是，真的让人很窝火，\n哪有这样的服务？\n上两个冰激凌就差了20分钟，结账又10分钟都搞不定，当时店里没几个顾客，也大都是点完了在慢慢的吃，边吃边休息，或是聊天，不知道怎么就这样的【效率】呢？
1036,额=  =现在很难吃到让人惊艳的东西了。。最多只能分得出来味道对不对。\n外婆家的菜并没有和它门口的队伍成正比。一般吃吃还是可以的\n昨天年初四。我被老爸老妈派出去排队。十点三刻到那的差不多12点半就进去了\n点了外婆红烧肉，鱼羹，石锅鱼，石锅饭，茄子，麻婆豆腐，有机蔬菜，珊瑚虾\n上菜速度还是挺快的。人这么多也不容易~\n可能外婆红烧肉是第一个上来的菜。所以我觉得这个还不错。。。挺适合我口味的=  =油肉那部分可以吃了，鱼也处理的不像鱼了(像咸肉)【这里绝对是表扬的意思= =因为我一般不喜欢吃油肉和咸鱼\n其他。。也就这样。。。。\n就是。。不惊艳。【但也有可能是因为我麻木掉了= L =
1107,公司同事辞职吃的散伙饭，菜品味道不错，地道北塘口味，菜量很大，也比较新鲜！可以尝试一下“掉螃蟹”，服务员态度不敢恭维，自带酒水不给开发票。
1116,很远的来到了，停车场灰常大，传说还有班车的。里面的品牌也还不错，从中档到高档都有。整体风格非常的异域，欧洲。但是仔细看就能发现房子其实非常破，虚有其表的破败，简直豆腐渣工程。最烦的就是由于是分开的小屋子购物，从一家走到另一家需要出来，这对于夏季冬季超长的北京来说简直是受罪~~~
1136,朋友请客，去吃的草鱼，我们点了个2斤4量的鱼，四个人吃刚刚好，别的菜品也还可以没啥特别的，就是冻豆腐有点奇怪的味道，我们都没吃，回到家，妈妈就开始闹肚子，不知道是不是太辣了，还是本身食品卫生没有达标，下次应该不会考虑再去了。
1153,每次来滨江道都得买五福西点，有一种蜜豆蛋糕很好吃。蜜豆很多还有貌似奶油的东西混合在一起。这种貌似奶油的东西需要高手指点一下，凉的时候比较硬，常温下又比较稀，我痛苦的想到了反式脂肪什么的，我爱吃但怕对身体不好，我不懂请问有知道的吗？请站内我谢谢
1167,这家店比较大，人流还可以，不过经常也需要排队试衣服。衣服更新得不是很快，可能是看的人太多了，很多衣服显得都比较旧。\n质量很一般，我总觉得HM的衣服对不起它的价格。不是特别喜欢。
1169,晚上了 鸡么了 就点了一碗鸡粥尝尝 涨价了 曾经的1元 现在的1.9元 味道也没以前的好了 而且贼淡的 量也少了 没有以前的味道了~~
1182,很小的一家店。没来之前已经被同事告知，量太少，吃不饱，所以已经有了心理准备，特意又点了些副食。要了小份的蚵仔面线12，没想到里面没见蚵仔，只有碎碎的大肠。面线黏糊糊的，感觉不好。台湾煎豆腐8元还不错，一共8块，外面裹了炸粉，脆脆的，上面浇了甜辣酱。卤蛋一份5元，只有切开的4小块，下面垫了一层卤豆腐。总体感觉这里吃正餐真的不适合，最好是下午休息时来随便坐坐，喝点饮料，吃点甜品还可以。
1207,纪念路上的一排饭店里这家好象招牌大点，味道么也是一般，基本上价格适中，适合家人亲朋小聚，菜的味道也是一般，没有什么特别出彩的，随便吃吃了
1221,同学从外地回来~接好她就去喝茶~4个朋友去的~貌似点了一人一壶的茶以后想吃什么就吃什么了~是自助式的~喜欢~环境也很好~服务的话就人比较少。但是不错
1238,和老姐去逛田子坊的时候找的下午茶点，很有特色，不过已经从田子坊那里搬到绍兴路那边了，和老姐一人点了份下单人下午茶套餐，重乳酪蛋糕，香蕉巧克力慕斯，棉花糖热可可，柠檬蔷薇白毫银针茶，味道都非常好，重乳酪蛋糕的味道非常给力，对应最爱芝士蛋糕的我来说非常的享受，乳酪的味道非常厚重，足够绵密，加上乳酪上的黑樱桃酱，酸酸甜甜的，非常好吃，这块芝士蛋糕的分量非常赞，巧克力慕斯，非常大的一块，里面夹了不少香蕉，非常香甜的感觉，也不错，不过相对而言我更喜欢乳酪蛋糕，棉花糖热可可，以上来就闻到一股很香的可可味道，上面还漂着几个很可爱的棉花糖，棉花糖稍甜，如果不是很喜欢甜食的还是不要点了，之后的可可非常的香，不过如果要点蛋糕的话，不建议一起点，因为可可比较甜，和蛋糕一起吃会觉得腻，建议蛋糕搭配他们家的花果茶会非常享受，我点的就是柠檬蔷薇白毫银针茶，有很香的柠檬味道，但是没有柠檬的酸涩味，比较清淡的花果茶，不过和蛋糕搭配这一起吃的话非常的好，环境也不错，有很大的电视，可以放片子看，也有桌游可以玩，还有个半月形的书架，里面的书可以自己去拿来看，比较安静，很不错的地方，每个桌子上都有个小铃铛，如果要叫服务员摇一下就可以了
1250,他家事实上是一家火锅店，主打就是田鸡（说是石蛙）火锅，你要是喜欢吃辣，可以选择麻辣——他家按照通常的会有麻辣、中辣、微辣三种。当然了，也有不辣的锅，不过我觉得吃娃还是要加辣的比较好。火锅里面你可以选择田鸡、青衣（蛙皮）、田鸡扣（蛙胃）——以上都是28元/斤，今天我们吃的是田鸡，买两斤送一斤。端上来，满满的一锅蛙肉，不过都是整只没有剁开的。虽然如此，吃起来一点障碍也没有，因为端上来之前已经是熟的，并且蛙肉本身还是很鲜嫩的。锅里面本身有老豆腐，配菜叫了藕片、山药、莴苣各一份，外加两罐娃哈哈凉茶——因为他家没有王老吉……结账130，两人吃得很满足！
1273,非常好吃，可以试吃每一种口味然后选择；芒果口味是招牌！草莓口味也很不错，偏酸；他们家的冰激凌都是用新鲜水果自制的，所以不会像哈根达斯那么腻，非常爽口，像冰沙+冰激凌，朋友有VIP卡还能打8折！哈哈。。。以后有机会还想去！
1281,还是蛮喜欢papa的小吃的，可是几次想在在飞洲国际这一家吃都不可以，里面的服务实在是差劲到一定地步了~~明明就是有空位我们进去还让我们等位~~\n说是~~那半边在休息不让做~~什么烂店家
1285,开发区这边公园本来就挺少的，这样一个环境很不错的公园就更加的凤毛麟角了。环境很不错，大块的草坪。放风筝，躺下睡睡都很不错滴。
1286,台式快餐 店面看着很狭小 但却ms有三层\n楼梯是小而窄的旋转式\n对这样的楼梯实在是无爱吖\n点了豇豆肉酱饭 猪排饭两个套餐还有五香卷 和椒盐小排做小食\n米有资格去判定其是否正宗\n毕竟咱没去过宝岛\n就食论食吧\n猪排比较薄，好在还是热乎乎的\n猪排饭里的酱汁冷了，配搭的蔬菜也是冷的，这个不满意\n豇豆肉酱再辣一些，味道就更赞了\n五香卷和椒盐小排均另配了辣酱油\n小排的肉肉还是蛮少的，算了，啃啃吧\n五香卷里面有虾仁，但素，每个卷卷里只现身一个小小滴虾仁\n且蛮油的\n随便次次吧
1293,门票很便宜，离热闹的大街很近，但是这里很安静。房子很有味道，保存的很不错。\n参观的人不多。这样子的房子开起来黄炎培以前也不穷吧，嘿嘿  话说宋好像也在这里出生
1296,因为旁边的万寿斋人实在太多所以吃了这家，这家店人也不少，所以只能坐在外面的加座。\n店面是隔壁万寿斋的2倍，生意好的来在马路上也放了座位。\n他们家的锅贴人气很旺，小馄饨看上去也不错，没点。\n吃了他们家的面。\n焖肉面，10元，肉很香，汤一般，面一般。\n咸菜肉丝面加一块素鸡，7元，这个面的量哦，吃到我走都走不动，咸菜肉丝终于让我吃到肉丝，素鸡很入味很好吃。\n总体来说住在这附近的居民有福了，看到外带的人也和多的。
1323,买的几个外卖的肉烧饼，2米一个的，价格不便宜，刚出炉的是味道最好的，以前超爱他家的小笼包和馄饨，现在吃吃感觉一般，不如以前了
1341,它家好吃的东西太多了\n鸡架嗷嗷爱吃 虽然有点咸但是还是很喜欢\n够味儿 就爱吃它家的\n那个叫什么麻辣豆腐干 有点像那种很厚的豆腐泡 味道绝对好\n和鸡架的味道很像\n鸭脖 比较扛吃 能吃好长时间 越吃越香
1351,这附近位数不多的粤菜 快餐\n前天点了一个 口味差极 所谓老火靓汤 其实就是例汤 也就是我们所说的“刷锅水”价钱在快餐里不算便宜了 一份15 米饭用的是最差的 大粒的那种大米 难吃 蜜汁排骨 有你的要死 青菜也不是那味道 另外我加点了一份烤基围虾（他这里做海鲜烧烤）基本上没法吃 唉 失败 \n不过送餐呜呜还不错 速度也不是特别慢 \n难道广东菜在外地真的就做不好？ 我服了
1354,这的面很好吃，很有味道，别人都说粉好吃，我觉得粉一般般了，重点是在面！面细细的非常入味，油放得多，而且我保证绝对不是地沟油，因为闻得出花生油的香味！就是有时候人太多了需要等位抢位
1366,挺好吃的，汤很鲜，里面加了不少的胡椒所以能去猪肚的腥味，相反鸡有点逊色\n喝了很多的汤，胃暖暖的\n叫了很多涮菜，挺不错的
1381,朋友的结婚派对放在这边，很好找的地方。环境非常不错。只可惜是晚上去吃如果是下午早点去的话，可以在周边拍照呢。菜的味道很一般，可能是自助餐的关系吧。\n但是生意还不错哦。\n回家的时候，看到店里的外籍厨师再外面喂猫，有爱心！再好评！
1411,"只尝了鸭脖\n刚吃的时候怎么觉得有点中药味,不过后面越吃越觉得不错,虽然没有周黑鸭的香和适度的甜味,但微辣的辣度很适中,而且肉也多,不错~\n昨天去买了鸭肠和藕片,都一般,尤其是藕片,太咸不辣\n今天发现这家最值得推荐是鸭锁骨，太好吃了"
1414,去之前查了下口碑，看到很多评价都很差，还挺犹豫着不准备去了，没想到昨天晚上去尝试了下，发现挺好的嘛~没有有些人说得那么吓人嘛，环境和不错的，小笼包很鲜美汤水也很多
1419,淘宝下的团购网\n关注过几次\n上次订男士礼服差点团了一个\n后来发觉地铁里打优惠券的地方一摸一样的价格\n团购了么就一定要消费了\n用优惠券么还好先去打打样 不一定订的\n不过最后还是在这家做的礼服 很满意\n偏题了我。。。
1442,同学在那里举行的婚宴。那里的大厅很正气的，有很大的舞台，四四面面的人都能看到舞台，中间没柱子挡着，大家都能看清楚。\n菜色也不错的，中规中矩的，菜量也可以，总之在那举办婚宴不错的。
1467,朋友介绍的一个新地方，就在海潮路好又多对面。地方宽敞，差不多3个桌子会专门配个服务员在边上，所以摆球都不用叫。早场打很便宜25一小时，晚上就是40了，周末晚上的生意倒还不错。\n这家的球杆超级轻。。。桌子也非常的滑，开始的几局还真是不习惯。还有就是抽烟的人挺多，不是很喜欢。
1478,这算是南京最标志最有名的景点了吧。\n好像小的时候只在春游秋游就会过去。\n高高的台阶每次爬上去都很有成就感。其实上面风景没有什么，倒是过程有意思。\n整个景区的树木很多，很喜欢在这样的景区里面闲逛。。。无论如何，这是我们南京人最爱的地方呢。\n偶而，开车经过旁边的绿树小道，真是享受啊！
1479,随便吃吃的小火锅，吃完一身味。饮料永远是兑了水味道不咸不淡。麻将小料按包给，碰上服务员心情好，能多给几包。靠门口有几张桌子，人多去那不错，在联华超市买包虾饺，都倒锅里，比呷哺的小饺子好吃多了
1484,吃的自助餐人均200\n环境装修的跟日本电视剧里的场景很相似。\n人比较多，不预约，基本没有位置。\n自助餐一次给的东西很少，\n每点一次餐就给一个\n要多次点餐，这点不好。\n味道还是不错。值得一尝。
1510,服务是真好，就是地方太小了人挨着人。。。。爆满。。。你吃着就能看见老有人进来等位。。。\n不过哦，吃的确实还不错\n我点了----厨师沙拉，蘑菇汤，四喜披萨，意大利0土豆泥，香肠+薯条\n沙拉很多量很大，两个人绝对够吃\n蘑菇汤蘑菇很多，奶油很多，\n四喜匹萨吧、、都是奶酪四种哦、、但是一般人吃不过我建议别点了，除非你奶酪爱好者\n土豆泥也很不错捏~~\n总共花了200元 吃的扶墙出去的。。。哈哈~俩个人绝对没问题啦
1512,新装修后价格变贵了很多。环境服务算是不错了，在临潼服务好的确实没几家，这家算是不错，菜色说不上是那个菜系，反正味道都还不错，感觉公费吃喝的比较多。
1518,看了大家的点评去的，餐厅的环境还可以，不过刚进门的时候，要适应一下店里的膻味，呵呵：）\n一锅东西很实在，各种的“筋头巴脑”\n最喜欢筋头巴脑肉和土豆！\n服务很热情，很贴心，点菜点多了也会善意的提醒。\n交通很方便，公交车下车就是。
1521,店的面积很小，每次都是饭点过去的，人超多，在里面转了几圈才找到位子，是个不错的吃饭的地方，价格不贵，味道不错，要是座位再多点就更好了
1527,蒜香蜗牛觉得是最难吃的。以后也不要吃了。不知道是不是因为它这里做的不好呢。最爱吃的是意大利面。很入味，料也很足。不错不错。那个烤肠也很好吃。这个价钱很值了。
1530,觉得味道还不错~但是没有觉得特别特别的好吃。生意很不错~要排队才能买到~阿姨们都说味道很好~现在买鸭子好像还送兑换券，收集满十张兑换券就可以换价值15元的鸭子~看到一个阿姨手上有好多卡~估计是这家店的忠实粉丝~
1531,环境还不错，杯具和餐具很有趣，味道也还可以，只是貌似金融危机后，菜量有所减少\n推荐\n玫瑰百合粥 皮蛋瘦肉粥 \n排骨烧蛋 心管
1535,也许是冬天的原因吧，吃火锅的人特别多，以至于服务员少的不够用，点个菜喊半天还出错。。\n火锅本身，味道的确不错，特别是他家的老油条，炸的很香，冻豆腐也不错，羊肉去的时候打5折，8.5一份，很划算的，总的来说价格也不贵，要是下次服务也能跟上就更好了
1553,山之川在易构空间对面，紧临四环、交通方便，店面不是很大但很温馨，给人宾至如归的感觉！去过两次，感觉他家寿司很好吃，刺身很新鲜，牛肉薯饼超级好吃，每次去都要点上双份。总之，山之川是个让人留恋的地方……
1564,很喜欢吃他家的流沙包，黄黄的皮子是糯米做的，里面的陷是鸭蛋黄的，一屉是3个，他家的虾饺也很好吃，里面的虾很大，真材实料，咸菜我最爱吃的是蒜茄子，和粥一起吃真的是平凡的美味
1565,十字路口，位置还算可以的。\n商品不多，价钱也不算很优惠，不常在这家店买东西，记得最近的是在1楼买了副墨镜。\n二楼乱糟糟的，上去过一次就再也没有兴趣了。\n没什么优势的一家百货，想买东西不会特意去那里。
1568,"环境安静,优雅;菜品美观,可口;是三五好友集餐的好地方!我非常喜欢在这里用餐.\n这里的菜鱼虾新鲜,选材用料都不错,上档次."
1595,"前天在这吃的晚饭. 点了三个菜,干锅肥肠,蒜泥空心菜,回锅肉. \n菜的份量是够的. 二个人吃就很饱的. 上菜速度挺快的.\n店里有六张桌子,来吃的基本是附近的居民. \n菜价属于中档的,也有八七十一个菜的,十几二十几一个菜的也挺多. 还有火锅什么的.\n用的是塑封餐具,要算钱的.饭也是一人一元算的. \n口味还算可以的吧. 总体来说不属于吃了会很想再来的那种.但随便吃吃也还可以."
1599,算是本土的一家潮牌吧，T设计的还不错，其他的没什么感觉，杭州也有两家分店，还有他们的店面设计也一般，随便说下：那地址错了吧，应该是 长乐路276号 ，再补充个电话：TEL 021-63849229
1630,和妈妈去吃的 记得有一个薯蓉 味道也就一般吧 披萨的话也一般\n饮料有点贵 妈喜欢吃鸡翅 说鸡翅好吃 我怎么觉得一般
1638,冲着20元一颗的马卡隆去的，一盒6颗，小小的礼盒，小小的蝴蝶结，很是精致，马卡隆外皮脆脆的，很好吃，可以有点偏甜，但是味道真的不错
1653,今天要去易买得，查了附近的DP，正好在对面，六点进去，感觉没什么客人，心里有点忐忑，点了热门菜沸腾鱼，味道没另我们失望，口感不是很辣，但很入味，肉质很鲜嫩，石烤虾有点过了，但味道还可以，那个推荐菜御膳豆腐更是味道一级棒，南瓜园子也很好吃，总之，这家店菜的味道不错，\n环境就一般般吧，服务蛮好的，有味道，一切都好
1668,服务员态度非常不好很不耐烦，然后点的水煮鱼味道很怪估计是死鱼问服务员跟我说就是这个味道，吃水煮鱼又不是第一次了真当我吃不出来啊，后来态度非常不好的让我退了，一直很相信渝信但是太失望了以后不会光顾了
1680,从久光的超市买单出来就感觉到一阵香味飘来，估计这是有新鲜出炉的面包上盘哦，就径直过去了\n我比较偏心于烤奶油三角，很浓郁的奶香，一点也吃不你，刚出炉的是一款蜂蜜面包，也买了，香飘四溢啦\n虽然价格有些小贵，但觉得还是比较值！
1702,周一到周四中午11点半之前买单6折优惠， 其他时间来饮茶觉得不怎么实惠。星期天和朋友来饮茶\n人均差不多100块，其实也没吃到什么东西，茶位费8块一位，有点离谱。三丝炒米55块，扬州炒饭55块，\n分量也不多，点心选择也不多，价格也不怎么划算，可能现在不少茶楼饮茶都很实惠了，味道大家都差不多，\n拼的就是价钱。以后除了有打折的时段来这里以外，其他时段都不会选择这里。门口可以领停车券5块，可以\n抵两小时停车费。
1703,临时决定过去吃的，那天莫名地就是觉得很饿。\n之前去的曲阳店，对于他家的猪肚鸡的印象非常好，大冬天喝着很舒服的。\n所以看到更加近的本溪路，决定去这家。\n8号线黄兴路下车，连续第二天路走反了，对于一个土生土长的杨浦人来说，我很惭愧\n熟门熟路地点了常规要点的，猪肚鸡，煲仔饭是黄金搭档！\n那天煲仔饭早早地就上桌了，然后服务生早早地拌好，然后早早地一人一碗饭下去。\n直接结果就是，还没开始涮菜呢，就几乎吃饱了！\n真心不满意这个顺序，而且对于店家来说，提早把客人塞饱，各么别的菜都点不了呀。\n环境，比别的店好了不少。\n服务，会相帮撇去浮末。\n不要发票的话，送一听饮料。
1721,单位在这里开半年工作会，有幸来参加，特别是误打误撞的享受到了最高领导的特别待遇，真是兴奋啊。\n一进房间首先映入眼帘的是那张偌大的双拼床，看了下，是由2张加宽单人床组合而成，算了下，差不多要3米*2米了。一个人住，很奢侈啊。\n另一特色，是阳台自带的独立双人温泉池，足不出户，就享受温泉。\n房间很宽敞，设施不错，用品齐全，环境很好，有免费和收费提供的物品若干。\n美中不足的是，夜里小冰箱的动静有点大，有点吵。关了门、熄了灯以后，这白色噪音还是显得大了些。
1732,其实环境还不错的，尤其是从外面看，歪的建筑，玻璃幕墙。里面的小店什么价位的都有，吃的东西尤其明显，从10元到300元的都能找到，一定要认真问价。\n但是楼梯很诡异，无论是往上的扶梯还是往下的扶梯都很难找，绕了好几圈，最后还是走楼梯下来的。太奇怪了。\n \nPS：那个钢琴台阶确实很有趣，在西塔里。
1735,去过一次，是去新华医院的体检中心，单位组织体检就在那里，环境不错，医生服务态度也很好。\n医生也都还蛮负责的，检查的比较彻底。
1736,其实这条街已经是面目全非了，特别是老浮桥的改造工程，简直是一塌糊涂。\n我真不知道是谁设计的，是谁负责改造的。\n反正已经没有以前的味道了，现在的一切都显得很假。\n浏河老街是从迎福桥一直往左走到底。\n还有就是从老浮桥延伸一直向北走，\n中间穿插着一些什么郑和纪念馆啥的。\n小时候这条路是我每天上学放学的必经之路，\n那时候的老浮桥才是真正的老浮桥，桥上有很多苔藓，但是因为很多人的踩踏，\n一点都不滑，透着淡淡的古朴，\n上面不知道是不是雨水的关系，形成了天然防滑的一个个小石孔，\n细小的台阶，我总是喜欢两三步一跨。\n然后从高处，车道的地方狂奔下去。\n老浮桥是一座拱桥，桥身上有很多下水的孔，\n每次我在桥上的时候总是喜欢透过这些小孔望着下面的湖水，\n那时候的老浏河没有现在这么臭这么脏这么绿，\n这些已经是我年少时的回忆了，现在的老街。\n已经不在是我的老街了，一切都显得那么新，那么人工，那么的假。\n怀念属于我的老浮桥。
1742,这里的羊汤确实不错，吃过很多次了，感觉和别的地方味道不太一样，虽然写的是莱芜羊汤，但是做法似乎有所改变，自己感觉吊炉烧饼特别好吃，里面有很多调料，山药也很好吃，每次必点，价位还可以，只点羊汤山药之类的，感觉比金家羊汤这种店面还要便宜。
1775,没有吃到值得回味的菜，中午去吃的，正好碰上一楼大厅有婚宴，上菜那个慢啊，足足上了两个小时。饭菜质量也觉得不如勇丽其他几个店好吃。
1789,花气袭人知昼暖。这里的露天环境和饮食氛围可以作为厦门western side的一个代表，依稀有些法国香榭丽舍的影子。\n老板是日籍华人，房东是菲律宾华人，厨师是上海人，服务员有一个是西班牙后裔的菲律宾人，这样的cosmopolitan组合会做出什么样的意大利菜呢?菜单上的菜名都很长，两个语种-英语和中文交相辉映，详细解释着各道菜的原材料。夜晚的餐桌上烛火摇曳，只映得些许菜单上的字样。\nMain Courses：\n鹅肝浓腻厚实\n意式海鲜饭 risotto 奶酪味很重\n生菜沙拉 蔬菜新鲜\n意式牛肉Arrosto di manzo倒是我的最爱\n意式蔬菜汤Ministrone 西红柿的狂欢
1799,"买了个标签是当天生产的所谓的北海道。18块5大洋买回来的东西很干很硬很不新鲜。绝对是隔了不知道几天的。面包片的边角上都风干了的样子。\n每次去看都能看到店员自己的吃了一半的大饭盒大刺刺的放在外面。\n以后不会再去了。\n本来宜山路站里面的几家好的面包店关了以后,宜山路站就么撒好买的了。"
1803,服务态度太差了，食物又缩水！芝士焗番薯，是以前的三分之一。所有食物都严重缩水！服务态度差得严重，服务员掉头就走不理客人，下单又发脾气。主管又百般推搪。开发票又翻我白眼。我以后绝对不会再来！！！
1820,他家的鱼分量明显不足，明明写的是两斤半的鱼，明眼人一看也就一斤多一些。\n餐具也要另外收费（不合理消费）。都说消费者明白消费，做完的鱼凭店家说多少就多少，反正死无证据。如经常以这种消费模式经营能走多远？
1831,这个易买得太小了，东西放的也比较乱，很少逛这边，价格也不便宜，记得有次连盐的没得卖，说要第二天才到货，差点晕死，逛了这么多大型超市，第一次遇到这样的事情，后来还是在家门口的伍缘买的。
1862,上海的棒约翰比萨去过很多他们的分店，感觉最好的还是里面的鸡翅和超级棒约翰。因为比较方便，有时候买好可以带走。
1876,这里算是华东师范大学后门比较繁华的一个摊子拉，很多人去买的，可以做晚饭，也可以随便做零食吃一吃啊，味道超级好
1881,路过的时候买过几次~ 味道还是不错的\n炸的很好 不会很硬 或者没炸透\n很棒的味道\n摊位不大  人也不是很多\n不过味道还是不错的 很远就能闻到香味呢
1884,这个车干净，而且还到百货大楼和天津站，南大天大的同志们肯定都熟，关键还才一块钱，经常还看见什么标兵先进的牌子，真不错
1905,我是上周六去的这里一点不比城里温度低，唯一有凉风习习的感觉就是在一茶水摊与公厕交汇处，不过公园里的路都是缓坡走起来一点都不累，还在龙潭处看见一条颜色艳丽的小蛇。
1926,朋友推荐和老公一起去的，感觉还可以。\n但是不如去吃吉野家，价格差不多，虽然量也算不小，吃了排骨饭和原汁牛肉饭，感觉没什么特色，只不过挺货真价实的，两块大炸的排骨，牛肉块也挺大，偶尔会去吃吃看。\n今天看上面的朋友说大众点评卡会有优惠。。郁闷了，忘记用了。。。下次去哪一定先把点评卡拿出来~~
1929,这也是个老字号街边店了，清真食品，一般就吃蒸饺、罩火烧，就是环境差点，第一份工作就在美东，离这较近，民和轩价位适中，适合当工作餐吃，也很方便，就是中午人多时候需要等
1938,开在五角场，无意路过便进去试试，生意很好，有时要排队等候的，点了一个蔬菜锅底，很便宜，10块钱。一盘五花肉，还有一盘特价的肥羊，一份石锅饭，一份金针菇，还有份咖喱虾。两份饮料，两个人一共才103块，是不是很划算呢。
1958,环境不错。球道也很多。就是技术不到家，指甲特容易断掉。偶尔来放松下，锻炼锻炼全身的肌肉也蛮好的。就是水平忒臭了点。
1967,"如果不是住在附近确实不太好找.我们点的小黄鱼烧豆腐味道不错,尤其里面的豆腐嫩滑入味;油淋葱香鱼做得挺特别的,在洋葱丝上铺了薄薄一层鱼片淋上油后再撒上小葱,味道还行,就是鱼好少好少,这道菜上的还特别慢.总之,还算是实惠的餐馆吧."
1968,"终于开左拉,星期5果日吾想翻工,特地去试下,35全包价\n个F成日叫我去海珠果间堂会吃心太软,话好好味,今次黎到,当然要第一时间试下拉~\n心太软:味道吾错,入面的朱古力酱好多\n炒乌东:味道都OK\n煎鸡扒:好味,外脆内嫩\n玉米羹:好难饮,千其吾好试\n饮料品种几多,有部立顿的机,所以D味都OK,吾会太淡\n因为吃左好多也,所以都吾系好记得了,但个厕所好差,系自动冲水,但基本都冲吾到,所以好邋遢,大家要有心理准备~"
2011,在中山公园附近要找个舒适、安静、有情调的咖啡店还真不是个容易事。这个地方倒是满足了我以上的要求，我对咖啡一向要求不高，但环境一定要好。\n喜欢墙上的相框组合，舒服的沙发和靠垫，中式的装修看得出店主很用心。进店的时候还放着小虎队的歌，好温馨啊。
2015,香格里拉早就如雷贯耳了\n算是老牌的星级的酒店\n向往了很久，但其实只去过一俩次\n环境很不错的\n服务也非常好\n价格挺贵的
2024,在点评网上查的电影院，在上海大学边上，电影票很便宜，夏天去看的，冷气打得很足，看完出来有点冻着了。总之是个性价比不错的电影院，很值得去看
2042,不知道是这条路的名字呢 还是这样的一条路才得的这样的名呢 听着就觉得很幸福啊很甜蜜啊 很适合情侣散步 白天晚上景致各有千秋
2055,这家店以前叫金茉莉的时候我特别长草，都快草疯了。\n等我去了，改名了。\nanyway。\n【土豆泥】噎死我了。。。\n【奶油培根蛋黄面】我要了小分的。因为打算一次性全部拔草的。奶油味道特浓了。。。吃了一般我发腻啊。。。\n【帕玛火腿披萨】底是半薄的，边上不脆。这家是日式的嘛。。。火腿质量不咋。cheese给的很足，给人奶香浓郁的错觉，谁知道马苏給得再多味道还是很淡的。\n【明太子奶油意面】这个最后上来。。。我已经饱了呀。。。这家的意面都是奶油多。。。这个味道不错。。。其实我更加喜欢heavycheese的意面。。。不是这种很水的奶油酱。
2064,味道一般，偶尔吃吃还可以。酸梅汤量挺大，但是用酸梅晶冲的。菜价比较贵，而且量不大。要了一份五花肉，20多一份，没有多少肉。
2071,和父母去过一次 真的不算太好 有点失望 感觉没有什么可以选择的 有的那些种类也是那个自助都有的 没有什么特色 而且地方比较小\n感觉没有什么竞争力啊 总之 不会再去了
2084,鱼是不错，但是就是油太多，可能就是水煮鱼的通病吧，还点了蟹黄豆腐，但是服务员居然给漏了，麻将油麦菜感觉一般，没有别的家的好吃
2086,【芒果西米捞】\n味道不错，芒果、西米、椰汁，都是最爱啊！\n特别推荐的【木糠蛋糕】\n冰激凌口感的蛋糕 味道实在够好！！\n去Q记一定要尝！
2090,有一段时间非常的迷恋它呢，的确是比别家的奶茶分量要大，味道也还可以，适合随便喝喝，我每次喝完都会觉得很腻，可能是个人不太喜欢甜吧
2091,一向爱吃韩国拌饭和炒年糕的我第一次去试试这家店的食物，\n地方很好找，说不上显眼，空间不大，以外送为主，\n虽然下着雨，但还是去了，感觉普通吧，没有我想象中的那么好，\n炒米条，和年糕是两回事，感觉米条没有年糕那么有韧劲，\n偏绵了点，不过酱汁很浓，加上上面撒的芝麻，放在嘴里，\n感觉很满足，酱汁里面的泡菜也是一级棒的，我把菜全撩掉了。\n牛肉白菜泡菜拌饭，名字很长，牛肉并不多，饭比较烂，\n个人感觉，这个饭应该要扎实一点，可能是吃了石锅拌饭先入为主了。\n牛肉比较少，还是觉得这里面的泡菜好吃，酸酸的，很开胃，\n拌着饭吃了很多，所以，吃到后来基本上就已经吃挺了。
2097,超级便宜的ktv 一小时19\n以前团购时候送的会员卡\n周末唱歌还挺划算的\n点歌系统是著名的雷石系统 触摸屏  好用~~~
2124,以前经常吃的觉得很好的，但是这次去不但味道不好了吧而且给的鹌鹑蛋也馊了，叫了服务员问，说是熏得就这味，你说这。。。。。。。。。。。哎，真是没办法，不想跟他们计较算了，不过以后真的不会再去了，为了健康吧！1！
2134,有四种口味选择、、\n可是看模型都长一样的、、、\n选了抹茶、、\n抹茶味不浓、我真的以为是原味的、、\n咬一口 外面是脆的 有点硬、、\n里面没有流黄的、、很不是懦懦的、、\n就感觉好干啊、、\n不是很好吃、、\n不过服务态度倒是很好的、、、
2151,来武汉办事，住在这个宾馆，干脆就在这里吃饭。\n感觉性价比蛮高~\n倒不是说有多美味，但是晚上的自助种类非常多，战线拉得很长。\n另外还会额外送东西，比如鹅掌、龙虾，所以还是比较值的。\n但是印象深刻的不是很多，扇贝还好。\n另外还可以用小锅自己煮东西，有点忙不过来呵呵~\n现在就记得那个草莓牛奶味道不错了（其实技术含量不高），用的好像是伊利牛奶……\n服务环境也不错。这个酒店是装修很现代派，餐厅也不例外~
2153,东山大少KTV装修得都几靓，一入门口就好有KTVfeel喇，音响做得唔错，不过隔音就差咗点，但系过度D自助餐都几好食
2164,"现在 用餐的优惠改成了满100返30了,\n中午组内同事聚餐, 进去感觉比较敞亮,共三层, \n比较有意思的是, 二楼三楼的包间共26间, 分别以国内的城市命名, 如香港厅, 济南厅, 青岛厅 等等. 包间也没有最低消费.\n凉菜份量小, 热菜份量大, 不辣的菜巨多, 但是辣菜也够可以,有道牛肉,比较辣. 但是菜做得特别咸,还是在特别提醒做菜少盐的前提下.\n总的说来不错,在周围川菜较辣的氛围下,值得再去."
2170,到上海来玩，下了大巴，发现外面这下着雨，车没有打到，倒是发现了这么店，早就觊觎南方的正宗麻辣小龙虾，于是冒着雨，飞奔到这，打包了2斤半龙虾，红红亮亮的，真是诱人，打包的大婶非常的仔细，一层一层的套着食品袋子，生怕漏油了。还附送了许多一次性手套，不过后来证明根本没用，怎么吃都弄一手的油，而且洗也洗不掉的麻辣味道。难道是我吃的太尽兴了么？哈哈\n到了宾馆，放好行李箱就迫不及待的开始吃了，肉质鲜嫩，汁水麻香麻香的，吃完嘴唇酥酥的，真的叫一个爽字！不一会，就搞定了2斤！希望下次去上海，还能吃到这么好吃的龙虾~！
2172,请客户时去的，第一次去，感觉装修挺好的，但是厅不是很大的感觉，饭菜也不多，火锅吃的还可以，味道也很好，就是有点小贵，自己可是不舍得去的
2217,和穆斯林差不多的饭庄，比穆斯林的料稍微辣一点，但是好像没有穆斯林那么火，味道也很不错，火锅非常好吃，我很喜欢，不算太贵
2238,在那里买了盒特价的百仕利夹心饼干，原价21元，现在只要10元，里面共有15小包，每小包1小块饼干，味道一般，跟奥利奥差不多。
2258,康师傅私房牛肉面~~额，属实不知道有虾米好的。没有感觉出来有什么特别，价位虽然不是很高，但是也不低，主要是没觉得也没有怎么好吃啊。服务也一般，上次吃辣的，辣的我的胃里超级不舒服。不适合我吧
2282,和同事在徐家汇转了一圈实在找不到心仪的喝下午茶的地方，最后兜兜转转来到了新元素，应该说这里的东西并不便宜，但是量却不少，绝对称得上America size.老外很多，国外回来的ABC也很多，店内从不缺人气，味道还行，个人觉得适合偶尔吃吃，毕竟价位属于小贵。
2298,不知道为什么对他们家很有好感\n曾经有人推荐我这里的衣服有设计感\n而且价格也不会很离谱\n最近正大都在打折\n衣服穿上去还蛮喜欢的\n这里的服务员也很热情\n不过还是让我自己挑选比较舒服..
2314,今天算是个重要的纪念日，所以特地庆祝一番。由于没有预定，所以只能在大堂里吃，大堂显得比较简陋。也许是第二次吃，感觉没有第一次那么爽了，晚上居然还有饥饿感，大概是鱼翅的汤比较薄了。
2315,三个吃了180元，\n锅底的味道还是很不错的，\n【刀削面】比较安逸，是师傅绿色的，多半是荞麦面，削到底到，很不错。\n鹅肠 很嫩我比较喜欢\n千层肚\n比较脆，也还可以。
2329,几个同事一起去的，点了很多东西，都很好吃，只是这家的沙拉不敢恭维，其他的都不错，奶油烤杂拌啊，肝泥啊，都被大家抢得盆干碗净的，肝泥配了烘焙过得面包还有奶油，味道绝美啊，意大利面也味道很好，是吃过最好吃的，红酒煎鸭胸的汁有浓浓的果味，酸酸甜甜的很好吃，旁边会放上几块煮熟的土豆块和胡萝卜快，蘸了汤汁一样好吃，提拉米苏就是小冰点心，小小的一块要16元，味道也还不错，所有的餐具都很漂亮，大家在那里吃的都很满意，环境还不错，情侣也可以来试试，有机会一定要多尝尝他家其他的菜。
2348,第一次吃方形的火锅，味道很好。\n好久没来成都吃火锅了，饱了口福了。\n这家店生意好好，外面等位的人好多。\n服务很好，很用心。
2364,不明白精选的定位是什么？！食物的味道感觉没一般的店好，汉堡很干的，鸡翅也炸得一点水分都么了。而且很多品种都没有。店不大的，座位很少。赶时间才来吃…… 好在有个洗手台，比较卫生吧。
2371,刚到宁波就来这里吃饭啦~~ 开在公园旁边 周边的环境很好的！门前有条河……\n包房环境不错~~ 菜量不大的~~ 几个宁波特色菜味道不错~~\n很多年前途径宁波，火车上的人就推荐石浦饭点~~ 哈哈
2380,BOOS要请贵宾\n地点选在了这里\n嘿嘿 顺便把我带出来见见场面\n那里的环境真的是一流啊\n全店暗暗的\n有点像皇宫的感觉\n服务很热情\n菜都是每人一位的\n而且菜都很精致\n是个请客的好地方
2382,我记得是今年快过年的时候\n王老师带着我们姐俩去的\n历经磨难啊\n年关将近堤口路的那家关门了\n我们就打车去这一家店\n总体来说不错呢\n最后180+我有携程的会员卡能打9折\n王老师说能省就省 \n夸我会过日子\n哈哈~~~王老师从前都吃饼作为烤鱼的主食\n在我的带领下说米饭也别有一番滋味呢~~
2398,福烤锦花..没地方停车便错过了，然后只求随便一家就可以，不吃也没关系，最后停在这家店门口。\n不是公允的说，作为街边小店，这家算是干净整洁，桌布是大红大绿的东北味儿，也算花了点心思。key单买单上菜都是一个『叨念』着自己累死了的姑娘在忙活着，的确是替她觉得辛苦。\n叫了个木须肉盖饭10rmb，牛肉白菜饺子9rmb/3两，番茄蛋汤8rmb。盖饭和汤的量很大，米饭质量也不错，热腾腾的，很白切蓬松，菜的内容是胡萝卜，黄瓜，猪肉炒蛋，看起来干净清爽，若是平时一定蛮有食欲的会吃光光。可惜现在已经是9点，可惜我的心情很差，吃了几口就觉得吃不下去了，浪费了做菜人的心意。记得有人说过，要感谢为你的胃忙碌的人，可惜我没有找到这样一个人，不管是他为我或是我为他。
2399,约的同事下午4点到中关村吃饭，我内个汗啊，商场里面指示牌写着往左，结果。。。明明就不在那个商场里，找了半天总算找到了。\n这里装潢很有特色，热带雨林风范，佛像，大鱼，很气派。\n到了之后完全没有服务员招呼，当时店里就2桌客人，我想这回挺好，没人，上菜应该很快。结果，过了好久，先把几个小菜，香蕉汁上来了，好家伙！沙拉，猪颈肉，沙拉3个菜\n放在1个3连盘里，菜量少的惊人。还好有准备多叫了2个菜。\n过了一会我们单叫得双拼又上来了。虾卷里面是甘蔗，外面裹着虾泥，味道还可以。小粽子里面是肉的还有鸡蛋等，味道也还成。那个肉饼木有吃出什么特别的。春卷里面有香菇\n什么乱七八糟的，馅少了点。肉串是4块纯肉，味道也凑合。\n冬阴功汤就2小碗，2只虾米和几个草菇，汤的味道还不错。\n香蕉汁，老板，这白开水兑的香蕉是不是有点少啊。\n马来渣渣里面各种的豆子，薏米，椰奶什么的，味道还可以。\n此时隔壁桌已经催了n次菜了，我们也忍不了了，套餐里的2个热菜和单点的一个菜也一直没来，我们也开始叫服务员催菜。\n又过来15分钟，我们的咖喱鱼柳算上来了，接着吃，接着聊。\n再过15分钟隔壁怒了，说再不来菜就退了算了，过了也就1分钟菜上来了。\n我同事要给他朋友搭婚礼场地着急走，又开始催另一个菜，我们说再不上来也退了吧，然后。。。真退了，看来真的就没打算做我们这个菜。\n双拼当时有很多没吃的打算打包带走，盖好盖子发现酱忘倒里了，服务员来了一句其实这个酱不好吃，我那个⊙﹏⊙b汗啊。。。\n受到最后一下刺激从座位上下来的时候忘了座位和地面有很大的一块落差，悲剧了，一下来了个大马趴。。。丢人啊，赶紧爬了起来。以后去吃饭的大伙要注意下。\n总体感觉，服务员态度还可以，但后厨真不给力。
2407,"点个腊肠焗饭,完完全全没看见芝士!!最讨厌这种弄的像专门做西餐的，结果芝士很蹩脚!!!!!!\n我也觉得我不会再去吃第二次~因为这家店是我到现在为止唯一一次吃的没有一个菜让我有点喜欢的"
2415,新语的面包卖相其实没好利来的好，价格和那面差不多，印象最深的就是十几块钱的吐丝，贵啊，不过烤出来吃的效果好得不得了~~也算值了！
2417,我们学校的人应该没有没去过这家店的人！几乎班级聚会都在这里。有包间，味道也可以，环境也行，前阵子刚装修过。之前和同学三个人去的时候点了一盘鸭子，因为去得早，那会儿没什么人，厨师就特别够意思给了3个鸭腿，每人一个，爽翻了~~
2430,团了窝窝团的券去的，做的是大腿和小腿，一共两次，推销非常厉害，店长和他们那个所谓的老师一直劝我买疗程啊什么的，第二次去做居然被烫伤了，好痛啊，而且是大腿上面烫伤了一大块，不知道多久才会好，真是不敢再去了
2440,大学毕业后就一直用的有线通，当时因为比电信便宜，所以选择了有线通，可以很负责的说比电信慢了不少，尤其在晚间高峰，有时候会连网页都打不开，电话去保修，永远叫你去内网下载，内网下载当然ok，可是外网就完全不行了。有了2M升级消息，第一时间申请了，但是装好才发现，速度完全没有提升，装宽带的师傅服务电话打来态度也很差！\n忍无可忍之下在使用5年之后决定更换宽带。\n电信贵，长宽不能下BT，电驴，最终看到了联通的广告，一年788，电话去咨询发现没有限制下载，很好！还有试用1个月。\n在一个月试用里，发现比有线通快，稳定了不少！即使高峰时候也可以维持在120K的下载速度，看PPS也不卡，写着写着像是广告贴了，但是这是我的亲身经历。\n有线电视莫名其妙从13变成23已经很不爽了，装个了机顶盒，结果3天两头要更新频道表，电视也变得一卡一卡，难道垄断企业就一定要把牌子做滩掉才算完吗？真该好好反省了！！
2463,在这里买东西也快有好几年了，一直没有来评价\n东西多，相对的价格也贵，比起其他地区的家乐福而言要贵一些，因为周围都是老外\n打折产品太少，生意一直好到不行
2471,听说针灸减肥不错，所以想中医医院应该是块响亮的牌子就去了，门卫倒还好，说不是病态的话小姑娘胖点点没多大问题的，指导就医态度很好。进了大厅，先咨询，小姐说减肥针灸是自费的，不可以用医保卡，也无所谓就打算了要花钱的。结果到了5号挂号窗口，胖员工问我要医保卡，我说你们护士说了是挂自费的，她不听说可以挂的，非问我拿医保卡，给就给吧，付了2块钱。上了楼找到针灸室，男医生说不行，一定要挂自费的，我说我跟挂号小姐说了要挂自费，她非让我挂医保的，他说不管，就是要重新挂，不挂就是不给看。。。。我脾气上来了，明明是医院的错，态度还那么傲慢，估计是我发火了，那个男医生突然改口了，说是呀是呀，这个挂号的真是奇怪了，人家要挂自费还非要挂医保。。。还帮我把治疗的医生叫出来，说上楼也上来了，先看下能不能看，能看的话再下去退了挂号重新换自费的挂号。。。态度明显就不一样了。。出来了个女医生，我一看，，，自己就不瘦，，，心想也没关系吧，都说医生无法自救，就看吧。。。女医生还是让我先换了挂号，，付了9块钱。女医生问了我月经是否正常，有没有吃过避孕药，看了舌苔，开了方子就说去付费，，，我问了下，一次一百，一个疗程10次就是1000块。我男朋友想知道效果，她说不包的。我这才开始打量起这个房间，，，旧的很，可以原谅因为是老医院了，可是突然发现，，所有的东西都残缺就算了，脏脏的，，可是这里我看到的几个医生，，就连面前的女医生，身上的白大褂都是黑黑的，领口袖口，口袋边都是蹭的黑色的，，，，突然就没了好感，，那个男医生的衣服更是脏的像是在厨房的伙夫，，，，楼上下来，，，没交钱，直接奔了对面马路的十院，看情况再说吧，，如果对面好，哪怕是干净点也好，，，情愿对面的
2474,对西湖饭店印象还不错，价格不贵，味道也还过的去，就是环境和服务有点跟不上了，毕竟是国营的老饭店，也就不讲究外在了。路过随便吃吃，还是蛮实惠的。
2490,之前想吃烤鸭，正好路过这里，所以去了一次，但感觉不好!\n我们是晚上7：30-8：00左右去的，里面只有两三桌顾客了，没有空调，很冷，说是空调在除冰！上来的菜很快也就凉了！\n普通烤鸭好像68，精品88，问服务员有什么差别，他说一个当着你片，一个不当着你面片！我们觉得当面的会好一点，就要了当面片的！\n片完后就一盘烤鸭，普通是圆盘子装的，我们到是看到旁边不当面片的是两盘，而且是有鸭头的盘子装的！不知道什么情况！
2499,家庭聚会一直来这里 不过比起吃正餐 更喜欢来这里吃下午茶 桂花糕 红豆糕 都是我的最爱 蓬蒿菜也是每次必点的 就是现在服务态度远远没前几年好了 服务员要叫个好几遍还是带大声量的那种 才会叫来一个。。
2508,呵呵 没有人推荐烤牛肉拌饭么？很好吃的说，烤的嫩嫩的超级有滋味的牛肉直接放在米饭上很诱人，价格也很可爱才12米\n还有一上桌赠送的小菜味道很棒\n看到别的客人点的烤肉看起来也不错~下次去试试哈
2517,周日同事聚会，订了一桌1500元/12人，不包洒水，但是个个都说不值，也没吃饱。我觉得就是蒸鱼好点，其它不什么样，也没啥特别回味的。
2524,超爱的一家店\n不过只是爱这家店的炭烧猪颈肉 \n \n真的是百吃不厌 每次吃完还要外带回家一两份 \n服务员的态度也很好啊 都挺客气 挺容易亲近的
2525,那天是和朋友一起去的，本来是去那边看同学的，正好在那边吃饭了，宏基广场那很多小饭馆，看的有点花，不知道去哪家吃，最后一个朋友说要吃韩国料理，我们就决定去在汉城，我们去的那个点，人不是很多也不少哦，刚好满，随后一个四人桌就被我们占啦，哈哈，还是蛮幸运的。\n  因为是和外国朋友一起去的，他们没吃过的东西都不太敢吃，郁闷啊，我点了海带汤，石锅饭，凉拌金针菇，红酒五花肉，他们点了，奶酪玉米，鸡翅……………………三个人，桌上摆满了，旁边的人都看着我们，哈哈，真逗。不过这里的服务员很是亲切哦，对他们无厘头的要求一点也不反感，对了，还有一个优惠没说呢，这里免费送南瓜粥，本来我们就三个人三碗，可是其中一个朋友，特别喜欢喝，不但把我的那碗给喝了，还把服务员叫来说：“我们可以再叫三碗南瓜粥么”，滴汗啊，一个人喝了五碗啊，实在是佩服他那小体格怎么装得下，接着就是开吃啦。\n  对了，还送了好几碟小菜呢，特别喜欢那个酸辣大白菜，脆脆的，很好吃的，关键是免费的，就觉得更美味啦，其他的菜味道挺不错的，喜欢海带汤淡淡的鲜味，也喜欢五花肉爽口的感觉，可能是因为心情比较好吧，我们一边聊天一边吃饭，我还得给他们介绍这是什么，那是什么，和外国朋友一起吃饭的人伤不起啊，最后我决定自己扒饭，让他们自己纠结，哈哈。\n   一个朋友看到我吃的拌饭里很多番茄酱和辣酱，很恐怖的说，你好恐怖呀，你的嘴巴不会掉下来么，额，郁闷，不理，服务员一会给我们送饮料，一会给我们拿餐巾纸，一会被他们叫来，然后忘了说什么，又让服务员回去，今天这顿饭吃的够折腾啊，店家，我们的钱不好赚吧，哈哈。\n   还是很喜欢在汉城的，可以吃到韩国菜的风味，而且不用花很多钱，我们最后还是没有把桌上的菜都吃完，感觉都吃到嗓子眼了，再吃就要吐了，桌上一片狼藉，我们去结账的时候，老板娘很亲切的，哈哈，之前也吃过在汉城，感觉都还行，这是一家价格实惠，性价比相对较高的小餐馆哦 ，实惠就是硬道理啊，没事的时候可以约几个朋友过来小聚一下，还是很不错的，以后还是会常来的，下次来的时候尽量少折腾，那个服务员小姑娘，唉，抱歉啊，姐姐阻止不了那两人，望不要见怪哦，嘿嘿
2536,住在旁边就一直来消费了，还好有星巴克解解馋，还好星巴克每个城市都统一标准，有很温馨的感觉呀，像回家了一样，就人一直挺多的
2553,lg大学里就吃过啦～～推荐给我～～现在我也很喜欢～～里面的点心基本都蛮好吃的～～面包啥的没试过～～每次都是路过想甜甜嘴～～解解馋～～
2566,黄金广场这里是风水宝地 每次经过都是顾客盈门 自己很少去这家 总共才去过3次 倒是田林校区附近那家经常去  原味鸡味道很好 汉堡也份量实足 毕竟是标准化生产的快餐 到手速度也很快  比隔壁麦当劳强些 那里有次吃到过泥 不细数了(⊙o⊙)
2590,今天去啦，貌似去的不是时候啊，太冷啦，人都没有。小河倒是活水，夏天应该有鱼啊，虾啊，可以小孩捉捉。我观察过地形了，有适合捕鱼处，因为我很好这一口哒，哈哈。景色不错。周边有巴黎春天，宜家鞋子可以兜哒。
2638,五点半刚开门就来了，大过节的，人也不多。我太爱这家小馆儿了，之前嫌远错过了，这次看话剧正好在对面，哈哈。冷飕飕的冬夜里围炉而坐，炭火暖烘烘的，烤的小脸儿红扑扑儿的。关东煮的味道非常不错，也最适合冬天哈哈。平鱼啊，牛舌啊都是串上签子现烤的，眼瞧着食物颜色的转变，仿佛闻到香气了啊，嗳？好像没闻到呢，哈哈。平鱼，牛舌都好吃，推荐！手卷出乎意料的好，外面的海苔脆脆的，我点的鳗鱼，口感不腥，很新鲜。凉菜点了裙带菜和土豆泥，就一般水平吧。总体评价一个字，好！可惜开车了，不能喝上两口。下次约几个酒友，小酌几杯，那才过瘾！
2642,万达店只去过一次，位子还蛮多只是太挤了。有可能是在购物的中心地段，周末人挤人很吵。香草拿铁味道挺好的，还是赞一个，
2652,这家店是常客了，服务很不错，环境也很好，烧的菜更是很正宗，杭邦菜的原料也很精细，价格也不是很贵，大部分时候是中午去的，还是比较空的
2653,是一个定位非常混乱的商场，卖的服装有的质量没有保证，是杂牌子，超市的价格比其他同类卖场的都要贵点！停车很费劲！
2687,朋友就住在附近，那天去的时候已经是晚上10点多了。夏天的晚上在江边吹吹风看看夜景也是可以的，那边可是在看到卢浦大桥的。里面还停着一列火车，蛮有味道的。
2725,昨晚我去吃过了，交通很方便，地铁2号线和10号线都是南京东路站下，环境也不错，昨晚因为到那儿已经18：30了，临时想去吃没有订位，又不想等位，只能坐在吸烟区，菜式真心不多，味道尚可。
2752,我只去这家喝了早茶，装修是80年代的，脏兮兮，味道非常非常的普通，这家已经是中心城的几家大酒楼之一了，所以大家就知道中心城的餐饮水平是多么的.........自由想象
2757,以前学校组织一起去的，真的没什么好玩的，就是看看一些农村种的蔬菜什么的。最有意思的就是看小猪游泳了吧
2775,这家的装修风格和别家的不同，东西倒是大同小异和其他店没什么大区别，貌似T衫多一点吧。。。价格也是全市统一的，性价比还可以，随便穿穿
2778,一般般，和普通的麻辣烫没什么区别。\nQ面粗的比细的好吃，我们这样认为~\n但是他们家的辣非常香，而且重辣味道可以的，拌开来了很辣的~不想其他家的重辣也没味道~
2779,Daisy回上海，姐妹们聚会约在这家。总体评价：价格实惠，味道一般。写几个有印象的菜吧，\n神仙鸡，非常好吃，很酥很入味。\n元宝虾：不入味，偏甜，但装盘美观。\n黑木耳：非常好吃，木耳生脆，鸡汤很鲜美。\n抄米粉：味道很侬，就是稍微有点油腻。\n水煮鱼：据大力说，鱼不入味，但是酸菜很好吃。\n猪肚砂锅：难吃啊，猪肚的气味哈重，而且砂锅完全没有味道。\n蛋黄酥：一般\n红枣莲藕：过甜了，而且糖木有化开。\n南瓜饼：还不错。\n姐妹们吃饭，关键在嘎三五，聊八卦，吃吃也就尚可吧。今天不高兴写了，下次有空重新写过。
2797,最喜欢的还是胡萝卜苹果汁！\n一点点胡萝卜味道都没有 相当可口！\n有南瓜的那个意面味道不错\n肉酱千层面表现平平\n东西都比较新鲜\n环境和服务员的卖相都比新元素好～
2802,离开广州的当天和同学去喝早茶，本来想去陶陶居或者广州酒家，因为时间比较紧，所以去了和同学都比较顺路的唐苑，给了我一个惊喜。等车等了半个小时，8点半左右才赶到那边，抢到了最后一张空桌。没想到，工作日早茶也能如此紧俏。吃了虾饺、燕麦包、凤爪、排骨、鲜虾肠粉、叉烧肠粉、榴莲酥、蛋挞……每一样都很好吃，尤其推荐蛋挞，入口即化。量也很大，这些足够三个人吃，我们两个人实在是吃撑了，埋单，149，绝对物有所值，又一个惊喜。
2806,维纳斯的店面真的挺大，还有几家分店，我们来到这家四川路上，不过拍摄是到佘山拍摄的哦。\n我们订的是在佘山拍摄，维纳斯的独家摄影基地，那边的店面比这边的还要大很多哦。\n据说这家是接单子的哦，我喜欢的是佘山的场景，维纳斯的服装太多了，挑的我总觉得那件都很好看。\n哪件都想穿，想想那么多漂亮的婚纱礼服，全都是那么喜欢的，礼服师问我比较喜欢的，我说全部都喜欢。\n礼服师笑的呀，最后还是礼服师帮我推荐，帮我分析，要不然我都不知道选衣服要多久啦。\n我们的摄影师老帅了，是个帅哥，说话很有意思，他一说话我就想笑，摄影师说我都成了笑星了。\n和维纳斯的工作人员拍摄过程中，前前后后都很开心，也很放松，像和朋友一样。\n没有那种顾客和工作人员的感觉，所以笑的很开，也放的很开，主要是我们的工作人员太会调节气氛啦。\n我看相片的那天，选片的工作人员说摄影师夸我表现的很好，拍的很漂亮，嘿嘿，得意的我呀天天都开心的。
2810,"来云南野生菌火锅也是一定要尝一下的\n关上这片儿附近全部都是吃菌类火锅的店家\n在网上搜到这家的分值不俗，就慕名而来了\n店面不在街面上，还挺难找，最后让服务生出来接我们才找到\n蘑菇种类真的不少，松茸，鸡枞之类的也都不便宜\n128/斤的蘑菇，我们至少尝了3,4种，可以点半斤\n还有一些是88/斤，也有一些30多的\n总之这一种就是被各种蘑菇覆盖了\n汤头真的很好喝，我至少喝了不下五碗\n服务生的态度都很不错，一直会在边上帮忙\n价格真的不算便宜，不过这样的味道还算值得"
2816,到处都有的奶茶店，说不出有什么好的……偶尔吃一吃，尝不出有什么特色。这种店子就是图个方便而已，都是粉末泡出来的，不喜欢
2843,看了飞哥去的~飞哥这次把人都烧卷了。朋友先去点了菜，等多久才上来滴滴小一个锅，说是招牌“回锅鸡”，大量青海椒里面没几块鸡，味道不咸不淡的只吃到股酸味。传说中的耗儿鱼上来了，2斤，没数几条，不过大还是有那闷大，估计就10只，因为4个人一人还是捞了2只的样子。LG刚进口就说有个洗衣粉的味道，可能海鱼都这样的。但是口味简直不敢恭维，与托儿飞哥的赞美相差十万八千里。旁边那桌也说光咸让去回锅弄淡点。实在没有加菜的兴趣，郁闷地吃完结账：198！就要了2斤耗儿鱼、一个回锅鸡、2瓶啤酒（不喝不晓得啥牌子应该是一般的）、一大瓶唯E~感觉像***！主要是味道太差了！这价太不值！估计这店应该也开不了好久吧。。。
2877,带表弟去吃的，两个人竟然吃了四百多，无语ING。很多都没吃光打包了，菜价跟菜量一般般吧，口味还不错，不过桌子好小啊，感觉好拥挤
2880,这家金泰菩位于高银街的头上，无数次的路过，都会被它那纯正的异国风情的建筑所吸引住，可惜恐于他的价位只能观望观望，能抽到这次试吃，无限感激与欢乐呀\n走进店里就被那些很有泰式风韵的装饰摆设所吸引了，很有FEEL的\n我们是坐在三楼的包厢里的，明晃晃的灯光很有范儿，包厢里还有个大坐像，看着很有赶脚\n我们的饮料，是泰咪旗下的各种口味，里面颗粒状的东西叫明列子，咬起来有咯吱咯吱的感觉，之前在奶茶店有见到过，说是有减肥的功效哟。\n除了这些饮料，老板还给我们上了他们家特制的香茅汁，用香茅熬制，纯天然的甜味哦，喝起来有少许姜辣味，我开始还以为是姜茶呢~很舒服很好喝哦\n坐等时的小零食，虾片，味道很赞哦，薄薄脆脆的，跟小时候吃到的那种很不一样呀\n店里来了泰国友人，给我们热情的介绍了一遍菜式，听不懂泰语哈，全是旁边的这个老板翻译的~so wa di ka \n金泰虾饼\n里面的虾着实嫩鲜，非常非常好吃呀，我吃的第一口菜就是它了，后面的菜都有点重口，还好先吃了它，不然可能会觉得淡哈~\n蚝油芥蓝\n老板介绍在泰国都不会放太多的人工调料的，使用的也都是耗油，咸味也是靠味露提炼，听着很健康啊，吃起来口感极其新鲜，可以综合整桌的重口味。\n黄咖喱酸甜猪肉：熬得透透的猪肉，配上黄咖喱，香啊！这款咖喱后来被拌饭拌完啦！\n时蔬：蔬菜总是淡淡的口感，主打花菜和西兰花，做的很漂亮，虽然我后来还给它提了没特色这无聊的意见，但是其实这盘菜我吃的最多了\n传说中的泰国国汤上场：冬阴功，以前也在别的地方吃到过这道菜，但是总觉得酸甜的不够，他们家做的真的很够味，酸甜辣得都很给力，里面还有虾肉菌菇提味，鲜美至极呀！\n青柠檬蒸鲑鱼 ：长相一般般，但是味道很有特色，怎么说呢，恩，酸得很独特，带那么点甜辣（惯有的泰式口感哈），配上鲑鱼的嫩，很棒呀！\n青木瓜沙拉：里面应该是青木瓜，挺清爽的，还带着辣味，不过还是喜欢能加沙拉酱的沙拉哈！\n大爱的主角上场！咖喱皇炒蟹！最爱这道菜了，里面的蟹啊什么的到是其次，这咖喱实在是太好吃了，醇厚的一塌糊涂，看到那黄黄的流着汁水的咖喱了么，配上后来上的泰国香米，哗啦啦一不小心就吃了好多好多，我觉得单就咖喱和米饭我就能吃满足了~\n泰式烤鸡 ：鸡皮很薄脆，鸡肉还是非常嫩的，配上酱汁很好吃\n珍珠圆：外面是糯米蘸着小米粒，里面是咸的肉末，跟想象中以为是豆沙什么的倒是不一样哈~有特色的\n紫苏炒牛肉：用卷心菜包着吃比生菜多了分脆爽哟，紫苏炒起来的牛肉带着些独特的口感，很不错哟！\n店里的很多摆设都很有特色的，二楼的格局像是大竖琴给一个一个的隔开，真是不错诶，坐在这样的环境下美食一餐肯定很有腔调的吧~\n这次试吃，店里的高高帅帅的林老板还亲自上阵给我们详细介绍，并且跟我们说了店内的改良，真是良苦用心呀~\n记得团购刚出来的日子，他们家出过一次团购，好像是198双人餐，但是吃过回来的人都大失所望，因此对于他家的团购什么我也有些小怵的。听说老板这次就是为了让大家一改之前的印象，很用心的做了整改，整个店的内容都上升了一个层次，之前点评也有团购的，很值得推荐呀~！
2921,主打环保绿色的，感觉东西有点像宜家的风格，简洁明快，而且提倡用回收材质再利用。不过感觉价格有点贵，如果刨除价格因素的话还是比较理想的。是四月新开的店，透着一个新。
2936,说实话 很烂的地方啊 音效一点用都没有··纯粹就把你声音扩大了而已 团的卷去的，在前台领了一张会员卡 由于登记的真实手机号码 从那以后天天最少收特码的五条广告信息，什么枪火 高利贷 学生补习 等等 我烦死了 ！！！！！
2942,看着图片中串串香特像家里的涮毛肚，奔着臆想中的美味留着口水就去了。\n老话说的好，不要期待太多了。。。\n结果真是大失所望哎。。没有红油油的一个不锈钢小锅，是跟麻辣烫一样在后厨涮好了放盘子里端出来的\n更气急的是。。。没有金钱肚。。。本来我打算拿它YY一下的。。。\n点了鱼香茄子盖饭，这是因为有天晚上回家，楼道里传出来超香的烧茄子味。。\n只可惜，虽然都是茄子，味道却明显不同哎。。。顿时把她家归为快餐\n即便店名还老大不小的带了一个“宴”字。。。\n粉蒸肉某人说做的很失败，我只觉得垫底用的红薯还挺甜~\n还有个红油云吞？碗小小的，没几只飘在里面。\n因为晚上吃的太晚，饱着就睡了，结果凌晨居然做噩梦，2点多，睡不着\n搂着七龙猪的胳膊，缓缓入眠。。。
2988,店名很温馨，很有韩味。\n主要是经营各种口味的紫菜包饭，个人比较喜欢他们家的金枪鱼包饭，里面的鱼肉很丰富，料很实在也很新鲜。\n原来单位在那附近，经常叫外卖，比较方便。
3014,听说倍儿好吃 结果去了 小料是有多好吃呀 也就是那个味啊 一般~~ 那个什么Q豆腐 不新鲜 有点馊 朋友说辣白菜锅不好吃 豆皮还行 就是那个长啊那个宽啊 鱼丸贡丸拼盘 也不新鲜 一看就是没封好袋子 都风干了 菜什么的 还行
3018,朋友带我去吃的，就在西湖边，但是店面比较小的。。。\n梭子蟹番茄豆腐煲是招牌，价格也比较贵。。。别的菜感觉都很一般，价格有点高的。。。没什么特别的地方
3025,点的宇圆4号，热的，里面有2块大大的宇头，蛮糯的，宇圆、珍珠不知道是不是因为热的关系，感觉都比较软趴趴没什么嚼劲\n忍不住要跟宇贵人的大宇丸2号比较下，不过大宇丸2号是吃的冷的，所以不知道感觉对不对\n好像宇贵人的料更多一点，而且价格还便宜点。。。。。\n那个“震动牌”挺特别滴。。。。
3026,用于快速解决晚饭的首选，味千拉面这几年也涨的厉害，单价来讲可能涨幅不大，但是从量和质量来讲，有一定程度的缩水。\n要的是经典款味千拉面，汤还是一如既往的浓郁。
3045,其实我觉得他们家好贵。\n随便一点菜就100多了。\n还不如吃两碗面呢。\n而且感觉都是辣辣的\n没什么特别的味道\n吃过一次\n以后不会再去了
3048,本来仅仅是去BF家见家长的一次严肃旅途，却在小区里发现了这个温馨的小店~~超惊喜~~店面不大，但是能看出来在很用心的布置，一进门那个大熊的十字绣超级喜欢~~啥时候咱也能自己做一个啊！ \n我们要了两份双皮奶（3元/杯），超便宜~貌似是半价。量不小~而且口味很正很香醇~ 感觉和三元梅园也差不多~~还打包带回去给爷爷吃了，连吃再拿-_-~ 而且下午人不是很多，等家长的功夫还在里面和BF一起玩了五子棋和跳棋~ 那边还有三国杀呢~ 下次多叫几个朋友来这赖着~~ 哈哈
3077,特别喜欢豆捞，听说开了这家，特意去捧场，结果新开没有发票，优惠券也不记得给，算了，不过东西还凑合，小吃也还行，没有大悦城的好，性价比一般
3114,去小鱼的单位找她吃午饭 她就给我推荐这了 其实我不是太喜欢她家 说不上来为什么 可能更习惯别家了吧\n含有鸡肉的辣肉酱不错 无论米线还是其他的东西 量确实少了点 \n环境属于比较好的 到饭点的时候人很多
3132,跟哥哥一起去的，他有券（之前买的，我没问价格），中午阳光很好，结合餐厅的光线显得十分情调~第一次来这里，自助品种之丰富，档次之高算让我大开眼界（好吧，你可以说我是个土包子，我的确没见过什么大世面），不愧是涉外酒店。刚一开始我真不知道应该从哪下手，于是遵从胃的喜好选择了甜点提拉米苏，超超超赞，哈哈~台上总共放着12杯提拉米苏，我不知道那是过时不补，拿了一个就走了，早知道多拿一个吃得再过瘾些嘿嘿。哥哥不止一次来这， 所以他的目标较我要明确的多，直奔海鲜，啊，真是明智之举，虽然知道会拉肚子，可美食当前怎会袖手旁观。有种小蟹肉超好吃，它的壳装着满满的肉，超嫩。我们俩都是文盲，看了白天也不知道是什么蟹。还有一种长腿蟹，身子没见着，就光光吃到它们肥美的蟹腿肉了，待会照片献上~还有吧，就是三文鱼，恩蘸鱼子酱和果醋，味道怎一个“绝”字了得。我挑的都是我最爱吃的，大家口味不同，很可能观点不一致，请大家手下留情，别丢鸡蛋呀~
3153,早上honey带我去吃，那边就小馄饨和鲜肉小笼，小笼5元6个，皮薄汤汁很多，小馄饨4元14个，味道一般汤还蛮鲜
3168,只在里面自修的话不收费，周一闭馆。\n后悔以前高中时代没多去坐坐啊！\n有免费的茶水，总体环境还不错，地方稍微还小了点。
3175,开在淡水路的这家日料店很小资，走过路过很容易错过呢~~\n基本上来的都是老顾客，因为淡水路这家位子灰常少，而且都是吧台位，估计就四五桌。\n口味相当好，老板人也不错。\n推荐他家的寿司：\n大费城和摩托罗拉，卖相都很精致，口味十足。\n下次要去尝试下蝴蝶和道明寺（这个名字）很搞笑吧？\n其实我很好奇他家的寿司名字是肿么取出来的？？\n现在他家在长乐路也有分店，还会再去哒！！
3191,总体来说不错，牛排肉很嫩，不过吃起来味道一般，比巴贝拉好点。而且有水果供应，送的饮料不知道是冰红茶还是什么，很好喝。人真的很满，其中有一个服务mm挺漂亮。等了好久，因为平安夜。
3291,门口有安检\n之前是领的免费的票\n夏天去的，坐电梯到塔顶得时候\n太凉快了\n风非常的大\n而且做电梯会耳鸣啊\n但是风景非常好\n从塔顶能看到八一湖\n还能看到远处的西客站\n还在塔里放心愿的地方放了心愿条
3299,首先，宝儿值得肯定的是他们的器材，有些还是挺不错的。\n但是，他们的服务很一般。\n我去的那天有好几个是做新娘甲的，貌似小姐们都比较热衷于大生意，对我们这种散户么撒兴趣，给我做指甲的女孩子我不知道她的名字。只能说，她非常地马虎。\n第一，洗指甲时，有好几个地方没洗干净，还是我提醒她的。也可能座位关系她的光线不足，看不清楚吧。\n第二，做手部护理时，指甲修剪得很马虎，指甲边缘的死皮都没有剪干净。而且也不给客人涂OPI的护手霜，仅仅在指尖做文章，这叫手部护理？？？\n第三，给指甲抛光时，仅仅抛光修剪过的地方，连甲面也不做抛光，敢问如果碰到指甲甲面非常毛躁的客人，你的甲油准备怎么涂上去？\n第四，给指甲抛光之后，有些美甲店会用温水为客人泡手，把抛光出来的甲屑洗掉，她们这里只是用刷子刷一下。\n第五，指甲内侧不作任何清理。我过去做手部护理，至少指甲内侧，美甲师会用棉签蘸洗甲水帮客人把污垢等清理干净，而在她们这里，指甲内侧貌似不属于她们的管辖范畴。\n第六，态度非常之随便，可以说有些冷淡吧。我说要带闪闪的粉色，她说“我不知道你要哪种，你自己过去看吧。”然后就让客人自己从屋子最里面跑到最外面的墙边去选指甲油。我过去做美甲，都是美甲师去拿好几种甲油过来，帮客人一个一个试过去选色的。\n呵呵，可能我过去碰到的美甲店的服务都太好了，所以相比之下，宝儿就显得不够好了吧。只是说一下客观感受。那天，帮我做指甲的小姑娘还推荐我办她们家的卡，根据她第一次的服务，只能say no了。
3305,一家很不错的餐馆，有馄饨、面、盖浇饭、粥、砂锅！味道都很不错！价格也很便宜，基本一碗盖浇饭就8块钱，里边的馄饨很不错的~蛮有名气个
3341,第一次发工资带老爸老妈来着吃的，环境很好...\n要了刺身，感觉吃到最后比较腻了...\n剁椒鱼头，老妈的最爱，到哪都点这个..味道还好，不过貌似老妈更爱湘君府的..\n炸冰欺凌，还成，太少，没吃过瘾.\n还有俩素菜..最后刚刚吃完..没浪费..\n老爸一直想吃炒的海鲜，无奈这边多是辣的，只好算了..
3346,十一旅游去回坊 中午看这家店尽管门面在装修 里面的生意还是不错 \n在隔壁买了羊肉泡馍 要等半天的样子 就在这家店买了一笼羊肉灌汤包 17元10个\n没想到这里的灌汤包有点像上海的小笼 皮很薄 上海的灌汤包像大包子 得用吸管吸里面的汤汁\n因为是打包的 店里的小二大概赶时间 把灌汤包的皮都弄破了 汤汁都流出来了 里面的陷料是挺足的 不过肉的腥味还是重了点
3365,外滩的好地段，“十一”期间也显得特别的热闹，这里也从来不乏人气度，上海最为著名的景点之一。听朋友介绍，推荐了我这家餐厅，趁着国庆假日，与朋友们在此一聚心情也十分的畅快，唯一不足的是天空不作美，微微下着细雨，但别有一番味道。\n  乘上电梯，上到了五楼，打开门，幽暗的色调突显于眼前，给我的第一感觉甚好，很喜欢这里的格调，清净之中又透出了些霸气，细想也是，位于外滩一圈的餐厅，档次都不低。这里分为几块，一边是开放式的厨房，卫生状况可想而知，品尝着让人放心。朋友多，中间有块较大方形区域，适合朋友们的聚聚，松软的沙发坐着很舒服。拍照期间也被我发掘了位于窗边的一大间，环境更为的优雅，墙上摆着一副字画也增添了餐厅的艺术氛围。中午店内的生意也挺好，也有些客人在进食。\n  这里的服务给我留下了深刻印象，态度非常的好，从进门开始，至始至终保持着无微不至的热心服务，这点非常值得倡导。用餐中大厨也会与大家时不时来个互动，体现出风趣幽默的一面来，不存在乏味之感。服务生训练有素，上菜换盘很有次序，一点都不乱，对于菜品有所不懂之处，也能相对应的解答，说明对于餐厅的菜品有着深度的理解。\n  餐前的香槟拉开了美妙的序幕，杯中的鱼籽垫底，缓缓地倒入香槟之后，鱼籽也随之漂浮起来，吸收了酒香，变的更加的清脆可口，另还配有面包，两种样式，可以自选，夹入了黄油，清香扑鼻，主食之前先垫垫饥，刀叉使用的是Athena品牌，合理的造型，拿捏起来也得心应手。\n  Tasting Tree Sharing，生命树的造型，错落般的摆了几碟小蔡，色泽鲜艳，看着诱人，食欲也为之打开，刺身我的大爱，红金枪鱼三文鱼拼在一起，切成肥厚的条状性，蘸着芥末，肉质入口细嫩，鲜味十足，品质也不差，这么一道菜品吸引了我。caesar salad做的也不差，清甜的色拉酱汁特别入味，清爽的蔬菜也解去了不少油腻口感，搭配一起堪称完美。\n  马来特色沙爹，作为东南亚的菜式，这里也可以品尝到，有些小小的意外，既然上了，就尝尝其味道如何？一串串深黄色泽的肉串摆在日式风格的器皿上，也显得有些意思。插入了蒸米糕、黄瓜、菠萝等，蘸着一边还配有花生酱料，甜甜的味道融入鲜肉之中，味道更显得不同凡响。\n  白雪生汁炒虾球，个人非常的喜欢这道菜品，推荐下，虾球个头硕大，搭配上了清甜的汁水，非常的美味，人见人爱的这么一道虾球，深得大家的喜爱，反响都不差。\n  冬荫功，经典的一道泰式菜品，在这里也可以品尝到，有了之前马来沙爹的前兆，所以也不怎么特别的意外，同样的来品尝下味道。端上餐桌，小碗之中配好了料，此时服务员会加入汤汁，搅拌调开，色泽光亮，不是那么的深红。小勺喝了一口，辛辣入味，也被之前的清淡之色所误导，同样的推荐下，值得一试。\n  慢炖浸腌三文鱼，好大的一块，看着极为诱人，挖了一块三文鱼，与平时所吃到的有所不同，酥酥烂烂的肉质，创意十足，顶部撒了些芝麻，闻着香美，口感也不错，同时底部还配有茴香与红西柚，色泽鲜艳夺目，食欲也被调动起来。\n  肉眼牛扒，牛扒的分量很足，五分的熟度，口感极佳，切下一块，中间还透出微红的血丝来，看着也使我特别的兴奋。蘸着酱料，牛扒更显得细嫩美味，除此之外，还配有小碟的土豆泥，这个适合我，味道很好，大家也是这么认为，芦笋翠绿青嫩，口感甚佳，搭配牛扒最为合适。\n  火焰金万利薄饼，看着大厨加入了糖，其次放入了黄油一起加热，不停地搅拌混匀，等着汁水慢慢浓稠之后再把事先准备好的薄饼放入，吸收了清甜的汁水，闻着特别的香，亲眼看着烹饪的整个过程，也让我明白如何做出了这么一道点心来。完工之后，尝了一片，甜而不腻，从中不带丝毫苦味，冰激凌球也让我体会到冰火两重天的感觉！\n  最后来了一道小甜点，摆盘精致美观，看着有较为的诱人，品尝一口，也稀释了之前的油腻之味，肠胃也舒适了不少。\n  总评：SHOOK位于外滩十九号的5楼，做的也是西餐系列，但也不乏其他菜系的精美之味，餐厅档次颇高，店内的环境优雅别致，适合情侣间的雅聚。菜式摆盘小巧诱人，选用新鲜的食材，鲜美的味道也能从菜肴中品尝到。这里的服务也很不错，十分的热情，与顾客会有互动，让人也亲近了许多。这里最近还有活动，如果电话中预订或者到现场的时候提到“I LOVE SHOOK”还可以免费赠送一杯开胃酒。\n  关注美食，关注食报http://www.kaixin001.com/home/?uid=2816484
3392,一个月总要去个四五回，里面的菜现在都改进了。。。不错！\n推荐红烧狮子头饭、红烧牛腩饭、炸鸡翅和薯条，！
3397,那天过去的时候天气好闷热，所以直接导致店里边好闷，吃饭的时候都流汗了。我们三个人点了\n蜜汁莲藕：觉得太甜，那甜的味道也不太好，还没从杭州带回来的真空包装莲藕好吃。\n春卷：感觉炸得一蹋糊涂，根本吃不出里面是什么馅。\n蛋黄南瓜：很喜欢这道菜，粉粉的南瓜外面裹了一层咸蛋黄，颜色诱人，又香又甜 的。\n鲜虾小笼包：个人觉得挺好吃，里面的虾弹牙、鲜。有点像饺子。\n钱江肉丝：肉丝的味道很好，肉丝的下面垫了一层生菜，旁边放了几个小面包皮，可以用面包把肉丝、菜包起来吃。\n蛋饺煲：份量大，没什么特色，有点像客家菜。\n总结一下，招牌打着是私房菜，但是吃起来没特色，不正宗，对不起招牌。
3420,"单位发的卡,就去了,看了两场3d的,感觉还不错,很震撼,.周末人很多,看来这比较火,可能是因为附近就这个好点的电影院吧"
3441,广州老字号茶餐厅啦，平日无事就会去吃个简餐，味道不过不失啦，呢间的位置就系电车站隔离，都几就脚噶。不过近来都冇点去lu. 希望可以维持落去啦。
3502,我一直认为一家布丁做得好不好吃，就先吃原味的。基本功扎实了，其他口味才会好吃。朋友一直说它是布丁中的“爱马仕”，我就在想“有这么夸张嘛？！”后来朋友就买了原味的给我尝尝，果然非常不错！！！有小时候冰砖的味道，哈哈哈～～～奶味非常浓，甜度刚好。口感也很清爽～～三下五除二就被我消灭了～～有空再去尝试下其他的～～
3518,今天去蓝色港湾，晚饭时间周围的几家想吃的店都要等位，这里不用，所以就在这吃了。环境不错，很重的异域风情，口味一般，不习惯。
3526,居然我没有点评过，一定是忘了:-)，他们家口味还算不错，不过还是觉得没有以前吃得那么好吃了，吃得人还是蛮多的，菜肴只有酸菜鱼，可以到路口买点蜜汁藕
3542,公司开完会和老板，去吃，表面大气的装修已经开始显得陈旧。空调不好使，暖气也不够暖。菜品口味还行，但服务员服务的素质真是太不专业了。一群人聚在保健窗户外面，还往里看。上菜的时候，要么是不敲门，要么是敲门好大声。不过吃完饭出门打车的时候，饭店的服务生还算是帮到了忙。
3555,单位就在银泰后面，中午没事的时候就去逛逛，经常会有特卖的，上次CK特卖，我买了两条打一折的裤子，一条79一条149，超级合算的，这段时间鞋子特卖的比较多，价钱很不错~
3559,"喝过他家的奶茶,价格不贵8,但是味道淡淡的,不够香醇.关东煮好像只有各种丸子,3/串.如果只买一串店员说利润太少就不给纸杯了.吃过鱼翅丸,味道还行,只不过鱼翅应该是粉丝吧."
3617,家里聚餐去的那里，地方比较偏，周围就像郊区一样的啊啊啊啊，不过里面环境很不错。包房很大一间。他们的红烧肉很不错，不是很油腻的那一种但是其他的菜色就让人印象不是那么深了。味道还算可以。就是冷菜的量很少10几个人一人一筷子有时候都不一定吃得到啊....服务一般，没有太深的印象。
3631,环境还不错，就是现在还冷了点，温度再高点坐在室外呼吸下新鲜空气还是很棒的。菜没啥特别的，对我个人而言貌似偏咸偏甜了些，价格偏贵的，不过那里吃的是个气氛，广发卡周二对折的时候去的，还行。据说室外还能容纳190人的婚宴场地，不过都用大棚遮起来了，没有看到.
3659,真的很难想象在这么不起眼的小店里 面条可以买到30+、40+一碗\n上面速度挺快 面条是那种很普通的面条，不是手工的那种。汤面。还行，猪肝面 腰子面都做的挺嫩的。内脏吃多了不好，少吃。。。\n拌川就是炒面吧，一律都在二十啊以上\n还行吧 料挺丰富的。。。
3677,材料非常不新鲜，一个月前几个朋友去那里吃饭回来就发恶心高烧。 前几天再去发现菠萝是坏掉的，天气热，保持低成本高价格，真是够黑心的！
3685,很久没去过这家店了，除了原来桌子上乡村风情的格子桌布没有了后，一切都还是那么熟悉，服务态度很好，一种亲切的感觉。不过提拉米苏没有想得好了。宽面这次做的有些硬了，不过不影响整体水准。这次去了，从汤、意面到pizza、咖啡、甜品吃了个够呵呵。而且交通方便离家近。
3695,其实我还是满喜欢避风塘的。。避风塘是比较老牌的茶餐厅了，对于虾饺、凤爪还有诸多港点的认识就是来源于避风塘，对它蛮有感情，味道也是不错的。。也经常在超市买它的速冻产品，包子、凤爪……都是我的爱。\n金桥这家避风塘装修还不错，环境挺好，吃过几回，印象还行。。\n【鲜虾云吞】避风塘的鲜虾云吞也在水准之上，薄薄的皮，里面包着3~4只大大的虾仁，味道鲜美，超市里亦有卖包装的云吞，味道同样很赞~\n【凤爪】避风塘的凤爪做得也不错，超市里也有包装的凤爪卖，自行加热，味道也十分不错。。\n【虾饺皇】超市里也有，但是自己蒸不如店家蒸的好。。。\n【韭黄虾仁肠粉】里面也有大大的虾仁，和别的地方吃到的差不多，味道还行。。\n【腐乳唐生菜】比较喜欢的一道素菜，在唐生菜上加上腐乳酱，让蔬菜顿时变得好吃不少。。\n【混酱蒸肠粉】这个和唐宫的STYLE相差甚远，唐宫是很小的一条，在这里，相同的价格，你可以吃到唐宫的3倍分量~肠粉很大一条~就是有点略厚了。。浇上特制的酱汁，特别美味。。酱汁不够，可以问服务员再要。。\n【手打墨鱼丸】还不错，挺鲜美~
3698,有水晶包和盘丝饼。\n水晶包有虾的和香菇鸡肉的两种.味道不错。皮很薄。毕竟不是原产地。可能做不了很正宗，可是感觉挺好吃的吧\n买了个盘丝饼尝了尝。感觉一般。可能刚做出来会更好吃一些。当时买的时候已经是凉的了。口感不好了\n一个小门头房。拍了照片。下次传上来\n水晶包还是值得一吃的
3706,糯米上摸一层枣泥，一开始的时候觉得很新鲜后来吃的就有点腻了，有点太甜了~~~糯米也不要吃太多啦，消化起来不是很好
3732,点了招牌手工。。。。。料少，失望。。\n广告贴着买一送一，晃点人。。。。。。送的是饮品。。。\n有送小袋的甜花生。。\n奶球要了一份，最后倒入送的饮品里。。\n要的是仙草。。。口感就是王老吉。。。
3736,"这家店的位置蛮好的,每次也都蛮多人,因为一直喜欢和奶茶什么的,所以也还蛮注意类似的店,第一次喝这个店的东西好像是叫冻宁7?我也不知道,别人买的,大概就这个名字吧,喝着很像以前的汽水的味道~"
3745,这家店的面条汤料味道不错，不过面条不够劲道。 价格挺贵，碗看着大，里面的面条好少。顾客喝过的杯子居然就在水龙头上冲了冲就继续用了（还当着顾客的面在大厅里洗杯子），也不消毒的，唉！估计以后不会去吃了，看着不卫生呢。
3746,感覺不如大食代，東東不多，但地方夠小，而且場內搞清潔的人很少，空碗堆了很多。\n超市的環境很漂亮，但價格也辣手，完全喪失了大超市特有的優惠。
3759,以前老喜欢去哪家了，因为他们家还有烧烤，特别喜欢那个烤小黄鱼了，美味的哦，可是现在没有了啊，觉得好遗憾啊，而且制度也变了，可惜啊~~~
3777,要了一个石锅拌饭，一个鱿鱼盖饭和一个水果沙拉，送了几个小菜\n味道还是比较不错的～～～\n对得起那个价格\n下次可以考虑继续来吃的
3851,地方很隐蔽，是一个新疆的朋友带我去的，去之前他说很地道。尝过之后的确觉得很好吃。我们点的馕丁炒肉，馕做的很好吃，挺脆的。还有奶茶也很正宗。以后还回去的，就是服务差了点，呵呵。。。
3860,离学校很近的 读书的时候一直去吃的 每次去那里吃 都点个叉烧酥和一碗云吞面 或者单点咖喱饭 或者其他\n的盖浇饭 这家店在六院旁边 人流量蛮大的 吃的人也慢多的
3878,"再一次的感受是香港有的品牌,来到这边就变了质,份量肯定是无得比的,只是如果味道可以的话,还是可以接受.\n因为在日本漫画里看过这个牌子,所以看到72街/吉野家/尚宫的时候就选择了这间:\n价钱在正佳里不算贵,份量真的太少,饭的话女的就够,男的就要加饭了.肥牛还是可以的,但是也没有什么特别.\n至于那个汤,实在是没有办法接受. 另外叫了个肥牛汤面,卖相还是可以了.不过老实讲也无乜特别之处.只是填饱肚的地方,不会慕名而来.也绝不会是第一选择.\n鸡软骨还是不错了,唯一好食的野.\n个人觉得日本野仲系要日本厨师做,正如港式茶餐厅如果无左香港厨师,无论份量/食材/卖相/味道都会差DD.\n所谓的正宗,真的不是那么容易做到的."
3880,跟京东网一样，都是卖电器的，不过听说速度更快，我的同事们都在买，我自从上了一次京东网的当之后再也不买了。\n因为图片和实物确实有差距，他写的电风扇尺寸大小我没有直观的感觉，所以就买了。\n买完一看我的妈妈，这么小一个电风扇，上面还好评如潮呢，都说暂时没有发现缺点。\n算了我也不去点评了，以后我还是超市买买算了，实在吃不消网上的这个描绘。
3914,沃尔玛在郑州好像非常的冷清\n不知道是怎么选的地方，如果要热起来的话还要很多年奋斗吧。。。。\n去过两个沃尔玛，都是门可罗雀\n里面的东西有的会便宜一些，当然也就是比别的超市便宜个一两块钱吧\n朋友买过沃尔玛现做的披萨，说味道不错，价格也不低
3916,周末聚会决定选在龙之梦的万丽酒店里的自助餐。\n首先是环境\n中餐区和西餐区的位置离开还不算很远\n中间有一间是小孩子可以玩的地方。里面有画图的工具。这点个人觉得还是很人性化的\n靠边上的都是可以看到外面景观的。视角不错。\n其次是食物\n三文鱼什么的还是蛮新鲜的，但是蛮失望的是帝王蟹\n个人觉得帝王蟹不够新鲜，肉质不够好。可能是冰的时间长了。\n饮料酒类似牛奶瓶一样的。苹果汁，番茄汁，橙汁，猕猴桃汁\n其他还有些咖啡什么的。今天去的时候是有气泡酒。\n个人感觉性价比一般吧。\n蛋糕甜点做的不错。\n很多种类可以选择。\n冰欺凌也有6个口味\n个人觉得曲奇的那个不错。抹茶的味道有点淡了。其他的都差不多。\n最后是交通\n地段蛮好的。2.3.4号线都到。出来到了龙之梦直接做直达电梯到26楼。就在星巴克边上
3924,"第一次吃麻辣小龙虾是在北京,那时候天津还没有,朋友说请客吃""麻小""我还不知道是什么东西,呵呵,味道还是不错的,就是每次吃都会弄折我的指甲,好心疼哦"
3937,吃完回来才发现大众的卡可以88折。去的时候没有等位，但是吃完出来发现门口好多人在排队。赠送辣白菜很难吃，蔬菜也都干掉了，估计是之前桌没有吃就收下去，下一桌来继续拿上来，黄瓜胡萝卜都快成干了。点的牛肉五花肉和培根，味道不错，小料不是很好吃。冷面味道非常正宗。石锅拌饭就真的太烂了，米饭干硬，配菜全是洋葱。吃完之后赠送了西瓜和小布丁冰棍儿。
3939,那天去话剧中心看波音波音，时间还早，与朋友在这混了顿晚餐，蛮典型的茶餐厅风格，环境也比较简单但地方还不算小的，每天都有例餐。\n点了份双拼饭：选了烧鹅和油鸡，油鸡上那个大蒜料拌得特香，鸡嘛就一般了，烧鹅皮也不是太脆也没什么汁水，随便吃吃还可以的，饭超多的，来再几棵小青菜，28元，也不送汤的。\n点了份什么炒面忘了，味道还行，还点了杯菜蜜，没我外面吃的味道好，感觉拿大瓶出来的。
3952,很喜欢的一个地方 很多学生在里面打球。。。\n有很多技术不错的人，，切磋下技术还是很不错的。。\n场地很大
3972,就在学校附近所以很愿意去这里和同学什么的去消费。上大学后头一次吃到新疆菜  还是口味很不错的  价位适中适合学生党。
3978,基本是冲着石头牛肉去的，可惜去的晚了，他们家的生意还不是普通的好，去过几次都有些菜被告知已经卖完，吃了几次都必点的是田螺塞肉，味道很香，肉肉也塞的很满！基本一口能吃掉一个。\n上塘店还是生意非常好的，想吃好菜的要早点去哈~
3986,最喜欢吃串！\n最近又混迹鼓楼，所以。。。\n最爱吃的是掌中宝，老公跟我说好吃，我吃第一次还不觉得，吃第二次就受不了了，没事就想去吃一下。。\n那个巨辣鸡翅建议大家就不要挑战了，别跟自己过不去。
4014,我也是看到人气美食介绍才知道公司附近有这么家店，正好这几天没有地方吃饭，于是就去试试，吃的是午市套餐，还打8折，量还蛮大的，如果有4个人一起去吃的话，应该会更加划算，因为是刚开店，所以味道还可以的，但愿能坚持。
4015,翡冷翠，太美的名字。就想到晶莹透亮的翡翠，还有很多美丽的诗。\n曾经很多很多次经过，总算这一次走了进去。\n蛮喜欢这建筑的风格，安安静静，看起来有点奢华，暗暗的低调。环境不错，有一面墙体上隔出一块块菱形的区域，用红色的似乎是玻璃的东西填补。白天的时候，从里望去，人和车都是红色的了。\n我们两个，点了少少的菜，要了壶普洱茶，嗯，里面还有淡淡的菊花香味，喜欢。\n用纸锅装着的蟹粉豆腐，不错，满鲜的，可以舀到碎碎的蟹膏，辅有切成小丁的海鲜。只卖38，因了心里有一个对比，感觉这家也算是厚道。\n美极汁烧明虾，要一例一例地点。这虾烧得很对我口味。有一种家常的油爆虾味道，但又不仅仅如此，吃着吃着能感觉到别的什么味道难以描述末了又带点微辣的感觉。\n核桃肥牛，看中了这道菜的食材。四季豆、牛肉、核桃。前两者味道做得可以，稍稍有点偏咸，牛肉也稍肥了点。但核桃是败笔，受潮了似的，咬起来没有想象的香脆，事先烘烤一下会不会好些？\n蜜汁焗鳕鱼，68元一份，这鱼块个头算大了。味道还可以，但不是我最喜欢的，看来我还是偏爱日式煎鳕鱼。我感觉这家的蜜汁主要是色拉酱的味道，所以多吃了会感觉厚重和甜腻。但鳕鱼仍是我目前很爱很爱的东西。\n点心是翡冷翠和榴莲酥。翡冷翠，味道普通，就是这种外观和馅料组合很新颖。绿色的外皮内包裹着椰味和蛋黄味的双重夹心，但感觉就是没有很惊艳；这里的榴莲酥算是一般的，三只还没吃完呢。\n总的来说，还是挺喜欢的一个地方。价格也不离谱（在我们不点燕鲍翅的前提下）。我们到那才五点多一点，但已经有好几桌了，忍不住感叹：看起来，杭州人吃饭比宁波人要早。
4016,学校边上的一家店，超级实惠啊，现在每次去南京都过去吃的，四个人去吃100块钱最多了，菜的份量超级大，每次都点多了，到最后吃不完。\n印象比较深的几个菜：\n野山菌排骨汤，20多元一大罐，料也很足。\n酸汤肥牛：超级辣，放的是那种黄绿色的小辣椒，都有点受不了了，不过份量也很足，牛肉片也不少了\n大漠风沙鸡：其实就是一般的烤鸡，由于我对烤鸡一直是最爱的，味道也不错\n干锅包菜：份量很大，味道就一般了，不过也对得起那点价格了。\n总体来说，很不错的，很可惜到了上海就再也没吃到这么实惠的小饭店了啊。
4060,真的很不错的一家酒吧 很有情调 装修得有味道 老外很多 10点以后high到不行 嘿嘿 几个朋友去彻底放松一下还是很好的
4079,自从爱上周黑鸭的鸭脖之后，就再也不去买煌上煌跟绝味了！\n看看这附近这么多卖鸭脖的店，没有一家有它生意好啊，每次去都是排长队\n哈哈 虽然是湖南人时不时爱吃点辣 但是周黑鸭的麻辣真是令我痛并快乐着啊~\n每次吃都要准备好餐巾纸跟大壶水，然后眼泪鼻涕一起流，完了还可能长痘痘\n但是实在是好吃 忍不住哇  哈哈\n要是能出微辣口味的就好了
4081,只吃过他们的外卖，还蛮好吃的。推荐大家吃鳗鱼饭。价位一般都在30～35元左右一客。很喜欢吃里面的调味小菜，一种腌制的小章鱼，灰常好次哟！
4100,"5个全人花了300多点,加上酒水的呀,这个数目去于我来也不是太多了,主要是大家就是在一起聚聚没有吃太多的东西."
4102,门脸很小，里面没什么装潢，服务员少 ，客人离开很久了餐桌都没人收拾。不可以刷卡。家常带鱼就是一个面疙瘩，不好吃。上菜还是可以的。
4106,如今伴山咖啡应该更加顺风顺水了，隔壁的雕刻时光令人惊讶的关张了。不知是经营上的窘迫还是定位上的尴尬，总之，伴山隔壁的它就那么关掉了。如果按照指示上的“雕刻时光隔壁”来找伴山，会不会找不到呢？其实还是希望有多一些这种酒吧咖啡厅的好，爬的一身是汗，疲惫不堪的来到这边，往座位上那么一卸，夏日来杯冰凉的柳橙汁，或者冬日来壶温热的咖啡，那种惬意不是一般的爽，如果刚好还能抢到沙发座，整个人陷进去，那真是件小幸福的事情。\n有点走题，呵呵，这次评伴山的团购，牛扒两份，分量够足，要了6分熟，其实大部分还都是8分的。黑胡椒汁有点咸，不过还不错。烤吐司太小气了，只有一片，切成三角的两牙。蔬菜沙拉和蔬菜汤味道勉强，汤里胡椒放的有点多，碗非常的小，并且我还吃到汤底有西葫芦瓜，呵呵，有南瓜汤就一定要有西（葫芦）瓜汤吗？\n咖啡很正点，卡布奇诺奶咖配比还不错，味道很好，到底还是咖啡的牌号啊。\n总之，填填体力消耗后的肚肠，这份餐不算够，但是基本值回价钱。原价（300元）还是太贵了，毕竟来香山爬山的人，少有吃大餐的预期和预算。\n店里可以上网，有投影可以放电影，不过没声音得看默片，投影色彩也差，片子发绿。沙发座非常的舒适，垫子很多，桌上有台灯，看书可以打开用。装修是书吧风格，有一些小人书和普通书籍，都很有年头。后面有最低消费的大包房两间，厕所宽敞明亮，山泉水不是一般的凉。二楼是露天平台，鉴于天气原因我就没去观瞻，想必夏天很舒适。说到这里，我又思念其雕刻时光的那些猫咪了，那些脚边撒娇，身边耍赖，椅子背上走钢丝，庭院里捉迷藏的猫咪们。唉，伴山没有院子，不知道店主人是否喜欢猫咪。\n经营好坚持住，春天我还要来爬山呢！别少了我歇脚的窝。
4108,最近都搞送劵的活动，害的我老是想把劵用了就经常去吃。什么时候也搞的半价啊。\n服务员都没笑容的，一点都不喜欢。\n东西味道都一般，反正跟一般的寿司店差别不大。
4116,在北京算是老字号，去了一次，挺喜欢他们家的羊蝎子，份量很足，我点的是比较辣的，吃的很舒服，但服务不太好，叫服务员总是爱理不理的。
4121,出于个人偏心给五星，如果是天文爱好者，来看看虽然不会获取更多的知识，但是可以感受到淡淡的温馨的气息。这个博物馆可以说是很久很久以前上海天文台的旧址，那个中国第一台从法国进口的折射望远镜已经被称为百年老镜了，看上去非常沧桑，包括支架，座椅都是岁月的痕迹。。（介绍说可以从某些部件上看到1899年的出产日期，不过没有找到）现在这台望远镜应该是不用了。周围成列着一些零配件和一台钟、一个老式拍照片的“罩子”，一个操控台，还有这台望远镜在1986年记录哈雷彗星回归时拍摄的照片等等，令人感慨。楼下有一间小屋，一直放映着四季星空球幕电影，进大门的时候牌子上写“11:00-14:00”放映，但是11点前进去已经在放了。放电影的屋子其实很小，电影大概12分钟，主线为四季星空观测，当然介绍的是一些很基础的常识，例如12星座，28星宿什么的，屋子中间有个球状物，BF指点后才知道是仰靠在这个上面，然后可以像躺着看星空一样的看电影，赞，两个人一起看真的挺浪漫的，嘻嘻。除了这个主展区外，还有时间与人类什么的展区和一个临展区，临展区里面是星空图片展，虽然不大，但是非常非常漂亮，第一次见到这么大这么清晰的星空图，真是令人兴奋不已。时间与人类展区介绍原子钟，古代计时器等等一些东西，还有个互动小游戏机可以玩玩，模拟太空舱降落的，有点冷幽默的感觉，哈哈。户外的话，有一个佘山99米的碑，佘山天文台荣誉台长及夫人的碑，还有两个日晷和一些看上去有些被破坏了的小景观。。。另外不用进门，就有个平台区，可以看风景，围栏上是星座的图案，挺符合意境的。总之，对感兴趣的人，非常值得一去，毕竟是最老的天文台了。BTW，现役的天文台观测台（也是这样的小白球球），在教堂的另一端，老台的对面，只是我没看到正式的大门，看来还挺隐蔽的呐~~~
4144,就在姥姥家楼下，所以经常去吃，也见证了这里越来越不怎么好吃的过程（别pia我）\n当年这里还是很不错的，便宜实惠好吃，现在也还不错，就是经常感觉味道少了点啥或者多了点啥，而且量也见少\n随便吃吃还是可以，不要要求太高，虾和鱼做的都还不错，挺好吃的\n铁板蒜蓉虾、鱿鱼和梅菜扣肉（菜谱上不叫这名，名字忘了。。。）是每次的必点菜，做的还不错\n今天点了个八仙豆腐羹还是叫什么来着，里面的虾仁是那种水发膨化的，不好吃\n大拌菜味道完全不对\n在这里吃饭也就图个离居民区近，价钱适中，随便吃吃吧，恩，反正胃是能满足了
4146,点的这个月98的羊排套餐，超级大，羊味挺重的，我喜欢。生牛肉沙拉，我的心头爱，非常喜欢，就是太少了。别的东西也就那么回事，算好吃，但也没有多么多么的好吃。\n服务很不错，我喜欢主菜里面配的土豆，吃完还想吃，斗胆又问服务员要了一个，居然又给了我一个，拿了一个很漂亮的小盘子装的，有爱~\n总体不错啦~希望多搞点活动和新菜，我喜欢猎奇的
4180,跟7+7类似的店、也还算经济实惠吧、菜的种类还蛮多的、爱吃的也比较多、就是收银员不咋滴的、一直臭着脸、其他都还好吧
4207,在大慧寺店吃过，感觉还不错，就过来了，结果坐那都快10分钟了都没人理，叫服务员服务员要么相互推托，要么就不耐烦地说马上，叫了四五次，还是没有人理，后来的都点上菜了，本来的好心情都被破坏了，这服务真是没话说啊，感觉你欠他似的
4217,口味一般，在我来看基本就是个高端盖饭的泛儿，有个什么牛肉丸基本就和面点差不多。这地方属于就是中午周边写字楼随便来吃吃就好了，环境和服务还是可以的。
4264,这个汇川鱼馆在成都算是比较有名气的鱼馆了。\n在川大读书的朋友强力推荐的。\n去吃了以后就觉得一般般了。\n鱼是特色，但是味道不特色。
4266,本来想去吃巫山烤鱼的，谁知人太多只能转其他地方了\n首先吸引我的是这家点的装修，蛮不错的，然后它家的招牌鱼头，口感一般吧，我觉得和其他地方的剁椒鱼头的口味差不多
4285,那次澳门之行的最后一餐饭。 选在陈光记， 平！靓！正！\n叉烧不负众望，好吃到不行，不会太硬，不会太甜，一切都刚刚好。某人不吃，真是走宝了。。。\n鸡够滑，又不太油，赞一个。\n某人点的招牌的那个烧鸭饭倒好像不是那么惊艳么，或许期许太大了吧。\n还点了个油菜，我记得不便宜的。\n不过这一顿才Mop 58，实在是没有话讲了，在魔都翻倍都吃不到这个水准，后悔没有打包一点了。。。唉\n希望不要涨价才好。\n今天一口气补了好多DP，累得我啊，休息休息了可以。 \n：）
4343,好难找的一家店啊！主要还是门面太小了。晚上6点多到的。因为没有预订位子都满了还有好多等着那外卖的人，店面太小了建议还是要预订以下的。那么好就打包带走吧。     米道真地是不错的，料很丰富，特别是摩托罗拉上面撒着很新鲜的鱼子，口感很Q。 玛莎拉蒂有北极贝这卷虽居一点但是真材实料的。    虽没预订但是老板还是很好的马上把我的单子安排下去了，等了15分钟就拿到了。但是以后我一定会先打电话订的。
4344,挺喜欢这里的环境的，很不错，可惜离家比较远，上次还多亏了好友请我喝咖啡才有机会了解这家店，环境优雅的一家咖啡馆，里面的甜点我不是很喜欢吃，感觉太甜了，不过提拉米苏还是很给力的，咖啡一般吧，没有什么特别之处，分量也不是很多，就这价格还挺贵的，价钱也是和环境挂钩的哦。。。
4358,这个咖啡店太搞笑了，点的黑咖啡没有牛奶，我说能不能给点，服务员很硬气地说：黑咖啡就是没有牛奶，要牛奶另外加钱！！尼玛哪家咖啡店不配牛奶的啊！！！！彻底佩服！！！
4364,小有名气的包子铺，已经很多年了，饭点时人非常多，还得拿号排队，不过味道非常好吃，就餐环境不好，我们经常买完回家吃
4376,就在小区里的一家店 前身也是做鸡排的 只是名字变了下 吃了爆浆鸡排 18元 里面有很多很浓的芝士 满好吃的 另外还点了甘梅地瓜 我觉得有点太甜了 因为地瓜本来就有点甜 再加了话梅汁实在感觉有点腻了
4407,每次去都是两份锅贴，一碗酸辣汤；现在价格节节看涨，想想最初一份锅贴5个也不过3.5元，现在几近涨了50%，好在口味还是一如既往，喜欢的。也试过它的阳春面，味道一般般，贡丸汤一般般，看来要吃还就得是招牌产品哦。
4475,在东山大少唱K，朋友说附近有间老字号糖水店，糖水超好味，于是在吃完一轮自助餐的状况下，还是跟着去凑热闹。\n听说最好味的是西米露，结果四个人每人点的甜品都和西米有关，我们分别点了，紫米西米露，棷汁西米露，芒果棷汁西米露，还有我要的是芒果棷汁紫米露（唉，后来才发现我看错了菜单，原以为我那个也有西米滴～～～）。\n味道，很好，糖水甜而不腻，单这点就已经加分，芒果挺新鲜，紫米本身就很有营养另外吃下去口感挺特别的。值得推荐。另外芒果棷汁西米也非常好。有机会一定再去吃！！！
4483,面积比较小，而且特别吵。小孩子居多。\n各方面都不如KKMALL那家。但总体来说还算不错。\n好在交通便利，偶尔来放松下还是不错的。\n几乎我每次去，都能看到一两个熟悉的小孩子的面孔，他们热衷于玩那个捉金鱼的游戏。明明是写的未成年人谢绝参与。工作人员也完全不予管理。看到这些个小孩子把周末时间全都耗在这种机器上，而且周遭环境又那么嘈杂，损伤听力。真的挺痛心的。\n当小孩子缺乏自制力和判断力沉溺在不合适的游戏中时，商家应该把责任做到位，不要只是做做样子。\n有些生意不可以做的这么无良。
4484,现在貌似这个地方改名叫紫昱轩了，但卡上还是写着金鼎轩。很喜欢他家的三明治比7-11的性价比高，金枪鱼和火腿的都不错。每天的套餐味道也很正。还有要说的是一些小点心粘豆包啊，榴莲酥啊，麻蓉包什么的都很好吃1、2块钱。基本上是我每天解决午饭的地方
4514,白吉馍个人感觉做的大不如前了！肉量缩水很严重！米线味道也一般般，对我来说，这里只是能解决温饱问题，没有什麽刺激味蕾的东西。
4525,晚上在衡山电影院看电影，于是就近选择了这家店。\n菠萝饭酸酸甜甜味道不错，但是老公说一般般，港式茶餐厅里多得是，没什么特色；酸辣汤味道不错，一点也不辣，正好适合我吃，里面有虾仁和蛤蜊，就是量少了点；还有一个什么虾，名字忘记了，炸的，香酥可口，但是配的一个色拉酱味道不好，怪怪的，不蘸还好吃一点；甜品是炸冰淇林，等了好久，催了N多次，千呼万唤始出来，味道还行，炸的部分其实是面包，蛮顶饱的，冰淇林吃多了有点甜腻。
4539,吃了虾仁大混沌和全家福，香菇鸡茸云吞面。喜欢他家的环境和不错的服务态度，很舒服的感觉。每颗馄饨都有一粒虾仁，云吞面的馄饨感觉没有太熟，面还是不错的。
4546,在夏天的某日\n别的场子都人满为患了\n突然想到了这里\n在已经换过两个地方的情况下\n仍然故我的来这里\n觉得门面蛮大\n里面应该也不错\n果然没错呀\n基本上人很少\n价高自然人少\n要是想有个VIP的柜子\n先准备好三万的银子
4548,好吧，我不是来砸场子的。我家住在附近，每天从店门口过，鸡笼子就安放在人行道上，一股鸡屎的瘟臭，老板娘抓鸡杀鸡既麻利又凶残，鸡垂死挣扎的鸣叫声刺激着人的神经。而且那公鸡，都不知道吃什么长的那么大，鸡冠鸡脚都很大，看了有点怕人的。
4601,没挂牌的五星级，环境非常棒，非常喜欢这样的小园林，设计真的没话说，愿意一辈子住在这。自助餐厅的早餐种类不少味道不错。唯一缺点是房间没有路由器不能无线上网。
4643,上午陪朋友去这家DIY烘焙坊DIY蛋糕，结果没想到今天是中考，车子一转进四川中路就开始堵，一路上堵到甜爱路这里，很杯具啊！比原定时间晚了半个多小时才到，店家已经有很多人在做蛋糕了。此时看了下手表，将近11点。店家定在11点半休息，结果因为我们的迟到，他们只能放弃中午休息的时间了，很不好意思啊！\n    DIY蛋糕，先做了蛋糕的胚，鸡蛋清，糖，油，还有面粉，一样一样放，一步一步来，陈老师在旁边耐心地教导我们怎么弄，虽然自命一身力气，不过有力气不会使的话也会很累的，事半功倍，后来掌握了窍开，就顺手很多了，哈哈！在一边身边的那位，one day world。得了还是我来吧。弄完蛋糕胚就放进烤箱里面烤啦。\n    啊下来就是做曲奇饼了，我本来只是陪同拍照人员，结果后面变成了主力了，可怜了我“老婆”了，被我凉在了一边，一边做蛋糕，一边和老板聊天，说到现在的南海争端，老板和我都是群众，我朋友经常接受党员现金、性、教育，结果还说这说那的，我和老板的认识相同，越南，该打，该灭，没有理由。不动是因为到家都懂的，一个字，捞！\n    蛋糕胚子做完以后就开始做蛋糕啦，涂上鲜奶油了，因为是现做的蛋糕胚子，老板特地关照不能放时间久的，2，3天内就要吃掉。老板的手势绝对专业，动作哈快，蛋糕的一圈涂了一层，结果我朋友上去自己涂，就把老板涂的那层也给弄掉了，杯具！不专业啊！搞了一会儿后老板还是出手相救了，哈哈！在老板的帮助下，蛋糕完成。\n    一会儿曲奇也弄好了，出炉，收工，闪人啦！！！！
4655,已经免费对市民开放了 但是需持身份证等有效证件排队领票 每日票量有限 节假日游客比较多要去早点 免费以后去很多次了 场馆建筑雄伟 因为内很很多国家级珍贵文物 保安及其严密 值得一去~
4671,点了烤鸭，不过真的没有全聚德的好吃，鱼鲍翅我们没要，简单的几个菜，味道一般般，觉得和餐厅的硬件不般配。服务还不错。吃饭人也不多，挺舒适的。
4707,12：00多一点去的，告诉要等到13：30左右才能有位置，只好算了，等下次再来吧。提醒各位来的时候记住要提前订位的哦。
4714,"同学女儿满100天请在这里的\n自己开车去的,下了车,就有人帮你停车的.服务很到位.\n菜色很不错,我记得有点小鲍鱼, 鹅肝酱我不喜欢,牛肉不错但具体是什么我也忘了.点了很多菜,我也只顾着和同学的妈妈聊天,所以也不太记得吃过些什么了\n还有就是有水果自助.,还有珍珠奶茶\n只记得盘子换得很勤快"
4751,点心比较迷你适合胃口小的MM，芝士蛋糕卖相不是很灵光，外皮有点烤黑了，芝士味不浓郁有点硬\n香肠可颂：买到冷的所以外皮不是很松脆，里面的香肠味道也很一般\nMINI ONE不是很出彩没有惊喜
4762,科里几次外卖叫的就是他家的~貌似饭的品种还是挺多的~\n鸭腿饭的味道不错的~鸭腿有好几大块~做的很入味~\n爆鱼饭里的爆鱼做的很好吃的~还有素鸡也是我喜欢的~\n配的蔬菜做的也都不错~还有酱蛋~特别一提的是他家配菜里有个黄色的小粒榨菜~酸酸辣辣甜甜~好吃呀~~\n还尝过他家的一个什么炒饭，也很不错~~朋友吃了他家的狮子头饭，说是最好吃的~~~下次要尝试下~~\n总的来说中午解决个午饭还是挺不错的~~
4766,2010平安夜在蓝港度过\n和teng约好在蓝色港湾见面\n实在太冷了，手机又没电了\n就进星巴克等他了\n本来想冲个电\n在下面看到有座位\n一上楼吓死我了\n全满了\n再下楼也没地方了\n果然节日好好呆在家中是最明智的\n先买了咖啡\n拿铁，小杯\n本来身体就不太适应咖啡\n没办法，就买了杯小的\n到楼上好不容易等到一个座位\n喝了口咖啡\n一开盖子都快溢出来了\n巨满巨满\n想想调咖啡的时候那伙计也巨快\n那味道啊\n我真想打人了都\n欺负我没怎么喝过咖啡是么\n那好歹我也去过不少咖啡馆了\n有拿铁这个味道的么\n非常淡\n一股白开水味儿\n感觉水：奶：咖啡的比例是5:4:1\n都无奈了，真的\n跟喝稀释了的牛奶似得，再掺合点咖啡末\n那颜色也知道太淡了啊\n以前喝星巴克觉得还好\n不难喝也不那么好喝，至少闻着挺香的\n然后认识了一个在星巴克调咖啡的男孩\n说其实特别坑人，兑水兑冰之类的\n然后认识了很多出国的朋友\n说在外国星巴克根本跟哈根达斯一样\n都是外国的次货来中国充名牌\n可以前好歹没觉得这么糟\n这次是彻底见识了\n本来蓝港的酷圣石分店就比其他家差好多\n没想到星巴克更胜一筹\n再也不光顾这家分店了！\n这家环境挺嘈杂的\n也许主要是那天是平安夜\n厕所男女共用听说蛮脏的\n好多人排队等着\n地上都黏黏的也没人扫\n插座也都松动了\n充电器直往下掉\n遇到了一个有意思的服务生\n特斯文的样子\n白白的戴着眼镜\n我占到座位了\n当时桌子上有几个盘子和杯子\n他那动作缓慢的啊\n我都服了\n不叫慢，绝对是磨叽\n看得我都着急想上去帮他\n盘子拿走利索点擦擦桌子不完了么\n他那个磨蹭\n后来临走他在小台子上收拾什么盘子\n一点预见性都没有\n就看着放盘子放的都快要掉了\n然后他又不小心碰到托盘了\n盘子就差点点掉地上\n还好他扶了一下\n如果你见到就知道他有多笨手笨脚了\n当时我心想\n还好他在咖啡厅工作\n要是M或着KFC\n人家一定neng死他的心都有\n后来和宿舍女孩去看电影在M就遇到个比他强几倍的磨叽人\n就被骂了\n唉，男孩子，怎么这么磨叽呢！\n还真有人在这里吃东西\n吃马芬一类的东西\n一对夫妇带着一个巨闹腾的小男孩\n唉，总是有有钱人\n打小就带着孩子享受生活\n在北京，星巴克早就不是外国人爱去的地方了\n外国人喜欢胡同喜欢涮火锅\n好些不错的店连我的很多朋友都不知道\n我发觉外国人就都能找到\n我就特佩服\n外国人在胡同里名气不大口味却很棒的中国馆子吃饭\n我们很得瑟地去啥星巴克哈根达斯星期五\n我就觉得挺无奈的\n不知道该怎么说\n外国人骑着自行车或者步行或者坐地铁\n我们很得瑟地开着奔驰宝马保时捷\n记得北极熊跟我说哪国人喜欢走着哪国人喜欢骑自行车哪国人喜欢坐地铁\n可是貌似喜欢开车的不多\n可我们为什么要这样呢\n如果为了方便也好啊\n可是事实却是为了面子自己也麻烦还给别人添麻烦\n小彭跟我说苹果就把中国当做是赚钱的市场\n其实中国人根本不懂苹果想宣扬的文化根本不买适合自己的东西\n只是觉得有面子气派\n多无奈啊\n被别人看不起，人家只是想从中获利\n想被别人看得起得先看得起自己，不能看轻自己\n我们不是也有很多东西吗？很多值得发扬的东西\n何必崇洋媚外，何必死要面子活受罪\n几个人围坐一起喝瓶啤酒吃点涮羊肉怎么了！\n不比花几百吃那死甜又发胖又伤胃的哈根达斯好啊！\n哪怕用个几百的国产手机怎么了！\n不比不会用也不需要那么多功能还拿着大板砖iphone好啊！\n有些东西，真的需要反思，必须反思。。。
4773,微博中左个避风塘炒蟹就去食了，我地两个人没再加D咩了，就是消费左一个正价噶青菜，炒蟹真系好正，份量好大，蟹肉好鲜味好香，青菜就麻麻了，不过呢间野真系好靓~
4784,朋友带我们过来吃的，地方不是很大，进去的时候有座位。价格不贵挺实惠的，量也蛮多的，一个人够吃了。朋友在这附近经常过来上班，所以特爱吃。我觉的口味一般，花生米放得好少，米线煮的时间有点长壳，盛过来的时候里面很多都已经碎了，没什么弹性。
4790,因为在车站等车 有一次有人在做推广 好奇 所以去喝了一口\n谁知道 很好喝就爱上了 是牙买加洛神\n洛神的味道 一般我不能接受 但是这里的味道很清爽 是适合夏天喝的饮料\n也很解渴 不会感觉腻味 口干的感觉\n下次 还要过去买 哦 对了 加盖5个章 可以换一杯新的饮料
4813,这家店面不出奇，全是网上宣传。我差不多也是慕名而来。\n店面不大，两个圆桌，四个四人桌。聚餐的话，上菜速度不敢恭维。\n先上了回味香芋，很一般，炸得好的没几个，也吃不出香芋的原汁味。倒是有点像来一份的槟榔条。吃完了，开始等送的酱猪蹄。黑胡椒口味重的有点辣了，猪蹄个头也小。坐等第三道菜-鲈鱼。上面布满了红椒、青椒和尖椒，鱼肉不老，辣的入味，可惜之前饭都吃饱了。这个上菜速度啊！！！
4816,非常好吃的台南小吃，性价比也极高，龙柏算我半个老土地\n怎么能不去光顾呢？中午和dd2个人，决定出来扫一下\n台南虾卷--真的老好吃的，非常喜欢吃，外面脆，里面鲜\n而且料很足，价格也公道\n虱目鱼皮汤15元--里面的服务员推荐说，其实虱目鱼其实是\n鱼皮好吃，在她的建议下，要了鱼皮\n其实我个人不喜鱼皮，一直都不吃，原来想放弃了，都给dd吃\n自己尝尝鱼汤就可以了；但是后来试了一下，便一发不可收拾！\n非常好吃，就是清煮的鱼汤，这个鱼肯定要很新鲜，鱼皮不腥，\n也不肥腻，汤底更是清爽的鲜美\n不过我发现台湾非常喜欢油膏，以上2道菜都是油膏拌芥末做\n蘸料的，大概海鲜的话，比较去腥气\n蚵仔煎--dd喜食的东西，卖相一流；这个店分2种，1种叫蚵仔煎\n只有一个蛋，蚵仔大而饱满，里面有豆芽，菜，其他就是面糊，我\n嫌面糊太多，dd说没有前面的怡庭好吃；我喜欢吃蛋多的，下次可以\n点另一种，叫蚵仔煎蛋\n还有这家的大西洋牌子的芭乐汁非常可口，好喝，味道很浓的，价格稍微\n有点小贵10元\n老板很健谈，台南人，服务小姐很客气，而且适度的销售，很喜欢\n环境很干净，舒服，送的小菜，腌萝卜片，酸甜清爽，很好吃\n个人觉得这家台湾店最好吃，比米苔目，鹅庄都要好吃，性价比也高\n还有很多东西想吃，譬如台南鲁肉饭6元/三杯鸡/九层塔煎蛋，下次\n还要去吃
4818,中午点的外卖，大约20分钟就送到了，服务很好。pizza拿到手还是烫的。\n超级棒约翰和照片上的有点差距，但是还是很好吃。个人觉得面饼比必胜客的好很多。\nBBQ鸡翅和KFC的差不多。猪肉丸比较劲道，只是外卖加的番茄酱太多了，不香。\n4星推荐。
4836,万圣节前夜的自助果然是让人惊艳啊~各种甜品对于我这种没有抵抗力的人来说简直就是天堂。拖家带口拉着闺蜜们去吃，一开始死活拉不动，还嫌贵，最后一个个东倒西歪了都~皇后的甜品，绝对可以排的上号的，所以这种自助式的夜宵，怎能错过~
4838,从汉口到武昌，总是能大桥上看到这里。一直想来看看的，十一终于来了一次。挺方便的，坐车到晴川阁就到了。汉阳江滩比汉口的人少，但是风景好很多，大禹治水的故事用雕塑展现给大家，很是形象。这里拍婚纱的不少，也是摄影爱好者外拍的好地方。到汉阳这边的大桥下，离桥墩那么近，感觉真的不错。
4845,"朋友介绍多次,今日一去果然,还没进门老远就闻到的烤羊特有的香味,虽然刚在西华门饭店吃过午饭,但依然感觉有食欲,考察了一番,订下了圣诞夜的晚餐!盼望哦!\n圣诞没吃烤火鸡,来吃了烤全羊,也许希望大了,所以品尝后并不像想象中的那么好,也许是最近吃多了,烤羊架上来以后很有气氛,但动刀切割有点费力,皮脆肉也挺嫩,就是口味没平时的烤羊肉串足,倒发觉后来切盘端上来后的羊排很不错,那羊杂汤的口味不是太喜欢.尝过一次可以了,下次还是换些精致的淮扬菜吃吃."
4856,很好的的面馆，比起其他的牛肉面来，饸饹面的味道个人更喜欢一些，比较实惠，也有烤串和凉菜什么的，价格算合理，环境算是比较干净的，在这家馆子里外国的客人也比较多，可能是跟她的地理位置有关系吧！
4860,这家呷哺比较火，去的时候人很多，服务还算可以，要了个套餐外加双拼，没吃了，相对来说还不错，这次要的清汤锅，下次打算要个咖喱锅尝尝
4887,鱼是自己选的\n鱼丸味道超好，招牌菜~每去必点。其他一些例如百叶包之类的也不错，我一次只能吃下一个==\n饮料好像是免费送的\n个人感觉挺适合两三人聚会之类的活动
4916,"环境很不错。古典的二层小楼，看着有点天津五大道小洋楼的感觉。不过一楼门脸实在太小……好在大招牌还是比较醒目。附近地铁施工，公园也在装修，乌烟瘴气的。。。\n晚上生意还很火爆，还要等位。等了大约十分钟吧，排了三个人就排到了。四位以下坐小桌，五个人以上坐大桌。不过两个人坐大桌算是绰绰有余了，很宽敞。\n坝子鸡，凉菜，和口水鸡差不多。实在是不好吃，鸡肉肥的部分过于多了。吃起来非常非常影响口感！！！白花花的一坨油，吃起来真是让人……盘边摆的手切笋，这个还不错。摆盘还算很精致。\n麻婆豆腐，稍有些咸了，就算比较下饭吧。这个算中规中矩好了。\n辣子鸡，这个也是中规中矩吧，没有太惊艳的感觉，挑不出大的毛病，但总是没有让人食指大动的感觉。\n醪糟汤圆，没有……这个让俺灰常失望啊，川菜馆儿怎么可能没有醪糟呢！！！要了份麻酱汤圆，味道还不错，很喜欢~~不过8块钱3个，也不能说算便宜了。\n米酒一杯，18，这个点的很喜欢，就算是醪糟的替代吧……酸酸甜甜，很好喝。\n小菜两碟不要钱，花生米和小咸菜。不过居然有茶位费！两块钱一位，而且事先并没有说明，这个很扯。。。。俺特意问了问小菜要不要钱，说不要，结果茶水要钱，这……湿巾和纸巾收费倒是正常了。\n服务倒是没什么可说的,很不错,端茶倒水换骨碟都很及时,餐后还让写建议,挺满意的...\n最后结账两个人168，还可以吧，还送了两小碟西瓜。不过菜量不大，两个人都不太饿，也没怎么放开吃。\n总体感觉一般，环境实在是没得说，很典雅很干净，但菜品实在是很一般，完全没有川味的路数。也许是河南人民不太吃辣，也入乡随俗改良了？？这东西还是原汁原味的好..."
4928,奶奶家附近的一家店，每次去看望家人的时候，我一定会去买两个葱油饼吃吃。因为那是我童年美好的回忆。而且现在上海滩上，卖葱油饼的店家也不多了！
4933,生日去吃的，半价。4个人吃了很多东西，不贵，也算不上很好吃。价钱还是比较便宜的。凤爪比较好吃 还有黑胡椒牛排还可以。
4943,之前团购的50块钱买100元代金券的那种，一直没机会过来，有一次晚上来了，说没预订，硬生生的让我们改天再来，唉，看大厅明明挺空的，也不让坐，心里挺不舒服的\n后来终于预订到座位，就兴冲冲的去了，先是坐那很久没有服务员搭理，叫了好几次说点菜才有人来。要点菌汤鸳鸯锅，那个小姑娘来个，菌汤很麻烦的，还要熬，时间长，要不你们点清汤吧！还是第一次遇到这种情况，哈哈，怕自己赚钱吗？就点了个清汤鸳鸯锅，一大份菌类拼盘，我们自己做菌汤锅好了吧\n东来顺羊肉很嫩，那个什么一号肥牛稍微有点硬硬的，没有羊肉好吃，只是一煮都有点碎，不过分量倒是挺大的；意外发现鱼豆腐很香，口感很好。跟上面那位筒子说的一样，芝麻酱真的好咸啊，齁死我了，只蘸一点点就很咸，不蘸吧，又没有味道，不是说东来顺就芝麻酱是非常香的吗，太让人失望了\n三个人吃了两百一十多，真的不便宜，同等的价位，比起来这个味道，这个服务，感觉很不值，这个价钱在海底捞吃会舒心多少啊，不会来了，再也不会来了
4960,上洛阳牡丹其中一处不可错过的吃食，国营老店，服务基本上谈不到，因我们一行20 人，店家嫌我们人太多所以还闹了些不愉快，不过这不能影响我们品尝真不同水席，牡丹燕菜不说的话真没尝出是萝卜做的，水席菜品全都带汤，口味偏酸，食后齿颊留香，回味绵长。胃酸过多的朋友要小心了！
4982,咖喱味道很浓。是偶喜欢的味道，而且吃完不会口干；还有最爱他们的萝卜干，配着蛋包饭吃，那个美味啊。唯一不好的就是该店的空调实在不敢恭维，需改进。
4989,人气挺旺，不过她们效率蛮高的，等的时间不长就能拿到，喜欢这里的爆鱼面，其他主要还没尝过，哈哈，，挺不错的，这也是一家连锁店，也算比较有名的面馆了
5039,品悟津味，追寻传统之旅九\n【有争议】\n  在津门三绝里面，耳朵眼炸糕跟狗不理包子，十八街麻花相比，名气略微“小”点。可与狗不理的富丽堂皇，越来越走上骗人的道路相比，耳朵眼却是真正的津门小吃；与本该也是小吃，却越来越走向金钱化过度包装的麻花相比，耳朵眼才是本色不变的津门小吃！\n  不过呢，耳朵眼身边的争议声却一点也不少。一方面，作为名吃，它不幸的跟麻花，狗不理一同“沦落”了，单从食品街里面到处打着正宗耳朵眼炸糕，耳朵眼炸糕总店之类旗号的店铺就能知晓，耳朵眼同样没有走脱一成名便被山寨的一拥而上的命运；另一方面，耳朵眼的评论也是褒贬不一的，说它好吃的不在少数，而且是铁杆粉丝，大有容不得别人说坏的架势，说它不好吃的也同样不少，并且是坚定的将其贬斥为一文不值，连路边小摊也不如。\n  客观的说，耳朵眼炸糕吃法不同，口感大为不一；吃的地方不同，也一样会产生迥异的体验；更重要的，每个人的口味和喜好不同，对这类特殊的炸糕类产品出现如此巨大的评价差异，本身也没什么奇怪的。\n【寻正宗】\n  要说得到尽可能享受的口感，找到一家正宗的门店十分重要。在食品街到处正宗的旗号下，到底去哪里才能更令人放心呢？起初我也是不知的，即使手里拿着点评网上下载的地址，也分不清楚到底哪家才是地址上所说的。\n  好在咱“有人”。在果仁张的时候，我特意问了那里看起来比较“靠谱”的一位服务员，哪家耳朵眼最为正宗。服务员们一致说顺着北门出去，往右一拐走几步看到的那家比较正宗。我对此深信不疑，因为咱要相信老字号不是吗，更可况咱买了不少果仁张的产品，本着“良心”而言，也该不骗人是不！\n  等来到这个店面时，咱的心彻底放下了：店里人流如织，而且基本上都是天津本地市民，地址也正是点评网上提供的地方。就是这了！\n【趁热吃】\n  解决了店面问题，就要看该怎么吃了。常吃炸糕类的朋友应该知道，吃炸糕就要趁热吃，热着和凉着口感上的差距太大了！耳朵眼更是不例外。\n  刚炸出的耳朵眼表皮酥脆，馅料充实有味，总体略甜但不算太腻，吃起来很劲道，很有嚼头，本人很喜欢！另外它家的驴打滚也是名声在外，不过呢，我对这个好感向来缺失，就觉得和炸糕相比就逊色多了。当然了，有些人还是会觉得耳朵眼比较甜腻，不怎么好吃，比如LD就是这样认为的，这跟个人喜好有关，不能求全责备。\n  其实，仅就天津本地市民而言，在春节期间最受欢迎的并非炸糕，而是豆馅和手工元宵！在我那天的时候大多数本地市民就在排长队买元宵（后来在金刚桥的总店也出现了排长队的情况，比这里更夸张）！豆馅的受欢迎我起初还不太明白，后来看到天津的报纸上的一篇文章（天津春节期间报纸也不放假，天天有新报纸可看，赞一个，也道一声辛苦了）才明白，过年用豆馅包各类制品是天津的老风俗之一，而尤以耳朵眼的豆馅最地道，最受欢迎。\n  至于手工元宵，跟南方的机器制成的汤圆相比，北方的元宵是纯手工制作，虽然吃起来不如汤圆好煮，但口感上劲道的多，更适合北方人的口味。当然了，由于手工元宵工艺复杂，制作起来成本较高，在价位上比汤圆要高，而且利润较薄，随着南方品牌汤圆的大肆进军，在北方已经越来越难见到传统的元宵了。在天津，在耳朵眼，还能看到如此多的手工元宵，且市民依旧如此认可，我甚至都有点感动了！\n  什么时候济南也能再见到手工元宵的身影呢？（在回天津后不久，惊喜的发现益康超市恢复了手工元宵的制作，尽管数量不多，尽管口味只有桂花和黑芝麻两种，我还是很高兴，不惜给其打个“广告”。）
5043,因为等电影，觉得这里应该会吃得快一些，于是来了这里。\n牛排还不错，生熟度掌握得很好。\n鲜榨的玉米汁也很好喝。\n但是可供选择的东西种类不是很多。
5048,润唇膏喜欢的，比较推荐秋冬天用！\n氨基酸洗发水感觉1般了，隔天头皮会小痒，可能不适合我的发质！\n招牌保湿霜lg秋冬天用非常舒服，保湿不油腻！\n牛油果眼霜我已用掉n罐，很滋润，全年必备品！
5062,医生都很耐心，但是看上去就很贵，我们家猫绝育之后不肯穿手术服，下楼去他们家买小号的伊丽莎白圈，那个大叔说要45米……45米啊……而且死活不肯少的……我在腐败猫咪上看到一模一样的也就10块啊……么办法，最后还是买了……
5068,钱柜的自助还真是不错，真的挺符合大重口味的，那么多菜总有你爱吃的，饮料也不错，就是7点之后才会有可乐碳酸饮料，晚上7点之前你是喝不到可乐的，钱柜貌似又涨钱了，不喜欢去了，太贵了，而且有时候麦克不好使
5075,就在家门口的小长安，最喜欢优质羊肉泡馍，每次都会多要一碗泡馍的汤，还有配的糖蒜！肉夹馍很好吃，可惜胃口不够大，喜欢人多可以多点几个菜一起吃！
5077,没什么特色，单面也很陈旧，卫生设施不太乐观。\n送的血我觉得不太新鲜里面有小石子，豆腐还过得去。\n底料咸的可以，唯有甜玉米可以综合一下，别的东东吃上去都很一般。
5094,因为和同事，还很开心的！菜是服务员提前配好的，结果很和老板胃口！口味还是可以的！到底要写多少子啊啊啊
5134,味道是很好的说！！~~但是了。。进来就问人家有没有甜水面（不好意思ING），农村一把了，呵呵呵，不过食物真的是让我惊艳了，居然这么个的店能做出这样美味的食物，他贵我原谅他了！~忽忽
5169,点评网太准了哈，吃完每个人摊下来刚好39.4元。。。\n五花肉我觉得有点老，还是肥牛好吃。年糕很Q~~金针菇烤起特别有感觉，热火朝天的，虽然吃起来比较掐牙齿。鱿鱼一般。鸡翅好吃~~\n总体感觉不错。
5173,这家店好冷清，完全没有万达那种挤破头的气势，走进去就能吃偶都要不适应了。\n冰纷欢舞（79元）：这个也太实惠了，上下两层一共10个球呀，尽管这个球的直径会小一点。一共五个口味，抹茶（偶们旁边桌一个小朋友很可爱的，也在吃这个味道，吃了一口说：茶叶味呀），香草，芒果，草莓，还有一个是樱桃or蔓越莓之类？偶最近味觉失灵。配上两块杏仁蛋白饼。\n偶喜欢哈根的摆盘，每一份都很精致很认真地样子，好美呀。\n欢娱比利时（42元）：这个是冬季限时的，实物比照片小好多呀，一杯滚烫的可可上面加了可可味的冰淇凌，冬天喝很美味。喝好意犹未尽，跑到超市买了一罐美禄回家冲牛奶，聊以慰藉。\nBTW：今年冰淇凌火锅的餐具好漂亮呀。
5174,我也是觉得这家没有必胜客品种多 而且没有折打 不过有几种 8元 28元的选 那天主要是看必胜客排队拍的很夸张 所以就想到这家 个人认为Pizza没有必胜客的好吃
5181,门口就有讲座，都是周末的上午，里边有天王殿大雄殿，里边有虔诚的烧香的人，里边有很多的和尚在走动，同行的人说走的不要在里边大声的喧哗。
5217,"新开在酒店里的面包房,东西不贵,解决一下中午或者早上的吃饭问题的话一般不会超过30块钱,现在开始还有三明治卖哦~打听了下是他们酒店厨师做的,三十多一点,量很大...\n还有哦~旁边有很多大牌子的专卖店,下午逛累了还可以小憩一下喝个简单的下午茶,为晚上的party储存更多的能量...."
5220,就在步行街上面，逛街累了买点吃，味道总的来说还算是可以的，寿司外边的紫菜不错，里面的米饭也蛮有味道的，特别喜欢上边带鱼子的那种，不过价格可不便宜。
5284,一家中式快餐店，里面卫生做的还挺好的，每天早上过去买早点，一个鸡蛋一个烧卖或者一个春卷，3元搞定，有时候也去买饭吃吃口味也不错。
5323,喜欢茶餐厅，逢茶餐厅就想进去试试鲜虾云吞。\n只点了云吞面，不负我望，地道！我喜欢的顺序是：品汤-味醇清亮，蔬菜-鲜嫩火候适当，尝面-爽滑筋道，云吞-大只鲜虾，肉Q弹牙（不是鲜虾肉会哏），馅料饱含汤汁。\n起码我现在在北京可以有2个地方选择吃云吞面了。希望不仅仅是开业时如此。
5330,人多，位子很挤，地上很脏。\n吃过一个香辣带鱼还不错。\n因为人太多，等是难免的。\n所以有人没有耐心也是难免的，\n经常看见有人和服务员交涉菜怎么还没有上之类的，\n话说，来这种店就要做好不会被服务成上帝的准备\n在那样嘈杂的环境下，\n就不要再让自己的心情更坏了。
5349,量非常少，尤其是外带的话。芋丸金薯不怎么Q，红豆汤对我而言过甜，远远比不上鲜芋鲜啊，还没有芋头，下次不会再去了。不过外带的碗倒是值得称赞= =，盖子封得非常紧，一路上一点都没有洒。
5352,天津很大的水产批发市场 好大的批发市场 天津最大的海鲜批发市场 好大的批发市场 天津最大的海鲜批发市场 请朋友来
5364,因为之前不是做活动蛮  \n里面给人的感觉还不错把  \n我在里面买了双鞋  是我喜欢的款式和颜色\n可是不幸的事  我回去穿了一次  一个星期不到它脱胶 \n那个让我郁闷的吧   我不管在哪买双鞋也不是这样的吧 \n就和同事去找他们的销售员  \n开玩笑  他们的答复真的是个雷人  穿坏了  这不能换的  \n我就郁闷了  我买鞋干什么的啊 不就是穿的蛮  \n难道是卖在家供之吗 ？  还要买高香是吧   \n主要的是我要穿很多次就算了吧   可就一次也   你们家是在地摊买的回家卖的吧  \n更气人的是 不好好解决 跟我吵    销售员的那个态度二字（恶劣） 来买的时候可不是这样的态度  哎.....\n我气得要打315消费者协会来解决  那个态度又不一样了  \n哎 ...中间反反复复闹的可不愉快了   \n最后还是给换了   以后这我是不在来了  \n怪不得老是做活动呢 ...
5365,最早开张的时候人还挺多的，而且环境也是做的不错的。\n尽管购物环境不是很大，但是逛的很轻松。\n现在开了有好久了，人气没有原来那么好了。
5377,朋友颈子后面长了个很大的囊肿 跑中日友好去看 结果医生给开了两小瓶中药芙蓉膏 朋友回去敷了好几天 也没见好 苦恼中跟我们提及 我说你用碘酒试试 果然 回去擦了几天碘酒就好了 哎！ 不说啥了。。。
5398,一直想尝尝泰国菜的滋味，谁知道吃到嘴里才知道是什么味道。有种姜的辣味，很不习惯。但是同行的都吃的不亦乐乎，看来还是个人没有口福了。综合同行人的看法，比较推荐的菜有菠萝炒饭，冬阴功等。自制的饮料味道似乎也不错，可以尝尝
5430,在无锡住过站前店感觉比较吵，再来就订了这里，金卡大床房价格是122，正好华东搞活动，每天能用20元优惠券，实际结算是102元，价格还是很实惠的。这里应该是开业时间不长，看到楼里还有单位在装修。第一天住的5楼大床房感觉布置的不好，写字台前留的空间椅子都放不下，而且写字台上的网线不通，只有床头的网线能用，无线网信号很弱，只能将就着在床上用电脑，于是第二天就换到6楼的房间，6楼的空间就好多了，写字台的网线依然不能用，好在无线信号很强，能在写字台上用电脑就舒服多了。这里的服务感觉不是很好，第一天的问题服务人员只是道歉，没有解决问题，新店还是要提高服务能力的
5431,晚上六点四十到的，八点多吃上的，去的时候已经饿了，又等了一个多小时，绵羊也变成饿狼了，一共三个人，本来朋友就很质疑我的选择，又等了那么久，大家情绪都快崩溃了，终于等到位子了，火速点了几个招牌菜，上菜速度非常快，朋友一筷子下去就再也停不下了，大家都直呼过瘾，不过最后又加了一个宫保鸡丁，不知道是大家都吃饱了，还是菜做的真的一般，这次没吃肥肠有点遗憾，下次一定要点！
5441,在52楼意大利餐厅吃的，团队活动，法国侍酒师的服务很好，人也很帅，哈哈！餐前酒，开胃菜，汤，主菜，甜点，一道一道，时间控制的很好，关键是菜色不错，很有食欲，服务员眼睛尖，服务很帮！
5442,这边的生意比想象中的好太多了，所以去的时候发现人超多啊，有点乱，很拥挤啊，由于我去的太晚，其他同学都已经吃好饭。所以就冲冲在点了一些。觉得还可以吧，这边超热闹，比东川路的那边热闹，所以也显得吵闹。下次还是去东川路好了。
5457,听朋友说的，西安的腊牛羊肉很有名~这家也是老字号，几乎每天逛回民街他家都排大队……\n不过服务员很牛的哦，我们外地人想尝一下肉渣，品品味道再买，人家就是不给尝。你说肉渣你留着也卖不出去，我们吃好了多买，吃不好也会少买一点的，真不会做生意的啊~
5461,"去那里都是开车经过的时候去外带一杯的,那里我去的时候人都很少,因为是在张江高科都是办公楼,所以我去的时候大家都下班了所以没人什么人.很安静,很舒服的地方"
5473,不知不觉，原来尼间酒家已经开左20年啦，都可算系附近开的做耐嘅食肆喇！隔日肚饿，由地铁站出来无从选择，就惗尼间店开左咁耐，唯一一次帮衬就系表哥婚宴试过，不如就尼间啦，入到店内，大厅只有2、3张台，就好D觉得会唔会系拣错左呢，不过食左之后就大为改观喇，菜式不贵比想象要平好多，而且味道唔错仲好有鍋气添，尼个就可能系存在20年嘅秘密喇.
5479,姨夫过生日请客，我一进店堂地板有点油腻腻的不怎么舒服，我们去的是包厢，气氛算好吧，可能我们去的早，服务员完全不在状态，茶水也没上人也跑不见了。。。。。。开始还不觉得后来吃到一半大家都热的都受不了了~~找了服务员才知道空调么开~~o(︶︿︶)o 唉~~人均消费我是不知道啦表姐付的钱，不过菜的味道挺重~~父辈们喜欢那盆红烧肉~~我就觉得茄子还好~~不过有点很好玩~~直到我们要结账了，还有盆菜么上~~晕啊~~呵呵~~不过整体上我觉得适合父辈口味，估计他们下次还会去吧~
5485,典型国营老字号，取得时候还在积雪，门口风景非常漂亮，里面则是热火朝天，菜肴里面有个鱼翅包-难吃，一个鸭胗肝冷盆骚气-难吃，其他挺不错的，尤其大煮干丝，软、糯、滑，基本一顿早茶中午可以不用吃饭了，还值得一提的是千层蜂糕，不是糖精是加蜂蜜的，真的不错，生意很好，比富春什么的旅游观光应付为主的好多了
5518,去中影看电影时候去的。\n环境不错，去的时间下午1点多了，人也不多，还蛮安静的。餐品的味道不错，就是服务员不大有精神。
5540,地点不错，停车什么的也很方便。就是感觉桌子不怎么干净。烤的东西都还可以。主食类感觉不错。价格小贵。适合朋友小聚。人太多的话很不方便。
5566,到这里的交通很方便，有地铁，也有多条公交线路。\n商场里的品牌还不少，折扣也比较多，性价比相对来说不错。\n吃饭的话，这周边也有像肯德基或者小吃的地方。很方便
5571,8点过后冲着晚茶去的，点了A及B套餐。另外加点了意面，上来后感觉不象是我点的蘑菇培根意面。服务员看后说是送错了，吃下来这份奶油意面比自己点的那份好吃。
5575,外面样子很辉煌\n我们是在一楼吃的，服务员穿着旗袍，戴着头饰\n可是旗袍看起来脏脏旧旧的，服务员也是一本正经没有笑容的\n我们问，套餐和单点的区别在哪里，服务员答道，套餐中每道菜的分量少一点，但是品种多一点\n实际上，单点比套餐合算多了，一来自由度高，二来，点了几个招牌后，总价与套餐相差无几\n每道菜都是汤汤水水的，有一点点酸，有一点点辣，是胡椒粉的辣味\n牡丹燕菜作的非常好看
5589,就是同学聚会什么的去 谈不上多么好吃但是 自助嘛 吃得痛快 烤肠什么的味道不错 东西的种类也算齐全 大家一起聚聚还是不错的
5597,陈麻婆豆腐在成都十分有名，慕名前来果然不失望，豆腐很辣很麻，很下饭。其他菜品也有可圈可点的地方，值得一去。就是路不太好找，在一条静僻、单行的小路尽头~~
5598,这里也算是慕名而来吧\n两个人点了三个菜，味道最好的是个什么海鲜鲍汁炒饭？忘记具体名字了 80多港币一份吧，口感和味道都很好\n但是这里服务不好，人很多也不能作为服务跟不上的理由啊
5616,也是一家有自助食物的KTV，但是他们就家吃的东西真的是不好吃，唱歌是日文歌比较多，但是更新的速度好慢，话筒很不好，音响效果太差了，除了特意过去唱日文歌的，其他的还是不建议去他们家
5631,虽然从华师大毕业两年了，但是每次回去和同学相聚必然在姐妹。\n金针菇炒肉丝非常好吃，每次必点。清蒸鲈鱼太小。以前的松鼠鱼很好吃，现在也没有了。姐妹的汤一向清淡的，适合我这种不吃辣的人。\n他家现在的米饭要钱了。
5635,新开不久的店，环境不错，菜品也不错，花了10元办会员卡，相对比较便宜。味道都合我口味，就是服务态度一般，不让开发票，不让刷卡
5637,和家人一起去吃的。因为之前在上海吃过，当时感觉就是室内的大排挡的感觉，和避风塘风格很像，所以来这里就是打算随便吃吃的。\n点了锡包鲈鱼，虾肠粉等，以粤式为主，东北人吃不大习惯，如果按照广东人的口味看，也不地道，应该是经过改良的。总体看，这个地方吃吃套餐是不错的地方，或者说是年轻人来尝鲜的地方。有老人的家庭宴请，可能吃的不那么舒服，主要是口味的问题。其它的都不错。
5639,"呵呵，也不知道是不是真的,人民广场、世纪大道、陆家嘴竟然只有这么一家以粥为主的餐厅。\n粥天粥地这家店不太好找，门口只有一张大纸（好像）画着箭头，上面写着粥天粥地...我对吃的没印象了，就是结账的时候下了一大跳，我要的东西不多啊，两碗粥，一个飞饼，两盘菜，也要这么多钱么..."
5655,那天我吃的豆角焖面，似乎是很畅销，看到很多人都吃那个，味道不错，面很劲道。和的棒碴粥，意想不到的是，粥里还有白薯，甜甜的，很好。环境很好。服务业不错
5706,跟朋友去吃的 我是已經去過藍蛙好幾次了 她是第一次\n選在這家  剛好這家分店也沒來過  \n1號線 陝西南路4號口 出來走10分鐘吧  很好找\n到的時候差不多5點吧  1樓都是高腳凳 就先上2樓看了一下\n2樓是沙發 可是都是小圓桌 很低的 感覺會吃的很累\n還是下了一樓坐高凳子了   而且是敞開的環境 今天沒風有點熱\n禮拜一買一送一 我們就一人一份漢堡\n我的是蒙大拿州  她的是蘑菇的漢堡  都是85元\n還要了一份飲料  蔓越莓汁 30元 happy hour 買一續一\n上來的速度還算快吧  朋友滿興奮的 呵呵  肉餅真的很厚實\n也不錯吃  吃完以後覺得薯條更棒  後來周圍幾乎都是老外了\n服務也滿好的  都還沒開始吃 一個男的服務員就來問感覺怎麼樣\n後來吃到中間也有個男服務員來問  續杯也很主動幫我續\n不過呢 下次要去藍蛙還是去別的分店吧  這家是他們在上海的第一家\n應該也是所有分店中最小的  so ~ 想坐的舒服又想有空調還是換家分店比較好
5718,团了两斤的鱼37去的，又点了其他的，一共90，原价的话比较贵。西红柿汤微辣的味道还行，鱼没觉得很大，宽粉不管怎么煮完全咬不烂……
5720,溶洞内外温差非常大，外面低温穿棉服，里面高温穿短袖。景点都是揣摩石钟乳的样子然后起一个好听的名字，就是溶洞得名的银子岩还不错，像冻住的瀑布一样。\n人一多参观就是走马观花，要是人少些，一个人静静地看没准还能看出点门道出来。
5732,环境真是好啊 朝阳大悦城人也没那么多感觉很舒适~但是相比环境服务没跟上 感觉服务员没什么眼力见儿 所幸菜品还不错也和我爱吃辣的口味 4个人吃了189 忘带velo卡了要不还能打95折呢\n【毕节酸菜炒汤圆】\n这个酸菜不是东北的那种酸菜，也不知道是啥.. 汤圆外皮酥脆，内力黑芝麻馅儿糯软，口味儿先咸后甜，赞~黑芝麻再多给点就好了\n【干锅牛蹄筋】\n这个推荐！量那是相当足，感觉一个人吃几块牛蹄筋就很顶了~ 蹄筋又软又Q 有点辣 好吃\n【青椒青岩豆腐】 \n都尝不出是豆腐了 感觉很像云南那种豌豆粉 麻辣+酸爽 很喜欢\n【蜜桃馋嘴骨】\n我以为是甜口的呢 其实是芽菜+辣椒炒猪肉 肉是从大骨头上现剔的 咸香微辣 味道也不错 不过我更喜欢吃甜口汁多的...\n总体来说点的很成功 黔菜的辣也很符合我的口味
5752,这家来过两次，卫生实在是差，杯子、碗什么的都是油呼呼的，\n门口有免费的凉拌海带丝与小米粥，\n海带蛮好吃，不过一会儿就没了，也没看见再添加，小米粥基本就是小米汤\n有的菜味道还不错，但是剁椒鱼头千万不要点，他们家用的青鱼头做的，非常腥
5785,早晨当早点吃的，外焦里嫩，我比较喜欢那个硬硬的口感，里面的馅的味道一般，不知道为什么总觉得吃馅时有吃茄子的感觉，缺点就是油太大了
5792,环境极好，在包间里可以看到维港的景色，据服务员介绍，晚上8点坐在这里可以欣赏幻彩咏香江的灯光节目，包间里还可以听到节目所配的音乐和解说。可惜我们此次是中午去的。菜品也极好，个个制作精致，每种量不大，可以多品尝几样；被推荐的点心也很受欢迎。服务员的工作热情、周到、谦和，让用餐者有种“享受”的感觉。
5803,小时候总嚷嚷着要爸爸带我来这里看电影的，总挑动画片看，印象深刻的有《花木兰》和宝莲灯，几乎每次都是我自始至终沉浸其中，而可怜的老爸就坚持不住中途睡着了，哈哈。\n后来我搬家了，就没什么机会来这里，不过有几次回来看爷爷进去过的。好像《海底总动员》就是在这里看的，老爸居然没有睡着也~
5839,在家门口，据说很贵，忍者一直没去，前阵子破例去奢侈了一把，感觉还行，但没有太惊艳。烤肉的话，望京很多韩餐，差不太多，点了一份牛肚，我自己觉得一般般，可能是还不是太习惯吧，总体感觉性价比一般，要是降降价还好，哈哈
5845,公司年会，不知具体人均。但肯定便宜不了。我们在一楼，非常乱，但上菜很快，服务很好。但是隔壁有人抽烟，这点让人忍受不了，不知道一楼是否有限制。
5850,价格真的无敌，我有会员卡，很便宜。和老公经常唱一两个小时，而且没有饮料等食品的强制性消费。一直喜欢，可惜是地下，稍微有潮气，会不太舒服
5866,估计是恒隆里面比较便宜的了，不过性价比不高，味道也不灵，浇头的量灰常少\n点了个素罗汉面+卤蛋就28块了。。。\n还有个小馄饨也是的，汤水淡介果了几额，还不如财经大学小面馆2块钱一碗的小馄饨
5875,人比想象中少点。。。必胜客味道都一样。。。服务态度还可以吧。。。其实我一直觉得服务态度取决于运气的。。。然后里面发票挺好的~~因为在里面刮到过5元~呵呵~~~
5903,味道不错~ 经常去吃\n前几天点的印度酸辣小火锅（好像是，不记得了）， 一份比萨， 还有海鲜咖喱， 味道超级好。心活念念还想去吃。\n烧烤自助餐一般，还是自己点的好吃。
5906,来吃过几次，比较好的有梅干菜扣肉，肉不多，但是蒸的火候已经到了，味道正好。\n茴香豆很便宜，一小碟2元，做下酒菜应该不错。\n小排炖笋干汤，笋干是咬不动的，很老，里面不知道为什么放了很多咸菜的根，都是不能吃的。真正的肉也是龙骨的部位，一股肉嘎气。汤里面放了茴香豆的汤料，能捞出几个茴香豆皮来，汤也浑浊又油让人感觉很恶心。\n其他的炒菜，着实一般，也不一一评价了，总体感觉味精、糖放多，喜欢勾芡，口味偏重。\n小厨房很脏，几个年纪很轻的小伙子在里面，也不戴帽子、口罩，对卫生状况比较不乐观。
5920,环境很不错，交通也很方便，距离地铁十三号线知春路站、十号线知春里站非常近，去中关村也非常的方便，从外看感觉还不错，没住过只供参考
5922,看了点评去的，那里很安静，人也很少，没有田子坊的喧闹。里面的店感觉还蛮小资的，就是店面数量比较少，一会会就兜完了。里面有家日式杂趣店还蛮不错的，至于咖啡店没进去，不过路过的时候有阵阵香味飘来哦
5926,说实话，糖醋小排是我认为点的里面比较能吃上口的了，其他的什么特色包子、蟹粉小笼包之流简直就是扼杀我那期盼的心灵！看着没有电视的大，味道没有家里妈妈做的好吃，蟹粉小笼包一股子腥味！烧卖我认为没有熟，烧卖应当是薄薄的皮、上面还有一层面粉才对，这里的烧卖皮很厚！你那10%的服务费从哪里来啊？？？上菜、撤盘子、买单你们出现了，其他的时候根本没出现啊！水总得帮忙给倒一下吧？！\n北京电视台你也跟着忽悠我！什么这个那个的，我现在有理由怀疑主持人是托儿！\n总之一句话吧：这里是一个让你满怀希望而来，满载失望撤退的地方！\n对了，有一个地方是跟之前大家的点评一致的：人均消费100以上。谢谢！
5954,到了金桥就会到这家来。汤头可以选，面也可以选，汤头不错，虽然也有味精，但是还可以接受。最喜欢就是半筋半肉，很入味，口感也不错
5984,都是日式的东西，最喜欢酸奶，和我在大阪看到的一样\n另外还有各种日本酒\n推荐黑糖梅子酒\n很好喝\n也有一些大众的东西，比如八喜冰淇淋，也不贵\n中午去，\n人不多\n但是收银在比较里面\n人也少\n还是排队的
6006,"果然打折的自助餐是不能報太大希望的,海鮮貝類居多,沒有燒烤的海鮮,三文魚上過兩三次大盆就結束了,而且魚都沒有解凍,吃下去還有冰渣,菜色真的是不多,味道普普,燒烤類的培根還行,香腸還行,魚就比較淡,甜點小小的不過還行,冰淇淋倒是要讚一下,比大多數酒店的要好"
6015,只是 去吃饭的，因为是老婆的妹妹结婚，不知道是不是说的那家，好像有二个地方，菜肴不太好吃，但是环境很好，大厅很大。居然给我漏上菜
6020,开在亚新的2楼，电梯上去就能看到，很好找。\n门面蛮小的，但是中午一到饭点，基本就是客满。\n服务员也很忙的样子，所以不指望有个笑脸了，能早点吃到也就算了。\n看上去还算蛮干净的，价格也不是很便宜。比起亚新后门那家麻辣烫，那是干净卫生很多了。\n东西还蛮多的，价格基本就是2--4元，汤底还是不错，可以自己选一个喜欢的，我比较喜欢骨头汤，看着干净的样子。随便吃吃就是15块20块了。
6024,第一次吃Papa John是在嘉兴，似乎也是唯一一次吃Papa John。\n平时都是吃PizzaHut居多，最多的是叫必胜宅急送。\n不清楚是哪家分店，路上逛时看到就进去了。\n当时觉得pizza没有PizzaHut的好吃。\n现在觉得PizzaHut也很难吃。\n时过境迁，人事全非。\n留恋的遗失。\n残念。
6033,服务有点不太讲究啊，上菜匆匆的，堆得一桌子全是，不能按顺序来么。刚开始吃牛排就把冰激凌给我拿上来了，让人特别有压力啊。加上我们来得比较晚，像是快点赶我们走一样。
6068,快3点才来，没什么人，环境很好。点的水果色拉，荤食天地的pizza，土豆泥，鸡翅，罗宋汤。东西都很好吃，如果不去pizza hut ，来这里很好。
6073,听朋友介绍，去了歌朵。在临近外滩，有150多年历史的老房子里吃意大利餐，本来期望只是温馨的环境。坦白的说，去之前对中国意大利餐的期望不是很高。\n餐前面包蘸着橄榄油和醋吃，很原始的意大利吃法。服务生告诉我面包师是凌晨4店现做当天面包。能自己做面包的餐厅不是很多，即便是在国外，这种费时费力的事都不是很多人在做。\n开胃菜点的有蜜瓜牛肉，炸鱿鱼圈（忘了确切的名字）和海鲜色拉。炸鱿鱼圈很有特色，炸出的鱿鱼是白色的，有点脆，有点软，蘸着配了柠檬汁的酸奶油，很特别，很好吃。海鲜色拉是生菜拌上青口，蛤蜊之类的海鲜，最深的印象是新鲜。生菜很爽口，和在国外的餐厅里吃的差不多。\n主菜我们点了银雪鱼和意式牛肉。银雪鱼很肥很好吃，配上垫底的土豆泥，别有风味。意式牛肉很象中国的红酒烩牛肉，估计吃不管西餐的人也能适应，配菜土豆很新鲜，烤得很到位。我从别人的盘子里抢了不少。\n甜点我们点了招牌提拉米苏和巧克力布丁。这两样让我惊讶了一把。提拉米苏我吃过很多种，这么好吃的不多，入口很湿润和浓郁，强烈推荐。巧克力布丁的内部是热的巧克力，外部是有些硬的巧克力皮。用勺子轻轻的破开外壳，热巧克力汁慢慢涌出，赶快放到嘴里，甜蜜到融化。\n歌朵的菜都是现点现做，上菜比较慢，适合追求环境情调，喜欢新鲜美食，不赶时间的人。对了，听说这个餐厅里照片墙上的照片都是老板自己到意大利拍的，这次没有核实，下次会去八卦一下。
6097,感觉还是比较健康，毕竟是酸奶制作成的冰激凌，里面的花色品种还蛮多的，店堂的布置也挺可爱的，有花朵形状的椅子，有时候搞优惠活动，什么买中杯以上就可以买一送一。不过一般店员会直接给你大杯！
6100,每次去宜家的时候，就会去吃一下。味道还算是很不错的。\n也比较干净的样子\n品种也比较多，相对上羊肉，我比较喜欢起其他的。类似金针菇，茄子之类的。味道比较浓。而且很香\n鱿鱼也很好吃。很有嚼头。\n很多人都是买了在旁边吃。感觉不错\n除了羊肉之外，其他的都是现弄的，所以要等一下。
6148,刚开的时候就光顾过，因为我喜欢吃包子，奶奶是山东人，我小时候吃的都是超级大的包子，看见这个包子很有感慨，当时价格就不是很便宜，但是味道好，个儿大，吃着真过瘾。后来几次去都卖完了，好失望。现在还涨价了，看来想吃还是早点去吧。
6153,饼好吃，羊肉汤也不错。\n团购的话当然划算。\n不过爸爸说有时候外面的羊肉汤摊点反而口味更好些。\n挺干净的，肉我也吃着放心。
6172,跟着公司去过两次，每次一进去看到老板，什么事情都好说，对我们坐在一起吃饭的人完全不尊重，服务态度散漫。 那个菜的口味一般，菜的价格倒是贵的来一塌糊涂。海鲜也不是很新鲜，他们服务员的脸一个比一个难看。不过去那里都是公司请客 我自己才不会去那里 服务生比客人还要多的地方。
6205,拌饭是招牌，但我一向都更喜欢韩国菜里的各种小吃，比如海鲜葱煎饼之类。\n鸡蛋卷很好吃，但是一个人吃一盘太腻了，有点炒鸡蛋的味道。\n石锅拌饭的锅巴很好吃，菜也很多。
6217,"赶上胃肠感冒的时候去的,看着东西不能吃,挺痛苦的.\n杨枝甘露很好喝,喝掉2个.\n桂花莲藕也挺好的,上了岁数的人多吃甜食,好!\n如果时间可以倒流,很希望再回到去吃饭的时候. 呵呵\n还好啦~"
6225,"东山湖公园这里挺大的,\n是个休闲休息的好地方.很多凳子可以坐.\n也有个不小的湖,那次去的时候好像是某人说要给我照照片，算了，过的事了，回忆总是不错的，东山湖是个不错的拍拖圣地选择.免费的.唉，在我眼里免费的东西都好"
6231,经常逛的两家超市就是ole和BHG了，\n不过ole和BHG相比，人气真的差了点。\n每次去买的零食也不是很多，希望增加点种类吧。
6232,晚餐后去士林夜市，那真是遭罪，看到吃的却吃不下。\n转了一圈，本想在街上逛逛，却发现这家店，打包带走。\n过了20分钟后，怕面不好，开始吃，由于很饱，很不习惯它的味道，但还是很有特色的。里面好像是大肠吧。估计多吃两次爱上这个味道就会离不开它了。\n下次吃？还有机会吗？
6267,很喜欢这里的装修风格 特别是用我喜欢的橙色做主题 咖啡的味道一般 反正不是特别好喝 杯子足够大 也算经济实惠吧
6342,哎哟 作的人么最适合喝“作”拉 朋友又心血来潮想喝顶特勒的粥 噶热的天谁高兴为了碗粥再去淮海路拉 今天的目标明明是烧仙草 所以 为了我的利益 我愉快的把喝粥的方向改在了同一条路的这家粥店 没想到味道意外的满好的~\n朋友点了 鸡块滑蛋粥 加了一份木耳杏鲍菇 粥上来满大一碗 鸡块很多哎~10块钱性价比OK得 小菜感觉就是罐头直接倒出来的 味道自然不难吃 吃到后面她貌似觉得味道太清淡 然后把小菜都倒进粥里了一刚- -后来还不过瘾又点了瓶玻璃的可乐 ~2米 一顿下来15块钱 满清爽的午饭有没有。\n还看到 - -芬达的醒目也有玻璃瓶的 而且样子还很可爱 我啊是OUT了。感觉粥类价格可以 小菜也不贵 咸蛋才1块5 外面买买也要这个价格的 外卖电话也一直不停的 而且点餐竟然是电脑触屏的 在一家粥店来说有点小先进呀。 总之还是满不错的一家小店~
6350,原来特别喜欢在他家吃烤串，还有大盘鸡，怎么时隔半年没去，变得这么次了呢，新添了一堆馕坑烤某某，也是服务员力荐的，可是味道也就那么回事，没觉得坑里烤的有什么不同，噱头而已~肉串也变小了，肉筋也看不出和肉串的区别了，要了盘凉拌黄瓜，本来想爽爽口，结果巨咸无比，我灰常之无语
6373,本来喜欢英式奶茶= =但是南京地区好像都比较偏甜，喝完不舒适感就泛上来了\n喜欢芝士水果大福和芝士球= =其他没什么了
6377,初中游了好久，可是游了那么多年，我还是不会游，太汗颜了，哈哈哈。。。不过在这里渡过的那几年时光却是最开心最快乐的
6392,这家里家里比较近，而且环境很好，如果自己去或者两三个人坐\n在外面也不错，要是人多了就去包间，也没人打扰，这家的意大利面味道很好。
6433,他的装修不如金元宝好，东西也不如金元宝全，一般不会去逛，赶上打折的时候一楼人特别多，一般时候人比较少，衣服的款式感觉也比较老气
6449,一进门，就会有服务人员接待你，态度很好\n一进大厅，环境很优雅，中间穿行的走廊两边是人造小河，里面摆放着托盘，上面是鲜花摆放的装饰\n很多接待厅，并且这里还能住宿和餐饮\n很高档的一个地方啊
6451,钱柜这种唱歌的地方开的茶餐厅能怎样？\n一开始我也是这样想的，前几年就住对面，蹭地利之便，随便吃吃也还可以，但后来一比，才发现还真不差！（或说是别家太没出息？）\n首推的是它家的新加坡叻沙（Laksa）！\n好大一碗，鱼片......不，鱼肉“块”厚实！虾仁、鱿鱼、墨鱼、鹌鹑蛋、油豆腐......放得满满！？！？浓浓椰汁香的汤底又带点辣劲！嗜辣如我都相当满足！\n毕竟当年去新加坡时没好好尝下正宗Laksa，曾经怀疑过是否正宗？但释怀了......这一大碗汤浓味美料十足，还只要29元的新加坡叻沙？也许比不上很多更正宗的？但我保证，钱柜的这碗性价比无敌！！！\n另外想推的是它家鸡翅！外皮先炸再烤的，皮酥脆，肉软嫩入味，虽是中式调味，也远胜Hooters、蓝蛙等美式店！\n不过雷的也有，干炒牛和太油，豆鼓排骨都肥肉腻得要死，云吞面一整个很重的硷水味......\n甜点如杨枝甘露之类的吃起来还可以，不比楼下满记甜品差，但便宜点 :P \n徐汇这一带港式店家虽多，但同类店一圈吃下来，钱柜还是我自己最常回头的。毕竟有值得吃的特色菜啊！
6454,现在的影院基本都是连锁的，设施服务都差不多。紧挨着华堂商场，楼下有很多餐饮店，快餐也不少。望京新世界也在附近，可以说是在望京的一个商业核心位置。现在人气比以前旺很多，还是喜欢以前人少的样子，哈哈。
6462,面条还可以，但是下面时好像没有过冷水，所以面不脆，吃口还不是很好。\n黄鱼片是过油的，肉头就不够瞟，加上咸菜以后面汤有点油，……。\n上海人吃面蛮疙瘩的，希望能有所改进。
6464,开业一年多还是两年了，不记得了，之前感觉东西太差，最近竟然迷恋上了，天天去逛，耐心淘还是能淘到东西的。但是鞋子的品牌太低端了，运动和户外还行，内衣估计只有一个爱慕可以选择吧，新装修了女装区，成了鞋品大杂烩，很失望的说。
6469,生意不如中山公园那家火爆，不过服务那是没话说了，服务员叫宋栾，特此表扬下，微笑服务，嘴满甜的~\n点了个干锅粉丝包菜，辣是辣的类。。。还有。。空调太冷了。。对着吹有点吃不消\n其他还不错~~
6472,羊肚领，脆嫩。\n牛厚头，嫩，有嚼劲。\n烧饼还算可以。\n羊肉串不错，铁钎子，大块肉。\n羊肉泡馍，就比较差了。
6479,这家店去了好多次了，算是一个定点餐馆了。菜的味道很好，量也足，老板人很热情，就是地方小了点，不过还算干净。咸蛋黄排条算是这家店的特色了，适合平时家里不想烧饭的人去。平时生意也很好，去晚了要等位。
6493,经常去的那家是龙之梦还有曹杨以及西宫旁边的\n公司发工资都是打进工行的 营业厅还是挺多的啦服务也就这样\n很早就开通了网银 TB也方便了 钱就这样哗啦啦的米了
6494,不是很喜欢这种清净的小吧，整个晚上好像除了和朋友几个人，基本都没有别人。当然咯，这对喜欢安静的人来说是再好不过了。整个2层像是被我们几个包下来一样，上面打桌球、聊天、飞镖，下面可以唱歌，虽然效果很差，但是足够可以自娱自乐了。价位也蛮便宜的，一瓶黑方600。不过调的不好喝。工作人员有时候看我们无聊会过来陪我们玩玩，但是我不喜欢和陌生人说话，所以情愿一个人呆着。喜欢HIGH的最好不要去了，喜欢安静的，那里还算不错。
6500,"引用上面某人的回复，“味道不好,环境不好,服务不好,价格也不便宜”\n点了很多人推荐的煲仔饭。鱼片饭就3块小鱼片和3条小青菜。竟然其它什么都没了！凤爪很一般。红豆双皮奶就是甜。真的很不怎么样。怎么好意思卖这么贵的"
6532,就在入住的如心酒店的对面。\n广场占地比较大，广场以二线品牌居多，没什么大牌。\n随便吃吃逛逛还是不错的，附近的本地居民来这边的也不少。
6554,自助火锅的~~好似系68蚊一位~~\n店铺里面比较有特色~~印象最深刻嘅系长长嘅流水桥上面摆住D食物~~\n好似寿司输送带咁样运送食物好特别
6556,基本等于没吃过这家的面包 写点评来才发现原来推荐品全都是面包啊...\n最近有时候夜里会去买杯85度咖啡 以前都是旁边的鲜果时光买个奶茶\n不懂咖啡 单纯觉得作为8块钱一杯的咖啡很好喝~不加糖的就足以 三分都有点甜了...\n 配合他家的蛋糕 不错的夜宵\n不知道为啥好几家蛋糕品牌都越来越差 时不时吃块切角 感觉米旗好利来都不行了...\n这家蛋糕最近总买块吃 有个芒果的不错 主要是都不那么齁甜\n爱吃蛋糕又不爱吃甜 也算是怪癖了
6568,进门都是什么经典大排面的宣传 25块一碗就点了 谁知道说什么春节材料上涨 要收1.2倍的钱 上来熏鱼 大肉 大排没个好吃的 面条也很淡 完全不会去第二次
6578,这家粤式餐厅还是有点名气的，所以去吃的人也挺多，虽然价格是有点高。小笼包虽然是他家的特色，但是我更爱那个水晶鲜虾饺，因为本人大爱虾子啊，哈哈。叉烧酥也好吃，喜欢啊。
6581,这家三角烧真很好吃〉〈\n周末和朋友去买了鲜奶的，朋友超怕甜都不会腻，奶香很浓~决定之后去试其他味道的！\n奶茶也不错~\n店子看着很干净，挺清爽的~
6602,《珠光宝气》在此取景的地儿，白色主调的装饰，晚餐时间人不少，但是味道没觉得出众，胜在位置好，服务也不错。坐大厅的话人多，说话不方便，所以一次多叫几个朋友还是去单间比较好。
6622,饭菜的味道不错，有点小辣，但菜量有点小，价格有些高。比起同楼层其他餐厅，客流量不是很大。环境不错，比较静，服务也到位，态度不错。
6633,离的很近，隔三差五就去吃一次\n鱼豆腐和年糕是每次必拿的。。\n味道不错，主要是性价比高啊，基本上和朋友2个人30多块（不算饮料）就撑了
6636,点了豪华套餐。\n外边环境不错。 天内在吃吃。\n吃了太多装潢很日本风味的店。这家却象西餐厅。唯独厕所的toto让我感觉这的确是一家日本餐厅。呵呵。\n服务生比客人多。。 服务是周到的。服务员还帮我们跑脚 买了蛋糕。\n不满意\n1、没有背景音乐 ， 一屋 只有两桌人。靠窗位2桌 讲话都互相听得见。头痛。\n2、香煎澳洲小牛仔骨。烹饪得还行，就是食材不好，咬也咬不到，本来就肉不多2片，结果只吃到了一片中的一些肉，可怜。。。。\n二楼有坐在坑里的那种。，装潢考究。
6647,靠近地铁口，坐地铁时顺路带了杯，人挺多，但服务还不错，点的奶茶3兄弟，稍微甜了点，里面有珍珠、布丁这些，内容还挺丰富。随便喝喝还是不错的
6717,在点评网上看到评价不错就去了，点的都是大家推荐的菜，服务员会问要的是哪种程度的辣，我们点的是“中辣”，不知道是不是听成了“重辣”，上来的菜都很辣，天气又热，过瘾啊！孜然鸡翅看着鸡翅挺大，其实里面包的是一个泡椒还有一块香菇，干锅牛杂挺不错的，牛肉很多还都是瘦的，感觉不是牛杂而是牛肉干锅。酸豆角炒鸡胗，豆角好多，绝对下饭。后来去了安顺路的分店吃的是川菜，服务员没有问要什么辣，感觉不如镇坪路这家够味，建议大家来这种湘菜馆还是点湘菜。
6734,去过3间小禾，就系呢间，南村同埋人民南，但环境黎讲呢间真系好过其他2间好多，又大，冷气够，坐得舒服，但D品种好似有D唔同，好似呢间多D啊？\n呢间D三文鱼刺身好似好过南村个间，系厚切噶，都几新鲜\n拉面都算平靓正，6蚊三文鱼骨拉面都几好食，起码D汤几好饮\n第日都系去呢间同南村个间多噶啦，因为人民南个间真系好细..
6858,快餐店里面的东西本来就没抱太大希望，包子还行，吃了没能有很深的印象，倒是红豆粥给人的印象超级不错，天冷时喝碗暖暖的红豆粥，很舒服，有些地方红豆粥可能是红豆汤，但东北的红豆粥给得很实在，味道也好。灯光不够暖，不是那种看着就有食欲的光。
6862,一直很忙没空发评，今天终于抽出空了。第一次被抽中了美发的活动，和工作人员沟通后约在了元旦期间。下午到的店里，按着点评上的指示很好找。到店时看到已经有两三个人在做头发了，李昂临时有事所以由铭泽老师给我做。选的是烫发加护理的套餐，和老师做过沟通后选好了合适的发型。然后就开始洗剪做基本造型，大概就用了一个多小时，后来店里来的人陆续都多了起来。所以上完药水后等了小段时间，以至于最后做好护理已经七点多鸟。铭泽老师表示非常抱歉，因为有两个人那天休息，店里客人又多。感觉这次做的头发比上次在别家店里做的还要好，虽然等的时间长了但也很值呢。
6864,也是从点评上搜来的店，说实话让我自己找那地方肯定找不到。在川沙吃饭习惯性思维往妙境路上找。看了前辈们的推荐和图片也就有了兴趣。\n周围的环境还不是很好，但是一入小桥流水的店就别有风味了，中式装饰园林建筑，尤其喜欢楼上的前室休息区，靠沙发一坐很自在的。\n冷菜略，觉得糖藕蛮好的，甜糯适口。点了招牌的红烧肉，上来时先看见肥肉吓了一跳，来一块尝在口中，肥而不腻，肉质酥烂，偏甜。来了条东星，一只膏蟹好像也就这样，饭店的标准口味。正好有午市套餐的鲍鱼饭，原只鲍鱼配腊肉蒸饭，木瓜银耳汤，感觉挺值得，味道一般般。\n那个牛排，有点王品的感觉，一根粗大的肋骨。已经切好的肉也挺入味的，不错。
6873,和朋友父母都来这里吃过 之前查过网上的介绍 这家店的人气很高 而且是在河边 能欣赏景色 重点推荐 螺丝10元 茭白15元 鸡汤40元半只 河虾35元
6879,外带一个鸡肉牛肉番茄三明治，堪称本年度最好吃的三明治，鸡肉是烟熏的外裹芝麻切成薄片，牛肉也是薄片但是一点都不干，酸黄瓜生菜和新鲜番茄每样都大加分，面包是介于全麦和白面包之间的韧度，虽然28块不便宜但完全值得啊！！！！
6880,店面不算小，但是星期天中午去，就5张桌子有客，相对冷清了些~\n大理石地面比较滑，不知道是不是沾了油的缘故~\n2个人吃了份小份的干锅仔鸡，还剩下好多没吃完，量挺足的。\n特别喜欢里面的薯片、藕片和笋条，脆脆的，微辣的口味正好，闻到味道就流口水，哈哈\n点评网的卡可以打9折~
6882,去年十一去河南出差，离开郑州前的最后一个中午就是在这里吃饭的。\n不过其实没怎么吃东西，因为喝剑南春喝得一塌糊涂，自己跑到卫生间吐了三次，实在是受不了了，呵呵。\n这家店好像是在一个商场里面呢，2楼还是3楼来着记不太清楚了，不过里面的布局还是很显品味和档次的，这点事海底捞所不能比拟的，但是价位也高了不少，呵呵。所谓一分钱一分货嘛。不过自己掏钱来吃还是有点舍不得的啊。\n楼下的停车场很宽敞，位置也很好找，这点比北京强多了。在北京吃饭，如果自驾车，最愁的就是找不到停车位。\n可以自带酒水。餐厅的装修不错。包间很多，面积也很宽敞，大间坐下超过10个人还是很轻松的。\n印象最深刻的就是他家的菜单，印刷的都很精美，让人一看就很有食欲。精品肥牛确实很不错，质量很高。刺身品质也不错，有一种入口即化的感觉，很通透。小料种类很多，麻酱的很香，海鲜的也不错，就是稍微有点咸了，适合口味比较重的人。蔬菜很普通，没什么特色，和其他火锅店都差不多。只是卫生条件很好，让人比较放心。\n有种好像是野山椒，很入味很好吃，辣度和甜度结合的恰恰好。\n服务员水平还可以，不过不是很有眼色，尤其是倒酒的时候。这点比不上海底捞。上菜速度也很快。\n他家是一人一个锅底，都是内置在圆形的桌子里面的。桌面上有一层桌布，所以什么也看不到。其实仔细摸一下，会有一些按钮操作。只是不太方便，很容易操作失误，不得已经常需要服务员亲自过来操作，麻烦了一些。不是很人性化。比如椅子的位置要是稍微变了，就很容易找不到正确的按钮。\n价格比较高，性价比一般。\nps：原来一尊皇牛在北京也有分店，而且是大众点评网的会员卡商户，积分比例有70%呢，相当于打93折了，呵呵。
6904,地方太小，人一多那么挤，不是我喜欢的酒吧风格，传说中的披萨也没那么好吃，大概我喝醉了？哈哈。朋友生日过去玩的，自己是不会过去了~
6912,天翼手机城他们家的服务态度挺好的， 经常会出现一些活动，\n都特别得给力，不过电信的号现在用的人很少，不过信号还蛮不错的。
6926,因为一个团购的手模疗程才发现这个酒店，\n据说老板是台湾人，2010年四月才开张的，\nSPA还不错，游泳池也干净，\n美发的师傅对每个顾客都是VIP待遇，他原来给陈香梅做过发型，是华亭宾馆出来的，态度很认真。\n不过地址的确很偏僻啊。
6933,朋友想吃红烧肉，就来到公司附近的这家。\n红烧肉：其实我不爱吃，因为都是肥肉和皮，对于只吃瘦肉的我来说实在不对胃~~~但是味道还是蛮好的；加的蛋也很入味，好吃；\n金牌干丝：一般般，还很贵；\n酥皮麦香雪蛤：欧式的酥皮汤加上雪蛤的做法，而且是用麦片烧的，我喜欢的，好吃；
6951,过年去吃的，印象最不好的是那个穿黑西服的领班还是什么的，因为有小宝宝，要调空调，那个态度，十分不耐烦，说话特冲，哪有一点服务意识，建议阿英煲的老板要换点此女！！！！！！！！
6978,香港广场这家之前去的时候在装修，这次回来总算了了心愿，店面很大，环境也不错，由于是春节期间去的，店里还有泰国人表演舞龙舞狮，很有意思。咖喱有一股浓浓的椰香，很美味，点的一份小点心名字忘了，端上来很不起眼的样子，却特别好吃，一份只有3个，一下子就被我们消灭掉了。很喜欢这里，下次还来
7001,因为招待外地的同学，让他们感受下青岛的啤酒文化，东西不错啦，价格吗，也还行！我每次去最喜欢的是他们家的气氛，当然有人喜欢，有人讨厌，但我真是吃的很高兴！
7024,红豆沙冰+珍珠\n味道蛮好的，红豆很糯，珍珠也QQ的，就是铺子太小，外面站着等的地方也没有，等的人多了就混乱了
7026,上次和他逛街，看中了GUESS包包。\n当时，我答应过他不乱花钱了，于是我忍。\n一转眼到了8月，拿到他给的钱后，我一张开眼。\n就直接冲向专卖店。\n可惜，这个包包只有样品了。\n很脏很脏，还不肯帮我到别的店里掉。\n745了。\n于是又是地铁又是差头，终于被我买到了。\n记得当时在路上的心情，一直很闷很闷，很怕失去。\n原来没有得到时，真的特别想要。\n真的买到了，仔细看看也就是PU皮革而已。\n买到后，就扔着家里的一角。\n没有打开仔细看过。。。
7039,因为指付通有满额送电影票活动，因此经常到这家买面包布丁咖啡什么的。。。\n最喜欢原味布丁和芒果布丁，超好吃的，几乎每次都要买\n另外还喜欢吃一个像别司忌一样的面包干，具体名字忘记了。。。\n咖啡的话，喝过贝甜咖啡和焦糖咖啡，普普通通吧~~
7042,本来担心没位，不过20:30才到，已经过了吃饭的点，就很多位置了~ 吃的是火锅，鸽子清煮以后味道不错，还有三杯鸽，味道挺好。腊味煲仔饭一个赞！
7056,地方很难找啊感觉，去了几次都没找到，吃的都是山寨的那家，后来经朋友的带领终于找到了，地方不大，最爱吃蜜汁的表皮又甜又焦，辣的不太敢尝试，看到别桌有吃双面辣的都是无比佩服，店里还有考鱼还有烤扇贝的都不错呢
7076,非常恶劣的店家，在剪发过程中除了让你办卡还是办卡，要不就是不停的劝你充值；如果不办卡不充值，态度就有很大的转变\n同时，如果消费到最后，如果不继续充值，里面的余额也不会退给你\n烫发剪发都不咋滴，反正第一次去回来就被嘲笑n久，要不是卡内还有钱，死都不会去！！
7092,一行四人临时去吃的，点了五样东西。\n辣炒年糕----竟然放了青辣椒，但却没有辣白菜！\n牛肉石锅拌饭和牛肉拌饭----牛肉是肉末，拌开来之后吃不出来了，味道还可以，中规中矩，小配菜还算丰富，吃起来挺饱的。\n黑椒鸡排焗饭----明明菜名没有写是辣的，不能吃辣的绝对不能点，不过饭焗得挺干身。\n牛肉粉丝辣汤----看着就红的不得了，一个字，辣，不过汤里的粉丝和配菜还算丰富能送完一碗米饭。\n整体来说不过不失，喜欢吃辣的可以去试试。
7094,生娃前经常去的一家店，现在重新装修了，老板一样还是来派烟。\n要么早点去，要么晚点去，不然人太多，要等菜。\n就是有点远，不然是请客的好选择。
7109,好普通的一个地方，我觉得除非是拜神信佛，不然去那里参观就比较无谓了~就是看看妈祖的一些故事而基本上范围也不大
7115,记得蜀缘火锅刚开业的那个寒假，我一共光顾了四次，有种再也不想去的感觉了\n火锅店位于清溪桥头，位置很好找，在路的东边，不过由于那条路中间设置隔离带了，所以从对面下公交车的话要走很远一段路，而且开车的话想掉个头也挺困难的，这点不是很好\n火锅店的面积还算挺大，大概有200多平米吧，就只有一层，大部分是四人座，也有大圆桌以及没有门的包间，那会去的人真的很多，生意还不错，但最近没去过了，不知道近况如何咯\n我们每次去都是一大帮人，自然要坐大的圆桌了，其实这也是一家很普通的火锅店，一般都点鸳鸯锅，那些菜品什么的没有大的新奇，那会好像也还没有滑类，小料是单点的，不是自助形式，餐具要收费，一元钱一次，具体菜品就不点评了，中规中矩吧，没有特别的，来这里完全是图个热闹，而且比较实惠一些，不过火锅的通病他家也避免不了，就是吃完了整个身上味道比较大\n朋友聚会或者是嘴馋了想吃吃火锅可以来这里，如要是请客的话那就免了吧，档次太低了些，呵呵
7116,位置有点难稳，不过味道很好，\n正宗的电白菜，帮衬过几次，\n最喜欢捞粉，那些酱油特制的，外面好少做得出这种味道。\n墨鱼饼很香口，墨鱼一粒粒很脆，水东芥菜也是一重点推荐。
7134,桥下的一个小店面，种类倒挺多。要了杯乌龙奶茶，味道还行，不过自然是不能和快乐柠檬比的。价格倒也便宜不了几块\n这里貌似生意一般般。店员都是毛头小伙，
7158,也算是很早的一家KTV啦，环境什么的个人感觉一般般啦，价位还算是比较便宜的说，上学的时候来过，现在再去就觉得不怎么样了。
7175,么想到还是连锁店啊\n爱森请他同学吃饭的地方\n价钱挺便宜的\n东西味道一般，量还行\n因为有孕妇，所以没有点特色菜，都是不辣的菜\n服务够差的，我们8个人，不主动给我们包房，先点的冷菜叫他先上，结果和热菜一起上了，还一个热菜，一个冷菜搭配着上，真是够差的服务啊\n还有就是不能刷卡
7187,怎么都说得那么差，我觉得还不错啊\n一共去过两次喝茶\n第一次忘了点什么点心了，印象一般般\n第二次似乎是点对了，印象立马好起来\n流沙包，非常不错，斋肠，不错；烧卖，不错，有点正宗烧卖的意思;凤爪，一般;乳鸽，不错，猪脚姜，不错，还吃了点啥，忘了，但大体还是不错的。至少味道比附近的万事达好，万事达曾经还是不错的，现在已经没落了。\n环境，不错，服务也不错，服务员给倒茶都倒了好几次，价格还行，不会便宜也不特别贵。总的来说，第二次感觉还不错
7218,他家常年那么火，可能和地理位置有关系，不论中午还是晚上，节假日还是工作日，都需要等位，环境还不错的，东西也很好。比对面巴贝拉不知好了多少
7256,很气派的海鲜酒楼 商务性质的比较多 门口会停很多豪车\n海鲜非常的新鲜 味道很嗲 是客户宴请价格不清楚 应该不便宜\n自己掏腰包的话会考虑下了
7272,其实是朋友一直推荐，说性价比很高，于是就跟男朋友一起去试了一下。感觉很普通，没有什么特别的。而且感觉比m记的贵一点。薯条上次买的很湿，一点都不好吃。
7273,感觉肯德基的人没有多了，只有晚上下班那段时间这边才有人，偶尔排一下小队。现在好像只有午饭套餐，别的没什么套餐了，还是比较喜欢以前的各种各样的套餐。感觉蛋挞也没以前好吃了，盒子拿过来的时候，边上都是油。
7279,酸菜鱼还可以38元，其他性价比低环境一般。鼓楼桥从北走不能掉头。饶了好远。。。。。。。。。。。。。。。
7287,请公司同事吃晚饭，是网上搜店找的这家。地方好找，停车也方便。同事们吃过都说不错，自己来点评一下：元宝虾不错，可以连壳吃，铁板茄子很入味，烤鸭两吃的骨头很脆，蜜汁寸骨像鸭腿，其实是猪肉，肉挺嫩的，肥牛桶味道很特别，有奶油的味道，木耳白药西芹很清爽，芋艿没网评说的好吃，可能速冻的没蒸透，总体说来味道还可以，价格么不算便宜。以上纯属个人意见，仅供食客们选择参考。
7290,点评都说粥很稀。我不觉得啊，我点了个牛肉皮蛋粥，哇，皮蛋应该是一半先下一半后下，粥里有皮蛋的甘香，很稠很绵很香滑，虽然牛肉不够源记多，但好吃过源记银记和三禾，正啊！
7300,脑花儿好好吃噢！！！要是再配个干碟子简直就完美了…\n招牌神仙兔很是嫩，子姜很是多。安逸。就是有几个人遭辣得遭不住了，哈哈哈～\n沸腾鱼也好吃，最喜欢吃鱼了～鱼还是比较新鲜，既然沸腾肯定也就是辣撒～哈哈\n酸菜乌鱼是唯一一个不辣的菜…但是酸菜真的莫得酸味呢…老板儿应该把酸菜再泡久点儿～\n双脆大家都在赞！被评为当晚最好吃的一道菜～\n还有冷吃兔，兔脑壳，黄粑那些～味道就和其他地方差不多。\n这儿萝卜球球应该算是特色，长得多乖也好吃。\n后头还要了一个炒的猪嘴，主要是有些同学已经要被辣死了～哈哈哈
7307,随意瞅瞅是有杭帮装饰路线，走的快餐路子。\n菜品一般，服务一般，需要加强。各方都需要加强。\n不知道老板是咋想的
7319,我们三个人去的。一进门感觉环境真的不错，百宝阁上都是奇形怪状的石头，就连吃饭的桌子的玻璃板下面都养了小鱼。不过真的很冷啊，好像门没有关似的，朋友从始至终都穿着厚厚的羽绒服吃饭的。点了每人一客的木瓜雪蛤，58一客，配奶昔和蜂蜜的。造型很漂亮，一边插了纸质的小伞。这个味道还不错，吃完了雪蛤还可以把木瓜肉有勺掏了吃掉。孔雀肉，造型很漂亮，一边配了琥珀桃仁，一边围成圈的西蓝花里是肉肉，据服务员说是家养的，不过总是感觉把那么漂亮的孔雀吃了，真是罪过。鹿肉，这个稍带辣味，配菜是荷兰豆和百合。以上两个菜都是58。还点了一个素菜，主要是南瓜、百合什么一起炒的，要是知道鹿肉里配了百合，就不点这个了，38元。西红柿手擀面一小盆，18元。三碗泰国香米饭，只有很少的一个碗底。总体来说这餐不错，有特色，就是越吃越凉的感觉。用掉了100元的代金券，最后花了250，还算不错。服务员送我们每人一本她家的台历，里面都是菜的照片，看了介绍，感觉主打都是藏菜，有什么西藏的独特食材。
7320,板栗鸡汤很浓厚，而且没有那种传统养生汤的药材味道\n板栗和鸡的分量非常足，6个人吃最后还剩好多啊；不过鸡肉煮久了稍微有点老……\n凉菜的牛肉、豆干和折耳根挺好吃的，木耳比较辣\n板栗鸡很清淡，可是沾碟味道却辣劲十足，分香辣酱碟和小米辣碟两种，香辣酱碟的辣味正好，小米辣真的太辣了，遭不住啊，喜欢吃辣的可以挑战下\n吃完鸡以后还可以像吃火锅一样下各种菜品，还是很尽兴的~
7325,春节搞活动去的，用电影票加一块给一听可乐和5个币，新开的所以环境很干净。设备也很新，比较喜欢玩鼓和沙狐球，其他的实在是不会玩。
7338,这家的恺撒和照烧小丸子一直大爱啊，每天下班回家路过都忍不住买着吃。陪我度过的很久的岁月啊。每次恺撒都被抢的光光。味道很正
7343,涨钱了！服务还越来越差，以前卫生间会提供手纸，现在都要自己准备。浴室间连吹风机也撤了！！而且从冬天就开始没有，老板肯定觉得来这都是健身的，体格好，不会感冒。更衣室一盏顶灯灭了一个月都没人换，每回走时都要用手摸一遍柜子，否则有东西也看不见。
7367,开张的时候，送10个币，居然还要扫描指纹！进去以后好多玩的东西都是以前见到过的，现在游艺场都那样，我就玩完打篮球，还有开车什么的，感觉没有小时候偷偷进游戏机房，去玩的时候刺激了
7370,上次带朋友一起去吃的。价格比必胜客便宜，但是味道不咋滴，叫了一份意大利面味道有点怪。但是店里的环境还是比较不错的。
7378,终于有机会吃过杭州的大名鼎鼎的绿茶啦~\n人还是暴多啊，上次刚开张还有优惠的时候我4点半拿到号，结果等到8点还等不到，最后怒吃开封菜……\n这次聪明了点，顺路四点不到就去拿号了，不过貌似过了刚开张的劲头，人也稍微少了一些\n和朋友两个人有点脑残地点了好多个菜，结果上得一张桌子满满地放不下，最后吃得撑得不行了，还剩下了不少……\n不过说真的，我觉得绿茶的性价比确实还是挺高的，难怪在杭城还是有不少忠实粉丝滴~\n个人觉得面包诱惑很赞啊~第一次吃这样的菜，最好吃的是刚端上来的时候插起表面的一块面包，蘸着雪糕吃，面包外皮松脆，内里暖暖的，刚好和雪糕的冰冷形成对比，嗯，口感真的很好！\n其次那个芝士焗时菌和绿茶烤肉给我的印象也挺不错的，芝士焗时菌的芝士量很足啊，我就喜欢这样浓郁的cheese，不过吃到后来有点腻的说……烤肉味道也挺好，有点辣辣的，也挺香的烧烤香味，不过也是多吃了就感觉有点重口味……\n反而是绿茶烤鱼觉得一般般吧，可能那条鱼刚好太瘦了，都没找到多少肉……\n总体而言还是对绿茶挺满意，菜品精致，价格大众化，尽管多少跟外婆家等有点同质化，不过还是挺不错的~
7386,吃过很多次了。\n鲶鲶不忘味道不错，鱼肉挺嫩的。\n水煮牛肉够辣，味道也不错，里面还有口感像土豆粉的粉丝。\n担担面味道也不错，就是份量少了一点。\n烤鱼很好吃，小米椒爱上小公鸡（好雷的名字）辣得很过瘾，就是份量太少。
7395,"被推荐来的,吃的是198的自助.\n牛舌很好味,考起来是那种带方格的烤盘,感觉很好\n刺身方面北极贝很好吃 \n三个女生吃了了刺身拼盘和加起来差不多两盘的各种肉 很饱足"
7402,没见过服务这么差的店，一个个都是木呐的要命，从服务员到经理。放铁板的人还把铁板从很高的地方摔下来，把我们吓得半死，从来没有哪个烧烤的店会犯这种低级错误，没有对不起只有轻轻的一句不好意思。后来由于受到惊吓，人有点不舒服，叫来了经理，得到的也是淡淡的肤浅回复。最后连服务员自己写的菜单和收银单也会漏掉几个菜。没想法！总体感觉态度不认真。
7404,经常来，估计那个胖胖的外国人领班都认识我了。呵呵。\n海鲜比较全。\n其实我觉得五星级的味道都差不多。就是各家特色不同而已。\n像威斯汀的话，巧克力算一特色吧。其它家没见过。\n三文鱼啊那些是鲜切的，人多的时候排队比较麻烦\n传说中的冰欺凌没吃过，每次都忘。水果算比较丰富的
7428,去三里屯看电影的时候在这吃过一次饭。\n服务员推荐话梅骨。这道菜确实不错。\n其它菜的话，没有什么特别的。价格比一般的茶餐厅都贵一些。因为地点原因吧。\n环境还不错的 说
7440,"虽然是西北风味的面食，但是说实在的，就是味道重由大，没有很香,烹饪水平一般，吃过几次，就是饿的不行的时候去的，感觉能吃饱，味道不能要求太高。里面空气不太好，油烟气太重."
7447,这家店经常帮衬滴，因为它家的鱼生做得不错，价钱也不贵！对于像我这种喜欢吃鱼生的人来说是不错的选择！现在天冷啦，生上那些骨腩头尾，粥水窝底，吃完鱼生再热辣辣的打边炉，过瘾呀！还有好多火锅生料选择，现在也推出一些套餐。装修不是很好，服务员的数量太少！不知道老板为什么那么省，所以服务也就一般啦！不过为了美味的鱼生还是会继续帮衬滴！
7458,觉得挺普通的，夫妻肺片16还是18，只有一小碟，而且不正宗，汤面也没有什么特色，吃了68块，感觉都没吃什么好吃的，不推荐啦
7471,"第一次吃砂锅海鲜粥,叫了乌鸡,虾,鲜贝,味道很鲜美.\n据说如果有田鸡就更好吃了,可是这家店没有.\n厕所在装修,有点点吓人.\n到了饭点,生意还是非常好的.\n想喝粥的时候,很推荐.\n就是2个人,就很难点了,因为乌鸡啊,牛蛙什么的,都只能整只点."
7477,价格作为工作餐的话不算便宜。因为离单位较近，有时候来这里吃骨汤面。饭点有时候没地方坐，骨汤面汤的味道还可以。算是较为浓郁的那种。
7479,周日会员日，免茶味送萝卜丸子。\n【萝卜丸子】四个，每个有小孩拳头大，没有想象中难吃，味道居然还不错。\n【美味鱼鳍】非常辣！\n辣到鼻尖发麻！\n辣到不认识妈！
7498,我次次去食都系食紅豆+香芋西米。\n夠曬熱，大碗到不得鳥，系今時今日呢個物價\n佢真系超值！！！！\n兩溝先系3蚊，\n但有時唔同的收銀啊姨。就收5同的錢，\n因為紅豆沙3.5.  香芋西米就3蚊。\n有時2溝就3蚊。有時遇到個5好的阿姨。就收3.5.。。。。。。。\n但系都系超值\n好大碗！！！！！！！！又5會太甜！！！！！
7507,=.=现在那里几乎成为搞特卖的地方了。。。每次经过那里。。都有特卖。。每次进去。。也只是看看。。。里面空间很大。。。不过电梯别指望乘了。。还是走楼梯比较快。。。。。\n  不过那么好的一个历史建筑。。竟然只用来搞特卖会。。觉得有点可惜
7544,生煎不错和其他店一样，底很脆很好吃的。\n下了班去吃的，人在排队，不过好在有位子坐。\n朋友说她的鱼丸汤不太灵，我下次吃吃看牛肉汤
7556,"还是挺不错的,生意一直很好,味道也比较地道又兼大宗口味,推荐鱼头,牛蛙和茄子,价格不贵,品种还挺多的"
7578,第一次来光明楼因为朋友的新家目前安在这里\n晚上我们一行5人来到这里\n因为在路边很好找\n看着人不算冷清 所以就来了\n饭的味道还算是不错了\n最想说的是价钱\n真的挺便宜的\n5个人才花了100快钱\n其中包括了宫保鸡丁 铁板牛肉 西红柿牛肉锅仔 火焰纸包鸡 还有娃娃菜\n要是在别的饭店 100快钱肯定打不住
7579,三文鱼鱼腩是限量的，很可怜。三文鱼刺身质量很普通的，明显感觉第二次补叫的三文鱼刺身绝对不如第一次的好。这里不得不说下服务员的“当家”精神，漏单情况非常严重，叫8样东西可“漏”掉2样，而且量不足，比如叫了2份三文鱼刺身（特地问过一份有3片），上来后一看，一盆拼在一起只有4片，解释说多了会吃不掉的！呜呼。\n自助－－理应不限量的供应（当然客人有意或无意的浪费绝对是不应该的，这是起码的素质）。但这样服务员像挤牙膏式的服务，绝对会影响到当时吃饭的心情。\n建议服务员在客人点菜时，在数量上给客人一些善意的提醒和建议，这样即不会浪费食物又会使客人有种亲切感，“短斤缺量，千呼万唤才过来”的这种方法千万要不得。
7591,这家店铺没什么特别的地方，可能是由于大兴这边商业水平较低于市内，商业不发达的原因，华堂在这里也能算数一数二了。。。
7614,吃过一次，家常菜做得很是地道啊。说着说着，口水又要流出来了呀。哈哈。。\n菜色不错，味道也很好，推荐各位想来的朋友来尝尝喽。呵呵。
7644,这儿店面比较小，内部设计的很有情调，留言条，递进式桌位安排都不错。麻辣香锅味道还可以，去的时候麻辣香锅里点了一份培根不好吃，可能是我不太喜欢吃这种菜吧，整体感觉不错。
7661,在这里定了厅柜、沙发，床也准备在这里买，很享受还价的过程，哈哈，要多淘淘，还是有质量不错的家具的。不过在这种大型的家具城看多了，再好的家具往这一摆，可能都不显档次了。
7668,想想我这个女朋友就是好呀。。不舍得花BF的钱。。就点了一份芝士焗年糕当晚饭。。没想到那么小一份噢。。\n糯倒是蛮糯的~汁也不错。。。就是太少了。。算了。就当减肥好了~~~
7697,原本是今天儿童节的预留节目，但是昨天某人一声令下“不如就今天去吧～”仿佛说出了若干人的心声，结果一群9个女人下班后就屁颠屁颠的直奔这家传说中的活鱼店……\n首先说说环境，店面在南头街接连的食肆中没有任何特别的，店里的装潢也比较陈旧低档，我们定的包厢在二楼，吃饭期间外面有什么风吹草动，只觉得房间都要抖两抖……不过反正也不是冲着环境来的，自觉忽略……\n鱼有大头鱼，鲶鱼，江团可选，鲶鱼28一斤，我们要了3斤半的做水煮鱼；大头鱼声称做酸菜鱼就18块一斤、做乌江就22块一斤，这个挺奇怪的，我们选择了酸菜，也是3斤半。然后再点了呛炒包菜、咸蛋黄玉米粒、猪蹄、担担面几个小菜。除了包菜味道还可以外，别的菜真的很普通……反正是冲着鱼来的，还是忽略……\n先上来的是酸菜鱼，鱼非常非常的嫩，可是除了嫩仿佛也没什么特别特别之处了，汤底比较清淡，不很酸不很咸不很辣，除了酸菜还有酸萝卜片。\n然后是水煮鱼，加了不少芝麻，所以无论闻还是吃起来都很香，同时也很油！与水煮鱼乡的油一比，这个油就感觉浑浊了一点，再加上传说中的水煮鱼油循环利用问题，让我吃了几块就不想再吃了。\n最后又多加了番茄活鱼，这个倒是让人比较惊艳！汤应该是加了番茄酱煮的，非常浓郁的番茄味，鱼一上来我们就每人先盛了一碗汤喝，然后在惊叹声中几乎忘了汤中的主角，鱼肉还是很嫩，原汁原味。这道已经是今晚第3大盆鱼了，鱼头和汤打包带回。\n今晚9个女人，一共点了9斤多的鱼，4个菜，一小份主食，基本上扫荡完毕。花费330左右，价钱算是很实惠。平时馋了可以来随便吃点，但是对于卫生还是有点担忧，这个价钱还真是难以说服自己不是循环油……而且上鱼的速度很快，也让我们怀疑究竟上的是不是原先称重的那些鱼……
7746,这个店里面做的东西 很好吃 我很特价这里的加州卷 是每周的风味东西很不错 材料用的也很好 吃起来很舒服的 环境也很好
7761,品种选择很多，而且味道都很不错，可以选择半塘\n奶茶还是比较喜欢布丁奶茶\n那里时常有优惠活动，那个时候买那就更加便宜了
7762,"现在好像博物馆免费去,\n上次去了,比较多人,\n成日都会有展览,\n瓷器,花瓶等,\n里面也比较大,\n去那里也比较方便,可以乘地铁去."
7767,有一次中午单位去那吃的，去的比较晚，都快一点了，客人很少，服务员都开始吃饭了。\n我们进去后想找个包间，但里面的餐具还没抄下来呢，八九个人就在包间门口等，得有十分钟，我们叫人还过来服务员收拾餐具。这也就罢了，里面那个杯子那个脏呀，外面还有上下人留下的手指印，天呀。点了茶都没人喝，改喝椰叶了。还有一点，里面那个空气那个差，一股油烟味，以至出来后回单位，同事还能闻出来。\n菜品就没心情品尝了，都不记得吃了什么，吃饭的时候只想快点离开那。
7792,点了两个48的套餐 另外单点了几样\n鳕鱼和扇贝的味道很不错 喜欢\n其他一般啦 主要是蛮方便的\n香菇豆芽 牛肉 随便吃吃。。。
7801,和老公去看电影，间隙等候时间转了下，吃了我超爱的双皮奶，还点了一些甜品，总体感觉吧，呵呵，和点单上的图片相差比较多，特别是里面的东东很少啊，不过瘾。
7804,总觉得移动现在处于垄断企业，联通根本顶不上移动，虽然联通推出的套餐比较合算，但现在很多人都用移动，所以有时候觉得移动很老大。\n觉得比较霸道的是我下载MM的软件，里面有很多应用软件可以下载，但是 必须用移动数据下载 不能用wifi下载，真垃圾。还有扣费什么，促销活动什么都不是很明了。\n希望以后能有相关企业等能与之对抗，不然到了垄断市场我们处于被动\n上次有说什么冲400话费送手机，我在移动通讯的代理商家弄得，结果他们没说清楚，削了我再买了卡。。。回去觉得不对，后来去问商家怎么怎么滴他们说我听错了，一个人听错算了，两个人也听错？太垃圾了\n下次有什么活动我也不去了，要去也去营业厅
7806,就在中建的两楼，中午的时候和同事一起去吃工作餐，怎么说呢。说句公道话，菜的味道还是不错的，中规中矩的，但是服务真是……没话说，要加菜看菜单，结果把买单用的收条拿来了两次，也不知道他们是怎么想的，菜吃完了盘子不知道收，导致后面的菜都没地方放了，让拿下去换小蝶的菜居然直接倒掉，再也不见踪影了。真是无敌了。推荐牛肉青菜什么的，还有一个老豆腐煲，还有双色鱼头不错的。
7838,无肉不欢的人们周五去欢度周末~\n环境挺好的，门口等位！\n肉还行，冷面挺好吃的，喜欢那瓶装的小可乐~\n环境还行，地上不是很油的那种
7843,麻辣飘香鱼 豆瓣鲜鱼 香辣牛脊髓，这几样菜好吃，太爽了，那个麻辣香鱼，好爽啊，麻、辣、鲜，都体会到了，没吃过的朋友一定要尝尝
7853,昨天和朋友几个人一时兴起去吴淞湿地公园玩了一下，传说中的湿地公园也没什么好玩的嘛，只有湿地踩着舒服，其他没什么。
7864,确实有些年头了。记得十多年前就去过，当时印象深的是有一面墙写着“红螺”的养殖方法和营养价值。\n后来装修过一次，好象生意更好了。到饭点的时候，基本上没有位子。有一次一个外地的朋友在南昌住过一段时间后，不知怎么就爱上了这里。一天中午请我到这里吃饭，我去晚了点，还没等到位子，还是去前面一点的“豪享来”吃的。\n大红螺基本上都会点的。红螺是一种大的田螺，肉质厚实紧密，口感爽脆，只是太咸太辣掩盖了红螺的鲜味。我不是很喜欢，尝一尝不敢多吃。\n来的人都吃，我就好奇365天他们哪弄来这么多的田螺？
7875,因加班，在这吃了顿工作餐，点了店里的招牌菜排骨藕汤，豆皮，热干面。我本来就爱喝汤，基本让我包圆了。头一次吃热干面，对于不爱吃面的我，也尝了不少。就是菜上的太慢。都快吃完了。还有一道腊味合蒸才出来。
7885,这家店的鸡排不错，味道好吃，值得推荐的还有泰式酸辣汤，还有免费的沙拉烤鸭随便吃。在王府井这一块这个地方还是比较实惠的
7894,在徐家汇附近新开的一家分店 古北还有一家总店 \n一直很喜欢这家店 可惜古北那里离我家有点远 终\n于徐家汇开新店了 当然要去试试\n这家店和古北一样 专门招待的是日本人 地方虽然\n不大 但是感觉很温馨 感觉很舒服 \n预约的下午的4点 上次古北做的他们的明星产品\n脸部提升 效果相当的好 这次决定尝试下新的 店\n家像我推荐了也是做的比较多额项目 脸部刮痧\n和美胸 \n据说他们的脸部刮痧 是用专门做脸部的玉石刮的\n活通脸部的静脉 可以更好的吸收营养品 然后还做\n了面膜 开了空调 做着做着 我都睡着了 做好之后\n果然脸上有血色多了 然后是做美胸 生平第一次啊\n小姐的按摩手势相当的到位 小姑娘边做还边提醒\n我说美胸的重要性 平时要注重的细节 按的相当的\n舒服啊 最后还用他们的仪器做了胸部的疏通 副了\n副胸模 效果相当的好啊 \n以后还是会一如既往的光顾的 而且离我家又近 \n哈哈
7904,！以前上学的时候每天经过他们家门口，偶尔和同学一呆就是几小时，哈哈哈怀恋啊！环境挺不错。两杯咖啡，一份芝士蛋糕，再来点水果沙拉，，，惬意！！！！
7981,围脖上好多人推荐，朋友住在附近，就一起来吃了。\n螺蛳粉的汤很鲜，配料很丰富，里面的炸腐皮和酸笋很好吃。螺蛳粉很有韧性\n螺丝鸡用砂锅煲的，要炖差不多30分钟，不过味道很好啊，连土豆都很入味，以后再多加点鸡嘛！\n店主是很热情的MM，围脖点餐送卤蛋噢！\n不过晚上10点就关店了，有时候螺丝鸡和炒螺丝还会提前卖空。
7982,别人请吃饭，他们在那边聊天，我只顾自己吃了。\n是在包房里面，相对而言比较安静。\n味道挺好的，河虾做的很有味道。\n貌似那边的生意一直很好。
8006,瑞金医院体检完出来就到这家永和大王吃早饭，东西还挺贵的呢~一碗雪菜肉丝面加一碗粥要二十呢，皮蛋瘦肉粥里最多的是葱，吃了我一肚子的葱的味道，关键的都只有一点点。\n还有就是这家店的服务不是很好阿，两个人吃饭只给了一张纸巾，问她多要一张，答应是答应了，问题压根没给阿，吃完了都没给，店里也没多少人，弄得好像很忙似的。多嘴一句油条太油了点~
8019,不知道为什么那么火的一个店，据老北京的朋友说，这个店一直保持老式面包的口味，很好吃，可是我吃了感觉也一般，奶油牛角还是不错的，但是其他的就是味道一般吧，结账要排大队，服务员态度超级不好。
8021,去文化中心看电影，也没什么好吃的，发现了地下一楼的味千拉面。感觉随便吃吃还行呗，人也挺多的。主要图个方便，味道都差不多的。
8022,烤肉香啊！不是一般的香！就着洋葱一块烤，香味儿能飘满整个屋子\n最大的特色是烤肉要大姐给你烤，没烤熟的时候你要是上去夹上一块子，大姐会马上一铁夹子把你筷子打回去，叫你等一等……大姐告诉你熟了，让你吃了，才能吃……
8024,因为参加一场赛事，很偶然的来到了球馆，一开始，还看错名字，以为是一家专门打羽毛球的球馆，呵呵。\n没想到在西四环边上，还有这么大的一个球馆，停车不收费。球馆的设施都很新，环境不错。
8027,门脸很小，但是进到里面，环境很不错，收拾得非常干净整洁，做了颈椎按摩非常舒服，平时在公司办公室里面不怎么动，一坐就是一整天，技师的手法很好，当时按的时候有点酸酸的，不过很快就适应了，按得我都睡着了，醒来很舒服。后来又做了足浴，开始会有点疼，不过慢慢就不疼了，这里的技师水平不错。做下来一身轻松。
8062,面口感非常柔和而且不缺乏筋道.菜也是单独煮过滤干水再分别放入碗.以保持菜的青翠.从以上两点来讲非常好.但是杂酱的味道不喜欢.在这家还是吃豌豆面.不要加杂酱比较好.
8092,午饭时候常来\n人还蛮多的\n几个人叫上一锅母鸡汤，点几个小菜\n冷冷的冬天喝上一碗鸡汤\n暖暖的\n鸡汤味道还是不错的\n应该是土鸡吧
8095,我们吃饭的地方据说是黄金荣的四姨太的住所，吃饭的时候调侃说这不就是一房一厅么。。。 上面是喝茶的 下面是吃饭的，古色古香挺喜欢的。\n   吃饭印象最深的是燕窝莲子汤，莲子非常香酥，后来走的时候每个人还送了一小包~~ 开心~~ 燕窝甜甜的有点点奶香，每天都能有人煮这样的燕窝莲子汤给我吃就好了^^\n  一个香芋酥也很赞，他们家的甜点做的真好。 唯一有欠缺的是交通不方面，里面停车位比较少。
8096,在回民街里的，很多很多游客。。。大部分都是游客。。开得很晚。\n羊肉串2快一串，肉非常非常非常细小，而且干，老，比我在上海吃的还要山寨的羊肉串。。。\n牛肉灌汤包里面牛肉很碎很碎，牛肉气很重，皮子烂烂的，一个也没吃下去。\n旁边的服务员用已经像黄河一样的脏水洗完手就拿筷子给客人，卫生条件实在一般。\n不明白为什么生意可以这样好。
8124,早上中午吃饭的时间会把蒸馒头的蒸笼拿到外面来卖，老远就闻到好香的啊~\n包子除了萝卜丝包是1元，其它都是1.2元。皮发得很好，白白香香的，可见面粉用料很不错。感觉不必斜对面老字号南海饭店的面皮差。一个包子很大的，当早饭足够了~\n豆浆2元一大杯，还算浓，性价比蛮高了
8142,今天是第 二次光顾润记。点了四道菜，五样点心，一道甜品。共消费212元。发现他的质量有提高。价格也让利两成，但仍然比别的城市贵。其中推荐深井烧鹅，西柠煎软鸡，虾饺，广东烧卖，赤豆糕。但是其中的玉子豆腐形有，色在，可是味道不对了，只吃出咸味。粤菜重味，这是它有别于淮杨菜的一个主要区别。如果丢掉了特色，那就不成其为粤菜了。
8185,第一次吃的时候感觉还行的说，但这次五一时再去吃的时候，真的很失望\n有个不知道什么汤（里面有蛤蜊的），味道怪怪的，喝了一口就没人再动过\n还有那个炸酱面，碗很大，面量很少，而且口味很淡，基本没啥味道，特别是在吃过烤肉和炒年糕后\n石锅拌饭和秋刀鱼感觉还行，还有就是吃烤肉沾的酱，那酱味道不错，我们最后有找服务员要了一碟倒在炸酱面里
8188,还记得读书的时候，一个圣诞节，我们三对约着去阿强酸菜鱼。吃完鱼就着锅底涮麻辣烫，吃了很多很多。环境想想还是挺简陋的，但是生意很好，如果去的时间不巧，还要排位的。\n毕业后租的房子在阿强麻辣烫上，闻着阿强麻辣烫的味道住了好久。\n再后来搬走了，再后来去的地方越来越高档，缺有点怀念当年酸菜鱼的味道。
8189,喜欢COSTA的拿铁。\n店内提供免费无线上网。\n感觉和以前的几点不同:\n1) 以前逛百思买累了就进来喝一杯休息。现在百思买撤了。\n2) 以前靠窗户位子都是软沙发，现在只剩下2个。
8207,周日晚上去的，没有排队。天气很热，里面也很闷。西餐厅适合情侣约会。双休日不提供78的套餐和那个新品什么排骨饭。\n点了158的套餐和另外点了一个主餐。餐前面包，淡淡的奶油香，加上蘑菇酱很好吃，雪梨三文鱼色拉也不错，鱼唇胶原浓汤有咸蛋黄的味道，鱼唇有嚼劲。两个主餐有点小失望，味道一般，菲利牛排太厚，七分熟，里面还是血淋淋，不是很懂，不好妄加评论，反正我不爱吃，小牛排骨，肥的部分很多。红豆抹茶慕司还不错。服务很好，价钱有点小贵。
8218,饿着肚子的时候还去吃寿司，还是人家请客~~罪过罪过〉〈\n食材很新鲜，我这个平时一直觉得北极贝不怎么的人那天也觉得合点的北极贝很不错~\n还有那个金枪鱼葱花~很赞的感觉~原来绞碎也那么好吃哇~~\n唯一的遗憾是。。。我喜欢烤的~可是朋友错点成了一般的缘边寿司~怪不得我觉得缺点什么呢。。。我还是更喜欢考好后那种入口即化的感觉哇〉口〈\n不过可能是因为太饿了，上菜又快，我总觉得木有上次伊秀吃的那么尽兴哇~~~啧啧~难道是最近日料吃多了Orz
8245,逛得累了，看看这家店没吃过，所以就去了。\n由于我们两个人食量都不大，所以就点了三个菜。\n1.烤鱼，一开始说没有，后来说到了两条鱼，于是就点了，是香辣味了，味道还可以，不够惊艳。\n2.鸡汁豆花，味道的确蛮好，咸淡适中。\n3.双椒螺肉鸡肉（具体名字忘了），看看挺新颖的一个菜，油很混，看上去不舒服，鸡肉味道一般，螺肉就有点过分了，虽然大块，但不新鲜，作为从小各种螺吃到大的宁波人，这个绝对无法入口。\n临了临了，桌上爬过一只很淡定的小蟑螂，我也没多说，立刻买单走人了。\n总之比较失望，下次断然不会再去了。
8257,买过一次hello kitty的芝士蛋糕，一方面造型可爱，一方面芝士味道还是比较浓的。最近，看到出了新的蛋糕品种，看上去还不错。一直觉得bread talk比85要做的景致，好吃！
8263,吃的是中午的定食，挺划算的，一个套餐里面的品种挺丰富的，连主食也可以选两份，而且还送饭后的饮料，周围以日本人居多，电视业是放着日本台，看到很多日本小朋友，可能是周围有小学什么的吧，位置不是特别号找，要不是有人带这来，还真的不知道这里呢，旁边就有一个专门日本东西的超市。环境还算可以，就是空间比较小，不是包间的话每个台子离的比较近。
8279,因为想在淮海路附近找一家安静一点的吃本帮菜的饭店，结果就来尝试新品种了。\n总的来说是失望的。\n价格不算便宜，可是饭后连个水果都不送~~\n推荐菜浓汤桂鱼，汤不浓，鱼不鲜，倒让我们吃出了猪油的味道。也许店家是想让汤喝起来更香吧。\n还有椒盐豆腐，有点豆腐味道，但没有鲜味。
8284,第一次吃奶油香蕉，我选了一个很大的香蕉，挂上奶油后进锅里炸，然后挤上一条番茄酱，一条果酱，一条巧克力酱，味道还可以啊，刚刚吃了挺多的，吃这个可以当成是帮助消化了，以现在香蕉的价格来说，我那个香蕉得1.5吧，感觉还挺划算的。
8290,在这里喝过早茶，吃过晚饭。整体服务很好，菜品也丰富，这里的龙虾做的很好，味道很不错。\n这里的整体消费价格不是很高相对其他地方来说。\n这里有停车场\n最主要还是感觉这里人服务人员服务态度比较好。
8291,菜色比较特别，很多都是别家吃不到的，不过菜量很少只能多点两个菜\n野菌局豆腐很美味，只有这个菜吃不腻\n烤鲈鱼很坑爹，感觉是炸的，超级僵
8303,去这里吃饭主要是找感觉，优雅的环境和体贴的服务，吃过中餐和他们的泰餐，还是中餐的味道比较适合我，鹅肝确实很滑，鸭汤也不错，海虾感觉不怎么样，有点老了。
8320,芝士寿司好好，其他就嘛嘛地，同超市卖的与其他寿司大排档的出品差不多，不过就係便过晒距哋。5蚊位的任饮饮品选择超多，有好几部饮料机，咖啡（冷、热），美禄（冷、热），各种汽水、花茶一应具全，好过好多自助餐厅，赞一个。\n依家仲出咗个38蚊的北海道火锅，有现时超受欢迎的芝士丸、黄金蟹子丸
8330,最先接触到的就是它家的雪月饼，外面是脆脆的，里面是甜甜的冰激凌，价格比较贵，单位有券才会去，个人感觉没有克莉丝汀性价比高，慕斯蛋糕还可以
8340,周老师庆祝新生活开始团购的，所以价格不是很贵，正常要double吧，牦牛肉很好吃，还有茉莉花炒蛋，这是菜单上没有的菜，卡卡~
8345,吃了一个火腿肠饭团，特别好吃，就又买了两份带到火车上吃了，总比方便面强。老板娘亲手做的，一丝不苟，很认真，对面的小吃店也是她的，那个粉实在辣的吃不消。但是水果冰非常好，里面好多宝贝。
8366,准备去看电影的 其他的店都要排长队 这家也好久没有吃了 2人点了个套餐 还有一些寿司和色拉 芥末的味道很浓 吃完走人。。。
8370,据说当年是合肥第一家麻辣香锅~\n其实与那种点餐式的麻辣香锅不同，这个是有个锅底，也就是说你先点个锅底，然后再加些别的菜\n大姐大想吃鱿鱼，所以就是大份鱿鱼锅底啦~\n然后加菜不能加太多，有个规定的量\n好像最多加两种荤菜，三种素菜~\n具体加了什么记不清楚了。。。由于前些日子好忙，好久没写点评的缘故。。。所以很多点评其实没啥实质性内容了、。。。。因为都记不清了。。。\n不过看看图片，有腐竹，土豆，鱿鱼，香菇，对了还有鸭掌宝？是叫这个么。。。\n东西其实很多很多。。。吃到最后都没吃完。。。\n强忍着把鱿鱼都给吃了哈哈哈哈~这话说得好贱啊~哈哈哈哈~\n味道不是很辣，本来我是想去嘎嘎鸭下巴的，不过下英语课坐车过去不顺，来这里比较顺~所以就没去成嘎嘎\n后来去过嘎嘎后证明，还是嘎嘎更胜一筹~\n万达的麻辣香锅没吃过，其实我觉得麻辣香锅都差不多~\n不过这家的性价比算是很高的~内容很丰富，很多\n价格实惠~\n喜欢吃辣的朋友可以要中辣以上~\n至于那个BT辣的鸡翅，就没吃。。。我没病，不会给自己找罪受。。。吃那种玩意会闹肚子的~胃好的再考虑去试~\n鸡翅吃了咖喱的（不好吃），黑椒的，蜂蜜的，孜然的都还好~
8380,朋友聚会，本来想去东方新天地的店，但是朋友说人太多，就去了新东安的这家，以为不用排队，但是还是等了10分钟左右。\n环境还是不错的，明亮，沙发座椅是浅色，装潢是紫色和黑色为主。\n烧腊：下面是铁板，上来后服务员浇上一层蜂蜜之类的东西，很好吃。\n凉瓜鸡蛋：凉瓜其实就是苦瓜，切成片，和鸡蛋一起摊，味道比较淡。\n咖喱牛腩：这个不错，牛腩很烂，咖喱的味道也刚刚好，里面还有土豆（炸过的）、洋葱、西葫芦。我们最后都用厚多士的面包沾着吃，很好吃。\n浓汤鲈鱼：鲈鱼炸过了，还是挺鲜的，也是味道比较淡，看来那边人的口味都是这样，不过这样比较健康。\n厚多士：朋友上来就点了这个，果然不错。\n不提供纸巾。
8385,好多年以前跟姐姐去的，要不是她带着，也不会去这样一个看上去就很贵的地方，哈哈\n看到好多人说服务不太好，已经忘记的差不多了哈\n就是觉得东西好贵\n我初中的时候还得是5年前左右吧，一杯什么什么的就得16元以上了\n一盘内容超小的吃的就得20元+\n姐姐说不如深圳的仙踪林好\n感觉环境实在是太差了\n特别特别的嘈杂，地方还小\n和肯德基麦当当之类的快餐店没有区别\n那还费这事干嘛，不如街边买两杯快客好了
8389,离上一次来这边吃饭有整整8年了。这次是带老公看话剧前来这边充饥。两个人不想吃的太饱，没有点干锅。尝试了老干妈田鸡，还真不错，田鸡嫩嫩的，味道咸辣恰到好处。买单120元我们点了4个菜加一瓶黄酒。
8402,在周围所有的小饭店里来说还是值得去的一家。\n开的年数久不说，价钱算便宜的。菜都很新鲜。\n老板和老板娘人也很好。服务态度不错。\n像年夜饭，平时家里人聚会，活着是家里不烧菜去吃吃还是很不错的。\n馋嘴蛙和有一个辣的鸡蛮好吃的。是冷菜。\n以前还记得有个外面是脆的热的，里面是冰淇淋的一道菜很好吃。\n不过好像不做了。
8430,太原的老店了，开了很多分店。以实惠著称，主打主打晋菜，味道很正，吃的舒服，当然人气也很高。但随着更多的餐饮店崛起，面临很大挑战。总的来说就是大众美食吧，没什么特别也没什么缺点，继续开发，继续加油。
8445,以前經過都會留意到，但係因為每次都唔係目標，所以未入過去。\n今日經過終於都入去試咗下。\n腸粉美味，唔會話粉太多太厚。\n服務態度也好。
8448,真的很美味吖！！！\n在张掖路周围吃的我快撑死了…可是还是来到了这里…\n排队排了很久…等座也等了很久…\n但是真的是很好吃吖…其实有点类似西安的豆皮涮牛肚…但是这个好吃百倍吖！\n下次去兰州一定带着爸爸去这个！！
8459,和朋友一起在这里祝生，买了蛋糕，吃到后来的时候，店员送上了长寿面，真的很感动啊，很贴心的服务，看着我们有蛋糕就主动送上的，火锅口味只觉得一般，那天东西点的很多，吃了个饱，而且营业时间相当给力呢，貌似可以到凌晨5点，PS可以无限，密码是电话号码
8483,在一环路入口，停车也方便，食驴仔肉专门店，驴肉蒸饭，驴血焗饭，焖驴肉煲，味道都不错。比较有特色，比广州芳村驴肉要好味一点。
8484,环境不错，反正就在单位隔壁，搞活动的定点。东西么马马虎虎，毕竟有唱又要吃收你这点点钱还是很公道的。这次胃口好一刻钟就跑出去拿点吃吃，其实菜还是换的，就是比较像样的换好一会儿就被拿光了，所以如果不是经常跑去的话看到的老是前面剩下的。。。音响是同类ktv中最好的
8495,是午餐的时候去的，午餐阶段是没人55元不含饮料，但是吧吃他们家的东西，你没有饮料还真是不行，饮料一般是20元一杯～这家店的东西吃的东西不多啦，也没什么好吃的，不划算～就说说那个拿出来的烧烤好了，首先是有时候要等很长时间才看到两个人走出来问你这个肉要不要什么的，讲不定到你这儿也没有了，其次吧，牛肉太老，还有什么烤鳕鱼块，烤蟹肉的，不仅看不出来他们是什么，连吃也吃不出来，就像是个肉圆外面包了好多面粉，别的都一般般啦。。。总而言之，应该不会再去了。。。
8502,次次落到M层，经过呢树都会闻到好香。。。\n好中意泡芙，但是里面D野真系减肥人士嘎克星诺。。。\n所以过下口瘾就好了。。。\n呢间店同过几个人去过，都是坐住吃嘎。。。位置比较屈执。。\n一个人一个会滞死的。。。所以一般都同F Share一个。\n招牌系香草味。。。吃得最多系抹茶味。。。大爱抹茶啊。。。朱古力味麻麻，五多中意外面层朱古力。。。
8524,每次放学回家一下车一抬眼就能看见水萝卜了，以前没怎么关注过，以为就是一挺破的普通餐馆，还是卖饺子的。前一阵饿了就决定进去试试，离饭点还有一定时间，就不少人了，店员就开始楼上楼下忙活了，听说很火的，居然还有靠窗的雅座不错，感觉很安静，点了一个鱼香肉丝和铁板豆腐，一盘西红柿鸡蛋的饺子和三鲜饺子。首先感觉量真的很大，尤其铁板豆腐，慢慢一盘，鱼香肉丝的肉也很多，味道还不错。因为这里特色是饺子啊，我个人觉得西红柿鸡蛋那个很好吃，三鲜的一般。总之价钱很公道，真不贵，基本花少钱吃饱饭。而且服务员都很礼貌，上菜是尽量的快，很满意。后来又去的时候点的炒鱿鱼特别不好吃，好像也不特新鲜，看来好坏还是分菜啊，点的鸡蛋玉米的饺子很不错，很好吃。就是这一次有一个店员很招人烦，老让我们点鱼，推销这个鱼汤，那个蒸鱼，纳闷了今天你们鱼买多了，还是你们家卖鱼的，很扰兴致，后来我们结账故意没叫她，特想投诉让这种二愣子离开餐饮行业，后来一想不值当，走的时候绕着她走的，晦气。希望下次有机会去的时候最好她休息或者被开了，哎。她早晚把水萝卜毁了。交通比较便利，就在车站后面，而且还有分店，生意越来越兴火了。
8526,和闺蜜一起去的，两个人要的一份黑胡椒牛柳拌饭、一份五花肉拌饭、豆腐汤、奶酪玉米。一共91，点评卡打九折，一共82。感觉味道一般吧。我们去的比较早，11左右，还没什么人，不过一会儿人就多了。不推荐奶酪玉米，没特点。
8554,朋友推荐去的，赶上店庆还能打8.5折，真开心。服务很好，因为牛肉切的厚，有的没炒熟，就重新炒了1份，服务员还一个劲的道歉。味道不错，美中不足的是，实在太辣了，要的点点辣，还是受不了，只好要了1碗清水涮涮吃。
8556,人均45还是挺划算的，因为我喜欢吃肉...HaHa~ 烤肉的味道还不错，少部分有点偏咸。\n最近去的时候，感觉东西比1月份去时少，并且没有了我最喜欢的羊排！！！热菜的种类貌似也少了点。而且不发那种中餐10元、晚餐5元的减免优惠券了。
8570,有一次渴得要命就喝了一杯 可以看见店员拿水果做的 觉得真的是特别的新鲜 而且配出来的味道也特别好喝 有纯天然的感觉
8576,离港前的最后一顿晚餐\n在T1的美心点了份美心茶烧鹅濑粉+热奶茶套餐，只要HK$30。\n烧鹅味道很嗲，关键还便宜，满足
8629,外表看起来真的很气派，门前停车位很多，内部装修也还行吧。海鲜确实不错，基围虾味道很鲜，占上些小料更好吃，价格不便宜，味道好就合适。要说特色菜还正真说不出来，比较大众，菜量不小，是家庭聚会的好地方。
8638,火车头河粉很鲜美！棒棒鸡不错，猪颈肉是bbq的有点老，听说蜜汁的更好吃。芒果鲜虾米纸卷很清淡，比较适合一开始就吃。点的是个小吃拼盘，还不错。椰汁西米露也不错。工作日去的人很少~
8654,场地比较大~台子和台子间的距离有点小。\n格局清晰，比较舒服。\n每次去人都好多好多的~服务生还是满好的~动作很快\n不像其他地方，爱动不动的。。\n总体来说还是满喜欢的~下次还会去的~
8670,大家都对找茶评价很好，我也去了，现在还可以打八折。因为就自己一人，所以没要甜品，要不然自己吃好傻呀。要了一杯珍珠奶茶，打完折4块钱。真是巨好喝，超值。很滑不粘稠，而且茶味奶味都很浓，不是用粉冲出来的味道。非常满意。呵呵，下次尝尝甜品去。
8675,妈妈喜欢吃一个叫什么 海盗的面包。\n太山寨八十几度A了吧。\n没啥特色。面包价格比较实惠！\n还是到苹果园比较好。\n花园适合小青年
8701,和妈妈去的。\n感觉味道还可以。就是环境有点儿乱。灯光比较昏暗。\n喜欢吃那个鲶鱼，叫什么忘记了，反正是招牌菜。\n还有宫保脆皮肉也不错，那个五花肉炸的特别酥。
8702,"都几大间，房间有k唱。有事按台面的服务灯，自然有人走过来啦,开始唔知举手叫服务员，反而好耐都无人理。\n食品唔算贵，但味道都一般。15元的特色炒饭居然是腊肠炒饭，有点怪之余兼唔多好食。鸡翅就几好。"
8714,"离家很近，华堂从西边刚搬过来的时候去过一次，pizza口味一般，我觉得不如必胜客,烤鸡翅我喜欢，油炸的小吃普遍比较腻，中规中矩的pizza店"
8719,去过好几家小胖包子王，环境都是那么简单，不过这样也不错，成本低了，包子的价格也不会太高。这家分店挨着29路武圣东里公交站，包子的味道跟其他店的味道没什么差别，还是那么香，油很多，但馅抱的就不算太多。总得来说从味道角度来说，不错！另外，小胖包子王应该有卤煮，但这家不知道为何没有。
8723,因为君悦那家在装修，所以只好去了这家。总体感觉不如君悦的好，停车不是很方便，要停到广西路才可以。那天去的时候，两个人要的自助，但是觉得海胆不是很新鲜的样子，北极贝还是蛮好吃的。鳕鱼的片有些薄，吃到嘴里有点硬硬的感觉。要了一份小的螃蟹火锅，果然是小啊，那个螃蟹太小了，不如君悦那家的大，也没有君悦那家的肉多哦。环境总体感觉还可以，就是楼梯有些窄。
8735,不是所有的宜芝多店都有卖面包的，所以每次到正大，必点要买些面包回去，妈妈很喜欢北海道香浓，总体来说，每个品种的味道都不错。而且还有座位，可以小憩。
8736,实在是无法形容的MINI啊，囧\n我想IKEA也必须被日本人的设计折服\n如果说近似4-5平的房间被设计的一应俱全堪称“叹为观止”的话\n我只能说，唯一不满意的就是没有外窗了\n对于不足1.5米的床位称为大床房不纠结了\n坦白说，这个区位这么好，难怪看到进出络绎的小时房订购了……Ord\n一切良性的存在都是合理的罢……
8738,看了两场，冷得我瑟瑟的！\n一场还有火的，虽然那天风很大，我们完全是边淋雨边看完的，看完喷泉，伞全湿了，身上也湿答答的，那天晚上还特别冷，还好没感冒。\n不过喷泉真的很值得一看，背后的景色也特别美~
8739,朋友生日请客，那里交通过去挺方便的，地方也挺大的，可惜我们定晚了只有大厅。菜还可以，都是些本帮菜，人均也不是很贵，上菜速度也挺快的，吃的挺开心的。
8743,大连人都会排队去买的美食\n在新玛特里面\n旁边还有家做一样东西的店 但是一个顾客都没有\n婶婶推荐 香鱼片 还有鱿鱼丝\n真空包装的话至少要30元一袋 \n如果想带礼物给朋友的话 可以考虑这个 \n自己吃的话也是超美味 特别是热的时候 那个叫香 甜 鲜\n冷了会腥气
8745,上次路过，去吃了下，这里选择挺多的，中餐西餐都有，各种各样的菜，品种也很丰富，烧烤也不错，能够用不多的钱就吃的很饱很饱。
8755,应该是两年前吧\n组织去欢乐谷冬令营\n冷得来\n里面的人不多\nkfc的生意还是很好的\n貌似都是套餐类的\n单点的东西很少\n反正就是吃饱啦\n在这里面还是KFC的性价比稍微高点咯
8777,团购去的，分量很足很足，88块钱的团购，算是很值的一次呢，味道呢无功无过吧，川菜吃多了都麻木了。赞一下他家的分量，太实在了
8784,喜欢的风格，退房的时候还遇到有人在旁边办酒席，过去参观了一下美丽的新娘。\n房间不大，但是还是有些别致的小格局。感觉很温馨。\n沙发舒适得很，沙发上有个戴着红帽子任性地哭得抽抽嗒嗒的我。\n还有酒店里在下午两点做了送来的番茄鸡蛋面。\n虽然不怎么好吃，但是一直记得那碗温暖的鸡蛋面。\n此外周围貌似有些荒凉，晚上不太敢出去。
8792,正好经过，又是晚饭时间，就跟老公一起去吃了，遇上黄盘的寿司正好打折，就点了些，老公爱吃刺身就来了份6味刺身，因为有会员卡，正价菜还给打了88折
8794,菜太咸，盘子很大菜量不大，服务一般，上菜很慢，催半天才上菜。性价比不高。\n菜太咸，盘子很大菜量不大，服务一般，上菜很慢，催半天才上菜。性价比不高
8800,昨天和honey约好了去雁荡路的满迪牛排馆吃晚饭~\n顺势我在家吃好中饭就出发到了淮海路逛街，看看这季的衣服正好在打折。\n逛好了HM，ZARA后是满载而归呀，霎时觉得腿好酸想找个地方按摩下\n就直接去了雁荡路上的这家美容SPA馆给自己放松下调整好状态赴接下来的约会\n环境很安静轻柔的音乐是我喜欢的\n整个人泡在木质的浴桶里好像卡路里也被泡走了哦\n做了个全身按摩，特别要求按摩的师傅多按摩下腿部\n逛了几个小时腿确实很酸很涨通过按摩腿部神经都放松了\n按摩后还有甜点茶水供应，很舒服价格也合理\n下次去的时候可以考虑办张SPA卡
8801,妈妈和朋友逛街的根据地  偶尔也跟着他们蹭几顿  每次去必点的是蛤蜊疙瘩汤  几乎每次都会被我喝掉满满一盆  酸辣汤的味道也不错  人好多  逢饭点的时候要等好长时间
8830,比较早开得东方之珠，上学的时候总去这家，因为算是离学校比较近的了。音响效果还不错，歌曲也挺全的，所以经常光顾。一般都是唱夜猫，还有活动，赠送的小菜味道也不错。
8833,在南京西路上开的时间不算长！里面的人气不是很足，活动会去逛逛，拿了两次免费的内衣！哈哈！抽奖的礼品么就不砸的了！去过他家的狮子山，还算可以吧！
8849,生日去吃的，比较奇特的自助方式，与其他自助餐不一样，按价格点的中档的，服务比较好，我去的时候可能合适，人特别少，基本上感觉就像是VIP似的。东西比较一般，但也还算能吃，最好吃的不过是生虾，价格还是偏贵了，要不是生日免一个人，肯定不考虑。即使是最高档次的，内容也比较一般。还是服务算钱了吧。
8853,这家店去过好几次了，刚装修好的时候，从外面看就很喜欢\n去过那个包厢，喜欢那个小阳台，但是服务员说那是搭出来好看的，会提示我们最好不要去。\n菜味道也不错，喜欢一些典型的赣菜，比如炒地木耳之类的，基本上每次都不错~\n但是啤酒就只有雪津了，这个对我倒没影响的
8879,上次来看电影 有一张星巴克的券 来兑换了一杯最新的饮品 喝完以后好暖和啊全身 还是最爱我的摩卡 嘿嘿 尝了个三明治 还行
8890,老爸喜欢桃酥饼的 有时候就会帮他带点回去 同学说他家的南瓜饼好吃 就是很油的 吃2个就很腻了 苔条饼什么的也是 吃多就腻了 偶尔解解馋还不错~~
8891,肉饼要是刚出的 还是很地道的 不过就是觉得有点油大\n砂锅都一般 看着清汤寡水的\n他们家的混沌算什么地的 白汤的 应该不是北方的吧
8893,补请结婚吃饭的时候去的\n是888的套餐\n菜很多，量也足，而且还给大致布置了一下包间。挺好的。\n就是我们去预定的时候楼下预定台很长时间没有人，去找了很久找到了服务员来开单，感觉态度很牛啊。并且给我们开单的时候一直有电话进来，可是人家服务员就只接了一次\n包间比较陈旧，给我们几桌用的酒杯居然是不一样的，我们就算不是正式婚礼也算小婚宴啊，讲了很久找了好几个人才给换的。\n总的来讲，很实惠啊（说的我心里还郁闷呢，我都没有吃到几口。），就是服务需要改进。
8894,家附近的小店，\n这家原来是老娃子火锅，自助是后改的，\n那天想吃自助就跟老公俩人去了，\n28一位，餐位2元，押金10块不浪费的话给退，\n菜品嘛，应该算是比较丰富了，\n各种烤肉，小海鲜，蔬菜，水果都有，\n也有品质不错的培根和火腿，\n去吃饭的人还挺多，到了饭店儿就要等位了，\n还好我们俩去的比较早，\n吃的还不错，撑了。
8919,今天早上在这里买了杯冰豆浆跟萝卜丝饼，是带走的，后来坐班车上才开始吃，豆浆居然是坏的！！！里面已经结块了！！一股怪味都要吐了……到了公司赶紧打电话给门店，说了情况，估计他们自己也知道这豆浆是坏的，答应下次去给我调换一杯或者退钱，态度还是蛮好的。
8933,跟朋友去的，店内地方不大，不过也有沙发座，呵呵，每次路过都能闻到很浓的香味，不知道是不是对面巧克力店的味道哈哈~\n冰激凌都干还好吧，总是感觉跟31差不错呵呵，不过环境比31温馨很多~
8957,果日中午本来想去新天宝既，点知要等三十几个位啊，即刻调头来呢度罗！\n装修都几靓既，位置都坐得几舒服，我地十二点三左右来到都无几个人，到九个字左右就坐满晒啦！\n要左个碌鹅，甜甜地，几好食；好似33蚊左右啦！\n要左半只五记得叫咩鸡，45蚊啊好似，五使点酱油既，都几入味。\n仲有个茄子青椒炒苦瓜，超健康既一个菜，而且炒得好好食，呢个二十几蚊啦。\n最后系一个湿炒伊面，以为五饱所以点既，五超过20蚊啦，不过基本上无点食，打包。不过呢个面既水平就及不上D菜罗！\n呢度既菜分量都几足噶！
8969,可能是住的比较近，来的次数也不少，每次都有新活动，本想不买的，但是当时觉得挺划算的，忍不住买了不少的东东，现在觉得还是可以的。
8970,非常不错的酸奶吧。\n    春去夏至，烈日当空，大概中午1点，和女友路过这里，地处闹市，但是招牌不好找……\n    店面不大，但是很干净整洁。\n    我喜欢本味的东西，就要了大杯原味酸奶，量可以，350ml左右吧，只要5元。女友要的木瓜香蕉的，6元。\n    原味的直接从展示柜里拿出来的，是已经封装好的，也可以外带。很有特色，是胶体状态的，类似蒸出来的鸡蛋羹，口感也有些像，很滑嫩。淡淡的甜味，奶味也不是很浓，但是酸甜适口，室外三十多度，进来吃一口（不能称为喝），真是惬意无比！\n不过吃到最后有些撑了……\n    水果类的酸奶都是现做，粘稠度类似超市买的那种，更为新鲜，吃起来很自然，不像加很多添加剂的感觉。为了入味，酸奶不同于原味的，算是液体状吧，不过水果实在是少得可怜，酸奶里面也没有水果的味道，虽然酸奶挺好喝的，遗憾……\n    总体上讲，很值得一去的小店，下次我还会买原味的，嘿嘿。
8995,双休日下午去的 人好多 等了一会位置\n座位和座位之间的间隔好小 私密度不是很高啦\n抹茶类的饮品还不错啦 培茶喝起来也很香\n下次试试新天地的 听说人少
9047,变成苹果花园就是不一样了\n这里早上有卖切碎的那种面包，各种口味，掺杂一起6元一斤，我觉得这个很合算的，而且面包也都是新鲜，只是形状不好看~~~今天早饭吃的就是这种称斤的\n蛋卷还是以前的价格，13.8-14.8元
9050,地理位置很好阿，在我以前學校那邊的。\n查了查就覺得誒這個好像不錯，就直接去了。\n找的是hanson。小伙子人很不錯阿。\n我説隨便剪剪好了，因為本身就對頭髮沒有什麽特別的要求的人。\n看到它們家好像在搞團購，現在滿街的團購我都無語了。\nhanson剪頭髮很認真的。\n把我的長頭髮弄了個新的中長髮型，超滿意的。\n看樣子，去之前在大眾點評先做好功課是很重要的\n我推薦hanson。
9057,麻辣串界，张正家是最有名的，大爱炸臭豆腐和年糕，外脆里嫩，沾点他们自己制作的酱，味道真是美极了。香菜卷也不错，脆脆的酥酥的，特别好吃。
9061,去巴奴吃火锅就是为了喝菌汤，吃前喝一碗，嘿嘿，服务不错，点菜的时候服务员说够吃了，不够再点，不让多点，还怪会替客户着想嘞。锅底还分什么植物油 动物油。
9080,朋友说是很正宗的泰国菜，实际味道比较适合中国人。菠萝饭还不错，炸的虾饼虾也蛮多的。香兰叶的水很好喝，总的来说是一个值得去的泰国料理
9096,每次必点柠檬绿茶，哈哈，我觉得超级有味，而且也不贵，我喜欢喝着这个，男朋友必选红茶，他喝绿茶会闹肚子，有点奇怪，呵呵，人不算多，而且给的小牌还挺有意思的，随便呵呵不错，不过能不刷卡，这个不好，有一次没有零钱，只好放弃了！
9098,去光谷吃饭后一起去过几次\n设施什么的都很一般，一般坐在包房里面玩骰子\n人也超多，学生娃很多，消费一般吧，不算很贵
9117,喜欢他们家的凉皮，特别好吃，我每次吃一份再带一份回家 。\n老板人也很好，每次打包都会给好多，不好意思。\n再加一个肉夹馍，也是6元，就是很美味的一顿晚餐了。 \n现在人经常大鱼大肉，偶尔这样简单的吃一顿，还真的很养身！
9129,摄影师：少杰\n化妆师：贝拉\n灯光师：刚子\n拍照日期：2011.04.16\n路线：共青森林公园-〉多伦路-〉桔子内景\n去年12月份的婚博会上订了经典套系，6套造型，2个外景，一对一跟拍，还送结婚登记照和宝宝卡哦\n相对于影楼，工作室的最大优势就是灵活，可以根据客人的要求提供贴心服务\n上午的拍摄有些紧张，下午状态很好，到了晚上拍内景，人其实有点累了\n感谢贝拉帮我造型，简单别致；感谢少杰综合我们的要求以及他的专业眼光帮我们选景，还要感谢刚子不厌其烦地帮我摆裙摆\n遗憾的是没有合适的裙衬，我自己的缎面白纱没有撑起来的效果，在桔子挑的大拖不是很满意，不知道是衣服按照套系分区了还是运气不好没有找到适合自己的\n虽然有这2点遗憾，但我还是觉得桔子团队给了我们一次幸福的拍照经历，因此毫不犹豫地在接到回访电话时給少杰和贝拉打了满分
9150,冒雨去的 没有找到地方 打电话却指错路了 结果领班知道下雨 居然跑到路口迎接我们\n服务真是太到位了 没的说 里面老外比中国人多 相对其他意大利餐厅 这边价格稍贵\n披萨是我喜欢的薄底 可以两种口味拼在一起 送的小面包棍和面包也不错呢 \n提拉米苏深得我心
9162,店在阳阳国际通向下面华润万家的楼梯夹层中，台湾餐厅看起来环境不错，人不多，挺安静的样子；门口设了饮品外卖窗口，单子上的种类跟其它老豆分店的一样，价格基本在5~9元一杯。\n有时路过会买奶茶喝，奶茶淡得要死，尤其是加冰块以后，比如尊享奶茶。\n有一次买的英式奶茶喝起来却是可可，也许是杯子上的热敏标签贴错了？在别家喝过英式奶茶不是这味道的说，椰果也忘加了，郁闷。\n服务态度倒是不错，接待的MM很热情。\n所有分店在做积分活动，5元以下饮料给1枚贴纸，5~7元给2枚，8元以上给3枚好像，10枚贴纸可换一杯5元饮料。
9170,去兜过2次，觉得性价比实在忒差。本来想淮海路开出来了可以去买买LEGGING和一些BASIC的东西的，价钱太不可爱了。摸起来都是尼龙，涤纶的料，颜色还蛮正。\n开了N久开出来的店，店员都打扮很潮，但是服务意思非常淡漠。不好。
9177,"罗非鱼（88元），很大一条，肉多刺少，关键是烧法很新鲜很独特，特别是鱼表面的那层酱料很好吃，值得推荐。\n竹笋鸡肉（42元），比想象中辣很多，但是很好吃，鸡肉也很嫩。\n蔬菜三鲜,马相不错，但是吃起来就这样，没什么特色。\n特色并咖（28元），端上来很精致，很有食欲，很起来闻起来都很香。\n竹筒饭（12元），败笔，就白饭很花生，真的不怎么好吃。\n不过里面的环境真的不错，很有异域风情和情调，值得一去！"
9272,我觉得这个钱柜满好的~因为比较新装修~算是比较新的店~\n地方交通线路还算方便，很多公交线路都能到的~\n不过我不喜欢自助餐，东西太难吃了~\n饮料都是冲出来的，其实要求也不要太高了，唱歌就是大家一起，开心而已\n价格取胜的好去处！
9284,菜做得还可以，特别是那个鸦片鱼头和红烧肉。只是菜都偏甜，个人感觉不太习惯。\n环境就感觉一般，主要是比较拥挤和吵闹。傍晚5点多的时候打电话去的，说只剩最后一张桌，害得吃完下午茶一个多小时就要吃晚饭，但其实7点的时候已经空了不少的桌子。早知道就不用这样赶着去。
9316,比较多逛女装那里，感觉比以前龙翔或是明珠那里好一点，不会你一不买就给脸色。价格也还算适中，不算太便宜，也不能说贵。就是觉着整体店归类不是很好，可能地方有限吧，不过这么大的市场里面还是能全面的找到自己想买的东西。
9332,口感也就一般，它家的蟹黄豆花还行，口水鸡不好吃没有醋的味道，东西挺贵的量比较少，而且就餐的地方没有洗手间得去商场里面的，总之我不是很喜欢。
9333,离家比较近，每次饿的时候都会想到凯撒大帝，挺好吃的，饮品种类不多但是都还不错，不糊弄。价位也能接受。店面干净整洁，服务员态度也好。
9352,偶滴母校\n有小学部和初中部\n九年一贯制的\n不过我五年级就转到别的初中去了\n结果导致不发给我小学毕业证书\no(╯□╰)o姐姐我到现在小学都没毕业\n还好小学毕业证书不重要\n学校挺不错的\n以前叫二中心\n后来帮这里的启新小学并掉了\n然后貌似校长么以前是洋泾中学的副校长\nN年前是这样\n现在不知道有没有变过。。。
9359,店面很整洁~但是不得不说有点过度服务的感觉~导购小姐都太客气了~让我觉得有点不适应~\n蛋糕的味道还可以~但是觉得没有标价那么值~而且比较容易腻~吃一点就ok了~
9385,24号晚上去看的寻人启事，还挺搞笑的，演员们都挺敬业，演的不错！上座率还可以有个7、8成吧！就是停车是个问题，那晚是圣诞夜，边上停车库的保安说，从中午开始包括南京路上的就没有停车位了，很多车要过夜所以直接导致没空余车位，他建议我们到福州路那边去碰碰运气，兜了一圈，最后停到明天广场去了，感觉很远，其实也还好，走路6、7分钟也到了
9404,一看到土豆色拉就挪不动脚啊.\n特别还是有蟹肉在里面.\n安慰自己白天吃多了.吃吃色拉健康营养啊.\n味道很棒.蟹肉也很新鲜.\n就是木有叉子啊!! 伤不起..不在家吃让我上哪里去找叉子.. = =
9413,周末去宜家，不想去宜家餐厅里人挤人，所以就随便找了个附近清净的地方。\n用材都很新鲜，咸淡适宜，可圈可点。总体来说还是很不错的一家店。\n面疙瘩应该不是用普通面粉捏出来的，倒有点像水晶饺子皮的口感，的确比普通面粉做的口感好了很多，汤也浓淡适宜，很不错。\n牛排骨有点小贵，但是做得挺不错的，肉质也很鲜嫩。\n双拼的河虾，清炒的虾仁偏咸，油爆虾偏甜，味道还都可以。虾都还挺新鲜的。\n白菜栗子挺清淡爽口。就是栗子有点硬，要是再酥点就好了，偶只吃了一个。\n虾爆黄鳝上面浇的是番茄酱，不是偶的口味。黄鳝外的面糊和黄鳝的口感比较像，所以就混在一起了，没有外皮酥脆的口感了。\n送的冰桔汁难得的好喝，估计是没有加糖的关系故深得偶心。\n装修很简洁，就是店面积不大的关系，里面堆放有些凌乱。\n总体来说还是很不错的一家店，有用心在做的感觉。有机会应该还会去的。
9416,很久不去的大娘水饺，家里没吃的，突然想到，就去了\n2两青菜猪肉，辣油很香，寡吃~~饺子变小了好像\n大骨头汤，涨价了，不过一直还蛮轰喜的，小时候骨折常吃的东西\n吃光光！发现大娘水饺家的碗还蛮好看的~\n反正是随便吃吃，我还是轰喜素三鲜，不过么的那天\n收银的MM态度哈能表那么不耐烦，也表企图强制消费。。。
9418,因为离家近，因此选择在这里生孩子。护士们都非常厉害，很凶，墙上也没有就诊流程，总也看不到导医，本来新来就不知道程序，又没人告诉，问护士护士们还冲你大喊大叫，要是喊叫出来什么内容也好，喊叫完你还是不知道它在说什么。人超多，除非办预约挂号卡，否则排队能排死。就算办预约卡了也预约不到专家号。本来预约卡是可以提前两天从零点开始预约，我在零点打电话竟然还不能预约，于是我怀疑是系统还没改过来日期，等了十分钟可以预约了，但是4个专家，所有的号都没有了。实在是让人怀疑，凌晨零点，只十分钟的时间至少上百个号，全部都没了，肯定有猫腻，如果说没有和票贩子有一腿，打死都不信。
9419,吃过后觉得还行，很多人就是冲着他家的粥来的，喜欢吃清淡点的朋友去尝尝口味还不错，不过等的时间有点长，服务质量也不怎么样
9433,一个快餐形式的店，对于我们不爱做饭的人来说是实在不错的选择\n各式各样的馄饨，盖饭，每种都是看起来就要垂延三尺了，吃起来也是特别的可口
9455,就是不喜欢！\n种类也不是特别丰富，而且味道都不好吃，没有一样出彩的。总之，性价比太低了!\n如果是只求吃饱肉不求味道，可以考虑一下金汉斯或烤肉摊。如果是在乎味道和环境，那就考虑一下戴斯酒店或香格里拉或索菲特雅箸。
9456,就买了核桃派，价格不便宜一个18元。核桃味道很纯正，如果只想吃核桃的话，建议直接到超市买核桃吃。下次再去尝尝其他款的面包。
9481,各种各样的泡芙 简直花眼了 饱满的一个个 也不小 馅料很足 保证一个就满足你 哈哈 值得一吃的呀\n有机会来 再吃吃 哈哈
9486,到了西安第一天就下大雨，中午饥寒交迫的到了博物馆，直接拐弯进了翠华路找樊家。\n那天实在是很冷，所以觉得他们家的肉夹馍很好吃。\n揪面片也不错，有特色，一大碗全吃光了。
9491,还不错的网站。喜欢喜试网的喜元换购活动。换的舒耐喷雾不错。想换纸巾的太热门了已经被抢购空了。我最近才加入这个网站。觉得还不错。
9541,双皮奶好香牛奶味，好滑，唔会太甜，吃晒都唔觉得会腻，红豆也不错，冻吃都好好吃。经过都想吃碗。就係灯光太昏暗…
9561,上高中那会总去的ktv，价格比较便宜，音质也不错。对于学生来说算是个不错的选择了。而且地理位置好，唱歌前后可以去泉城广场附近逛逛。周围吃饭的地方也多。
9562,进入料理店的第一感觉是色调暖暖的，可能受到了外面风吹雨打的影响\n本人对日料没有很多研究，可能评价的不是很专业，唉~\n本店沙拉\n味道不错，口感很好，有很多东西是在以往的沙拉中见不到的食材，很喜欢\n刺身拼盘\n介个，超喜欢，食材都很新鲜，很有口感，一片片都很厚，但是吃到嘴巴里都很嫩。我十分不清什么鱼什么鱼的了，就是觉得很好吃哇，喜欢。但是觉得芥末不是很辣。\n烤鳗鱼\n鳗鱼一直都很喜欢吃，鱼味很重（介个不知道该怎么描述出我的感觉了），肉挺嫩的\n煎牛肉块\n这个也比较推荐，肉的口感很好，正合我的口味，吃的超多，肉比较饱满，火候应该是掌握的很好，配菜沙拉也很不错，喜欢喜欢\n \n炸猪排\n这个猪排配酱很好吃，猪排肉口感很好，吃着很香，消灭的很快\n蒜煎鸡胗\n这个没吃出蒜的味道，有点像那种酱出来的味道，但是鸡胗哏哏的口感很是讨好，不错\n炸鸡软骨\n吃的时候觉得味道有点单调，吃完了才注意到周围的有配酱，但是不知道是不是搭配吃的，但是软骨的口感很好，脆脆的，不硬，虽然热量高，我也是吃的轰轰烈烈的。。。\n焗生蚝\n这个一上来，焦黄焦黄的颜色就让人觉得很有食欲，口味不错，就是偏咸，里面还有一些菜，吃起来蛮好的。\n烤青花鱼\n我很少吃鱼，所以这个吃的不多，觉得鱼皮比较腥，但是肉的口感很不错，鲜嫩的\n叉烧肉\n这个比较好吃，肥瘦间半，吃起来没有看着那么腻，但是考虑到自身体重，没敢多吃\n寿司拼盘\n这个也是大爱啊，很实在，口感很好，味道也很好（唉，此时已经词汇匮乏，对不住）\n尝了旁边配的粉姜，哈哈，也很喜欢。\n说到这里，插一句：感谢佐藤盟未mm一直的讲解 和介绍，哈哈，大长知识哇\n蒜蓉生蚝\n比起焗的，我更喜欢蒜蓉的，口感咸淡正宜，生蚝的味道比较突出，鲜美的很\n炸天妇罗\n这个只吃了个虾的，吃的时候感觉很不像虾，太嫩了，配的汁没吃出什么味道，但是整体口味还不错\n松茸汤\n这个感觉很精致的，将柠檬挤到汤里，倒出来的清汤特别清，但是味道很浓，很难形容，有点柠檬的味道又有点蘑菇之类的特殊的味道，说不好，但是很好喝。\n特制花式寿司\n我挺喜欢这个的，不知道具体用了什么食材，但是吃到嘴里的时候感觉很丰盛，很饱满，口味比较柔和。\n牛肉炒辣白菜\n有点咸，据各位大大们说，腌制的菜炒东西都会难把握盐量，我是没经验，但是这菜如果给我一碗米饭，我会呼呼的吃的很香。\n水果布丁\n这个吃起来有点芋头的味道，还不错，虽然很撑，但是也打扫干净了，不错不错的\n对对对，还有果汁，芒果的，很好喝，很浓\n大家自己去吃的，建议尝尝刺身和寿司，因为感觉真的很值
9574,在回民街晃悠的时候突然想吃饺子，看到门口挂着硕大的饺子王的招牌，屁颠屁颠的跑进去，服务小妞问，来几斤啊，顿时吓傻了，我一小妞能吃几斤？5秒钟后回神，多少起卖？ 3两？好，那就来个三两吧。\n水饺只分牛肉羊肉的，水饺上来后发现酸香扑鼻啊，浓浓厚厚的酸汤里飘着18个白白胖胖的水饺，看着就有食欲，牛肉水饺是伴着韭黄馅的，不油爽口，就着酸汤，一口一个，不知不觉全都吃完了，感觉酸汤里料很多啊，真好吃。
9593,"当时买的时候感觉里面的图案太吸引我了,就一下子买了3幅,2000片的油画,1500的酒瓶,1000片的静物,花了800多,办了会员卡,我先拼的是2000的,因为工作的原因,当中停下来一段时间,今天再去拼得时候后发现都出蛀虫了,如果说出虫是正常的话,但是单片的拼图居然上下层分离了,下面的底板和上面有图案的那层居然分开了,买了那么贵的拼图,怎么跟城隍庙的质量一样的?"
9599,去了两次，第一次因为被无视所以没有吃成\n第二次去的时候没有什么人，所以直接吃了\n服务员就在旁边，随叫随到了，不过人一多的时候，服务员很明显就忙不过来了，啊呀呀\n好乱好乱的，这里叫那里叫，明显不够呼应的嘛\n如果是在角落的客人肯定是要被无视的啦\n说说味道，味道其实还行，不错\n牛肉啦，羊肉啦，都很新鲜，吃起来蛮入味的，酱料什么的感觉不多，不过也不差\n蔬菜什么的量还蛮多的，一把金针菇吃起来好爽的，嘎吱嘎吱～～\n服务员其实也蛮可怜的，一直在忙个不停，还被抱怨干活不卖力，想想也蛮可怜的
9623,文火烤寿司拼盘，真心好吃！！一端上来，香是香的来，很好吃。\n寿司王子卷，还行吧，25块4个，感觉性价比没有宝寿司的高哦。\n炸鸡块饭，里面的鸡块满好吃的，很多汁呢，饭的量不多，女孩吃可以，男孩的话肯定不够吃。\n炸虾寿司卷，只有4个，要18，性价比比较低，不推荐。\n总体来说，东西不贵，口味不错，下次经过还会吃的
9673,"i蝴蝶很不错，伊冯的里面的苹果很有特色，牛肉火锅很大个量很足，就是有点偏咸了，刺生真心一般，性价比比较低，但是有一点，我觉得里面的大师有点不大讲卫生哦，做寿司都不用手套的，钱收收，三文鱼切切，很扣分，还有！！！淡水路上千万不要乱停车，被贴条了，饭前+200,。"
9700,现在已经改名富春花园，进园子前看见人大包小包的打包包子有点好奇，但是人太多而且都是旅游团，不想凑热闹也就没进去，从个园出来已经过了午餐时间，人不是很多，就进去尝了尝，推荐的虾仁蒸饺，蟹黄汤包，翡翠烧卖，三珍素包都点了，还要了烫干丝，三丁包，五丁包，千层油糕。\n  南方面食的面都是偏甜，所以略带甜的口感还是不错，千层油糕就是多层的糖馅发糕啊！三丁包，五丁包就是把馅料切小丁包起来，比较油啊，而且肥肉不少：（蟹黄汤包，我不知道怎么来的名字，我是没吃出来蟹黄昂~ 三珍素包就是素包子，三珍？不好意思，没吃出来！翡翠烧卖，通俗地说就是青菜加肉的烧卖，烫干丝的刀工还不错啦，就是很咸~ 相比较而言，唯一可推荐的就是虾仁蒸饺了，也是唯一一个我不会吃一两口放下的。\n  我是相当不明白啊，难道大家真觉得好吃而打包那么多么？真郁闷啊，这顿饭吃得我晚餐没有任何胃口了。还得说句，这里面餐具啊味碟啊杯之类的都是放那里自取的，大家要是都有序拿也可以，可是我看了好多人都是拿起来放下拿起来放下的，太不卫生了，还好我包里有自带的餐具。店家给收费的一次性餐具和不收费的餐具两种选择也好啊~ 唉，我下次宁愿饿着也不在景区周围吃饭了！
9720,朋友带着过去吃的，据说是新开的，交通也比较方便，环境还不错，两个人就点了3个菜，猪脸双拼据说是这里的特色，就点了一个，看着挺好玩的，味道还不错，朋友很爱～～富贵猪儿耙，这个菜挺可爱的，就是有点贵，味道还不错，喜欢糯米口味的。橙汁大白菊也算是一个特色菜了，口感比较清爽。总体来说，价格有点小贵，还好是朋友请的客，^_^～
9724,每天都是人满为患，晚上桌椅都会摆到大街上，呵呵， 要是饭点上去，肯定是没有坐的，喜欢吃韭菜馅的，老公喜欢吃煎饺，晕死，好像湖南人都喜欢油炸的食品，小菜很多，味道不错，曾今有一段时间老公天天去吃水饺，问其原因，只是因为我爱吃
9726,从黄龙过来也就2-3站的路，打算去玉泉看鱼，但是下公交车的时候是没有发现具体位置所在，路上碰到好心的当地婆婆和为我指路，其实玉泉是在植物园的公园里面。\n    整个植物园范围其实是很大的，“杭州植物园”的大门所之处的道理是开放式的，有量公交车是直接驶入的，当然其他的社会车辆也是可以驶入！我去的是时候道路两旁正是广玉兰盛开的时间，粉白粉白的，煞是好看！悠长的路有直也有弯度，拍写真、拍婚纱的有好几家影楼都在这里拍摄呢！\n    植物园北门进去也就是玉泉所在第，这里是要收门票的，10元/张，我既然走了不少路当然是要进去看鱼的，离去里面景色还还可以，有水、有楼阁、有树林，还有“山外山”菜馆也在这里，这个到是没有想到的，后来我还在这里吃的午餐呢！
9770,被哈韩的小姑娘骗去的\n三个人去的~吃的好少，因为太难吃了。\n价格在港汇里还正常，小贵的。什么牛肉粉丝汤要50块~\n但是那个菜就是沙县这个档次的啊！！\n辣年糕没有釜山料理的好吃，有点辣，鱼豆腐太少\n章鱼盖饭没有图片上的好看！就是盖浇饭，一大半都是红椒和洋葱。里面的香菇很好吃，章鱼咬也咬不动。\n千万不要去！
9773,香港行第二天的第一顿！！因为第二天就是为了购物去的，所以那天睡到8点多就起床了，准备去喝早茶了～首选肯定是稻香了，没想到这家离开酒店是那么的近，走过去就是5分钟的路程，方便啊～所以我大爱我们的那个酒店，太方便了！！\n进去没有等位，坐下后，我们开始闹笑话了，哈哈～因为人家给了两壶茶，我们随手倒了一壶，发现就是类似白开水嘛，然后我和LG还在说呢，这6元港币一位的茶水费，茶水也太淡了吧，么想到在我喝了一口后突然想起，大家有说过，貌似一个是洗餐具的。。。马上回过神来哦，哈哈，打开另一壶，浓郁的红茶正泡着呢～！OMG，我们居然喝了口那个洗碗的水，不过还好，那个实际上就是热开水啦～～哈哈，我们两个笑死了，巴了接棍了呀～～\n茶水实际上当然是很不错的，然后我们就点单了啊～因为本来决定还要吃点其他小吃的，所以这里点的不算多，不过实际上后面我们都在狂买，也就来不及吃，这顿照例应该多吃点，吃到撑的～后悔啊～\n点了大家都推荐的虾皇饺啊，皮蛋瘦肉粥啊，～还有我们自己想吃的炸云吞，一个什么鸡丝的卷，一个脆皮叉烧包～等的时间比较长，但是味道可圈可点，特别喜欢那个皮蛋粥丫，怎么可以那么好喝？？？？粥又稠，又香，那个味道哦，是我在SH从来没吃到过的粥的味道，肯定是加的什么自己家的蜜汁？？？好吃的 呀～～其他几个点心也不错的～\n吃好差不多也是10点半的样子了，我们就结帐付钱准备去SHOPPING啦～走的时候，还有人等位呢，多红火的生意哦～下次去HK，还要去～～呵呵
9784,比较朴实中规中矩的本帮菜。。。。。听上海同事说，这里红烧肉和家里焖出来的一模一样，好像其他馆子就找不出那么家常味的红烧肉了。。。。还喜欢吃青笋烧牛蛙，也比较有味道。。。。。装修比较旧，光线暗淡……
9817,茶香鸡不错哦 青豆泥有点甜 比较特别 但偶不是很喜欢 环境不错 价格很好 两个女生4个菜2荤2素 点多了 值得下次再来哦
9848,小的时候，这里和东四小吃街是多么让人期待的所在啊，还记得余元唐，杏仁豆腐的美味，奶油炸糕也很让人怀念，似乎小吃街上的炒面都是好吃的。现在全变味了，价高，味寡，质量差，小商贩们的态度更是烦人，不买就嘟嘟哝哝，老外拍个照，炸了毛一样大声叫骂，作势动手，真没想到在这么面子工程的地方后允许这种事情发生，丢人！！
9898,现在很流行的奶茶之一~上次公司同仁为了某件事情庆祝就叫了他们家的奶茶~我要的是三兄弟!味道很不错哈！后来知道了这次牌子~路过外国语旁边这家店都会买杯喝！
9903,在旁边的新东方住，所以中午就来这里吃饭了，因为就一个人，感觉店家不是很热情，看了20分钟菜谱也没有人过来点菜，价格中等，环境还可以，一个人吃了四十多吧，不算贵，客人不多。
9912,我孩子在80中上学，天天来，早晨是早餐，下午放学在此写作业等我们接她回家，孩子要肉串，这里的服务还可以，我办理一张消费卡。就是回民口味，我感觉拉面汤太浓厚一般，我接受不了。上周有一次晚饭吃盖饭，吃完胃疼，米饭太硬了太凉，希望能改进。24小时营业很方便。拉面现在也涨价了。
9913,在不在里面已经没有很大的差别了，就住在边上，还是能看到楼，不过站在那个江湾城路的丁字里口还是能看到东方明珠的，视野很开阔，季节变化的时候河里会有湿气上来，比较吓人。
9941,"观海A.\n如果运气好,就坐在这个位子上品尝一顿美美的海鲜餐吧~\n其实九龙塘的露天位子,也就是和春秋两季可以坐坐了,太凉或太热都会影响食欲..\n观海包房最低消费1100块.3~4位以上的话其实选包房也不错,环境好,设施齐全..\n列这次点的菜单给大家参考一下(2人份).\n中鲍鱼..25块一只.做了鲍鱼捞饭,每份加收5块.\n赤棕鱼~便宜又好吃的鱼~15块一条,干煎~.\n苦螺.38一斤~\n大白虾68一斤,白灼.\n膏蟹135一斤..点了一只葱姜炒,差不多160几块.超多蟹黄~~\n血结菜..这个是福建当地的菜吧,反正其他地方没吃到过噢.18块一份.\n雪晶8块一瓶~雪碧也是8块一听~另外每位有2块钱的茶位费.\n可以刷卡..记得拿发票.因为我们挂中10块钱,在厦门待了4天,有2天都挂中10块,嘿嘿..\n如果没开车的话,可以让服务生帮忙叫车进来,否则走到外面路口也是有些小远的.."
9957,想了好久，终于今天下午去了……\n位置很好找，工人体育场北门对面，注意是“场”噢。\n可能因为清明假期之后上班第一天，人特别少，环境特别安静。很舒服，很放松。\n做的周一至四下午五点前进店的中式全身，60分钟，110元（以前是95，4月1号刚涨了价）。\n不经常按的缘故，技师用力大些就会觉得有些疼和痒，不过做完微酸的感觉还是挺舒服的。全身按摩从头到脚都会按，只是相比足底，这个按背和肩的时间长很多，脚只是简单按按，所以我觉得脚不是很过瘾。白天特价110的还有足底，是80分钟，技师说那个足底也可以一起按按手啊，腿啊什么的，准备下次直接足底，按完不过瘾再接着按个全身。\n按完吃了三明治和水果沙拉，分两都不大。无功无过。不过按完在窗前静静坐着吃一点的感觉还是很妙~\nPS.房间还是应该开空调，刚进去可能有一点热，不过如果关了空调按一会儿就会觉得有些冷。所以还是开着吧：p
9982,（周五中午陪领导请更大的领导吃饭，喝了两杯，晕乎着写的点评。今儿回来一看，都写的什么跟什么啊……没说的，改！）\n请客啊，请客，如果不是有人请客，打死我这辈子也不会去这种地方的吧。\n在西便门桥往西，从东往西过来看着“顺峰”的招牌走就对了，他们两家在一个楼。\n醉翁之意不在酒，吃饭之意也不在吃。所以挑这里吃的多半是冲着环境和服务。饭店内部装潢典雅而又富丽，包间设施丰富，服务员笑容可掬态度热情。\n我们的包间在三楼，可是窗外有绿植，一时恍惚，没搞懂这海拔关系……呵呵\n一听名字就知道这里主打应该是粤菜海鲜类的，不过我们主题不在吃，所以除了点了过桥鱼和每位一例的参鲍菜品嘛，其他都是些清淡的菜品，我个人偏好清淡口味，所以感觉总体来说挺可口的。参鲍汁泡饭吃，香！\n过桥鱼可能算是招牌之一吧，是每位一份的，事先每人面前给摆了一碟调味汁，感觉有点像过桥米线的吃法，估计这就是菜名的来历。不过我没有蘸汁，就直接吃的，鱼肉白嫩而无刺，不蘸汁能吃出鱼本身的鲜味来，很好。\n还有一盅汤，是枸杞叶做的。一般人吃枸杞，很少吃枸杞叶，很新鲜。汤色碧绿，看着养眼，吃着养身，大爱！\n比较可惜的是一碟点心，看外观应该是我最爱的甜糥型。但无奈时间紧迫，点心上桌的时候已是尾声，大家都开始互相告辞了，就没好意思吃，真可惜～～
9992,这里总体来说还好了 特别是宵夜 有段时间经常去那里宵夜 很多口味 很多选择价格又便宜 除了有点吵 另外没去过的人不大好找 推荐去试试
10024,两个人吃了小200\n实在是点了太多啦！\n觉得烧麦一般很像大学时食堂早餐的那个味道\n另一个我忘了是什么了，有大虾和肉的小蒸笼，很好吃！\n还点了沙茶牛肉，沙拉中式的不错\n芝士塔是我爱吃滴，哈哈\n蟹黄豆腐太咸\n果茶好喝，不过蓄水时服务员直接拿了壶让我们自己到 - -\n点餐时也很不耐烦\n不过有个送餐的很帅，哈哈
10038,大学时和室友去看的伤城。\n电影院没有太大印象了，只记得很旧，不会再去。\n不过对它家楼下的电玩世界还是情有独钟。\n1元3个游戏币，比汤姆熊性价比高多了。\n玩的东西也很多
10055,和朋友去看完电影闲逛的时候买的，要的朗姆酒口味的冰欺凌，感觉还不错，有淡淡的酒味，不仔细品尝的话会以为是咖啡味的。
10056,经常逛，商品齐全，服务很好。特别是那个卖电压力锅的大姐，介绍产品特别周到，还教了好几样拿这个锅做的特色食品的方法。买锅回家，立刻尝试，效果很好，味道很棒。
10067,针对年轻人的一家百货场所，里面装修不够时尚潮流。\n针对新新人类的一家消费殿堂，里面品牌还有待继续进驻。\n感觉里面拥挤不堪，每家店铺的规模都不大，自然服装款式也不够齐全了。
10075,会被她们家吸引的应该都是女生吧，口味甜甜的不腻，买了幸福袋，感觉像烧麦的样子，但味道还是挺不错的，以后有机会再买堂岛卷，消费能力不够啊~
10084,国家级的最高学府，中国领导人的摇篮！\n地方太大了，还好有出租自行车的，节省不少体力！\n给孩子加强教育，从小树立学习目标，其实是给孩子压力！
10089,农历生日个时去既~\n之前一直都无机会去，一见到距开张就好想试下噶了~\n既然生日，比个机会人地请我食饭啦，哈哈~自己也享受一下~\n呢度既鳗鱼寿司系我食过甘多间日本料理最好食既~胜在够肥！可能我见识少啦，哈哈\n其他就无咩特别~无咩好讲\n之前钱库有优惠券，消费满150就有一支清酒送\n我地都无刻意想换，但系食完计埋茶位之类既，刚好150，无多无少~甘就意外多支酒了，呵呵~
10090,"看了点评兴冲冲地去, 期望过高了. \n七七八八的点了一些,腐竹,鱿鱼,魔芋丝,大白菜,金针菇,土豆片,鸡翅,笋尖......就过100了, \n关键是没想象中的那么好吃, 好咸呐, 也不怎么辣. \n大食代里就吃了2家的东西, 但是都很令人失望."
10103,爆肚超好吃。肉厚了点，不知道是切工不行还是老板实在，老板四十多岁的人，很潮。来北京旅游吃两次了我们。贵有贵吃。
10126,一般般的聚餐的饭店。环境一般性，服务倒还可以。菜的味道总体还算可以的，价钱不算很实惠，特价菜什么的还可以，但是很多精品菜什么的很贵，看你怎么点了。\n自制面筋煲：15元。味道很不错，面筋很好吃。蜜汁黑豆：8元，黑豆煮的很好，甜甜的蛮好吃的。炝牛百叶：调味很好，就是量少了点。海鲜汤还是叫一锅鲜之类的，68元，料很十足，蟹虾蛤蜊牛蛙黄鳝~~汤肯定鲜的啦。脆炸鲜味鸡，味道也蛮好的。\n炸猪爪，20元一个，可以要求切成两个或4个的，这个不灵，炸的太干的。还有个饼包鸡肉丁的，这个也不灵。洋葱太多了。
10146,味道到时挺好的，还有口味，就是有点贵，量有点少。点了四个菜，两个人才刚刚够吃。\n不过挺适合情侣约会的，而且那里的位置也不错，旁边也是西湖。
10205,"玉玲珑精致景观餐厅里面的环境还是很不错的,\n在这儿吃饭的顾客也是特别的多,\n基本上每次来吃饭都是要等桌位的,\n这家的淮扬菜在这儿还是小有名气的,\n我特别喜欢这儿的鸭血靓蹄花,里面的蹄花被烹饪的特别的嫩,\n吃在嘴里粘糊糊的,很有口感,\n扬州炒饭也是相当的不错,\n里面各种各样的蔬菜丁,\n看着整碗炒饭都是非常的丰富啊!"
10216,经常去UME看电影，一直觉得这家店的装修风格很不错，看点评网上大家的评价都不怎么好就拖着没去。昨天实在没地方好吃饭就进去看了一下。的确如大家所说的那样子味道不怎么好，不过环境还不错啊，小时候很喜欢看漫画的，很怀念。在这里坐了一会儿有种回到童年的感觉，旁边坐的几桌都是90后的孩子。我点了一个咖喱牛肉饭，味道还可以。老公点的意大利面实在是难吃，想吐的感觉，橙汁味道还不错。烤鸡翅膀味道不好，有鼓怪怪的酒味，大概老酒擦太多了！！！大家要吃的话还是尽量点一些饭之类的那些应该做的都不错的，面就别点了，不是他们的强项！！！
10249,也就是一般的环境和服务， 我去的时候是晚上没有顾客所以两个小姐一起帮我做的手脚，还是很快的。 \n技术也很熟练。总体感觉不错
10259,曾几何时 这家的午间套餐是最划算的 三四十元一个菜 配米饭蔬菜汤\n几个人一起吃 可以满满一桌菜了 公司的日韩人士都非常喜欢 \n而且中午菜的质量一点都不差
10263,去这里纯属娱乐，作为一个精品超市，的确商品满目琳琅，看看视觉都是一种享受。\n一进来看标价，顿时感觉好无语，要是我肯定不买，贵啊。\n但是免费试吃是非常给力的，肉柚的味道狠好酸甜口，不会发苦，不像某些柚子，买失败了酸苦酸苦的。\n苹果块，吃起来的口感也不错，最要表扬的是鳕鱼，吃了之后就会发现什么kfc都是浮云啊。\n真心好吃大鳕鱼，据表妹说价格不菲的鳕鱼是正品，恩恩。\n其他就没什么好说了。\n所以说face只要厚，一切都ok，如果你face不厚，就带厚的face的小朋友，去ole试吃，惊喜连连啊。\n其他的满目琳琅的商品标价太高，我止步不行，不过有的沙拉好便宜好大量的说，还有冰淇林她家的还是不错 的。并不算太贵。
10286,感觉还不错的一家店、是经常路过、但进去却没有几次、呵呵、、比较循环跑远一点吃、不过这点到挺不错的、整洁干净、服务态度又好啊
10296,他家的包子算是京城出了狗不理以外最贵的吧。不过确实很好吃，皮薄馅足，特别是全虾馅儿的。\n有免费的调料，可根据自己的口味调配，包子可以外带，会有专门的打包餐盒，这一点很人性。
10333,很贵，但是很好吃啊\n松露是我们自己带过来的，从云南运过来的，据说他家店里的菌类也是从云南空运过来的\n松露，松茸，牛肝菌都做的非常好吃\n不仅炒了，我们还涮了一些，不同的味道，但是同样的鲜美\n饭吃了一半，还有一些阿哥阿妹来唱歌敬酒～\n装修的风格其实我不是很喜欢～感觉花花绿绿的～
10342,小李汤包店不是因为在外婆居家旁边，还真不好找的地，隐藏的巷子里，早就有耳闻\n去外婆家，早晨就会与外婆外公一起去这家吃早餐，虽然店名打着汤包的名义，店里还有很多别的小吃\n鸭血粉丝汤就不错，还有烧卖，混沌之内的，汤包主打，皮薄薄的，肉馅很足，汤汁咬在嘴里要小心，\n很容易溅出来，汤汁很鲜，鸭血粉丝汤，分量看着不多，吃完一份，却有足足饱满的感觉，吃早餐不错的选择
10349,我妈听她们单位同事说了以后，上次特特意跑到鼓楼去买的\n味道一般般，并不是特别好，还不如我家楼下的\n每一个栗子的皮和肉都是黏在一起的，郁闷
10354,真是后悔原来刚在杭州打牌子的时候没有去试一下，搞到现在150一个人，还热的要死，哎\n大家的评价太好类，搞的我心痒痒的，也想去试一下！离家近一点，就在万象城吃吧，礼拜6 的万象城人真不是一般的多，3层的地下室车位找了好半天才有，还好到的早5点，人还不多，找了个出入方便的位置，开始点单，水果沙拉，火龙果，木瓜，芒果，综合，刺身，综合，沙棘，北极贝，甜虾，冰镇虾，寿司统统不要吃，茶酒蒸，文蛤汤，南瓜汤，玉米浓汤，蒸蛋，铁板烧竹蛏，生蚝，扇贝，牛舌，羊里脊，银鳕鱼，鳕鱼，好多啊，都不记得了，虽然一盘盘MS吃了好多，但是都没有啥特别的印象啊，就觉得少的比点的少都了去了，总是要重复的点，才有的吃，要不然肯定是盘子空空
10355,因为离家很近，从刚开业到现在去过四五次了，越来越不好了，之前刚开业的时候东西很多，晚上还有演出表演。现在晚上都没什么可吃的东西，以前自助沙拉里面好歹还有生菜、苦菊、甘蓝什么的，现在直接就是圆白菜了。培根纯肥，热菜也是种类不多，牛排上次去的时候都没有了。价钱也不便宜但是东西越来越少，服务也不怎么样。再也不会去了！
10356,布里焦糖7，外皮脆中带甜，面包很有嚼劲，好吃哒\n蓝莓面包5，中间是蓝莓夹心，酸酸甜甜~算蛮正点的口味\n菠萝包5，店员推荐说是特色，是不是怕卖不完呀，没觉得有什么特别的，中间就椰丝拉，很普通的菠萝包\n黄桃丹麦6，黄桃挺甜的，丹麦外皮不够脆，酱少了点\n海绵蛋糕5，很柔软，比较清淡，不错\n肉松卷5，肉松很多，面包很湿润，酱再多就更好了闹\n服务还行，会很热心的推荐，可惜推荐的味道都很一般，不和偶口味，囧
10364,现在动物园感觉没什么玩的了，动物满多，但各展馆都2次收费；\n门口的小摊也是特色了，生意很好，去那总能见到各种你没见过的山寨水；\n带着小孩可以去逛逛的
10409,确实是挺好吃的，10元三个的琵琶腿，很香。\n不说没发觉，真的是一到那十字路口就满街飘香，他们的调味很浓，我那天买回去吃的时候也是狼吞虎咽，当然也是因为那段时间没什么油水所以反应比较大。。。\n饿着肚子时吃肉好香。
10435,味道还不错的茶餐厅，虾饺、肠粉感觉没有金鼎轩的味道好，凤爪不错。可能因为人多的缘故，上菜速度比较慢。价格适中，整体感觉还可以～
10459,[口味]：路过有点名气的正大鸭血粉丝汤了 但是不打算吃鸭血粉丝汤 加上手上拿着coco的饮料 于是各买了个咸的烧饼 不晓得为什么不是热的 吃着感觉一般啊 \n[环境]：小店环境一般般 烧饼就放老板面前  \n[服务]：老板比较冷淡 属于爱买不买的情况\n[评价和建议]：烧饼只是一般 鸭血粉丝汤 以后再说吧。。
10465,当时鲜肉小笼一笼五元八个而且有汤汁味道也是我喜欢的喔 环境一般还算干净 几张桌子 店面不大 有其它吃的不过没吃
10483,这个大卖场每次我们来这里逛的时候就会顺道来这里看看\n这里的打折还是蛮多的，有的时候好像比其他的更多些\n估计这里的人流量比较多，每次去这里人都很多\n最近也有很多的活动，还可以啦。想换个空调，就看了几款\n好像过段时间折扣更大，到时候来再看看
10497,是个适合聊天谈话的地方，灯光迷离，分成几个区域，装修一般不过很舒服。\n很喜欢他家的蓝莓芝士蛋糕，口感相当的不错，服务方面采取自助，点的东西做好后服务生会来通知你去柜台自取，柜台配备了各类勺子、纸巾、糖等。
10509,7天的老会员了，感觉住了那么多连锁酒店，还是7天性价比最高了。服务员很好，看评价怕有火车过去要求换房间服务人员很爽快的同意了。卫生状况非常让人放心，无线网络也快的出奇，很推荐
10514,调料味道不错，大盘肉性价比高，菜量也大，又送豆浆等饮料。可鲜肉不如老五四季的好。价格非常公道，还送券。可刷肉本是夷族的吃食，味道很单一。可涮肉馆都很忙。，还有许多麻辣的地方也是人满为患，麻辣最好做，可做好却很不容易。 这也证明了我的看法：有味觉的人真的很少。
10531,装修豪华，宽敞，是商务宴请的好地方。汤的做法很独特，不油不涩，既有营养又有味道。最大的问题是不能常去，因为太贵了。不过好东西也是不能常吃的。
10548,离家很近，去吃过几次，没有什么突出的特点能让人一下就记住\n环境：店内装饰、布局还可以，不会有拥挤局促的感觉\n服务：店内服务员人数感觉不太够，服务时常跟不上\n口味：辣锅一点也不辣，试过3种辣锅了，都不够辣。菜的份量还是比较足的，也比较新鲜。自助小料挺贵，可选性也比较小，不喜欢。饮料有3元/人可以无限续，但总觉得他们会把客人喝不完的水全倒在一起接着给后面的客人。
10604,雪锅之前食过，这次过来购物，所以选择这个，可选择的不少，而且材料是新鲜的，有学生证而且排队卡可以打折，不过要一人一本学生证是比较小家的，酱料很不错，是我最爱的地方，缺点是汤底选择少，西瓜就很一般，不过雪条是我最爱的，食了五根
10650,中午总去吃。。除了夏天。。虽然有空调。。毕竟是热的东西。。\n店比较小。。饭点儿的话必须没位置。。其他时间还行。。\n吉祥的味道好啊。。皮薄陷大恨喜欢。。还可以出售冻的直接拿回家自己煮。。不过还是喜欢堂食。。比较有气氛哈
10694,看完电影去吃的，点的鱼肉馄饨和综合馄饨，还可以加面或者粉丝，不过介于晚上少吃的原则，就没有点。\n馄饨大的像枕头，第一次吃这种样子的馄饨，还挺新鲜的，个头好大，所以一碗只有6个。汤头比较的一般，回家后还有点口干。
10742,老妈生日，但由于不是休息日，不能去较远的地方，前两天突然想吃咖喱，所以就选了澳门街。由于儿子上火不能吃虾，所以这一次就选了咖喱鸡，但实在是失策。因为咖喱虾和咖喱鸡简直就是两种不同的口感享受。先说虾，全部都是虾，没有配料，但咖喱鸡呢却是土豆洋葱比鸡多，而且那些鸡，我爸说不是新鲜的，应该是冰鲜，没什么鸡味，所以下次如果不吃虾，倒不如吃牛腩好点。那个芝士小牛排倒不错，芝士很香，牛肉很滑，儿子的至爱。清凉瓜煮鱼，其实就是凉瓜丝煮生鱼片，这个超滑，不过小朋友吃就要小心，因为也有鱼刺
10745,冬天冷得不行，夏天也蛮冷的。因为在地下一楼，所以空气不怎么好。地方蛮大的。老师的英文都不错，但一节课里的宝宝太多了，基本都要10个左右了，所以老师只能指望家长贯彻教学内容。在所有金宝贝连锁里，这家属于环境和师资都不错的。\n其他品牌的早教都如雨后春笋般冒出来，金宝贝不断在被模仿和超越啊。
10753,2个人要了烤翅、土豆泥沙拉、生蚝、烤虾和酱油炒饭。土豆泥沙拉很好，土豆泥软软的。烤翅很不错，外焦里嫩的，喜欢。生蚝很肥美哦，不错。烤虾虽然一个串就一只，但是个头挺大的，烤出来挺香的
10757,就在那个保时捷专卖店后面，小时候开始就经常去了，因为那时候离家近，现在搬到乡下地方了，这种市中心公园倒是不大去了，不过最近去过一次，看到有老人下棋，中年妇女舞扇子，一派其乐融融的景象。主要是因为买了一个新的相机想找公园取取景，不管自然还是人文景观都能随处可取。
10769,大概去的太晚了 我要点的饭都不供应了 \n那时候就只提供蟹粉狮子头饭和香菇炖鸡饭\n我和LG各要了份 菜当场就上了 饭等了14分钟（还是应该是快关门的缘故吧）\n口味蛮好的 对得起它的价位 吃的很饱 那个汤很鲜\n就是点的奶茶不怎么样 是立顿红茶 \n我要温的 结果给了我烫的 等我饭吃完了 奶茶还是那么烫\n只好带走路上边走边喝了
10778,团购的四人套餐两个人吃正好，环境不算好，靠路边特别吵。\n因为不宜吃辣，团的是椰子鸡涮锅套餐，结果鸡肉都带厚厚一层油皮，我们自己带了手套，把皮都剥掉才下的锅。\n牛肉据说也不好，有浓重淀粉味。\n锅底还挺香的，但是用料实在是太马虎了，这店肯定没有回头客。\n现在对团购吃的还挺不能相信的，本身就是逆向选择。
10799,剁椒鱼头很好吃\n加了面进去之后那个味道爽啊！\n环境也好\n一点都不杂乱\n很富丽堂皇的样子\n很喜欢！\n其他菜也基本点了微辣\n很适合不太能吃辣的人~\n一个经常叫减肥的人一人啃光了一个猪手。。。
10803,最近德克士搞活动，而且如果有卡的话还可以买一送一，然后才知道原来他们家买三十可以送卡，吃过很多次，好几次满三十，却没有人提过。这次要了两个汉堡，一个鸡腿，外带。结果走出来了却发现他们根本没给放鸡腿，于是回去找，结果人家一见我就说，少给了你一个鸡腿是吧。。。晕，知道为什么刚才不说？对他们的服务很有意见，不过汉堡的味道还是不错的。
10804,环境还不错就是活动太少，票价有点小贵。地处北京路商业街附近，等时间看电影时，可以逛街购物。现在我们区（荔湾区）开了《金逸国际电影城》就很少去那里了.
10806,和朋友聚会来过几次，这家生意火爆，价格适中，口味也不错，上菜速度快，适合朋友聚餐。\n几乎每次去都要点水煮鱼，味道不错大家都喜欢。
10821,从神武门出来以后  乘 专2 或者专1 到王府井 去吃大碗居   王府井那里大碗居超多 2  3步路 就一家\n 味道也是不错的。。。我们吃完午饭已经4点了 \n大碗居的菜味道都不错 \n特别推荐 酱萝卜   宫保鸡丁（和上海的味道完全不一样） 番茄牛腩煲\n还有个 类似大杂烩的  超级好吃  汤头很鲜  里面内容也很多 适合5个人左右吃
10831,去过一两次，感觉很宁静，很期待周末的讨论沙龙，听说很有名，还没见识过。应该算是广州这块最少官方意识形态的地方一块绿洲。
10840,驴肉馆一般都很小，所以这家规模就算相对中等了。味道不错，但口味很咸很重，不过仍比经贸大学附近的群生世家要好吃多啦，料也足。要想吃驴肉，这家是不错的选择。
10856,由于物价飞涨，给的菜量比以前少了很多；\n在菜量减少的同时，价钱却涨了一些；\n不过服务还可以，都是主动来换箅子；\n只是中午12点吃完的，到现在身上的味道还没有散~~
10875,这里的就是个普通的火锅，内容有老北京的爆肚，有广东枝竹羊腩什么的。店内装修还比较新，与传统火锅比效果要好。只不过味道一般。
10882,环境很差，不过包子味道很好，经常买了带会加去吃~只有1种馅料--三鲜！饭店买包子的人非常多，要排好长的队！价格很合适！
10915,店面较大，有自酿的啤酒、饮料，比较有特色。用的火锅锅具也比较有特色，像是景泰蓝。菜品口味方面一般，火锅锅底也没有很特别的。
10937,一般性的一家地方，只能说还可以。里面的服务生打的蛮好的，一个人去可以让他们陪打。桌子一般，杆子也一般。但是地段在这块地方有优势，周围都是吃饭的，吃好饭休闲一点的活动么就是桌球了，也没有别的了。所以占了这个优势，这里生意还是不错的。\n但是各方面来说，我觉得都一般了。另外价格也不便宜。
11013,最常去的一家屈臣氏，每次坐地铁或者去动物园都得上这瞧上一眼。\n东西算比较齐全也比较大的一家了~\n交通业比较方便。\n活动也算比较多的一家~很好奇那的BA怎么样呢~\n曾经那里有个立顿的短促不错~人很好~
11019,有两栋的，\n北面那栋是吉之岛\n南面是保利自己的\n南面的开了\n很冷清啊\n不过装修显档次\n品牌都很有名\n水玲珑，伊丽莎白，大家乐等
11031,那个汤底的确不错，煲汤肥牛，汤起码还挺货真价实的，味精也没有其他店里那么夸张，饮料自助也是不错的。对于我这种爱喝的人来说是件好事。菜品里面肥牛还行吧。其他的也就那样了。貌似有个菌菇类的还不错，主要是配上煲汤更显鲜美。
11045,人太多！以致于除了头顶上的屋檐，我什么景致也没看到，九曲桥看不到曲折和蜿蜒，只有满满当当的人流，然后围观一群四处可见的大鲤鱼。城隍庙的小笼汤包似乎依旧拥有相当数量的粉丝，食客永远大排场龙，一股浓郁的醋味飘散在各处，但是基于对上海菜的甜腻恐惧，我还是没有鼓起勇气尝试。这样的园林，如果放在杭州和苏州，又会是怎样的光景呢？
11052,好漂亮的院子\n由于是工作日去的，人一点都不多，空空地，拍照好给力啊\n没有路人甲乙补丁\n门票也便宜25，很值得看，假山，小桥流水\n植物很多，有个紫藤架，上面写满了祝福语\n还有个回廊，很有历史感\n亭子都很漂亮，总之市内有这样呃地方很不错啦
11089,单身节一棒子光棍一起去的啊，进去发现选错店了。店里的气氛非常适合情侣陶冶情操。\n每个菜都是蒸笼的，点了个什么小排挺好吃的，有一个猪脚烧得很不到位。。。\n招牌鲜虾碧玉白菜包的确是不错。
11105,里面很多东西都有啊\n人好多好多啊 估计边上是交通大学有很大的关系啦 都是年轻人啊\n环境不太好 太吵闹了啦\n情侣也是很多的哦 还有好多都是成群结队来的 \n整个一个喧闹场所啦
11111,环境很好，蛮小资，喜欢水晶帘子，锅底也很美味，牛肉也不错，酱料蛮多，牛肉酱蛮好吃，滑类组合也蛮好的， 美中不足的是服务员……倒水也很粗鲁，下虾滑的时候还烫到我了……最后吃完了给撤了也不倒杯水，桌子上空空的就剩桌布……明显赶人走的……服务有待加强~！
11130,逛街累了坐这里休息一会儿再好不过，也适合一些商务洽谈的，不过双休日人还是比较多的，用了优惠券后，这里的咖啡很超值
11137,跟朋友两个人点了两个龙虾，一个飘香，还有一个干煸龙虾，还有干锅鸭头，总体来说，没前两年味道好，价格却比前两年贵了不少，干锅鸭头里的鸭头颜色怪怪的看了就没想法了，龙虾相对偏咸，穷喝饮料了，下次不会去了。不能拉卡，这点不好。
11144,超喜欢他们家的椰汁西米露……\n小店门脸不大，在这条以小吃出名儿的女人街上很容易就被埋没了，第一次注意到它是因为吃了他们家隔壁的盐酥鸡之后觉得渴的要命，以后基本上每次路过就会要上一杯椰汁西米露……不过他们家的价钱貌似比同类商家贵了一点，可能是牌子做大了的缘故吧
11164,感觉他家锅贴的水平时好时坏，有时味道不错；有时忙的时候，上来竟然是冷的。\n比较喜欢他家的原味锅贴和酸辣汤。\n环境一般，随便吃吃。
11174,这家旗舰店真的很大，位置也不错在中山公园。。里面电器真的很多，他在多媒体2楼，店面挺大的\n，我很少来这里，因为电器使用周期比较长，一般都有我家里人来买的。。我不怎么管这些事的。。\n这里的电脑，各个品牌的都有的。。质量不错的，，，，，我来看过几次想买的。。。\n总的来说，苏宁里面选择电器类的还是蛮多要什么样的还的靠你自己
11178,就是麻辣凉面，不知道为什么会有芥末油的味道，除了这个口感都还挺好吃的。再来一碗面汤，非常爽的感觉，再来个小凉菜，也都很便宜。
11215,最近经常光顾两岸咖啡店，环境还真不错，很安静比较适合谈事和约会，坐上老半天不会有人来打扰。最喜欢里面的台湾小吃，口味还真不错。
11248,便宜，量大，服务好，环境好，松树鳜鱼，羊排，虾球，肚丝，炎爆，八珍豆腐，宫保鸡丁，脍炙人口，物美价廉，最重要的是干净，就家庭聚会的好去处。
11262,女儿在那附近读书，附近没有什么地方可以逛，路过这家店，觉得还是蛮干净的，人也不多，就进去点了一杯豆浆，味道还行，坐在那里消磨时间。
11265,这家店貌似很火，但是吃了一次就是后悔两个字，觉得很不划算。\n他家主要特色就是铜锅而已，比较原始的火锅涮法。点菜之前说会送一些小菜，比如豆腐，粉条啥的，本以为服务很不错嘛，没想到锅底是要30块的，真是贵！\n麻酱蘸料很咸。结账时也不允许刷卡。\n三个人吃了200多，心里感觉很不爽
11267,一间好适合情侣去坐坐嘅地方。\n老板娘超级好人啊~哈哈，好健谈。仲记得嗰时同我男朋友最钟意一得闲就去坐架啦，叫杯咖啡，or花茶~~~坐喺度讲下悄悄话，气氛正到爆啊。\n佢嘅芝士蛋糕同葡挞一样咁正，好过路过，真係要买个嚟试下。
11270,经常光顾因为离家不远，带孩子去买鞋买衣服啥的，店面挺大的，商品都不错，都是连锁经营的也有保障，还可以积分的，还有儿童玩的地方，就是人有点多。
11272,去天津玩，听完相声挺晚的，一帮人忽然说要吃涮肉，人生地不熟，就问了一位当地人，说不远有一家“老六涮肉”，我们都觉得，当地人推荐的地方一般不会错。果然没有让人失望，上点评一查，还真是一片赞扬声。\n很久没吃这种铜锅子的涮肉了，就是比电锅的好吃，这家的肉很新鲜，味道都不错，每个人都吃得非常满意。\n因为我们去的比较晚了，差不多是最后一桌了，但是老板也没有催我们，服务很好，挺亲切的。\n不是我结的账，不知道多少钱
11291,朋友推荐的店，位置不是很好找，绕了一大圈才兜到桥底下。由于不能吃辣所以不能吃蘸水，要了麻酱调料，结果没有盐，就是一碗纯麻酱，后来又推荐了专门的调料，酸甜的，上了之后发现跟麻酱掺一起就是东北大拉皮的味道。鱼不错，汤也鲜，价格小贵，看菜单还有1500元一斤的鱼，不知是何方神圣。点了个酸菜炒土豆不错，后来点的涮芋头完全煮烂掉了；酥肉量超大，味道一般，没吃多少都剩下了。土豆饭确实不错
11294,有一次实在是很饿，所以在他家点了一碗炒河粉吃。。。\n量实大是少啊，很大的盘子中间只有一点点呢，而且全是菜，粉更是少的！\n味道还怪怪的。。。郁闷~
11300,这里的牛肉面做得很好，牛肉够味道，而且够软，汤料也很好喝，加上一些配菜，如黑木耳，蔬菜沙拉，卤豆腐等，对我来说，可以算是美味的一餐。
11318,第二次吃，可是回去后都拉肚子，不知是辣的还是不干净。\n鱼头真不错，鱼面也很好吃。但是别的都很一般，那个十里香牛肉水水的，没味道，很难吃！\n性价比很差的地方。\n如果只来吃鱼头还行。别的就算了。
11348,一个字，远，环境真的一般般，自己有车的话可以去试试，没车打电话有车接送，交通不方便，肉有肉味，菜也有点菜味，不开发票的话可以要求优惠零头，还有一般人很多，等上菜的时间很漫长，太饿的话不建议去，要不然会饿死可能菜还没上
11374,人多啊，过安检的时候人山人海啊，还老有加塞儿的，所以时间上一定要安排好，不能太晚，否则影响自己登机也浪费别人的时间。
11388,皇冠现在越开越少，被其他两间蛋糕面包店抢左好多生意，原因系5够创新，还有环境麻麻地，不过其实距地蛋糕还是有点水平，不像马**那么甜，现在介绍一下呢间位于卫国路山紫市场的一间店，个人感觉，呢间店就两个店员，装修也不怎么样，特别系隔壁开左间明华，个间嘢又贵又难吃，5知点解甘多人去，皇冠就输左系装修和人气。说回正题，皇冠的蛋糕好5错，不会太甜，现在我要特别介绍它那里的巧克力慕斯，很好吃，巧克力味很真实，入口柔软，香浓，当然比不上某些高级的蛋糕，不过偶尔可以减轻一下荷包的压力，可惜是体积太小了，适合下午茶。。
11394,是和同学一起去吃的，我们是在包房里，所以感觉还可以，但是味道真的很一般，没什么特色的，但是吃的人到也不少，还需要排队的.
11428,自从长天府一开业就注意到了，每每从那路过都感觉挺窗明几净的...\n看了有团购就忍不住下爪了，现在汇报下化验的结果\n十一点多点到得，还没几桌，前台登记MM很热情，然后由另外服务生把我和老妈引到座位上，\n东西种类很丰富，作为一个肉食动物，我直接奔着放肉的大冷柜去了...猪啊、牛啊、羊啊、鸡啊拿了一大摞碟子回去，每碟基本2-3片肉，切的薄薄的，鸡心鸡翅鸡胗类是腌制好的，肉片类是要烤好蘸着调料吃\n第二趟拿了清口小凉菜，有腐竹、萝卜丝、土豆丝、、黄瓜条等等等等很多，没一一尝试，据老妈提示有的小凉菜放盐很猛...\n第三趟拿了饮料，有咖啡、奶茶、果珍（旁边有雀巢果珍的袋子）、冰爽茶、可乐、雪碧、芬达and so on，啤酒有崂啤、纯生和雪花（貌似是山寨的）还有各种二锅头等小白酒\n蘸料是自己调的，就像火锅店那样，可能是因为麻汁效果总觉得自己是在吃火锅\n然后我就十指大动、大快朵颐、直到吃不动...\n（中间又拿了蘑菇、金针菇、各种肉类若干趟，看到还有小蛤蜊、小鱿鱼、小水果的都没顾上。刚摆上新鲜哈密瓜，排队的人可不少）\n店里还给准备了围裙，防止溅到身上油，很贴心哈\n吃了一个小时的时候，店里桌子基本就满了，然后小喇叭开始广播了：呼吁多取少拿，剩余食物超出150g，或饮料剩下...按一人计价云云，然后无比沉重的结尾：我们的利润来自您的节约！...也是可以理解哈\n服务生服务很到位，空盘及时回收；看到拿了酒水，立马过来给开瓶...中间还有貌似老板的亲切大叔跑过来微笑的问，吃的怎么样...\n最后问老妈，表示下次还来！
11430,东西还可以，不过可能因为已经年底的原因服务员不是特别忙得过来，烤盘一次都没有换过，\n而且一个样子领班的人还把我们的账单搞错了，态度很生硬，一点都不亲切
11465,地铁出来时候看到 于是就剪完头发去买了一碗 味道还是很有保证的 \n我喜欢喝热的 红豆汤感觉比冰淇林什么更适合芋丸 \n量蛮大的 空腹时候来一碗基本也大半饱了 \n就是座位蛮小的 也有点昏暗 给我们的托盘 湿哒哒的
11477,和老公到这里就会买盐酥鸡来吃~因为旁边正好有COCO\n买了COCO就来一份盐酥鸡，两个人饭后点心不错哈哈\n这里的鸡排是10元一份，盐酥鸡是5元一份\n这里的没杨浦区的那家量多，可能是地区关系吧！盐酥鸡里面的面粉也多~\n不过这里粉洒太少了~我强烈要求多洒HOHO~\n有粉的盐酥鸡才好吃哈~
11509,不太好吧 主要是因为味道 内部格局显得有些局促不太舒服 而且去的时候菜品不全 最简单的意大利肉酱面 服务员说——没有酱了 当时真的很汗。。。。价格也算不上合理，不太推荐咯。
11514,"和R约在亚新,小时候经常来的地方,对我来说陌生又熟悉.\n转了一圈发觉也只有味千可以当晚餐了.有些时候,重要的是与你一起吃饭的人,至于吃什么或许真的没那么重要.\n这家味千人很少,新开的关系吗?\n味千招牌拉面:35元.来味千很久没有点面了,罪过~招牌里面有虾,料还挺丰富的,不错~\n和风泡饭:32元.我推荐R点的,很鲜美.上来的时候很烫,吃得慢了又会涨开来,所以要掌握好时间^^\n串烧盛合:29元.就是串烧拼盘啦~看着超有食欲的~鱿鱼、猪肉丸、培根包小番茄、鸡肉等各有特色，照烧的东西我都喜欢的~\n金菇牛肉卷:23元.超赞!咬下去有汁水哦,味道很正点~\n北海道风薯蓉饼:16元.这是R推荐的,我之前没吃过.先吃的原味已经很赞了,后来尝的咖喱味更惊艳,口味要浓郁很多~外层极其松脆啊,看着很管饱^^\n什锦雪糕碟:19元.本来已经想走了,结果看人家点了份冰淇淋觉得卖相不错,没忍住又加了份~一共5种口味,一个个球放在勺子里哒,挺有爱,口感偏甜了些.\n那天和R聊了很多,气氛有点伤感.不管内心有多不舍,还是支持你的选择.为了追求一直以来的梦想而放弃现在所拥有的一切,被你的勇气和执着感动.祝福你未来美好的一切.\n味千是个伤心地,以后还会再来吗?"
11525,单位附近。想喝粥的时候去。喜欢皮蛋瘦肉粥。麻婆豆腐才六块钱，青菜也才3块钱。现在觉得这些价钱现在看来不可思议。就是环境不是很好。椒盐鱿鱼须也不错，挺好吃的。
11533,为了去逛世博园，在网上找了好久才决定选这家宾馆，最后艺龙网上订到的很开心。并且订到的是可以看苏州河的河景房，房间干净小巧，前台服务也很好，早餐简单却很健康，有蒸地瓜，蒸南瓜.小芋头等粗粮，配上绿豆粥和各式咸菜，对于前天晚上大吃大喝的我们吃起来真的很舒服。另外喜欢这家酒店的是地点非常地好，到外滩，坐地铁，逛南京路，逛七浦路走路也才十几分钟，虽然是闹市区可是到了晚上8，9点后就很清静了，只是酒店的隔音不是很好，窗户也不够隔音，去的时候附近有在施工，所以很早就被吵醒了，还好出来旅游心情很好，吵醒了也没关系，正好早点出门，嘻！~ 总的来说很满意，下次来上海玩还来这里住！~
11538,上周末和朋友一起去的 因为人比较多 那里还有2个麻将台子 干脆一桌麻将 2个球台\n服务员说办会员卡的话 300送100 而且还有免费的球杆赠送 \n不过后来走的时候也没办 毕竟来的次数不多\n环境还可以了 交通也蛮方便 可以免费停车的
11540,店小，东西款式少，价格不便宜，去了几次都扑空。电磁炉没有几款，营业员对产品性能不熟，不专业！以后再也不会去了的，买不到想要的东西！
11551,慕名而去，的确不错，价格便宜，菜量也大。服务一般但是也还客气。最喜欢的是迎宾酿皮。酸梅刨冰超赞，双色冰点很一般\n    火锅也非常好吃
11559,山药龙骨汤果然精彩，不油不腻，清甜爽口。炝锅鱼有黑鱼/回鱼两种选择，选了黑鱼，偏咸，应该是腌制时间过久。临走发现能指付通付款，据说有活动，会再来
11597,到南充川北凉粉是地方小吃之一。慕名来到市中心北湖公园旁一条“好吃街”找到了川北凉粉总店。\n自行排队买票，找座位，端凉粉。生意很是火爆。\n但味道嘛，个人觉得太一般了。不知道为什么南充他家生意那么好。吃后就一个感觉——辣。但辣得没有特色，估计到成都开店竞争不赢“张老五凉粉”和“洛带伤心凉粉”。
11662,饭饭之hqf前传No.6\n怀旧1下..大1大2的时候..住在2期的时光..\n话说大学生=猪..吃了睡睡了吃..现在回想1下还真的确如此..曾经在上午10.40来这里吃饭..还居然吃下了噗噗满的1碗石锅拌饭[当时只要7元]\n有WIFI…运气好的话..还会有免费的手提电脑提供\n学期结束阶段会通宵营业..仗着自己有空调..胆敢设20元的最低消费\n不过对于盛夏和严冬的松江大学城而言..那的确是个不错的温习之地\n后来搬去了5期..基本上就不出现在学校le…也不去那里吃饭le\n[更新于某年.某月.重码于2010.02]\n经常去的店.比较有小资情调.东西也还可以\n有1次遇到7个老外也在那里吃饭\n姐妹们没事1直就在那里坐着..经理还会跑过来问要不要手提电脑来上网..呵呵..美女的力量\n石锅饭还不错.蛋包饭是我小作的最爱.泡菜炒饭就1般le\n写于2006.04.重码于2010.02\n献给曾经最爱的4008…我们的丽花皇宫
11667,学校门口的超市，这名字就够国营超市的吧\n每次去都会买一堆零食回来，打折的东西还是很多的\n一般家庭消费的东西这基本都能找到\n酸奶什么的折扣的款很多，这要比很多外地超市好的多\n二楼金盛福的饺子很赞，选择性很大，皮薄馅大、阿姨手脚麻利\n就是价格一涨再涨啊，总是很多人排队\n超市下面稻香村、枣糕王、栗子、快餐店、对面的水晶烤肉、披萨...各种全啊...
11669,"拿着朋友的返券去打包。脆皮德式咸猪手98，鱼翅捞饭128,砂煲扁豆丝28,再加10％的服务费，280。猪手很少，一点点肉配油菜；鱼翅捞饭味道极淡，少许几根翅丝；只有扁豆丝还有点意思；怀疑厨子是做家常菜的。鱼翅捞饭随餐的甜点和水果也没送。北京这样的饭馆很多，要做到质价相符确实不是件容易的事，随波逐流很容易，只是让人觉得门口的招牌写着“愿者上钩”。不花自己的亲钱估计也不会来了。"
11681,东西满多的一家超市，很方便，价格当然也非常的有优势，而且环境非常不错，不会很乱很吵，在这里经常一逛就是半天，每次总是满载而归哦
11691,海底捞的服务就是无法比，顾客没想到人家都会想到的，滑牛肉做绝了，我们说过生日，人家又送面有送礼物，实际我们就想试试看他们怎么服务。这里道歉了！
11694,昨天生日，老公订在长乐店晚餐；送了瓶红酒，鹅肝沙拉很好吃，外脆内嫩，酥皮玉米浓汤也很浓郁，主餐我点的台塑牛排虽然是全熟的，但是很嫩很有嚼劲，比老公点的5分熟的牛肋还嫩，强力推荐哦！最后居然还集体唱着生日歌为我送上了生日蛋糕，真的很意外很开心哦！\n因为牛排好吃我全消灭了，所以后来的甜品和生日蛋糕都打包回家了，嘻嘻•••
11699,"绝对建议大家以后别去这家,服务员素质差,居然去买的那天碰到和人吵架,居然是客人把其他垃圾扔进他们家垃圾筒,骂别人""白痴"",这总素质,我在边上也看不下去,吃的东西更别说了,我买了3杯,要求盖盖子,没有!打包,没有!纸巾,也说发光了,居然还卖我原价,这店真黑,什么都没有,开什么开呀,干脆说冷饮也没有算了"
11723,因为一些原因，过来和经理吃餐饭\n一直都听说长堤胜记（电台买了好多好多年），有记忆的第一次来（以前大排档时期貌似来过），经理说以前就是大排档，还吃野味，现在没有了（不知道是不是熟客才有），还不便宜。\n环境不错，很光鲜啊。\n大闸蟹（蟹王），168/只，比我想象中的要小，不过对比中比人家的普通88一只的要大50%吧，因为是尾造（11月中了），所以也不能怪。肉质不错有弹性也挺鲜，还带些膏，很香。至于说烹调嘛，蒸蟹都是这么做的……总体算挺不错。 楼面部长还很好人，看见我们顾着说话，过来说“衬热吃吧，蟹王冷了不好吃”，抵赞。\n炒鹅肠，很爽，味道适中，挺新鲜。我很喜欢吃鹅肠，这里的算是中上水平了。\n烧鹅，鹅质不错，也烧得好，皮脆，肉滑。\n花甲，不过不失，炒得没我妈炒的好吃，算大只，不过壳比肉多……\n浸菠菜，不过不失。\n还有个菜忘了。\n个人感觉总体比东星要好。（因为都在公司附近，性质差不多，所以拿来比较一下。）\n请客带去很好。
11752,习惯吃饭前上点评找好吃的，为了尝试更多自己不知道的美食，也为了不浪费每一顿饭的时间。这家分很高，点评中关于午餐的不太多。我们中午去吃的定食，人气很旺，直接上二楼挤在榻榻米上。点了虾仁蛋包饭，很大一碗，酱汁酸甜还带点小小的辣味，不会很腻 ，虾仁挺大，配上嫩嫩的蛋，不错。
11753,@2011年9月11日\n想吃汉堡了 和朋友约在boxing cat～前一晚我发信息跟他说复兴西路店 他说不知道地址 不过会自己去查\n居然第二天我到了哪里找了半天没找到他 结果电话一通！泥马的 他在复兴中路一刚！\n各么看在我已经迟到了超过半个小时的情况下 只能我过去找他～\n中秋节小长假 路上还特别堵～心里哈吼！而且说实话 现在不太喜欢思南公馆哪个赤老地方的\n等我终于从后门找到boxing cat推门进去 里面兜了一圈还是没能找到他～\n跑到外面找一圈 在露天位子的角落头终于发现发的身影～\n此时已经比当初约定的时间晚了整整一个小时！shit！他甜品都吃掉一份了～台子上的饮料也都快吸光了～\n各么这次迟到不好怪我的 2个人都又错！\n然后我就开始念叨 又没太阳 ***瓜搭的天气居然还坐外面～错起瓦～\n废话不多抱怨了 我要吃大汉堡！！下午3点半了人家还没吃午饭好瓦！\n小姐3催4请不给我菜单 这也是坐外面角落头的坏处\n搞的我很火大的自己去拿了菜单～\nhappy hour啤酒35块一杯～我要了一杯最light的～\n然后牛肉汉堡只有一款～那么就是你了吧！medium的～\n还要了一份鸡翅膀～\n本来想再叫个甜品 想想一个汉堡已经很罪恶了～hold住！等等再看～\n汉堡上桌我被shock到！长的真丑陋～那2片面包真是巨大 大到我都看不到里面的肉饼\n拿起来咬了一大口都没咬到肉～\n后来终于咬到肉以后 我好激动～那肉比面包好吃多了！\n一边吃着汉堡 汁水一边滴滴搭了～可惜那汁水不是牛肉肉饼里的 是酱汁！shit！！\n薯条真心不好吃～长的很魁梧 但是味道真糟糕～而且只有番茄酱蘸～\n鸡翅膀不谈了！味道居然和上海菜里的公爆膳背一个味道！诡异了！！\n喝着啤酒 吃着汉堡～还啃了4个鸡翅膀 若干薯条～\n我知道我在吃一堆容易让我长胖的食物\n我知道我其实觉得他们都不是太好吃\n可是我的嘴巴就是不停的在吃！\n天哪～\n然后一个汉堡啃完～我觉得我好像还没饱！完了～\n纠结着要不要再点个甜品 好像隔壁桌点的蛋糕很不错的样子～\n但是想想一下子吃那么多垃圾食品 我这时寻死阿！还是休息休息再说～嘴巴先停一停～\n然后朋友赶时间咬去吃喜酒先走了 于是我一个人散步去新天地继续塞饱肚子～
11756,很久没来这里了，发现城隍庙附近多了一个很时尚的广场哦，吃的玩的逛的都有了\n同学住在附近，所以就来这里逛了一下，觉得还挺不错的
11763,这家店觉得是粗粮王里比较好的~虽然老说不喜欢自助，现在看看自己真的吃了不少啊~环境不错，比小寨那家不知道好多少倍…也许是那边学生去的太多，总感觉好吵~最爱火锅和蛋挞(我记得应该是有的)
11773,非常喜欢这边优雅安静的环境，情人节去的，很有约会的浪漫感觉而且音乐也很給力，这边的披萨还有芦笋也很有味道，其他菜没有什么印象了。哈哈
11778,公司附近，经常加班，吃腻了牛大碗，就到这儿换个口味，性价比一般，不过味道还不错。\n尤其是鲜虾小笼包。\n其他套餐之类的就很普通了。
11798,大爱手撕鸡，很好吃性价比很高。他家主打的烧鹅很入味\n酒酿园子也不错，菜量算蛮大的。\n家里人随便吃吃还是性价比蛮高的一家店。
11809,听说了男拍神奇女拍安图的传闻。于是去了安图。\n安图一套求职照80块，包括4张2寸，8张1寸，但是只能选一张照片。神奇的是一套70，也是4张2寸，8张1寸，但是可以有两张不一样的照片。这点上来说，神奇比较便宜。\n不过安图的摄影师蛮好的，会调节气氛，而且会给拍很多张照片让你选择。同学去神奇拍的，只拍了几张，然后也不给看，他们给你选。\n安图最后效果出来还是蛮好的，就是腮红有点明显。。。然后神奇的P的比较严重，脸部很不真实。\n当然每个人的感觉应该都不一样吧，审美差异，哈哈~~
11813,其实个人感觉很一般的，烧仙草味道是蛮弄得，但是奶茶和蜂蜜的搭配并不是那么贴切，阿德及给的好少，相比较烧仙草还是阿德及更有味道一点。\n至于其他的都没怎么尝过，所以也不好说，总体感觉一般般吧，不知道为什么评价好高啊！
11848,比较小的一个公园，有湖有树，在地坛附近，闹中取静，环境优雅。有些小孩子的游乐设施。夏天去散步纳凉很不错，造福了附近的居民！
11872,每次去都有很多人，口味不错，服务很很好，这里的环境也比较喜欢。南瓜粥、里脊肉都很喜欢，就是上次去楼上包间里，不知道为什么桌上会有小蚂蚁，难道也是“慕名而来”？
11881,来苏州最钟爱的甜品店了~夏天的时候一碗仙草冰下去，爽歪歪了~~\n芋圆QQ的，珍珠也比外面其他家的好吃多了，用的材料应该很不错的，一碗的量还是可以的，仙草系列的汤底是热仙草，芋圆系列的应该是黑糖汤底吧。\n奶茶是粉做的，不好喝，太甜了，会腻，听说冬瓜茶不错。牛奶冰觉得很不划算啊，那么贵结果半杯都是冰，连牛奶都没有……\n个人认为豆花系列很无味啊……\n紫米粥很好喝，10元左右，加上芋头的好吃，芋头糯糯的~软软的，粉而不散，还有嚼劲~\n麻薯系列20元一份，8个，蛮贵的，不过真的蛮好吃的。买的时候看到是从冰柜里包装袋里拿出来的，就像是在商店里买的一样。\n最好找他们要积分卡，15元以上的产品满10杯送一杯，我会慢慢吃的~~嘻嘻\n还有，他们家的打包盒非常赞啊，很结实，很科学，不会撒而且很稳，不过要收一元钱。\n欧尚的店一到饭点的高峰就没位子了，最多只能坐10个人啊……
11889,基本上南京东路人民广场所有的必胜客都吃了一个遍了。\n还是感觉三阳店的味道最棒了。\n海鲜焗饭有点点辣，很入味，就是有点干。虾仁还是满多的。\n田园披萨，必点之一。希望吃上面的菠萝\n拼盘，有鸡翅，土豆圈圈，还有鱿鱼等，4样东西，不会吃腻。\n最后来点水果沙拉。真的很美味。
11897,除了人多还是人多，本来以为世博会结束以后进去人会少些，没想到平时工作日进去还会要排队，里面感觉和想象中的差不多，除了清明上河图以外也没什么可看的~
11898,出门前朋友特意嘱咐要带些煌上煌的酱卤回去 特别是这里的酱鸭 味道微辣 酥香 在北方很难买到 带了些回去给朋友 哄抢而光 …… 足见其魅力
11947,绕了半天才找到，不是观光的，是交通工具啦。买了往返票的，结果一次性都剪了，哎。。。。。其实单次来回的话，买单程就行了，不出箱子即可
11973,"点了生牛肉河粉和大茴香河粉,两人份小吃，还有饮料两杯。东西味道真的清淡，还是不错的。老公觉得河粉以及肉的份量不够饱，对于女性来说应该还是足够了。"
12045,装修和产品都和日本差不多，不过店一般比日本的小，也没有童装。店员很热情，就是“欢迎光临，请随意挑选”的语调超级奇怪，每个人都是那个调，不知道是不是统一培训的。。。东西质量还不错，价格也还好，和日本持平，甚至比日本还便宜。
12046,想唱歌就直接去了，现在在做活动，2小时送一小时，不错\n人还不少呢，音响可以，也更新了新歌，服务也不赖\n酒水和其他的KTV一样有点小贵\n楼下就是呷哺，吃着也不错
12063,这家的龟苓膏有名的 吃完谢记鱼蛋就赶了过去\n苦中带甘的味道 大热天吃下很爽\n有名的中药店 柜台前的男生是中医毕业\n现场抓药配药 搞了个龟苓膏秘方吧\n很不错 那些凉茶什么的 也要喝的
12066,我们小时候这可是相当有名的，虽然现在风光不再，但是味道还是比其他的店好吃，不过年轻人还真是不怎么太选这地方喽，偶尔路过来吃，这里离好乐迪近嘛，唱完过来吃饭，然后再逛街，不错。饺子必选三鲜馅嘛
12073,一向喜欢粤菜，对茶餐厅也情有独钟。看着店名挺有意思的，就进去吃个晚饭。\n点了双拼饭，附送一个例汤。例汤用胡萝卜煮的玉米，味道还可以，略有点怪。双拼饭是烧鸭和白切鸡，两样做的都很地道，烧鸭略有点淡，白切鸡是我吃过的最入味的~配菜就一般啦\n有机会试试那些点心去
12106,头几回几乎每个晚上都在那里用餐，都是点海南鸡饭，不要鸡翅膀不要鸡腿不要辣酱只要鸡胸脯和蒜蓉。然后，里面的服务员一见到我就直呼要什么什么。只是我唯一吃过的。喜欢蒜蓉，白菜清汤，鸡油饭吃多会腻
12119,bf买了哈根达斯的月饼，，还是两大盒。。感觉挺不错。。。可惜那毛爷爷了。。。不过试过了下回九不会再买这么贵的了，时不时试试小套餐就差不多了，哈哈。。最近感觉顾客不是上帝。。服务员才是~~~什么世道啊
12138,要了馋嘴蛙锅，还是这好吃！然后要了一堆有的没的，二人花了200 不便宜！\n走的时候还剩了好多！ 不过酸梅汤不错！ 我喜欢！\n忘了说，我还爱那的烧饼！
12150,今天聚会选在这里。头一次来。食物供应充足，没想到宣化街修路，这边中午还么多食客。\n吃了好几种不同口味PIZZA。\n总的来说还可以吧。\n饮料是用粉充的一般，冰激凌色素太多。口感都不行。
12156,"论坛上有人炒作，说老板如何如何帅等等。今天从好吃街一路吃过来，正好经过，就进来试试。餐品和饮料品种繁多，经过研究以后点了个牛腩乌冬。味道可以说一般吧，乌冬里面的牛肉是否牛腩到是值得商榷，我觉得不像服务员说就是。分量较少，看来香港人食量小啊压力大了吃不下东西。要不是肚子里面两块蛋糕一个面包外加一个烤玉米，真还没有吃饱。\n再补充一点,菜单的英文说明很多多低级错误，比如把绿豆写成red bean"
12171,说了是面馆，当然去吃面啦，这面真贵。不像人家兰州拉面那么经济大众。装修到是不错，适合和朋友同事一起来聚聚的，哈哈
12173,点了个新出来的鸡后腿石锅饭，鸡肉一点味道也没有，酱汁都干了，米饭跟锅巴一样难吃。。。。\n还有什么烤串拼盘啊、牛肉豆腐锅什么的，乱点的，都不好吃，那个带点辣味的海菜还不错。
12200,"之前朋友公司发的电影票去看过一次,场地不算很大,都是机关和学校人员去看的多,负责场务的人员非常的有礼貌,让消费者挺满意的."
12203,"去喝满月酒的,楼梯挺陡的看着有点吓人,菜色挺好的,味道也适中,大厅位子挺多的,不知道算不算当地不错的饭店,反正吃着还行"
12214,"第一次也是最后一次去这家店，总体差到要命，昨晚7点半进店，过节了连句欢迎光临都不说。入座后，茶水纸巾都不送，免费的南瓜粥也不送。后来发现给我们的大麦茶居然是前面客人喝剩下的，倒了半天倒不出，后来服务员连个解释都没有就拿去冲了一壶，再拿上来的时候发现倒出来是白开水……点餐完毕后等了很久不上菜，先上了石锅饭难吃得要命，这是我吃过最难吃的石锅拌饭，是没有味道的，后来烤肉拼盘上来了，迟迟不给上炉，等了好久才来个大妈级的服务员不情不愿给你上火开炉，吃到一半了连叫的饮料都没上，催她后她说饮料没有了，我靠，没有了你也不打个招呼……嘴巴太干了就问她为什么免费的南瓜粥都没上，她才去端过来几份。btw,石锅饭都吃完了，调羹都没有给我上过，我就是用筷子吃的，这服务实在太差了，怪不得门口都不用等位的。其实烤肉店肉都是差不多的，味道也大同小异，但是这种服务意识和态度实在是……最后结账的时候开发票，抬头我说第一财经，那打字的营业员居然听不懂不会写，还叫我写下来，这文化程度……再次汗。我们吃完后出门了也没人招呼说欢迎再来什么的，估计知道大家都不会再来了吧。4颗星不知道怎么评出来的，估计都是托，绝对的托……大家以后千万不要..."
12232,去过一次，是晚上去的。价格有点贵，灯光比较昏暗，味道一般般。\n旁边的唯尚面包房也比较贵，也没有打折。
12239,公司搬到了健翔大厦，在点评上面看了，就找去了。胡同很深，差点儿以为走错了，不过人不少，菜的味道很不错，上菜速度很快，同事都说以后要常来，性价比很高啊，确实物美价廉。贵州嫩鸡和雀皮肘子味道真的很好，一点儿都不失望。
12253,这家店开了很长时间了\n现在店面也扩充了\n一边是宠物看病的地方 另外一边是宠物美容的地方\n当中还有一个地方是卖宠物用品的\n宠物用品的东西很少 看了一下其他的服务 还是有一点贵的\n生意一直很好
12258,热风现在价格也蛮辣手，看中一款邮差包要600多，还不搞活动。\n后来看到他家又出了MINI款的邮差包，又心动了，颜色也很多选择。\n春天背个糖果色的包包也美美的
12307,实在对不起4星的评价\n服务员素质不高 猪脑冰成这样还好意思拿出来 空调也不能开 因为是物业管的 各种不满意\n人一多空气就暴差\n孕妇小孩不要去
12373,在寿司店旁边的过道上。连隔断也没有。和别的店比起来有点寒酸。\n东西看起来很干净，品种也多，都放在一个个小透明格子里。包装的都很好的。\n味道蛮好的。就是价格辣手了一点。\n买点尝尝，看中它比较干净。\n偶尔还有活动，也不觉得便宜很多哦。。。
12376,最经常去的一家店，不过是很久以前了，因为价格很实惠，不过吃的东西越来越少，现在18块的自助餐已经没有了，虽然有自助的时候也只能喝喝水……虽然设备都比较老，不过偶尔去唱唱歇歇脚还是很不错的：）
12400,六百应该是徐家汇的第一老店了吧，所以感觉比较老也是正常的，虽然装修过，但是格局什么的都还是比较旧的感觉，卖得也基本是大众品牌。
12409,只能说全部都是名气，进去和别的酒店简直不能比~\n公司就在这个旁边，也经常去那里吃饭，服务也好，菜式也好，都差好多~\n不过看在老牌酒店的份上也就算了~\n生意一直都不太好的，服务也算是不错的了~\n那里纯粹就是一个名气罢了~
12433,就是东北家常菜，和其他东北饭馆的味道差不多\n有些炖菜分量挺足的，价格很便宜哟\n锅包肉还可以，是炸的，有些甜，吃多了会腻\n东北菜都有些油大，同去的南方同学吃不太惯\n喜欢清淡的还是不太适合
12481,随便吃吃，因为边上COCO的人特别多所以才选择的，不过这家店的速度也不快，口味也一般性，偶尔吃吃么，也无所的啦。
12499,十二点半到的，人居多无比，一堆人在门口等位\n等了得四十分钟才有位置\n四个女生点了一张18寸的垃圾桶，和一份奶酪薯条\n薯条配奶酪很美味，被一抢而光了\n比萨又等了四十分钟才来\n18寸的就好大了啊。。每人两角，吃完了。。。挺撑得\n比萨味道还不错，馅料特别足，而且很有新意，吃个好玩~\n不过环境真是挺不好的，灯光太昏暗了，座位也特别密集，服务自然就跟不上\n尝个鲜儿差不多了，以后应该不会来了
12518,商场很大很宽敞，但是人不多，里面的东西都挺贵的，打折下来也不便宜，像我这样的工薪阶层就只能看看，呵呵。购物休闲娱乐于一起，方便是挺方便的
12554,卜蜂莲花隔壁呀，还算比较大的市场了，之前在那买过一对仓鼠，花了100多，一楼都是些花草，还有些小鸡，小鸭，二楼上面就有些挂画啊，装饰什么的，没事逛逛还是不错的。
12562,最近热风是改头换面了啊~\n新开的几家店的门面都换风格了，更加明朗~\n可惜这个商场的人气实在是少啊~\n店里的服务员也闲得慌~\n不过这样的购物环境倒是蛮好的~有种VIP的感觉吧~哈哈~
12598,还行，几年前去吃过。那时在中原做生意。听朋友说他们家的面很好吃。吃后感觉还行。比城隍庙的好吃多了。有机会的话还可能去吃吧。
12600,每次都是为了打牌去了，有包房，但是有最低消费，如果人多吃个饭基本就能达到，里面大多数人都是冲着大牌去的，所以有点吵，那里的石锅饭还是不错的。
12627,甘多间分店，呢间点评高，所以就去呢间食啦\n我觉得唔好就系要自己稳位咯..麻烦..\n同人拼台先有得坐，呢个唔紧要啦..\n跟住点左微博推荐噶梳芙里，入面都无水果噶，呃人..不过十六蚊一只，都可以啦，睇上去好大，实际蓬松左咋..\n其他点心个滴都ok，觉得无咩特别咯\n不过唔够服务员，成日嗌极都无人来，呢个唔好！！！\n总的而言几好，下次会试下其他分店~
12631,两个人去点了一个双人套餐，生鱼片的量倒是真的很足，但是口味跟日本生鱼片比起来还是差了很多。鱼肉很像橡皮筋，咬也咬不断。周围很多韩国棒子，老板娘服务态度也相当极品！\n拖鞋坐炕上还是蛮滑稽的，酒水的种类也蛮多的，真的是被老板娘的臭脸坏了好心情～
12635,吃来吃去还是最爱他们家的鸡翅\n嫩嫩甜甜\n披萨也很划算 比什么必胜客棒约翰便宜又好吃\n当正餐或者来喝下午茶什么的都不错
12646,"我的舍友中有一个是湖南人,还有一个是湖北人,她们都非常爱吃鸭脖之类的东西,所以经常会买回宿舍吃,不过我不太习惯吃辣的,感觉一般吧"
12649,这家主要是位置好，反正吃了以后觉得是可以填饱肚子的，但是没有啥子特别哦。\n荞面，据说是手工的，还可以；我觉得冻膏也还行；肥肠粉竟然10元！要得是酸辣粉。\n总之，一般
12650,逛茂业的时候发现的新店，据说新开张，在上海那边有很多家。\n味道在韩国料理里面算是比较不错了，价格中等，可以接受，据说还是比上海那边高了一点。\n服务员的态度很好，很耐心的帮忙烤肉，还可以聊天，送了雪糕，香芋的，味道很不错。\n现在是满150减50，所以服务员帮我们算到了刚好150的价格，态度很好。\n环境不错，新装修的，一开始以为没有抽油烟机，后来才知道，都在每个炉子的下面，很隐蔽。\n不是用电磁炉的，用的是真正的炭火，这点很别致，有点意思。\n以后吃韩国料理，可以经常去这家。
12658,石头的婚礼，相约星期六的相识，三年的恋爱，走到了一起，比较有点故事。婚礼简洁大方，场面也非常的庄重，贵都结婚还是蛮有气派的，厅大，没有柱子，T台入场，照耀全场。就是他们的插口都是国外的，如果需要转接还要买下转接口，两个PPT的大屏幕，来宾可以清晰的看到他们甜蜜的过程。                                          \n                                                                 \n20来桌，依次排开，双方亲朋好友为他们祝福。幸福的一对儿，在此结合。大家开心的吃着大餐，一道道美味佳肴，鲜美无比。司仪的多才多艺，带动了整个会场，朋友们的助兴演出high翻了天。蛋糕游戏带给了即将结婚新人好运，忙碌了一天，看到他们的结合，很欣慰。\n                                                             \n标准化的结婚场地会让你节省很多麻烦，往往越为辉煌的酒店往往带来的是高价位，我们的结婚成本越来越高，其实有点超前于现在的经济发展。买房办酒，小孩的读书，一件件负担。\n结婚的人卸了一件，没结婚的人，负担一直压在肩。
12660,同事们都说好吃，但是个人感觉味道很一般，去过一次店里生意很好，旁边还有个烤鸭店。两人结伴的话可以买半只烤鸭过去次次。
12685,环境相当好 ，装修十分大气，是举行婚礼的好地方 ，去那里吃过婚宴，相当之豪华，不过价格也比一般地方贵几百，不过物有所值！
12692,晚上八点到还得等位，大厅人满为患，排风不好，满屋都是烟，没地方停车，羊腿味道一般，佐料太不够水准，比起国展的大熊差了不少。
12703,鸭头味道实在一般，不好吃，味道很淡，感觉这家店主要是以盖饭什么的为生，还有盖面，盖面不好吃，都沱了。中午人总是很多\n服务态度不好
12712,这个算是老牌子了，对他们家的眼睛什么的都还听满意··‘\n上次我就在他家做了一副，后来我朋友在也想换我眼睛，呵呵呵
12721,以前在广东的时候经常吃海鲜，去象山也试过，都比上海强很多，没办法。言归正传，这里的菜做得是可以的，唯一美中不足的就是价格。第一次去铜川路，外面濑尿虾一斤才12，饭店里38，当然12是太便宜了，38也贵了些吧。竹蛏是50元一斤。鲍鱼没法比，因为大家卖的大小不同。大龙虾380一斤，其实也不是很大，一只最多1斤。可能还是自己买了带回家做比较合算吧，期待达人推荐一下自买海鲜比较靠谱的地方，为大家造福啊！
12724,淮海路那家经常去的，味道不错\n今天到龙之梦HOLA换积分，所以吃得这家，这家相比淮海路人气差得好远好远啊。。。就3桌人，服务员也只有1个\n味道应该和淮海路差不多的，但是不是人少吃龙虾感觉味道也下降了。。。
12729,昨天和朋友叫了一份麻辣烫~~~和中街那家的味道根本没法比~~~姜味特别的浓~~~根本没法吃~~~后来又叫了3碗冰粥~~~我朋友说这我他们吃过的最难吃的冰粥~~~之后叫了个奶昔还不错~~~后来吃着吃着我在冰激凌的柜子里发现了只老蟑~~~叫了服务员服务员看都没看继续打电话聊天~~~老蟑继续爬着~~~有叫了两个服务员其中一个服务员才过来把老蟑拿掉~~~以后在也不来了~~~太恶心了~~~
12740,冲着参鸡汤去的，还不太好找呢。在电视上看多了参鸡汤的图片，如果你找那样的想象去，那就大失所望了。端上来的菜的扮相不是很好，味道一般，口味有点淡，但是不腻，但是感觉已经失去了鸡肉的味道，难道正宗的就是这样？里面的米饭也不是很好，感觉材料不是最好的，看菜单居然有上百的，难道贵的能好吃一点？点菜的时候，觉得服务员挺横的，后来看是老板娘，态度不好，刚点了一个参鸡汤，问了一下有什么区别，爱搭不理，说要一个参鸡汤，马上说一人份的，只能一个人吃，那个语气让人很难接受。估计很多人都是冲着这个汤来的，但是，真的还不如自己在家里做呢，辜负了这个名字给人的美好传递。吃饭的时候看到有同去的AA制的人，吃完了当场给钱，很有意思。
12747,拉面最好吃，小碗9块，大碗12\n第一次吃的拉面特多油，导致味道醇厚，麻麻的味道充斥口腔，够味，结果第二次吃发现汤变清澈了。。。味道自然没那么浓厚了，可能是每次加汤的时候赶上的口味都不一样...不过还是蛮好吃的，面软软的，肉也给的不少。\n炒面片15元，够量味道也不错。
12759,离家最近的电影院，很早以前去看过，那时候人不多，影院也没那么多活动，一个大影厅没多少人，空调开的很冷。不过环境还是不错的，百联吃饭，购物的商店也多。
12780,这个酒店就是过去的小蓝鲸酒店，环境很好，特别适合大型聚餐活动，服务也很好，菜品最近有很大的起色，门前有很大的停车场，免费停车。
12788,前几天招待客户去吃了一次，天妇罗真的很好吃，当场炸当场吃，很不错，虽然价钱比日本还贵，可能这家店的房租贵吧，没办法~\n不过商务宴请上面可能还是不错的餐厅，服务业很好，每个服务员都很热情！
12791,鱼生确实很厚实\n蛋黄酱焗大虾好吃\n菜品应该比一般的日料做的精致点也有限\n自助永远吃不回来，哈哈，何况咱又是不浪费的人
12809,总体设计挺有特色的！号称看得到的东西只要喜欢都能买呢\n用的餐具也都很上心~非常怀旧！\n不过实在小了点，有点挤\n吃饭时间实在有点紧，8点前一定要结束，店家很准时的在7:55的时候问我们买单了……我们也就被准时得在8点踏出了他家……\n喜欢咸蛋黄豆瓣酥辣子虾仁（不知道名字是否记错），被推荐了一个红烧肉+蛋+鱿鱼还是墨鱼？，也挺好吃的！
12832,还没开店的时候是打七五折~ 之后试营业期间八折~现在应该没这个活动了吧 我办的是年卡1360元 还算便宜 因为他们老店也要1200元 而且又很小\n这家新开的 比赤峰路的老点大老多老多~ 现在东西都到位了 就是人哈多哈多哈多 尤其是晚上那个多啊 跳操房都是人 瑜伽房都是人 动感单车倒还好~\n所以10点就要打电话去预定~ 他们还会给你做体能测试什么的~ 还会送你私人教练几次 这个你买卡的时候好帮他商量的\n现在人越来越多了~\n环境 服务还是相当周到的
12841,就在家里附近，生意一直老好额。\n反正也便宜，就去试试\n蟹粉小笼，小馄饨，猪肝面，再两瓶雪碧。两个人30块。\n小笼皮不是很薄，但是味道很好。猪肝面的猪肝是现炒出来的。\n总的来说，价廉物美啊。
12843,这家店很有特色，我们在顶楼的大包厢吃的，室外有个露台，环境相当好。餐厅里的家具是可以买回家的，件件都像古董。在这里，每间包厢不同大小，装修各异，都很有神话色彩，而每间的餐具、家具都随着不同的装修风格而相配套。更值得一提的是，据说顶楼包厢里的超级大的长圆桌，是一整块木料做成的，丝毫没有拼接，餐厅的圆顶是在桌子被吊入安放好后，才封顶的。一顿饭吃的真是惊喜不断。再说说口味，这里的西餐很不错，很注重细节。总之，很喜欢，特别适合情侣和好友聚会。美味+神秘+浪漫+回味！
12892,其实满记的东西只能算是随便吃吃 说不上好吃不好吃\n等老公来所以找个地方坐而已\n但满记对面的小吃排挡，使我丢失了钱包。。双井商场里都这么不安全啊
12897,自助饮料吧形式，适合几个朋友一起聊天上网什么的，当初写毕业论文的时候整夜的泡在这，可以上网不错，但是服务员的服务态度实在是不敢恭维，好像最后就不爱搭理你了一样，不管怎么说，是个适合聊天闲谈的地方。
12911,我也去哪里购了一次物  就是感觉了有点太西方化了   但整天体给人的感觉是很不错了  里面够宽敞  东西摆的也很规划   我想应该是外国人的创业观念吧
12915,这个学校 你还别说 门口就有个大大的麦当劳 门，我去过 ，当然还住了一周呢 哈哈 有个邻居就那读书的，后来这家伙直接报送去美国了，校园那个就叫大。玩了我一周，基本还没兜全呢 哈哈
12927,大概是美式唐納滋吃多叻 我倒是覺得多樂星好吃 口感很軟滑 \n我比較喜歡吃傳統口味的 裏面夾奶油的不喜歡\n老媽也說多樂星好吃 大概是因為一家門 口味都一樣 HOHO\n不過服務員態度伐那能 絕對沒美式唐納滋的服務熱情 \n浪叻要西
12952,哈哈。。。去七宝看到有买竹筒饭的店家，自然是觉得很好奇，就尝了一下，哎，味道蛮特别的，好吃的，很清爽的口感，忍不住又吃了一根，好吃好吃。。。5元一根，各位去七宝记得去吃呀。。
12964,"仅售34元!原价57-61元赛百味双人浪漫套餐(6寸美味三明治4种口味任选2份+机打饮料/热汤任选2份+甜饼1个,新鲜食材现场制作,营养丰富,经典三明治风靡全球!5店可选!)\n团购的34元两人套餐。\n口味：吃了一个牛肉的三明治没感觉吃到什么牛肉而且一个三明治明显吃不饱。\n价格：相对其他的快餐如KFC价格高了一些。\n环境：可能是由于价格的原因还是周围快餐比较的原因，双榆树店人不算是很多，店内没有卫生间只有一个洗手的地方。地方也不是很大，周围吃饭的地方倒是不少，还有DQ和哈格达斯。\n服务：好不错。\n总体评价：34元的团购价格还可以如果没有优惠单独点餐我觉得性价比不是很合适。"
12969,我喜欢这个游乐园 里面玩的东西很多 还有个大家都很喜欢的电玩世界里面的东西好玩极了 有篮球和赛车 都是我们的最爱
12971,看着名字觉得好玩进来试试的\n又冰又火的\n过来是吃麻辣烫的所以看到其他的也不怎么感兴趣\n找些喜欢吃的菜，有荤的有素的，好像大杂烩的感觉，满满的一碗也都能给吃完了，真佩服自己的饭量\n哈哈\n不过就是有些小小的贵了些，一碗的麻辣烫就花了我好几十
12984,老贵的番薯 在杨浦区也看到过后来也是没买这次看到玫瑰坊门口有\n就拔草啦 8元很小的一个 样子就很诱人的 但是吃多很有罪恶感真的挺甜的\n成本很低的赚足很足啊
12985,家里人买过几次 说蛮好的 我就去看看了 刚好快夏天了 就想买双凉鞋 兜了一圈就看中双罗马鞋 薄底的 要180 感觉太贵 我也不合适 然后家人看到了拖鞋 说是皮的 牛筋底蛮厚的 我想既然来了就带双回去 170 说实话我是感觉贵的 但是妈买单 最后还是买了 然后给我爸买了双280的 说是皮的 \n6月11日买的 买回来也没急着穿 过了黄梅天才穿的好像 今天8月5日 穿着感觉小脚趾痛 一看 碰到小趾的地方鞋已经破了 才发现 根本不是皮的 170块买双不是皮的拖鞋 唉 \n当天的服务态度也是够呛 我们去的人多大概7、8个 我们可能试的多了 服务员就在旁边窃窃私语 \n太差
12995,平时去的最多的就是徐家汇了，主要是因为交通方便。\n其次呢是觉得那里东西齐全，想要什么都可以买到。\n很早就是美罗城的会员了，有什么活动都会发短信的，很方便。
12998,哈哈，导师每学期都请我们同门火锅一次，有时候就会来这里，反正性价比可以啦，就是同学里面有穆斯林，这里没有清真的锅，比较遗憾～
13007,一直都想去这家~外面看起来很梦幻很可爱~里面装修很不错，很有情调的。。\n团购去的，披萨很好吃的，个人觉得比必胜客好吃多了，感觉听专业的呢。\n真的是个约会的好地方啊。。
13012,很幸运抽中了试拍去的，虽然只有一个造型，但是客服，化妆师，摄影师都态度相当认真。客服约时间前前后后打了几次电话，提醒路线和时间，并且注意事项，非常到位。路线有点偏远，但是也因为如此才有这么大的摄影棚，并且有这么多的实景棚，所以远还是值得的。拍的照片非常满意，自己以前也拍过很多，但是唯一拍下来造型摄影师取景打光都非常好。最后选照片的时候，给我看的是全部修好的，然后从里面选试拍规定的张数，后期也没有提出让我加钱买走，其实我还是有一点点想要的，并且就一个造型，也给了我***一张，精修一张两张盘的。我有秀片出来的哦\nhttp://www.dianping.com/group/guapai/topic/3115797\n嘿嘿，轻拍
13018,团购去的，整体还是比较划算的，蒸虾都是新鲜的，油闷大虾有几个不太新鲜（这个无法避免啊），\n虾子也不错，没办法，现在的虾子是一年比一年贵了，想想今年的价格虾子个头也可以了
13021,以前朋友带我去过那边玩过一次，里面环境还可以的，收拾的也挺干净，就是没有双人，单人包间，有的客人会不喜欢的，\n                              师傅的手艺也是很棒的，他会针对你不舒服的地方加强按摩的， 反正下班去那边放松一下真的是不错的选择。
13037,实在没看出来，这家精选餐厅跟别家普通的KFC有啥区别...\n一直以为是里面会有些曾经出过，后来又没用的食物...\n可是我去那里，发现该没有的还是没有啊...\n哎...好吧...我只能把它当做跟别的KFC装修上有一点区别吧...
13060,在这里有一个惨痛的教训！\n有次吃完了老婆的手机忘在桌子上了，我们走了之后五分钟左右应该不到十分钟就赶回来，结果店主说没见到手机。而刚才在的那个年纪比较大的服务员也不见了。于是我就一直打那个手机，一直没有人接，打了无数次之后，居然接了，但没说话，然后附近有汽车按了一下喇叭，我听到了，也从听筒里听到了，说明就在我附近，最后手机关机了。本来想报警的，但是以前也丢过手机，报警后也就做做记录，没有任何作用，也就作罢。\n结论：拿我手机的人应该不怎么会用手机，因为他一直不知道怎么关手机，也不知道怎么拒接，最后不小心按到了接听了。\n所以，大家在这里吃饭一定要注意看管好自己的随身物品，离开的时候清点一下～～～\n他们家的米粉做的还是很不错的，在北京我吃过的桂林米粉里面是最好吃的，特别是炒的米粉。离它不远处也有个桂林米粉，不过人气差了很多，我们去试过，真的很难吃！
13096,路过买了一点鸡小块，感觉还蛮好吃的，或许其他品牌没有吃过，所以没有比较吧。\n油锅放在外面，鸡排要炸在两个油锅内分别炸一次，鸡小块是一个油锅里炸出来的，等的时间差不多3分钟。\n捞出来以后稍微晾一会，称分量装袋，外面还会多套个质量不错的塑料袋，拎起来很方便。\n有时候店员会给试吃。
13116,公司就在附近，对金和还是比较满意，至少菜品样式比较多，又是自己喜欢的粤菜。虽然做得不是很精细，味道也不能说很好（偏咸），但始终是午饭的一个选择，要是特地来吃就没有什么必要了。
13117,不认识路啊，不认识路啊。好辛苦好辛苦才找到的啊。在店门口都要错过的一家店啊。\n我们去的时候老板就做在后面也。。。呵呵。\n可是我们也许是小市民吧，上来的豆花是还可以啦，可是也没有老板亲手弄的那种感觉。调羹就随便的插在豆花里，破坏了。。。。。。\n好吧，一般般啦。看不到老板高超的手艺也没什么意思了。
13161,和哈尔滨朋友一起去吃的，拔丝地瓜是最好吃的，其他的他说都不行，锅包肉外面不够老里面不够嫩，大拉皮口感没有层次，也不够筋道，老板娘是东北人，但是东北菜确实不地道……
13166,在永旺的超市里面的啊，买了蒸糕，抹茶味的和原味的啊，感觉像小时候吃的发糕的感觉啊，还有一种像其他面包房里面的毛毛虫类似的那个挺好吃的啊。
13169,1999年2月22日落成，算是当时中国第一座专业的足球场。前身是虹口体育场，知名度也相当的高，小时候不少比赛都会安排在此。\n总设计师是日本的RIA设计事务所，后期深化由上海民用设计院负责。占地面积56000多平方米，总建筑面积72395平方米，其中包厢40个，观众座席33060个。总投资达到了3亿，座位色为“中华胭红”。草皮全由美国引进，六套按国际标准建造怕更衣室。\n如今更多演唱会也会安排在此。
13180,重庆以及周边的小吃品种应该很多了，但是这里却也流于前篇一律，很多家店铺经营的都一样。没有区别，也就不知道有什么特色。
13185,小巷子里 一不小心就走过 然后再走回来找\n汤底的花生味 是要比乌糖的浓郁\n这次什么料都不加 只加豆干几块\n豆干太好吃 忍不住吃几大块 \n吸了汤汁 鲜美无比\n还吃了春卷 其实更像是卷饼\n清爽 好吃
13217,买手办路过，实在累了，就它了。\n发觉现在店家做活动，29元一份披萨加一份自选沙拉。\n于是点了一份，然后……去码塔了，随着某某披萨店的自助沙拉撤出，这种乐趣就渐少了，今个在这碰到，不出手都对不起群众了，然后就出现了一座以各种颗粒混合沙拉酱为根基，以黄瓜条玉米条为中坚，辅以黄桃、杏子，最后用花生葡萄干收尾的一份（一盆？）沙拉。 后来吃的时候，跟服务生要了一个盘子，然后这盆沙拉倒在盘子里很满的四次，才空了~~~吼吼。\n小披萨很小，口感一般般，焗饭量也比较迷你，几口就没了。柠檬茶是用的小号马克杯。好吧，或许是我胃口变大了。\n服务生还算勤快，环境倒是相对挺整齐，就是连洗手池都没有，比较别扭。
13221,家人来此聚餐~~总体感觉就是，除了青菜，什么都咸！\n牛排，咸；来份小炒牛肉，还是咸~~\n海参味道不错，就是价格。。。猛了点儿~~\n清蒸多宝鱼值得推荐，汤汁味道比较浓郁，比较喜欢~~\n凉拌海蜇头，咸；蕨根粉，也咸；南瓜，还是有点儿咸~~；红烧肉嘞，也咸了点儿~~\n一种叫不上名儿来的南方青菜，倒是满爽口~~ \n记得还要了份鸡肉，一大盆，里面还有粉条，味道还可以~~ \n总之，口味清淡的朋友要注意哦~~
13238,首先说下 菜的味道很好\n层子很嫩 很好吃  推荐铁板肥牛包金针菇 很好次 就是量好少\n重点是 上菜太慢了 差不多一刻钟一个菜 每上一个菜就被扒光了。。饿的就难受了 哈哈~
13287,订了包间居然到的时候说被人抢了，结果饶了一大圈到后面的里间去，用餐中药叫服务员可一个人都没有都没有，菜品较少。
13289,老板嘱咐半天说，一定要先吃鱼皮，烤出来的豆豉鱼皮果然是很香脆，不过用的是鲫鱼，刺好多的TT还被卡到。。。配菜分量不多，但是挺好吃的。麻辣味的烤鱼不算辣，味道偏麻些。还是豆豉味的好吃些。
13292,多次的路过，决定不再路过，苏州下车。\n晃晃悠悠，一抹鲜绿，绿的眼睛有了知觉。\n入门，扔包，出门，再次入门。\nGU。老板。\n哈皮一下，转转。\n一楼 二楼 三楼    喜欢茅房\n坐下 休息 安神 随意\n会再来的 GU.
13299,这家店环境还算不错，两个人，叫了两斤香辣虾和夫妻肺片，口味还算地道。香辣虾很香，而且挺新鲜的，配菜就比较少了，可能是因为这段时间菜贵的原因。作为重庆菜，这里的价格还算蛮贵的，有点物非所值。
13329,经过又一城时，见到呢间奶茶店围着好大一堆人，好鬼成旺。本身仲以为佢系度搞紧特价先，甘岩又口渴，一于去试试先。\n点解甘多人，原来呢间店有在网站搞开团购，大部分都是团购的。我点左一杯烤珍珠奶茶，等的过程中，听到点餐的人在抱怨，团购的几个品种，好多都称卖完啦，要人点其他几种。感觉有点像强迫消费，虽然只要3元一杯，价钱几抵的，但是甘样黎做团购，都系唔得的咖嘛，样样都话无，要人点接受呢。\n讲番我杯珍珠奶茶，味道麻麻，所谓的烤珍珠奶茶，感觉有点像大*司的炭烧奶茶卟，珍珠还算多，但是不算太好味咯。
13360,去南航的时候同学请吃过一次，感觉味道没什么特别的呀，看着比一般的小店干净，还可以吧，但是真没什么特别的好吃感觉，麻辣烫都一个味儿
13402,老字号，味道就不用说了，就一个字，好吃。服务态度不敢恭维，可能是因为名气大了，服务员脾气也就大了，带搭不理的。这两天正卖月饼，看着应该不错。
13412,同学聚会去的，说是挺有名的，因为聚会关顾聊天了，菜没怎么注意，没有啥特别有印象的。可能价格比较实惠，菜也还可以所以人很多，晚了要等位的。
13416,每次去他们家都是点的鱼丸锅底，鱼丸都是现场制作的，味道鲜美。\n羊蝎子也是我的最爱，烤羊排比较油，吃完其他就吃不下了。\n他们家的环境只能说是很一般了，如果能改善一下肯定会吸引更多的食客。
13432,第一次来济南就是吃的卫巷，后面差不多隔1个月就要去吃一次，爽口黄瓜一个字赞，自己在家做怎么也做不出这个味道，粉皮炒肉，好吃，不过去他家吃饭的人好像就点几个菜，每桌吃的东西都差不多
13460,东西做的很一般，不过是环境还可以，适合休闲聊天．服务差点．不是很热情．东西没有太记住的．都是随便吃吃的．
13462,服务很给力啊，生日的时候居然送了礼物和一大份水果盘，还有几个服务员过来唱生日歌，当时就hold不住了，真的已经是无法阻挡了！
13475,"现在的名字很有个性啊\n原先是欢奇下午茶的时候来喝过下午茶,\n冰沙不错.6寸的PIZZA也过得去,料哈足~\n至于环境嘛,一个字""闹""\n开在太平洋里的店有不闹腾的吗?"
13476,"偶然发现的台北牛排,内部装修是大约10年前很流行的秋千椅,看起来已有些老旧,但是黑胡椒牛排套餐味道不错,供应的生菜沙拉仍保有台湾沙拉的口味,既然名字叫台北牛排,估计老板是台湾同胞呢！"
13523,环境服务都很不错~周过几个蛋糕店比较而言还是他的性价比更高些~味道好~样子俊~包装精致~喜欢在他家订生日蛋糕~小块的蛋糕点心们也很有味的说~妈妈很喜欢吃~
13528,家常菜馆，实惠量足，大部分都是旁边的居民，回头客很多，就是做的菜油大，几天没有油水了，去改善下可以，平时吃感觉有点腻。
13536,住的民宿，老板姓计，计太太做一手好菜，态度极和煦，ang子鱼汤味道好的盆子都能吞下去，炒三鲜极美味，鸡嫩虾肥，酱鸭肥美多汁但不咸。早餐也很赞，住宿环境很好。
13544,简直是让我沉迷的一种味道\n超级爱它的疯狂抄手\n我超级爱吃\n还有那个干拌面\n怎么说呢\n如果你爱吃辣\n如果你爱吃酸\n如果你爱吃\n那就吃死你把\n哈哈\n对于抄手\n我总是有一种欲望\n那种近乎沉迷的感觉\n每天下班都有一种难以抑制的欲望\n这种欲望折磨的我春情荡漾\n口水淋漓\n哈哈    百吃不厌\n顺便推荐隔壁的烤馒头片\n人家烟火 哪有极品\n只因当时饥渴   所以销魂
13560,秦淮河，在中国漫长的历史中留下了各式各样的故事。优雅的，美艳的等等，现金也只能在书里去回味了，每次去秦淮河都挺失望的，特别节假日，环境脏乱差。
13567,类似城中村里面，周围都是大排档，这家装修较好。大厅台与台之间较近，有局促感，且较喧哗。菜式以湛江菜为主，还是挺适合广东人口味的。\n去城中村寻找美食一族又一个落脚点了。
13577,以前每年都来这里吃年夜饭的，觉得这里米道还是可以的，老早吃的每个人一盅的那种涮的鱼，很鲜的\n想伐想伐也要流口水类，哈哈\n这里住也住过的，房间蛮大的，而且环境很好很干净，也看得到很不错的风景\n就一直坐在他的大床上看电视\n每次看NHK都是相扑。。
13629,有一次很想很想吃麻辣烫了，突然就看到了这家店，还是刚开张呢，老板人很好，北京人，对我们很热情呢，第一次去还送了我们一碗他家特制的麻将小料，味道相当地道呢，环境也不错，还有二楼呢，价格也比较公道，主要是店里面很干净，不像街边上的麻辣烫，看上去就没食欲~
13649,我来这吃每次都点肉夹馍、米皮或者哨子面，很好吃！\n炒菜神马的跟同事一起的时候也吃过但是一点印象都没有了，服务时好时坏，有时候挺热情的，有时候坐了半天没人给点菜，喊半天也没人倒水。环境很一般，地面黑乎乎的石砖感觉很油。\n因为在小胡同里，很难停车。
13670,好久没吃火锅，看到有这个团购，离家也近，个么就去了。果然除了离家近，木有其他优点了，东西不好吃，服务态度是还蛮好的。这个价格团购吃吃最多了，自己去吃是不太可能。
13675,朋友举行宴会去吃的，没有给钱，但是确实太远了，赶车极不方便，貌似一桌不贵，结婚可以考虑，但是亲朋好友赴宴就麻烦。菜只是可以，服务态度不错，大厅有些简陋，要搞婚宴必须有创意。另外，大堂里有几只猫在乱窜，有些影响食欲
13677,这次点了鲜芋仙招牌........里面蛮多的芋圆，仙草，还有沙冰。店面不大，生意很好~\n这次还点了杯冬瓜茶，本来觉得味道应该满奇怪的，但是喝起来味道不错，就是甜了那么一点点。
13702,电话号码太好记了，我吃我吃我吃吃吃。。哈哈哈。订餐小秘书挺好用的，用过好多次，除了方便订位，有的餐厅使用订舱小秘书还有折扣哦，这个蛮好的。貌似每次成功订位然后消费了，就会赠送积分的，然后积分可以兑换礼品。
13709,本来想咨询他家的马尔代夫，后来在篱笆网上满天飞着他家的投诉贴，吓得我马上缩了回来，花那么多钱还是找个安全可靠的吧
13726,就在家门口的饭店，和老公周末去吃二人88元的套餐。量太少了！！少到让我们惊讶！！量一个人都吃不饱。牛肉和羊肉双拼一共约14片肉，海鲜拼盘总量约有7两（包括壳）的量，面条两小绺约2两，蔬菜拼盘为白菜、茼蒿和菠菜，量也很少，生鱼片的品质也很差，切的很薄，肉质也不是很好……这个价位，这点菜量，反正以后本人是绝对不会再去了。那天，和老公瞬间扫荡了这个套餐后，赶紧回家做晚饭，真是一点没吃饱呀~
13767,在上海属于老字号的法语培训场所了，很正宗，也很贵。我是7年前去上的，那里的课本和磁带号称法国原版的，一套就要几百元了，这在当时是很少见的。并且他们那里的O基础本已开始就让你学对话，真正O基础的人很难跟上，所以还是适合学过一些法语的人。那里的学习氛围不错，有专门的图书室，还经常搞活动的，外交也挺多的，但是初级班是中教上。然后一本书要分3个班上，还想有2本书吧。还有其他一些辅助的兴趣班，价格都在2000元左右。
13801,"庆祝全聚德三元桥店20周年,倾情回馈,五星店震撼开团!仅售445元!价值808.5元：8个菜+一套烤鸭，4人餐。我没有犹豫就买了，因为2年前闺女过生日，我们三口在前门全聚德吃的，花了500多元，还没有8个菜呢。 \n   \n5月22日我们一家三口吃回来啦！很满意啦！周五已打电话预订了，所以上菜很快，环境好、服务好、免费停车，现在有的地方一小时就要5元、8元呢。\n   \n店外装修风格古朴、大气 ，店里四周都是这种装饰，让人一目了然，不用介绍全聚德的历史了。\n干煸四季豆（1份，价值32元）\n一道干煸四季豆，看似简单，但包含着火候和口味的掌握，用油将四季豆煸熟，出菜呈翠绿色，味道脆嫩，不焦不糊，加上微辣微麻，清口开胃。 我的感觉有些辣，结果没吃了。\n芥末鸭 掌（1份，价值45元） \n招牌美食，选用上好新鲜的鸭掌制成，保持了原有的口感，加以各种调料码味，配以精心调制的芥末汁，色泽橙黄亮丽，辛辣香鲜，口味细腻，更有香脆的口感，风味绝佳。招牌菜没的说------好！ \n烩 乌 鱼 蛋 鸭舌汤（4位，价值80元） \n招牌美食，这道汤汤汁清亮，略呈微黄，乳白色的乌 鱼 蛋漂浮其间，似片片飘落的百合，格调清晰别致，滋味鲜咸酸辣。 \n京城三味（1份，价值38元） \n这道凉菜是地地道道的老北京风味。这三样老北京的小吃，既沿用传统的制作方法，也给其加入的新的元素。炒红果的酸甜开胃，麻豆腐的解酒消暑养颜，还有芥末墩的清爽解腻，带来不一样的感觉。麻豆腐没吃完，炒红果都让闺女吃了------吃芥末鸭 掌辣着了 \n果仁菠菜（1份，价值28元） \n菠菜中含有丰富营养，而凉拌降低了菠菜的营养流失，加上各种果仁丰富了它的营养，观之翠绿诱人，食之非常可口。感觉有花生碎，其他的没吃出来好吃、又素都吃了。 \n精品毛 血 旺（1份，价值68元） \n毛 血 旺是川菜的代表菜之一，口味麻辣，汤汁红亮，现在经过我们川菜的新派大师加以改良和创新，将其麻辣鲜香、味浓味厚的特色加以发扬，加入高档原材料，并跳出传统的烹调方法，让人眼前一亮。味道很好、也不是那么辣，就是个大 杂 烩。\n火燎鸭心（1份，价值98元） \n招牌美食，剞花刀，加茅台酒，使得红褐色的伞状鸭心在嫩绿的香菜和洁白的葱丝的映衬下，吃起来焦香嫩透，还有浓郁的酒香，格外好吃。这个没用闪光灯，不是那么红，不过好吃不腻。 \n杏鲍菇炒鸭丁（1份，价值58元）此菜黑椒味道浓厚，咸鲜微辣，杏鲍菇口感鲜嫩，味道清香，营养丰富，具有愉快的杏仁香味和如鲍鱼的口感。杏鲍菇有些筋道，也好吃。 \n果木挂炉烤鸭（1只，价值238元） \n全聚德烤鸭原料选自北京填鸭，采用挂炉，明火烧果木的方法烤制而成。烤制成熟时间为50—60分钟左右。刚出炉的鸭子皮质酥脆，肉质鲜嫩，配以荷叶饼，葱，酱食用，香美醇厚，回味不尽。很可惜，忘了照一张整鸭的，看看已经片好了的吧，嘿嘿…… \n另外，还有香米饭、荷叶饼、甜面酱、葱丝、黄瓜条等50元，还有10%的服务费呢，这样都加在一起，就是800多元了，团购花了445元，相当于打了5.5折。最后打包回来的鸭架子、米饭、菜又够吃2顿的，所以说是超值~\(≧▽≦)/~啦啦啦！"
13815,话说去了多次这家店每次都要排号，不过还好等的时间不算太长也就忍了。必胜客每次必点的都有芝心pizza和雪域抹茶蛋糕，pizza很顶饱而且同等价位的两个口味的还可以拼，这一点很不错，因为每次都想多吃几种口味。沙拉就很普通没什么吸引我的地方，小吃喜欢法式红酒焗蜗牛，比较有特色，但分量严重不够啊，呵呵。抹茶蛋糕就实在是很不错，口感很特别，蛋糕加冰淇淋的感觉，总之就是赞啦~~
13817,朋友就住在这片，那次找她玩就和她在这里打的羽毛球，人不多，只有一个教练在教几个小孩，我们几个打了一会挺开心的，也“偷”听了教练的一些方法，技巧，现在自己的羽毛球技术好象又提高了。呵呵，好开心啊，这次虽然贵点，但我们都玩的很开心感觉没白来，值了！
13832,北京有很多奢华和富贵的场所\n隐藏在平实、喧闹的民居中\n这里是典型的一例\n开车曲曲弯弯 好像已经没有了路\n两旁破败的居民房 坑洼的胡同小道\n尽头 凸显一处别样所在\n一色的灰瓦白墙 \n既有北京官府府邸的气派\n又有上海外滩小楼的时尚\n进的门厚重、奢华、大气的感觉扑面而来\n用的是金银黑红紫的现代色彩\n到处是景 不放过任何一个小小的角落\n人均好像大概500元 \n目前只开业了一期\n后面还有客房 康乐等等\n期待着。。。
13840,最主要是被玻璃瓶子吸引的，看着不错，喝完能够做其他用处。\n价格比较贵，要12元。\n有奶类和茶类几种品种，味道还可以吧。
13846,要的招牌便当，8元，还算很划算的\n中午1o:45 订餐还会送一份苹果汁饮料\n里面有牛肉干、玉米、白菜、半个鸡蛋、一片火腿、春卷两个，感觉还是很划算的\n南开学生自主创业，支持一下
13875,买了它家的巧克力芬迪铃..3.5元很小一个...超级难吃..难吃的程度无法形容..从没吃过那么难吃的巧克力圈..我就咬了一口就扔了\n无语的一次体验
13877,公司请着去吃过几次，食物味道很不错，很多菜都做的很地道，环境更加不用说，装修的很漂亮。其实我不知道人均多少钱，只知道不便宜···朋友说她上次4个人吃了五百多（不过她说是点了一个汤比较贵，两百多）。
13885,朋友推荐的，周日去的，中午人不多，环境一般。不过东西质量还不错，三文鱼、金枪鱼都比较肥美。最赞的就是铁板牛舌，很厚，却很入味，酱汁的味道刚刚好。\n烤银鳕鱼的鱼很嫩，味道也不错。上菜速度还算快，不过要催一下，服务员也还算勤快。性价比来说还是推荐这个餐厅的。
13952,老妈心心念念的交通技校。预定过位置，不过去的时候居然还是坐满了人。服务员叫我们和别人拼桌，我有点不情愿。看看环境，也觉得有点吃不下。硬是等到人家吃完走了再开吃。开始真的没什么食欲。看看别人的餐桌，差不多点了蹄筋，香酥鸭，鳝糊，金花菜等几个。那个蹄筋真的很实惠，二十几元一大盘，而且味道也很好。香酥鸭上来感觉其貌不扬，吃了才发觉酥酥的，很入味，反正就是很好吃。其他的也不错。总之吃到美食，后来心情也变好很多，哈哈。
13954,沾了动物园的光，在那片也算人比较少的地方了，不过现在火的应该还是地下的聚龙什么的。东西得自己掏，还得发扬砍价的传统，偶尔闲了去逛逛，不过身材原因吧，很少能买到合适的衣服
13969,晚上参加某颁奖礼，邀请函上写的清楚，只提供CANAPES和DRINKS~~所以也就没报太多期望，楼下吃了简餐才慢慢上到去.\n  颁奖礼办的有多混乱也就不提了，这里的服务还是不错的呃，侍应生彬彬有礼，服务专业，茶点虽然种类不多却也算精致.法式马卡龙做的也是似模似样的，总体比较满意吧.
13976,牛肉石锅豆腐很给力很好吃 报公司名字还能打折 环境也不错 吃好还能小逛下 \n老板挺利索的 可惜服务员不太给力 东西还是挺好吃
13991,以前一直去苹果玩各类新机器，这次终于下定决心来买IPAD2了。\n苹果这家店在我看来已经成为陆家嘴的新地标了，站在天桥上就能看到那缺了一口的苹果\n而且周围无任何遮挡物，看起来干净透明，是我所喜欢的风格。\n里面有苹果所有在售产品，没有约束，也不会有人去看着你，感觉既自由又舒适。\n生意非常好，有些产品都没货，用过苹果的人都会成为他的粉丝，软件和屏幕太强大了。\n我们同事间曾开玩笑说，还好他只卖数码产品，要是哪天卖家电，SONY神马的就要哭了。
14034,根据网上的示意图去找的。。。找了半天。。。示意图有点问题。。。\n涨价啦。。每个涨价1块。。。而且夫妻肺片锅魁卖完了。。。唉失望啦\n要了一个鸡米芽菜锅魁。。。一点也不辣额。。。米到伐好\n外头额米饼嚼着还算筋道。。。但是没什么好吃的。。。\n里面额小姑娘爱理不理的样子。。。。。。。。
14058,10月的半价优惠日拿点评卡去的\n感觉口味和豪享来 豪客来味道差不多\n总的来说还可以的 点了不同的牛排 感觉口味没差很多 经济型的嘛
14080,上海滩有很长的海岸线，可是天公造物未赋予上海一个宜人的沙滩。于是奉贤、金山两处海湾相继人工\n堆沙，营造出供人们休闲戏水的“碧海金沙”。\n      论“金沙”的规模，金山不及奉贤，但漫步沙滩，极目远眺，浩瀚海天，同样令人神往。\n      人造的毕竟不如天造的自然，虽经严格限制区内化工企业的大气排放和污染治理，但海水还是显\n得混浊，实在谈不上蔚蓝。\n      环境保护的综合治理，任重而道远。
14107,"名人名家要收茶位费的,每人3元,上次记得被暴光过,说不强制性收拉,不过现在好象还在收.去名人名家就是为了吃他的特价菜,其他都是相当贵的"
14110,最近周边的很多朋友都挺喜欢吃素的，反正我是坚持不下来\n后来请一个不错的女性朋友吃饭，她点名要来这边\n听说素食都挺贵的，我就揣着钱包等着她来宰我了\n一进来就喜欢上这家店了，很典雅，给人很舒服的感觉\n让你进来就有种吃素的感觉\n没一会朋友就来了，来了之后就很熟练的点了几道菜\n看来平时没少来，菜上桌了，我比较傻眼，看到了不少的荤菜\n没敢说话，原来听人说过仿荤的素菜，所以赶紧尝了尝\n确实做得挺不错的，都尝不出来是素菜做得\n怪不得现在这些小姑娘都喜欢吃素，看来吃不吃的没什么两样啊\n那天记忆最深的就是水煮鱼了，你要不告诉我是素菜，我估计我吃完了都不知道呢\n结账的时候也不是很贵，看来以后可以经常来吃吃了
14111,非常好吃的一家川菜，剁椒鱼头是我在这家每次吃饭的必点菜，好吃极了，回味起来，真是意犹未尽。有日子没去了，馋的流口水了都快，找机会一定再去。
14252,买了一个QQ包，奶香味很足，虽然里面是空心的，但皮咬起来有韧性。呵呵，好吃。\n下次再买点手撕包和店家推建的试试看。\n不过生意貌似比不过85度啊。。。。。可能是地理位置没85的好吧。
14256,以前经常去的，现在去的少了，东西的种类很多的，但也很重，称称就要不少钱了，现在什么都贵呀，但他家的东西还是挺新鲜的
14309,因为我可爱的可爱的同事离职了\n临行前，请他的好友吃饭（就是我）\n所以有幸来到了好豪华的埃斯特扒房\n为什么说豪华呢\n因为在国际俱乐部，这个地方就超豪华了\n贴金的吊顶，温暖的灯光\n周到的服务，美轮美奂的内装修\n来的时候还赶上中澳俱乐部的聚会活动，也因此耽误我们上菜了\n不过我们也是澳洲公司，呵呵~原谅他们吧\n不说啦\n上图\n \n黄油超级好吃~呵呵\n \n这些可都是我们的包间~\n以下是吓死人菜单一份\n前菜\n这道是煎鹅肝配蘑菇 说实话我不喜欢鹅肝 所以不评价了 到哪我都不喜欢\n推荐菜是法式蜗牛配牛杆菌很好吃但是被我吃得太快忘记照相了\n杀了我吧\n这倒是蟹肉棒，基本上是海鲜的，鱼味\n培根配芦笋~这个好吃~呵呵\n蘑菇奶油浓汤~这个我得大爱~哈哈\n牛排来啦~\n我点的是西冷牛排~\n奶油菠菜，很腻，大家一起吃还行，吃不过三口\n总之，西餐都很腻\n中国人吃不下那么多东西\n这是水果拼盘啦~\n叫做什么什么水果配白酒蛋奶汁\n非常好吃~\n超级受欢迎~哈哈哈\n喜欢，清爽又甜但是不腻，很消食
14310,真没想到，这家也有呀，开在小区里，应该刚开业不久吧，装修的挺简单的，节前公司里回家的回家，有事的有事，就剩10多个人大家一起吃个饭，选在这里。点了不少菜，发现菜量比较小，换句话说就是比较精致，哈哈，点了条鱼，我们经理说这鱼真苗条呀，关键都没入味呢，没发现有什么特色的菜，口味都还算中规中矩吧，也就10多个人，花了1000多，感觉吃的不是很爽，不是很饱。
14313,家附近的小馆子，第一次去，还可以！点了豆豉鲮鱼苦菊，挺败火的！买了3俩猪肉三鲜的（很好吃），3两猪肉韭菜的（一般）不过他家的饺子挺大个的 （相当于速冻饺子的2个），价格也很实惠！挺适合家庭吃的！
14322,这里的鳕鱼条做的很好吃，\n里面的鳕鱼阿雪白雪白的，\n就像刚刚被切开的感觉一样阿。\n灵的灵的，值得推荐一下。
14331,上次朋友生日聚会过去的，其他朋友介绍的！说很不错，我们很多人，拼了俩个桌子。之前排队排了一个多小时是有的，没想到一烧烤店都那么火，不可思议！\n看了菜单，觉得价格不怎么便宜就是的，随便点了些，掌中宝还很不错，金针菇也喜欢，香菇也不错，羊肉串很多肉肉。玉米太老了，又硬又不甜，失望，鸡翅很一般。韭菜马马虎虎。\n朋友很喜欢那里的扎啤，都是一罐一罐抱着喝的，很痛快的感觉，呵呵~\n最后结账结了九百多！就烧烤来多感觉确实小贵！不过吃得喝得很开心就是的！\n以后有机会会再光顾
14333,很适合冬日里一个人解决吃饭的问题。\n一般是要一小碗牛肉汤，加一两肉，再来一个烧饼。加的肉单独用一个小碗盛上来，蛮实在的。\n牛肉汤味道不错，但有点咸，而且里面的萝卜和干豆腐丝都像是没有煮过的，牛肉很香，烧饼又大又薄，刚出锅的会有脆脆的口感。\n周围的学生很多，所以饭点的时候人也很多，都要拼桌的。\n不推荐牛头肉汤和牛杂汤，太油腻了。
14347,地段很好，对面就是989，沿马路的，朋友到了可以先隔着玻璃打个招呼。酒挺好的，八点之前点好像还半价，吃的一般般。地方不大，层次很丰富，到后面人很多，很吵。态度还可以，人多了服务就跟不上。
14361,因为离得近，所以时常会去吃，环境是不错的，颇有些情调，菜色较有特色，中西合并，倒算对的起店名，口味中规中矩，牛肉石头烧、酸汤鱼确实不错，至于服务就差强人意了，服务员人数太少，而且反应比较迟钝，可能是服务素养不够造成，总得来说，性价比一般，价格偏高！
14378,好久没吃饺子了，朋友说富力广场新开一家饺子馆就来试一下，总体来说都很不错，就是价格有点小贵。没有负一层的实惠。
14388,店面很干净，东西也挺好的，关键很便宜，很实惠。营业到蛮晚的。\n第一次吃，吃的是浇头面，味道不错。东西也很干净，看了下菜单，其他的也不贵~值得再来
14395,1年内涨价3次，现在这个价格还是有点小贵的，不过里面的东西都很新鲜，因该是和人流量有关。吃自助的好处就是无限量，看着师傅边烧边吃也是一种享受。并没有印象特别深刻和特色的东西。
14421,在满座网团购的票，星期五去的，感觉一个字：差！害的我的手被摔伤磨破一大块皮！！！这家影院只有一个窗口可以兑换团购的票，大概都是看变3的吧，人很多，排了1个多小时的队，等我们排到前面去的时候发现居然这个窗口还接受现场买票什么的，很多人都不满意，说后面这么多人排着等呢，你们又只有一个窗口兑换，居然这个窗口还不是专门拿来兑换的，太让人气愤了！！！但是那个服务员冷笑着说没有办法，想看便宜的就只能这样！！！！！！！！！这个电影票便宜是你们商家自己主动打广告做的，并不是消费者跑到你们影院去求着你们便宜的，而且团购的时候根本没有说只有一个可以兑换票，而且这个窗口还可以用于现场购票！不知道这个影院的老板知道了是什么感觉，影院薄利打广告做宣传，结果反而让客户很不满意适得其反！\n看3D每张票交100押金，我不知道其他影院是什么样的，但是之前我看了几次3D都没有交押金，这个眼镜有那么珍贵吗？明明电影院坐满了人，散场的时候谁愿意再等1个小时退押金，大家都疯一样的去出口退押金，而且只有一个服务员在退！！！我跑去退押金就被摔伤，手肘擦破一大块皮，半夜的开着车去找药店！！！！！\n总而言之一句话，超级垃圾，服务，管理都不好，以后再也不会去，至少看个电影被摔伤不是一件愉快的事情，就算不要钱让我去看了被摔伤我都不愿意！！！！！
14453,其实我还没有开始北京美食攻略，这家只是在周末的饭点逛遍西单的百货商店，掠过几家上海的常客和排队生猛餐厅以后的无奈选择。\n事实证明，面条也令人很无奈，三两片叉烧，硬硬的笋和黑木耳，等上菜等了十几分钟，而且我看后到的顾客的菜都端上来了。。\n问服务员要辣酱竟然跟我说要1块1碟..毫无特色，骨头汤也不鲜，还不如味千呢，饭点了竟然外面还能排起队...大商场真心伤不起啊...
14466,离家好久，也好久没吃到锅贴了，慕名去的~~~真难吃，不如我自己做的，还S贵啊啊啊啊啊啊啊啊啊啊啊啊啊啊啊啊啊啊啊啊啊啊啊啊啊啊啊啊啊啊啊
14467,嗯，公款吃喝的好选择，鱼翅鲍鱼不是我的菜，燕窝是一定要吃的！\n蔬菜和别家没什么区别，来这就是吃海鲜。\n喜欢包间的空间，够宽敞！
14493,点的最便宜的过桥米线，感觉没什么特色。\n配菜只有一点点，米线也不是很好吃。白白的，看起来就没有食欲。\n以后应该不会来了吧。
14512,今天爷爷去东海广场参加座谈会\n本来以为一个小时差不多，结果开了2个小时\n等的我饿死。。所以跑到这家吃点饭\n去的时候快关门了，进去说只有招牌饭了 14元\n东西还满多的，蛮大的几块肉扑在最上面\n很适合喜欢吃肉的我 哈哈
14541,就是人好多啊，普通家常菜吧，晚上人特别多，上菜超慢，口味还算可以吧，偏咸，就是便宜吧，所以人好多。完成
14542,同事生日去吃了一次，以前只是听说过竹荪鹅，那次去吃，发现没有什么的，终于吃到了所谓的竹荪，发现软绵绵的。不是很有口感，但是传说很有营养，还是没有什么太大的兴趣
14546,可能是生意不太好吧，营业面积越缩越小了，只有地下一层了，但吃用还算齐全，就是进口食品少，几乎每次购物都要排队，货柜摆放挺紧凑的。售货员们态度一般，不热情，问点儿事儿什么的一般不爱理。价格照那些大卖场贵了些，但也算是方便了。
14550,就是中式快餐啦，味道一般，价格也一般，不便宜也不贵。\n就是我家楼下，也就去过几次。\n如果说优点的话，就是方便，随时随地都可以吃。
14552,在教子胡同的南边，大顺堂的左手边，进胡同里边，门口有很多乞丐，不知道为什么这个地区这么的严重，里边的有四五个殿，分前中后的，有一些碑文，里边还在施工，能看见一些出家人从旁屋出来。\n 有些人在磕头，捐钱，我只是游览。
14561,因为是公司聚餐，具体花多少钱还真不知道，鹅肝味道还不错，其他的东西味道一般般，没什么可说的，环境很好，可惜是大冬天的晚上去的，也没什么好心情。
14578,公司去的。。\n蛋糕都是做成小块的。。 歌剧院还蛮厚的 里面的核桃碎仁也蛮多的。。 \n不过感觉用料不是特别好。。 \n替拉米苏：一点酒味都么有的。。 w比较一般性。。\nCHEESE：无功无过 还算可以吧~~
14581,因为它的隔壁有家奔跑的辣椒，就跟奔跑对比了说了，这家火锅店总体还不错吧，酒、饮料比奔跑贵，装修没奔跑的辣椒艳丽但还是漂亮的，但是它家的东西比它隔壁的那家奔跑的辣椒要辣，喜欢吃辣的可以到这家，而且他家的东西没有隔壁油!
14605,曾经一帮朋友下午活动的主要据点，经常几个人带着桌游来这一坐从下午到晚上。\n这里人比较少，胜在安静。二楼就不要去了环境很不好，一楼还可以。\n大沙发很舒服，老板常年坐在中间的沙芳上睡觉或者看电视。饭菜说实话价格真心不便宜，口味一般，奶昔还行，我每次都点这个。\n由于经常去，办了会员卡，可以打88折。\n现在由于停车不方便基本已经不去了。
14615,游泳一直是我撮爱，前两天去他们家看了，北京一个很大的游泳馆，浩沙在北京还是比较有名啦，部了下价格，年卡1500，我觉得还是比较值的，他们可能最近在办活动吧，因为之前也了解过他们家，好像没有这么便宜啊，不过正好让我赶上了呗。我就打算和我朋友一人办一张。\n  那天去体验了一下，说实话，还不错，设施啊什么的都还不错，就是我爱游泳嘛，水温相对比较冷 ，如果再暖一点就好啦，其它跑步机什么的，我也只玩了一下下，不过看见有好多人呢，真不是愧为北京排名前十的健身馆，真的超有人气，而且浩沙在北京有很多分店，建议大家可以考虑在他们家办个年卡之类的，很值 得的还是
14619,蛮普通的一家店，虽然新装修了，只是因为附近缺乏稍大一点的酒店，才过来。吃过很多次，感觉价格较为合理，口味还过得去，推荐：江鲶炖豆腐，瓦片腰花
14620,早有耳闻这个店很好吃，自己又很喜欢吃粤菜，所以就和老公去吃了，味道都很不错，叉烧很好，不过貌似咖喱做的不是很正宗
14664,今天才看到weibo上的脚癣锅贴，话说包锅贴的师傅在窗口里面一边包锅贴一边挖脚，顾客提出意见后，店家态度还极为强硬，最后还请来了警察。这种店真的好关门了，“病从口入”的道理不懂吗！DP的童鞋如果看到了，都可以不要去了，抵制掉抵制掉。\n哎，好像激动了点！
14680,当初没开之前听说郑州要开钱柜了，兴奋啊！以为是跟上海一样的呢，谁承想假的！！！\n音响差，装修也很一般，只去过一次就再没光顾了！
14683,每天都有很多人去吃的店，羊肉很好吃，一楼啤酒免费喝，要提前预定才有位置。除了肉以外蘸料也很好吃，每次一去就会是多。
14684,大年初六和朋友逛街的时候无意间走到他家门口，貌似没有传说中的人挤人嘛，稀稀拉拉的就几个人，个人不喜欢这里，太甜还腻，而且速度还慢。
14692,晚上去的，因为不太去西郊百联这里，发现真心难找啊，感觉像这个百货要关门了一样，囧~话说太雷了，过去的时候因为第一次去嘛，就推荐点了大芋圆1号，结果一会说珍珠没了，我说那换绿豆吧，后来又说金薯也没了，换芋Q吧，反正到后面又变成给我的是大芋丸1号了，汗。。。反正稀里糊涂就拿了杯外带走了，感觉芋很好吃，真心很Q，嚼到后面也不会硬。别的话一般啦。。。冰淇琳不好吃~反正也是慕名前去，尝尝味道。
14705,很小的一家店，服务员虽然少但是服务很好~\n两个人吃的158元/位的自助~\n刺身很新鲜，特别喜欢三文鱼，自助无限点，哈哈~\n寿喜锅也非常好吃，甜甜的汤，里面有牛肉、豆腐、金针菇、白菜、蓬蒿菜、魔芋丝等等~\n锅里面的东西吃完了还可以加~牛肉又嫩又鲜，魔芋丝煮久了很入味~\n铁板牛排的牛肉非常嫩，我都怀疑是不是没熟。。发现这家店的牛肉特别好~\n另外还有烧烤和天妇罗之类的，一般般~\n饮料选择还是蛮多的，我喝的是乌龙茶，是我喜欢的无糖的那种~\n如果自助的价格再优惠些那就更好了~
14714,宜家它噶竞争对手越来越多，所以似乎生意越来越冷清，人流绝对比唔上天河城。好怀念以前噶王府井。去到一定会买一串冰糖葫芦，果阵人多到要排队买噶。早几年卖冰糖葫芦噶就撤左了。王府井噶价钱真系非一般噶高，唔系咩名牌都要几百，唔系搞活动真系唔会来。荷包顶唔顺啊！！
14727,我在买水当当的时候，LG自觉的跑到隔壁一家店去买，哈哈哈\n他么按他的口味来买了，仙草凉茶，这个男人就这点花头\n真心蛮好喝的，小姑娘看到我在拍照片，说你拍么要拍我们的特色了，忘记问什么是她家特色了
14769,古今内衣那个贵啊，而且这家店很少有活动的。\n他家的内衣样子都比较传统，可是质地不错，所以还是物有所值的。\n每次经过都会进店里逛逛。
14774,就在家附近，偶尔会串门过来吃吃。后来发现新加了涮肚系列味道还可以。烤翅就是大众味道，没有什么特殊的，总的来说还可以，适合一堆朋友随便吃吃。
14776,点了份家庭套餐~\n上餐速度超慢~一直催~~\n大概人手不够吧！\n儿子是意粉+薯条~薯条都被我吃了~意粉有点硬~不是很适合宝宝吃~\n咖喱猪排~有些些辣~~（对于我们一点辣都不吃的人而言）\n问服务员要了一份米饭~很爽快！\n领走的时候送了宝宝2张粘纸~嘿嘿
14777,去过好多次。第一次去的时候是万达刚开业 去吃的感觉还不错 东西很好吃 还不贵 人还很多。可后几次去就感觉不行了 也没怎么有人吃了。要不是朋友想去吃 我也聚不去了。服务员态度差 盘子叉子也很不干净。牛排又硬又难吃。水果沙拉也不浓。就一个有点 便宜！以后能不去就不去
14779,女儿得湿疹去看的，挂的专家门诊，医生态度很好，药便宜的让我不敢相信，配了一支含激素的药膏，三支不含激素的药膏，效果不错。
14784,这么多年了，一个品牌能做下来，也是不易。小孩子喜欢，跑来跑去，把冰激凌吃了 一个又一个。比较适合朋友聚会，氛围不错，菜味道一般，点心还好。
14792,下了飞机， 入住酒店后， 同事安排在此接风。 很有情调的餐厅。 汽锅鸡好吃，其他菜偏辣偏咸。杨梅乳酪，骚味太浓了， 实在不敢恭维。 环境好过于食物
14823,凌晨1点，一杯红茶让我比平时晚睡1小时。\n清晨8点，一份陕西卷饼让我在车站心甘情愿地等上15分钟。\n平时10分钟的车程，修路让我又浪费了10分钟。\n最后用120秒从万达一路飞奔到火车上，试想如果我穿上nike free run，最起码能节省20秒，如果身后再有个老虎追赶，最起码还能快20秒。\n8点37分，火车准时出站，身上的汗还没干透，辽阳就到了，十多年前，来过几次辽阳，如今再看，我都奔三了，可辽阳的街路似乎变化不大，白塔依旧，空气里满是灰尘，天空有点灰暗。\n一个半小时后，来到温泉村，周一人很少，我们三妞儿占个高温池，风大吹着脑袋生疼，幻想着自己置身北海道，假山假花都是鲜活地，耳边的音乐不是铁道游击队之歌而是英文日文韩文啥地，服务生不会用那狠呆呆地语气管你叫贵宾而是柔声细语地，我咋觉得叫贵宾是像叫狗似得腻。嘿嘿。\n回程在火车站西面，看到了私房面三个大字，同事很迁就我说就吃面吧，在店里看到韭叶面的典故，面条种类还挺多，从油泼面到炒面到牛肉面等，均价在10元左右，味道还相当凑合，什么是美味，饥饿最美味！\n吃面完，坐车，回家！
14824,很少看到有桌椅可以堂食的，大概市中心的都是寸土寸金不舍得摆桌子椅子吧。挺喜欢的，不过因为米糖都涨价的缘故，味多美也涨价了，郁闷啊。。。
14836,地方不难找，交通也还行，挨着紫竹桥，点菜没按照典型上海菜那么点，凉菜里。。。海蜇小黄瓜，萝卜干，素什锦都不错，热菜里。。。香酥鸭，鲍汁鹅掌啥的没什么特别，鳝糊还不错，水煎包好吃，汤圆一般。这饭馆总之去了也没问题，至少有点水平，绝对不会失望吧
14845,今天陪我的同学去九院，经过这里就顺便吃了个小饭……\n在这里点了一个小份的干锅牛蛙68元的，老板说小锅就有一斤了……\n然后点了个海鲜面疙瘩很实惠的，量很足，面疙瘩有点像年糕的口感，味道很鲜的，很好吃……\n最后还点了一个荠菜山药汤，山药超好吃的，粘粘的脆脆的……\n想不到最后两个人竟然吃到撑，也没吃完……\n不过貌似饮料没什么喝的，就叫了一大瓶果粒橙……
14857,周末中午朋友带我去的，跟别的韩餐比的话稍微贵一些。\n要了海鲜沙拉和每人一份牛肉蔬菜汤。\n本来我想要海鲜汤来着，但服务员说海鲜类有腥味儿得等40-50分钟。\n海鲜沙拉看菜谱上的照片感觉不错，上来没多少海鲜。虾是劈开的，只有两只。。\n牛肉蔬菜汤不错！蔬菜放的很多。味道也还行。
14860,很久没逛世贸这一带了，今天过来还好没有转向，不过以前一楼就是卖鞋的今天看全变金铺了，看手扶电梯入口处挂的牌子，上4楼还是没看到鞋，问服务生，答鞋在6楼，于是上电梯到6楼，鞋子不要太多哦！选了几个牌子，挑了款性价比相对高的皮棉靴，正好做活动打对折，跟营业员说好，因为是送人的，怕码子不对，如果大了或是小了应该可以换的，营业员满口答应了……到商场买东西就是这点好，可以换，也可以退。
14875,人很多地方很大，就是因为人多所以空气不太好，但是卫生还是可以的，服务人员很热情，价位还可以，一般晚上睡不着觉的最好就越晚越好，因为价钱便宜啊！但是人会很多，有时候都没有房间呢！
14881,"又到月底了 手里的各种卷卷要过期了 \n赶紧走着消灭掉~\n拿着点评250DB换的卷*2\n晚上九点半 寻到东四路口东南角 \n很好找 很明显的招牌~\n推门进咖啡厅 一层无人\n转了一圈 小男服务生出现了 \n很好的态度引到前台 赶紧先询问了营业时间 到夜里十二点~\n掏出点评卷 \n我选了情人拿铁 原价28米~ \n老妈选了焦糖卡布 原价28米~\n一人一个玛芬 原价10米\n我的蓝莓口味儿 妈咪的核桃味儿\n二层还有一桌客人 没多久就走了 \n相当于我们包了二层哈~\n有无线网 二层灯光比较昏暗\n咖啡总体品质味道都不错\n玛芬就一般般了 \n加热过之后再放一会儿就硬的下不去嘴了\n环境很好的店 会再次光顾的~~\n\(^o^)/\(^o^)/\(^o^)/\(^o^)/\(^o^)/\(^o^)/\nValentino Latte\nWe find our way here in SPR COFFEE without intervention\nYou are so at ease at the computer,\nsitting oppsite me.\nYour rhythmic tapping away transmits to me the deep thoughts in your heart.\nEven the air around you seems to get excited...\nThe floor-to-ceiling glass windows invite the sunset.\nYour shadow is projected next to me.\nThe warmth of romance is like a valentino latte with its unique aroma\nThis is the feeling of love......."
14909,点的日本年糕芝士披萨。。。电视里做过小宣传吧。。。味道还行。。。马马虎虎。。。不过吃下去倒是很饱了。。。感觉芝士味道好像少了些。。。都是木鱼花的味道哈。。。下次再试试章鱼小丸子的味道如何。。。
14916,算是很不错的一个了，我好几个朋友都来这边拍婚纱照的\n摄影师很专业。拍出来效果也很不错\n就是后期制作不是特别令人满意\n好像没怎么修剪，但是弄出来的照片还ok的了
14917,跑这里来纯粹是猎奇的，看看朝鲜贵族女特务是什么个范儿\n恩，的确不错，很不错，要知道我可是挑剔的女生视角，不是色狼一枚\n基本没有六分以下的，平均都有7-8分，9分以上的美女，好像得去包间看表演的演员，大厅里没有\n食物么。。。不提也罢，哈哈，来这里就不是冲着吃的的\n贵而且没有特别好\n我是不会再来，猎奇一次足矣
14926,买好回家蒸好吃了一块，糯糯的，香香的，还带有一点点的甜味，味道真不错。以后再去的话还要再买，果然是崇明的一大特产啊~~
14951,民俗建筑莫过于大理严家大院\n典型的白族建筑三坊一照壁\n严家大院有一个演出的小礼堂，大概有两百个座位，主要是进行三道茶表演，当然还有其它的一些习俗表演。白族是一个知礼好客的民族，以“三道茶”敬客，这是一种高尚的礼仪。“头道苦、二道甜、三回味”，寓意着人生的历程和真谛，“三道茶”的工夫就是让人体味人生的全过程，“吃得苦中苦，方为人上人。”只有辛苦的付出才会有甜蜜的回报，才会有幸福的将来。\n来喜州一定要去的地方
14953,每次只带女朋友吃好吃的，显得有点不厚道了。今天陪老妈买完东西，就带她来这里吃，正好她比较好这口，厦门的女人都是比较喜欢素食的。\n点了两份套餐，量不会很大，倒是那份汤我比较少喝到，味道很鲜很特别。结账的时候抓着服务员，在我的“严刑逼供”下，他说加了匹萨草。可以预想，接下来的几个月，但凡是汤品，都会被我加入这调料。吼吼吼
14972,茶城这边不是经常去，有时候过年要给朋友送礼的话，会到这里买一些茶叶，\n马连道这边光大的茶城就有好几个，所以不认识几个熟悉的朋友，给引荐一下，\n真不知道到哪家去买茶叶，我平要去的话也就是固定一家，可能也是因为建立了\n信誉度，另一方面也怕被骗买一些低等的茶叶，如果想批发茶叶的话，我记者最南边有一个茶城\n也忘了叫什么了，都市批发的，包括茶具，都比别的地方便宜。
15007,是公司开年宴会，有70几桌，没可能有好吃的，只是为了大家热闹\n因为人太多，散场时电梯不够使，住酒店的客人吓了一大跳
15012,有不少半价菜，只点了一个拉皮，半价9元。量不小，味道太偏甜酸口，不太喜欢。\n鱼香肉丝也是这个问题，甜酸太重，没吃多少。大棒骨不错，点的是炖萝卜，萝卜有些糠，本来想多喝点汤的，但太咸了。还点了油焖大虾，用的不是对虾，个头比较小，不值38的价格。还点了西瓜汁，大可乐，还有一个鹿肉袍子肉鹌鹑蛋的什么，一共172。\n吃饭期间服务员多次推销会员卡，除此以外服务还可以。
15014,之前在重庆呆了一段时间，有看到过好几这样的店子。后来来这边，也有。刚好又要配眼镜，就去了。感觉服务态度还蛮好的。比较耐心。就是东西有点贵，不过还是配了，感觉应该质量还好吧....
15023,今天晚上去吃的，人特别多，不过还好，没等位，我们点的五花肉 瘦牛肉 培根香肠 石锅拌饭 炒米条 \n五花肉最一开始上的特别特别特别的肥，跟服务员说了之后，帮我们换了一盘相当瘦的五花肉，服务态度很好，瘦牛肉好吃，培根香肠的培根虚微有点咸，石锅拌饭依然很好吃 炒米条也还不错\n现在就是客人多 服务员少，所以感觉服务速度有点跟不上。
15024,同事们一起从中天广场特意打的过去的\n餐厅布置就是一人民大食堂\n上菜啥的特别的快 点了马上就上菜了\n辣椒炒肉是招牌菜 是必须吃的 味道确实也不错\n其他菜辣是辣 但是味道还不是很有特色 不是特别中意
15044,红旗街万达里的一家店，开的时间不算长。据说试营业时是88一位，我去的时候已经周末是128了，平时应该108吧。（包括酒水）跟圣鲸是一类的地方，目前价格还比圣鲸便宜一点。环境什么不比圣鲸差，就是灯光昏暗了点，我一向觉得自助餐厅没必要弄这样的灯光效果，大概他们认为这样的会使顾客食欲下降＝＝！菜品种类不比圣鲸少，说实话我觉得需要餐夹取的这类（说实话去自助我也基本只吃这类）做的比圣鲸好，上的也快些，可能是圣鲸比较忙的缘故。有一种牛排和哈根达斯是限量每人一份的。如果忍受得了这里的灯光那推荐放弃圣鲸来这里。
15045,炸五香真的挺好吃的\n吃了厦门几家炸五香都满喜欢的\n鱼丸还行啦 没吃出什么特别的\n不过这么出名就试一下\n味道还是可以的
15053,地理位置绝对的好，从外滩走到福州路一点点就到了。门面很小，一不留神就会走过的。店面有点像是一个咖啡馆。\n因为是青年旅社，所以价格很便宜，而且当场可以办理会员卡，是全球通用的哦，50一张。但节假日要预定的话很困难，位置好，便宜，又有特色，可以理解。\n有幸进去走了一遭，感觉很不错的，期待去住一次。
15061,加班觉决定犒劳一下自己，决定吃牛排，牛排味道还不错，没有那么多的骨头，汤不好喝，桌子比较小，点的多一点东西就放不小了，服务员MM比较迷糊忘记送面包和口香糖了（PS我觉得这点还是蛮贴心的，饭后有口香糖吃），披萨一般，不好吃
15070,搞群聚去参与的\n环境实在不怎么样啊 \n二楼的包房又小空气又不好 没有排风 简直又闷又乌烟瘴气\n菜式很一般 我基本也没怎么吃\n自己是不会去的\n价格也不便宜
15077,【摆渡人点评】\n      老杨的栗子那叫一个好，门面看上去不大点，但是经常有络绎不绝、来来往往的人群来买栗子，我看大家都轻车熟路般的付款，拎袋走人，就知道都是回头客。他家的栗子确实很对路，味道甜美，也比较容易剥，栗子的质量上乘。他家的纸袋子还有一个小细节，两侧分别有三个孔儿，用来散热的。袋子也很人性化，“老杨寄语”很是温馨，不推荐不行啊
15080,去CHANEL拿全新奢华精萃活肤系列的小样=V=\n朝里面走的时候先是经过bb，\n男BA老远看着我走过来就说了一句欢迎光临bobbi brown还叫的很响...\n我很不好意思的从他身边经过来到CHANEL - -\n一个短发女BA看到我就迎上来了，\n态度很好的问我需要什么，\n知道我是来拿小样的之后还是态度很好的，\n把小样纸收掉叫里面的一个男BA拿，\n男BA也很利索的，\n短发女BA还给我介绍两瓶小样的用法和功效，\n总之态度真的很好的亚。\n看DP上把小香家的BA都说的很恐怖，\n一开始去还有点忐忑 〉〈\n下次要买什么一定还会去MLZ的这家买~\n不过一直觉得太贵了不舍得亚。
15088,不贵的一家快餐店。风格比较贴近大快活和大家乐，但价钱就比较便宜。而且味道亦都唔错，分量亦都好够。喜欢小吃薯仔，味道唔错。
15113,这家味道是还不错啦，紫菜肉松章鱼小丸子，紫菜肉松章鱼的味道都很好。\n但是，这口感也太绵了吧，很差！\n东西还很凉，哎，不好吃
15136,和朋友一起去的，哈差劲，九点半就什么都没了，点了招牌买一送一，只有热的！空荡荡的碗里只有五六个芋头，薏仁一点也没煮酥，加了三块号称台湾第一的粉果，超级难吃呢一种甜品，仙草黏黏的，像小孩的鼻涕，无法和芋贵人相比！失败的一家分店！还是大悦城的店给力！
15156,大拇指广场店，喜欢赛百味的感觉，东西比较新鲜，不过稍微有点小贵，但是点当日特价的还是合算的，比起汉堡和匹萨是算是比较健康的选择，还会光临哦！
15174,地方太细，台凳安排唔多合理，比较拥挤。唔多配得上五星级酒店的感觉。插座太少，而且店员服务感觉好一般。出品同其他分店的差唔多。
15178,重建后风格与小白楼欧式风情呼应，成了拍婚纱的外景地。天气好的时候，我见过那里有10对新人在同时拍照，台阶上还坐着其它正在补妆或休息的新人。暑期时，那里定期安排了各种演奏会或者讲座，可以通过报纸等媒体查询
15206,因为知道是海里的虫，所以点了小粒的，\n那里的当地人很多哦，看来口味还不错。\n土笋冻还是要配着芥末吃才有味阿。\n吃了一口就喜欢上了，没有什么土味和腥气，处理得很干净
15216,慕名而去，感觉还不错，点的水煮鱼干锅牛蛙。鱼片蛮嫩的，干锅牛蛙性价比满高。上菜时间超过半小时，那个菜就免费送。在楼下吃的，适合朋友小聚。
15226,乳酪堡很好吃，但是最近在内陷里面加的红豆太多了，有点过甜了。。爱情白面包是招牌了，还很喜欢他们家的全麦面包
15240,有段时间没吃了，再去了趟还是感觉不错滴！这回吃的夫妻肺片，做的超级有味道，放在凉菜里也够开胃啦；还有酸汤牛肉，没想到牛肉还真多，但是如果更酸些就好了！再来鸳鸯鱼头，貌似不用评价了，个人更喜欢红椒那边的，哈哈；最后青菜点了西兰花，本身味道应该不错的，但是貌似西兰花放置很久了，不够新鲜，lg吃了一口就不要再碰了。
15248,同学在这边上学 有时会过来找他玩 ，就是有点远啊。。每次过来来回都要花掉我半天的时间。。唉。。可是学校挺大的 估计郊区才能批下来这么大地皮吧。。市区ZF舍不得的把 呵呵\n他们学校那个湖 我挺喜欢的，每次都要过去坐坐 有时能看到孔雀 天鹅哦~ 哈哈 孔雀开屏 真美 嘿嘿
15268,价钱实惠 麻辣烫的麻酱非常好吃‼酸辣粉套餐也实惠 但是酸辣粉的口味我还是喜欢西单那种 那烤串类味道也不错
15279,还是点心比较好吃 \n菜其实挺一般的，就是正常的饭店菜，而且价格还贵很多\n情侣可以去下午茶，焦糖布丁还可以\n吃饭就省了吧，挺不值的
15311,经同事介绍，然后迷上了这的味道。经常去，这家的凉皮太地道了，肉夹馍也不错。而且我最喜欢的是煮凉皮，适宜冬天来一碗，唯一的缺点是汤汤咸不能喝多，汤里的凉皮倍儿劲道。凉拌的凉皮也不错。
15315,同事在一起聚会，选择了这里，环境还算可以，小菜菜品有点少\n要了三份牛排套餐，还是觉得黑胡椒牛排套餐比较好吃，下次去的话肯定点这个\n结账时发现点评卡在本店有优惠，很开心，下次会再来的！
15320,朋友请客吃的特别菜馆，很有伊斯兰清真风范的环境，菜做得挺有特色的，味道也挺好的！\n红烧牛尾，葱烧海参，红烧蹄筋是很美味的菜，色香味俱全，很诱人的！
15321,"就是一个小型四川火锅,号称京城第一家植物油,不回收的店,成本自然就高.\n看似价格不贵还返券,但是味道和菜量都很一般,等结帐时就很贵了,为什么?\n不够吃呀!这个价位不如去豆捞坊了."
15324,考好试 为了犒劳一下自己 \n呵呵  去吃了一次\n还真的蛮好的\n酸辣汤很好吃 \n好像现在没以前厚了 \n可能是无价的关系吧\n不过还真的算蛮好的
15351,以前在杭州吃过一次，价钱比较实惠，现在上海也开了几家了，生意好火啊，我们等了快2小时，要不是朋友没吃过想吃就不高兴等了，我记得在杭州那次很空啊\n口味还好吧，红烧肉不错，茶香鸡太干了，都是老肉，以后要是这么多人肯定不会去了
15371,生日请客 味道蛮好 烧烤吃的热闹 记忆犹新的是牛眼肉 味道好极了 \n价格么 好算好  这个价格性价比感觉很高了  环境最好改善下
15374,因为公司上海办事处靠近这个地方，公司来客人或者别的办事处的人都住这里。虽然此店外观很普通，但是里面还是很豪华的，房间都很大，服务也不错，最主要还是交通方便！
15387,什么盐酥鸡么，跟以前海宁路摆摊头卖的那家差太多了。\n一般来说，热的小食都不会太难吃，谁知道，哎，真是FU了它家。\n若不是饮料还对口味，肯定给零分，哼哼！
15393,没觉得，地上油腻腻的，服务员叫半天没人理睬。味道，也就一般般吧。没有想象中的那么好。还是希望大家客观的评价吧。
15395,常去这里给宝宝买进口食品 日本的小孩子的东西作的比较专业 可是后来发现成分表中有很多不适合小孩子的 比如说氢化油植物奶油什么的 就不敢买了 老公喜欢喝德国啤酒 这里也能买到 我喜欢吃蓝莓和这里的寿司 还有一些国产的东西，不过比其他地方贵很多 赫赫反正到这里面来 是不会买国产的东西的
15404,两个女生吃，所以没敢使劲点，总体来说口味算正宗，环境气氛很不错，特别是招待回国来的朋友，很有特色，服务其实还算热情，但服务员好像都是南方的，口音很重，沟通起来居然不是很畅通。价格嘛，比一般餐馆贵出50%左右，但还能接受\n生煎包：皮糯馅香，很好吃。小小6个，18块\n宫保鸡丁：在北京难得做得不甜，辣辣的，不错，就是要38块哦\n鸡汁娃娃菜：清爽，28块吧\n赖汤圆：很不错，芝麻花生馅，甜度刚刚好，只是小小4个就要18块哦\n还送了黄米糕，我们没吃了\n还有好多菜都想点，下次再去。
15436,这家店总是人满为患，无论我那次去都找不到座位，而且很冷。可能是因为太忙了吧，感觉店员的态度远远没有其他店铺的好。有一次中信推出了一个刷卡送一杯的活动，我的卡片出了通讯故障，所以店员态度就很不耐烦地瞪着我，一句话不说，当时我很尴尬。（同样的情况出现在银泰的星巴克，当时店员就很体贴的说要不我们记下你的卡片后四位，可能是通讯问题，非常抱歉，我们相信你之类的）所以以后我再也没进过这家店，每次都去新光的其他咖啡店
15440,看了店名、还不知道是干什么的，走进去后才发现原来是买面包等东西的，还有奶茶等饮料卖，味道还可以，环境也错，就是价格也稍微高了点
15454,周六女儿读书，下午先去环球中心做蛋糕，然后就去浦东食品城吃晚饭。好多都在排队，找了这家。点了三人餐，再加 了薯片和金针菇，再点了一扎饮料，烧烤的味道还行。
15493,环境优雅，上菜速度快，服务生周到有礼貌，大众点评里前面推荐的特色菜都点了，口味清淡可口，尤其喜欢三杯鸡、做的很入味，外婆鱼口感鲜嫩就是油有些大（花椒粒是绿色的很漂亮），其他菜一般。\n不算酒水和特殊菜品，普通消费人均大概在 80-100档次；还会再去。
15512,觉得换了新菜单以后，味道不如从前了。外婆家生意一直很好，菜的味道没多大的惊艳，惊艳的应该是价格吧，的确挺实惠的。不过红烧肉和茶香鸡还是蛮好吃的。蒸蛋一直挺Q的，我们家小朋友爱吃的。\n不过服务真的是很一般很一般很一般，估计生意太好了，脾气也就不好了吧
15538,情人节那天去的，人也不算很多，可见不怎么样\n牛排味道一般，价格不贵。\n沙拉很山寨，就几个水果丁，而且没剩多少了。\n胜在人少，氛围还算清静。估计以后不会再去了
15545,里面的食物还算是可以，我非常喜欢里面的东西，换将还算可以吧！吃一次太不过瘾了，下次还去出，哈哈！！不只道能不能优惠
15565,最早去的一家康师傅\n私房红烧很经典，把搭配的酸菜倒进去，再加上许多醋，一碗吃到最后总是意犹未尽\n虽然价格不便宜，但是里面配的肉部位都不错\n而且汤很好喝
15571,经常和老婆去，懒得做饭就去，一般点最普通的香菇荠菜馄饨、咸蛋鲜肉，我自己喜欢吃大头菜的。\n点过一次馄饨面，馄饨小小的，馄饨皮都破了，面感觉就是方便面，以后不点了。\n大家注意他家的醋，醋瓶是开口的，里面有小飞虫。\n看了前面的点评，回头去尝尝栗子啥的\n…………………………………………………………分割线\n2010年12月新内容：最近店装修过了，增加了一些小吃和饮料，服务员也换了，价格么也涨了，基本都涨了一块钱。味道也变差了。点最多的香菇荠菜馄饨，我勒个去，价格涨了一块我也就忍了，馅儿是个神马东西啊，菜是一条没切开的，肉又是肥的又是筋嚼起来像塑胶。以后绝对不吃了！
15577,"去之前抱着很大的期望,结果感觉很一般.可能跟团去的,而且天气也不好.去的那天气阴阴的,海也是浑浑的.唯一有惊喜是那里的沙子很细,踩在脚下十分舒服."
15588,满座的团购套餐248元，昨天去用的晚餐。人很少非常安静，环境好到没话说，服务也相当好，套餐很精致很美味都是我喜欢的。希望下次再有这里的团购哦，非常期待！
15594,"富临食府,以前去食的时候，觉得唔错，份量几大，而且味道唔错~不过好多人，要提前BOOK位，如果唔系就无位，要等好久~不过依加听朋友话，好像价格贵左，而且份量有点宿水哦~"
15600,"也是在哪儿听说不错。碰上了就去试试~\n焦糖布丁我喜欢，MD觉得很难吃。\n芒果泡芙MD喜欢，我局的很难吃。\n只能外面，老板一板一眼，多一个勺子都不给,,,\n没什么特色，算啦算啦~"
15618,晚上看电影之前去的 因为是晚上已经没有什么东西了~买了两个面包和几个老婆饼 本来想吃毛毛虫可惜已经木有了~味道还不错~
15648,晚上7点慕名而来，告诉我们没有 八宝鸡了，八宝鸡是老母鸡炖4小时（八宝鸡88元一只），只有土鸡，40半只\n点一个潮州拼盘味道不错，38\n一个文昌全家福，乱七八糟一大堆蔬菜和干海鲜炒成，30元，味道一般
15653,泡芙味道还是美美的\n但是每次这么多买了\n吃着吃着就会很撑\n蝴蝶酥也不错\n以前还吃过一些\n不过都忘记味道了\n泡芙是记得最清的\n呵呵\n开了连锁的倒是比较方便的
15663,比较划算的地方吧，买一百送65，两个人不是很喜欢玩那种专门出彩票的游戏，所以玩了一下午都还有很多，不过有卡可以存币和彩票，很方便。人不是很多，不过集中几台老虎机很多中年人在抽烟什么的，所以环境也一般吧~机器很多，尤其是赛车，格斗之类的，价钱也比汤姆熊便宜很多，开车太鼓什么的两个币就够啦，不过娃娃机要3币，不懂，而且也不是很好看的说。可以兑换的东西比较少，橱窗里很多都是IPHONE的外壳，人家手机不是IPHONE啦，要壳也没用啊= =\n综合考虑还是会去哒~主要是便宜嘛~\n忘了说那边的投篮机很给力啊，我看BF投的很欢，打破了他以前的记录~
15664,gay bar。帅哥很多。可惜中看不中用。\n二楼是我喜欢的白色沙发，不知道是不是坏了，有的地方坐着会陷下去，不过音乐不错，所以基本都是站着喝酒跳舞。
15665,虽然有肥肉汤会很香，可是还是觉得腻腻的，菜品种类不多，偶尔会出现点菜没有的情况。面量不大，汤里面配菜有点少，环境很不错。
15683,去金源玩，都秋天了，居然还被蚊子叮了大包，询问后找到这家同仁堂，买了一瓶风油精，要说人家同仁堂卖的都是好东西，市面上普通的那种小绿瓶人家没有，从柜台拿出一瓶金色的，8.2米，新加坡产的，难怪比一般的贵呢。\n服务很好.
15696,速度暴慢 还没吃 服务员就不耐烦了 每点一轮要催 上来就是几片 等了一小时才上来点 都等饱了 再也不来了 上三文鱼慢 说要解冻
15708,服務不錯，挺熱情，魚的話味道可以，就在家附近，挺方便的。\n兩個人吃一條3斤左右的的正合適，還會再來。\n最好做地鐵來，馬家堡站出站往北走一點就是，開車的話車位緊張。
15711,朋友喜欢吃日本料理，所以前段时间逛街的时候就一起去了，作为日本料理，价格不算贵，东西也还算不错，盐烤大虾，烤银鳕鱼，还有阿拉斯加雪蟹脚我都很喜欢。
15722,因为离家比较近，所以经常来这里逛逛，每次来这都会买很多吃的回去，这里的商品种类也蛮多的，还是有蛮多选择的，逛逛也是不错的哦。
15750,昨天同学生日，麦迪森唱好歌本来想吃豆捞坊的，看到这边近，就过来了。\n我点了个冬阴功锅底，味道不够浓，呷哺调料也不好吃，就是花生酱。\n我们六个人，点了一个肥牛拼盘，一个牛羊拼盘，一个鱼卷拼盘，还点了鸭血，土豆，海带，山药，金针菇，鸡毛菜，贡丸，虾丸，蟹肉棒，好像就这么多吧，才200不到，真是太便宜了。\n味道么真的是一般，就是挺干净的，每次吃完火锅身上总有股味道，这点我比较不喜欢。
15760,很有意思的店，朋友介绍的，外边看还看不到乡村菜，得从国土宾馆进去倒左才能看到这家菜馆的招牌，坐下来点了几乎所有推荐菜，看到别的每桌都拿着馒头，是长条型的，形状挺奇特的，后来大家人手点了一根，蘸着菜里的汁吃，那叫一个美味呀。。。有朋友来还会再去的，带朋友尝尝。。。
15770,好久来这家披萨店了。和老婆一起来的，主要就是来吃披萨的，还有鸡翅。和蘑菇汤。。总体来说还算可以吧。服务的态度也很好，味道还是老样子，没什么变化。\n时间长不吃会想在来的、
15777,实在不敢恭维。刚点好菜，发现菜多了，要求退掉其中一个，结果还没五分钟，服务员居然上了这道菜，一看就是回锅热了一下，还口口声声说肯定是现炒的。也就酸菜鱼能勉强吃吃了，以后不会再去。
15795,菜式和味道都越来越差了，越来越唔抵食，之前基本每隔一个月就要去一次过下口瘾，但而家觉得D菜越来越唔抵食。而且觉得无乜吸引人的菜式，性价比一般般。。。
15860,店面在一个漆黑的小胡同里……路不熟的还真不大好搜寻得到\n鱼的种类很少～而且配菜也不多，可以说是很少，而且真的是除了“烤”鱼没有别的可以吃了。鱼的分量也都很大，至少够5个人吃的。我们要的是豆豉，有点咸。总体感觉味道一般般
15867,太山寨了，原来还蛮好额，现在都模仿85面包，面包太油，没口感，味道不行，只有经典蛋卷值得我留恋。吃过一次没再去了，还是转头85和宜芝多
15875,自从物美旁边的可莎蜜儿搬走后，浮力森林就成了我的选择了，丹林的太远了，除非有事情去管委会的时候 会去买，当然管委会里面的可莎蜜儿我觉得也很不错\n跑远了\n浮力森林我最喜欢的就是她家的巧克力啦，，牛奶巧克力做的各种样式，，超级喜欢抹茶口味的所有蛋糕，，不过价格稍微小小贵了一些，，
15878,"买的180的套票(午餐)，另外联通的VIP卡可以打8折,但是不认电子卡，有学生证套票减免￥25。餐厅旋转得非常慢几乎没感觉，但是还是在转。在190米高出用餐感觉很特别，那天风特别大，头晕晕的。餐厅的菜品很普通，菜品种类也不多，与""国际旋转餐厅""名不副实，让我约微失望，没什么海鲜，只有生蚝和虾，而且生蚝是生的，不给烤，只有生吃，我也只好挑战了一个，算过瘾吧。他的俄式红菜汤感觉比较可以。服务员的服务不行，盘子放在桌子上一摞了，即使就在旁边也视而不见。总之，欣赏景色是好地方，用餐感觉不是很划算。"
15914,朋友推荐的这家店——德子渔村。还不错的地方，烤虹鳟的味道很棒，需要加收加工费10元。感觉环境什么的很不错，就是桌椅、包间很简陋，大抵农家乐都是如此吧~上菜的速度很快~价位合理，不像有的农家乐贵的离谱~
15920,价格公道　味道也不错　服务员很多　忙不过来了　还算品质比较高的　包装也还可以　可以推荐喝下里面的产品　种类也很多
15927,真不明白为什么这么多人喜欢在金百万吃烤鸭，我只能说乡下水平，无论是菜品口味，还是环境和服务，都差距很大。昨天同事过来，周边又没什么好点的饭馆，只能在着吃了，点了烤鸭，木须肉等，随便吃吃
15934,DP部落里看到他们家免费试听活动的信息，网上报名后接到电话确认时间。开在徐家汇繁华地段，交通方便也比较好找。免费的体验了一下他们的化妆课，主要走韩式的路线，老师是韩国人讲的蛮好的。就是价格蛮贵的。最后，走的时候还送一套化妆包里，三支笔……两支眼线等（黑，综色）；一只唇线笔；（都是韩国原产的哦）一个安娜苏的小镜子挂件。
15935,广州挺出名的面店，但是个人觉得不算太好吃，面不够弹牙，有点粘，云吞也做得比较一般，不明白为什么生意这么好，唯一推荐的是牛筋，挺好吃的
15939,晚上去切的~这家算是开的比较长久的鸡公堡了~\n上二楼，生意还行\n点了中份的鸡公堡~ 外加一些蔬菜和豆制品~ 金针菇、菠菜、腐竹、萝卜、鸭血~\n鸡公堡味道一般呐~ 酱汁不浓，太咸了……\n后来加的汤也是很咸的，一般加的都是清汤，这家加的是酱油色的汤~ 次到后来真的好咸啊~~ 涮的东西基本一般~ 过得去~\n味道太咸~~~ 清淡点就好了~
15967,塘桥地铁站出来可以直接去巴黎春天一楼去买，交通很方便。\n面包和巴黎春天一楼的化妆品和珠宝一起卖，也挺有意思。经常来买点面包当早点，不过当早点还是有点小贵。\n原本喜欢吃辣松的，后来网上看了一些关于肉松的贴，就没胃口了。\n大地震原来经常买的现在好像不做了。
15981,一位朋友强力推荐，说了有大半年了。凑了个日子，约了另一伙好此洋味儿的朋友，一行四人两男两女前来FB.\n在JW Marriott的二楼。环境与其5星级酒店的环境大体相称。光线比较幽暗、位多人少、大家说话都将音量压低至彼此可以听到的程度为限，很是和谐。我们落座之后，中国人的热呼劲儿就来了，一边聊好久不见无来无恙？一边看菜单加以讨论点。气氛有那么些不和谐，但就是顿觉有人气了好多。最后商量好，两位男士都点了自己喜爱的牛肉，一份是西冷还有一份忘了，两个女士点了一份两人份的龙虾海鲜拼盘。另外叫了三份南瓜汤，一份番茄汤，还有鹅肝、色拉、薯条、炸鱿鱼圈，最后是一份巧克力蛋糕、一份冰其凌。\n上菜的顺序和时间控制完全是西式的，留出了大家慢条斯理食用并且聊天的时间。感觉这样的节奏对我正合适、可以吃得不急不燥、心情舒畅。只是急于吃牛排的同志比较着急，左等是面包、右等是色拉。唉不是说好了吃牛排的吗？放心，牛排会有的。\n各项菜式都是有专业口味的朋友推荐，经过实践检验确实不错。主菜隆重登场。牛排不负重望，边吃边啧啧称叹。我们的龙虾海鲜拼盘倒是感觉一般，说是有boston的龙虾、新西兰的生蚝、还有许多对我来说来路不明的海鲜。用盐铺底焗过。但也是当地地道的作法，没有了海鲜特有的鲜味，有些遗憾。不过既然是吃西餐，就既来之则安之吧。\nJWMarriott正好在搞活动，花1900+办一张金卡，可以餐费打对折，还有送北京5晚免费房以及另外订酒店和餐费的50%优惠。于是办了卡，餐费就省下了1200+！好开心。以后去外地就住Marriott啦。
16002,在龙游县城游荡了半天找地方吃饭，估计没走对地方只看到大排档唯一一家饭店还没人，好不容易看到这家赶紧上门问保安这里有饭吃么……\n肚子饿了吃嘛嘛香风卷残云把饭菜点心一扫而光不知道有没有吓着店家\n味道不错就是怕辣没点特色的据说很辣的鱼头鸭头兔头什么的有点遗憾
16007,开始觉得有点贵所以犹豫要不要在那儿吃，后来觉得既然来了一趟鼓浪屿就小资一回吧，事实证明是明智之选！\n环境非常好，优雅静谧，装饰古典温馨。点了一份菲力牛排，量很足，一份三明治，馅料很丰富，一杯拿铁味道很香浓，外加一小瓶啤酒。这一餐两个人吃的很满足，总共花了￥203. \n进餐全称我们基本都是在单间里，墙上有油画装饰，好像自家的餐厅，感觉虽然有点小贵但是相对这个环境真的很值。推荐！
16046,肥牛很好吃，不过他们家太火了，可能是我们去的时候刚好是假期又是饭口，等位等了很久，不过还是很值得的，汤底很干净，蘸料也好吃
16049,菜品质量很一般，牛肉口感还好，送的小菜少得可怜~炒杂菜有股怪味~服务一般吧，可以说没有什么服务……环境也就一般吧，总体感觉一般般……
16057,D野真系好难食，但系一D都5平，不过广告真系劲吸引，除左上菜快D，呢样最值得赞，但5明点解仲系甘多人中意，连婆婆都系FANS之一，哎
16096,中午吃饭就来这里，不用排太久的队。\n味道一般般，只能凑合着当中午餐吃。那个什么咖喱牛肉的，才几片牛肉，觉得好贵，性价比不高。不过红豆豆浆倒是挺不错的。
16123,现在商场很少有这么大的免费停车场啦。\n简直太方便了，把车放在这，可以在商场里面踏实的光，还可以再顶层吃完饭再回家，很方便那。
16127,"店的位置比较隐秘，从象山市场正门进去，走到底左转才找到。因为到的比较早，大概五点左右，其他店面都还没生意，这家已经有4,5桌的人在吃了。\n第一眼看到，环境比想象中的还要差点。找了边上的座位坐下后，根本没人让你点单，直接一大锅的腊排骨就端上来了。喝茶用的杯子旅客们基本上都不太敢用，大部分都用碗来喝茶了。\n腊排骨的味道还是不错的，烧的骨头也已经很酥了，嚼一嚼也能吃下去，里面的大番茄口感也蛮好。因为只有我和老婆两个人吃，所以也没点其他的蔬菜，一锅排骨+2瓶王老吉一共78元，吃的已经挺饱了。"
16129,以前一直以为月饼是他家的招牌，这次来突然发现原来叉烧包也很火~买了个尝试了下~果然对得起他的人气~的确很香很好吃
16135,我觉得商场的地下超市都很好。我灰常喜欢这了。\n基本上都是日本的东西，很全。\n价格并不很贵，有时候一打折便宜很多。一些便当熟食到晚上就半价卖。\n布丁挺好吃的，还特便宜。我吃的提拉米苏味的，挺好吃的。
16151,去过几次~不错没有什么印象深刻的菜~主要还是以粗粮的主食为主~\n很喜欢喝免费赠送的豆浆~感觉很营养健康~\n装修的确不错~很有现代感~
16157,水煮鱼还不太贵~！味道还算是可以吧~！但是，我怎么觉得很咸啊，有点郁闷~！上菜速度还是比较快的哦~！对于环境，就不要有什么要求了~
16174,"一月份去香港噶时候\n第二日居然落雨\n天气有点凉...\n系吉野家试左一个叫""菌菇牛肉泡饭""\n感觉真系好正..\n汤底系茶渍汤~~~好香...味道好浓\n尤其呢种天气吃~~\n吃完之后全身都好暖..好舒服"
16178,喜欢吃成都的凉粉，凉面，通常是在赖汤圆吃，不过他们冬天不作凉的东西，只有在韩包子吃。不怎么好吃，不过，至少可以吃到。\n现在这里的小吃都是想怎么做怎么做，就像北京的传统小吃，能有地方吃就不错了。\n对包子不感冒。
16179,每次去菜场都会路过的，常常会受不住香味诱惑，打包带走，咬上一口，汤汁水饱满哟！！也是早点的首选啊！不过现在物价上涨，它的价格也随着变了呀！！
16184,水果很好吃呀，虽然我是去吃冰淇淋的，但是不得不称赞一下水果很新鲜。\n小火锅吃过一次，其实感觉一般，就是像小孩儿一样的做玩意儿\n但是不得不佩服一下这个创意。。。
16204,4号线是环线，有一部分和3号线重叠，和其他很多线也有交点，感觉作为转换的地铁还是不错的。\n而且估计是唯一一辆有部分扶手是环形的。
16205,昨天吃的第五家店，也是最满意的店！我们点了自制豆腐，自制酸奶，烧羊棒，酸菜炒莜面，沙棘汁！自制豆腐味道很不错配合酱料美味啊，羊棒也很好，外脆里嫩，值！酸菜炒莜面也很不错，面干干的，很筋道，让人欲罢不能！他们家餐前还供应瓜子，呵呵，真是很久不嗑瓜子了！喜欢这家店！
16216,家乐福购物的时候有时候偶尔会在这里吃吃豆浆和油条。\n基本就是全开放的环境，窄窄的一条，比较拥挤的间距，有时候还会挤满超市小推车。\n豆浆和油条的水准较前几年退步了，就当偶尔换换口味吧。
16275,广场的装修什么的不是特别的好，自己觉得这里的人气上比较的冷清呢，不是特别的满意自己想起来没事的时候会来这里逛逛。
16296,汉舍开业时一个月内光顾数次，至今没写过点评，可见我多懒。汉舍出品精致，服务贴心，看得出商家经营十分用心，忘不了弹钢琴自唱的女中音。\n最近听说有火锅，团了一个套餐，42元性价比极高，食材质量好，正宗川味，一大盆红汤摆在面前即时食欲大开，套餐外还加了千层肚和猪肚条，要有下水才是完美的四川火锅。四川大姐服务真贴心，将套餐里的小馒头改成四川的蒸米糕，比小馒头好吃得多，和我们广东白糖糕一样的东西，更甜更有米香。\n想不到CBD写字楼中有如此豪迈吃火锅的地方，火锅生意一时不好，希望商家坚持下去，真正的食客会欣赏你们的出品。
16297,拼这些还是以前小时候做的事呢，嘿嘿。好久没有见到过这些了，还蛮有意思的呢，在网上突然见到了就觉得有意思。最后去过几次了。现在来做一些这些事还蛮不错的嘛，\n这里的价格不便宜啊。规格。图案和类型非常之多、看了好多眼睛都花了。\n不过我没有拼成功过呢。哎……还得学学呀。还没有我同事呢，拼成功了还送人了呀。555太打击人呀。\n下次还会在来的，一定要成功。
16301,五花肉全都不是正经五花肉，全是肥肉瘦肉拼的。有服务员烤好的肉串，不过基本都是甜的，不好吃，而且考的猪肝他们叫做猪腰子。总体来所有的肉都不够新鲜。海鲜一点都没吃，可以自己涮锅，就一个小酒精炉，不单收费，不过要想开锅且等呢！价格中档。比起西单的金达莱差远了。如果金达莱还开着，绝对不会去那里！
16303,这家新开的。路过求是村门口买了一个招牌蛋挞。很香，酥皮厚度刚好，里面的蛋非常嫩。3元一个很划算，感觉不比肯德基的差啊。店里还有很多蛋挞、奶茶，还有北海道戚风，可惜去的时候还没做出来，照烧小丸子不知道好不好吃。做蛋挞的是个美女啊，很居家又恬静的气质。赞……
16329,虽然是酒吧，但我中午去吃商务套餐，价格很便宜，要了一个咖喱牛肉饭，18元，味道一般般。中午挺多人去吃商务套餐。人气挺旺。
16330,就是一家小快餐店\n和朋友去的一人点了一个快餐就搞定了，不过味道很一般\n记得菜很干，感觉不是特别新鲜\n不过环境还不错
16380,今天公司突然来了很多任务，一上午就在忙碌中度过，连中午都是焦头烂额的奋斗于各个文件之间，以致忘记\n了吃饭时间。\n好在同事很贴心，吃完饭顺便帮我带了快餐，米宝宝的，里面是一些时令蔬菜、一块大排（吃了后才知道是炸\n鸡腿肉，但是因为是去了骨头的，扁扁一块，让我一直误认为大排），外加半颗卤蛋。\n菜口味很和我胃口，不知是因为早上的工作量太大还是真的比较好吃，我最后竟然把饭盒里面的东西统统一扫\n而空了，我还从来没吃那么多过。\n说道饭盒，这里不得不提一下，这里的饭盒是木质的，用薄薄的4片木板拼接而成的。后来有看到在饭盒和外\n面的塑料袋上特别写着，采用环保的木质饭盒什么的内容，让我很是迷惑了，之前的几年不是还在宣传少用一\n次性的筷子来支持环保么，这里的饭盒都是用的木片，那又得用掉多少树木啊……\n而且现在还有个问题，木质材料中很多都有有毒有害的物质和气体，不知道这里的饭盒……不过从低碳环保的\n角度考虑，最好还是不要用饭盒了，选择在店内吃比较好，这里东西的味道相比的快餐店来说，真的是太美味\n了，还挺注重营养荤素搭配的。
16431,同学在这里办的婚宴，5千多一桌，厅非常大，非常气派，一共是26桌，就这样13万就没了啊，因为是伴娘，其实菜大概什么味道也没有细细品味，但是确实是有鲍鱼的，非常喜欢靠窗的位置，真的是风景奇好，化妆间也就在厅里的一个小房间。进去的时候通道很长，外面签到的地方也是很宽阔，很气派
16443,"外带的,金枪鱼两份.感觉这家的料给的足呢.\n灰常喜欢金枪鱼的,鱼肉很细腻,看制作的过程也是一种享受,米团一会就成了胖胖的包饭.\n还会来这家外带的..."
16451,首先，这个地方已经改名叫北飘香了似乎（筷子的包装上是这么写的）。然后，真难找。。。因为饭馆的大招牌上是白的，没有字。。。所以第一次去想不错过都难，不过第二次再找就简单了。。。\n锅底确实很贵。。。矿泉水+葱姜蒜，22块钱的碳锅。。。恩\n肉还可以，机切的要肉片无功无过，肉质还可以，不过分量应该不大，没有4两那么多。。。。20块钱上下\n要了一份黄瓜条，肉很新鲜，涮后也挺嫩的，不错，就是40块钱一份，小贵。。。\n素菜分量给的都还可以，不过也算不上便宜吧8-10元不等\n小料的味道我喜欢，把肉扔进去沾满了料再吃很爽，哦哦\n这里还搞了一个的哥餐厅，所以门口一堆的哥在这里，可以当做找路标识。。。恩
16469,青岛锅贴挺有名气的，去这里吃饭的人挺多的，喜欢吃这家的吓人锅贴，最喜欢吃还是三鲜锅贴，吃在嘴里一点也不油腻，而且越吃越香的
16473,因为不知道那地方叫什么路 所以只能写大概位置\n就在广渠路 往青年公寓走的那条路上 门脸不大的一家小店\n不能吃辣 所以选了微辣的\n原价十元 开张特惠九折 还送了卤蛋和干豆腐\n很好吃 老板的服务态度真是非常的好\n因为是打包走的 老板一直很热情的提醒 要尽快吃 怕泡久了不好吃\n其实到家的时候一碗是泡的有点久的状态 一碗因为汤撒了有点驼了\n但是完全不影响味道\n和以前在学校附近吃的那家味道是一样的\n只不过他们家不能送外卖 开张时间也比较晚 要十点
16512,口味也就能勉强说是一般了。服务，服务员在旁边空桌随手拉把椅子就坐下了。还有边走边大声唱歌的~汗。。。放篦子的时候，完全是摔的，每次听到都吓一跳！石锅不好吃，真的不好吃，辣酱是苦的。传统石锅还特意问过，说有牛肉碎的，没找到啊~而且不知道那个石锅怎麽回事，凉的很快啊，还在炭火旁边~肉不是好肉，要的都是比较贵的肉，但是一烤就看出来了，血沫子很多的。口感也不好，应该不是好肉的。赠送的大拌菜里吃出了异物，我就不祥细描述了~恶心的。返了券，但是不会去用了~卫生也不太好的，除了吃出异物，杯子什麽的，还有窗户上挂的彩条都是破的。。。。。。不能再去了~
16521,这家前身是思得客，变身避风塘，和不远处的茶楼显得很近，不知道是不是一个老板的。\n朋友有它家的会员卡，每天都有菜品享受半价，且可以点2个。\n还遇到个老外和女友来吃饭，女友走开了，老外搞不定，朋友帮忙做翻译。哈哈\n它家的绵绵冰不错，一层层的，巧克力粉撒着，美味。
16581,喜欢各种火锅~~~味道很香但是不腻~~只不过有点小贵~~最爱吃虾滑~嘿嘿~环境也还不错~~乌梅汁也比外面的好很多~~非常推荐哦~
16587,现在VERO MODA的衣服，比起以前，真的一般般啦，说不上好也说不上不好\n一定要打折的时候买，原价真的不怎么划算
16623,中午时候去的，味道还不错，这里的川菜不是很辣，东西也还新鲜的，牛蛙、鲶鱼都不错，其他印象不深，聚会的时候随便吃吃还行
16630,"上周比较闷热, 定了这家的外卖下午茶.\n我们订了奶茶, 芒果多多, 柠檬茶. 哇塞, 里面加了很多冰块呢.\n晾了很久才能喝喝, C多多招牌的芒果多多令人失望. 口味太酸, 实在喝不出来有鲜榨的味道哎.\n下次不太再点这家的东东了."
16633,刚刚开业时去的，好像是有折扣，\n因为时间远久了些，只能凭记忆点评个大概\n我们主要是吃羊肉、现做的鱼丸、蔬菜，没要太贵的牛肉\n小料品种很多，记得形状像艺术品，好看、好吃，器皿也很别致\n自制的鱼丸也不错，嫩嫩滑滑的，口感好\n蔬菜选料精良，新鲜，见不到黄叶子，很放心，自然价格贵\n羊肉挺嫩的，烧饼也同样精致好吃。\n总体来讲，环境雅致，打破以往火锅店的吵杂、味重的印象\n就是贵点。
16634,赶上打折，带女友来这买女装，这比一般ZARA店人少，所以在这试衣服要方便，买了一条裙子和短袖，还买了条连衣裙，折扣不是很大，也就是每件便宜三十到四十左右
16684,印象太深了，因为门口车太多，当家的一个不小心把车撞到中间的隔离栏上花了一大片TT，这里虽然味道一般，但是面条挺劲道厚实；凉菜可以点三个拼在一起，选了豇豆，菠菜，海带丝，热乎乎吃一碗还是不错，大食堂感觉，环境就别追求了呵呵～
16768,环境不错~又在南后街一带，古色古香，装潢也挺大气的\n晚餐自助68每位。人气还挺旺的。饮料是另算的\n杨枝甘露还行，比较浓\n法式雪山包，卖相挺有爱的，吃上去也不错\n叉烧酥和叉烧包，不好吃，皮厚馅少\n葱油饼，一般\n紫薯卷，料还算实在\n蛋挞是港式的，不是葡式的\n牛仔骨，还OK，不会老\n凤爪，没有很酥软，口味一般\n豉汁排骨，味道可以，就是肉都连到一块了\n小笼包，一笼三个，看着还精致，要乘热一口吃下，会有一些汤汁\n瑶柱烧卖，这个也不错，三个一笼，陷挺多\n虾饺，味道还行，就是那皮跟底都黏住了，夹起来就散了。。。\n这家肠粉做的很不好，可能自助问题，非常的偷工减料，点了一定会后悔！\n单点的果汁，太甜。。。
16815,真的好好吃哦！！！\n我们点的是鲢鱼，花鲢。22元一斤，在成都已经是不便宜拉，所以抱着很高的期待吃掉这只鱼，有五斤多。\n味道真的好好吃哦，很入味，很香嫩。沾水是用火锅汤底和小香料做的，初吃还有点辣的，但是并不想喝水的那种。鱼很大，刺少，鱼排是最想嫩了。\n叫的红白锅，白锅里面的鱼汤也是鲜得不行，忍不住喝了几大碗，哈哈。\n后来还点了很多火锅菜，一个人平均才29元！！哈哈！！\n我爱成都的美食！
16819,以前上学的时候跟同学经常去，不会滑，都是瞎玩，摔过很多回呢，有的人滑的特别快，花样特别多，但跟我面对面过来的时候我不会躲，就害怕，怕他撞着我，还好人家都技术高超，从我身边过的时候跟八级大风刮过是的~我都站不住~嘿嘿
16823,这可真是我团购到的最烂的一次。\n我们上去的电梯是在餐厅后腰部分，我们就茫然的走着，走来走去的那么多那么多的服务员通通米有想指路的意识！直到我们走到了后厨。。。。\n2人餐我们一家三口去的 想说好吃就在点一些啥。\n人家先说 多一个 得多收一茶位费，5块。OK~ 木有问题，可菜单写的清清楚楚，5元的都包括什么茶什么茶，到我们这来一句“只有乌龙茶，可以么” 我们说不可以是不是就白开水了啊？团购的供不起是么？\n然后咱就说吃吧 \n1，烤乳鸽。那盘子就像装瓜子的塑料盘。肯定也不是烤的，已经那么那么小的一只鸽子了，贴着骨头的肉都不熟。我无话可说。。。\n2，黑胡椒三杯鸡。鸡肉完全完全完全不入味，石锅一直保持着热度，吃到最后也还是不入味。我无话可说。。。\n3，清蒸多宝鱼。这个是唯一爸妈还稍微决定满意的。可是，只满意这个也不能平衡呀呀呀呀呀……\n4，虾饺。挺大，挺饱满。\n5，老火汤。米神马好说的，妈妈说有罐头汤调出的味道。\n6，团购说清炒时蔬，米想到上来的居然是蚝油生菜。。。。。。。。我再次无语\n7，山西枣糕皇。上来2块年糕。。到底有枣神马事儿。。。中间椰子味盖过了一切。。。。\n团购写有蛋挞，我问人家蛋挞呢，人家说没有啊~~ 我说你查查去吧，我记得清楚是有。\n人家查完了说 “真抱歉啊~他们写错了~” \n我说“你们这太牛了，鸽子不熟。鸡不进味儿。时蔬就是个炒生菜。合着花了128就吃了个多宝鱼和虾饺。未免贵了点吧。。”\n一人象征性补个果盘完事\n总结！在进这饭馆我是猪头！\n就此别过了！
16829,2011年2月1日，可能是他营业的第一天（新开的店）。全场5折，爽死了。口味、价位等与其他店一致。吃完了又送了一张7.9折的卷。初五又去吃了一次，美呀！
16839,兔子烤完服务生在一旁的桌子上撕好拌上调料才上的，分麻辣，和五香的。觉得还是五香的好吃。兔子头很好吃呀，还打包了4个。烤兔子也好吃，钵钵鸡不喜欢。不过吃烤兔要趁早啊，趁年轻牙口好。嘎嘎~~
16840,四海游龙的锅贴蛮好吃的，酱料也不错，他们家的酸辣汤，光汤来说，味道还好，可是如果吃酸辣汤面的话就不好吃了，这个面很容易就糊掉了，糊嗒嗒的
16859,这家店开了好多年了，每次都是搞优惠的实惠去吃，以前都是打包好带回家吃的，因为人太多了，尤其是高峰时间。推荐菲力牛排套餐，还蛮不错。
16892,49元周末团购去的，两碗炸酱面，一盘爆肚，一盘灌肠，一碟驴打滚+豌豆黄，还有一扎酸梅汤。\n这么多年了，终于吃到一次让人如此难忘的午餐，媳妇团的，深深地伤害了我们两个人的脾胃和对美食的期待，难吃已经不能形容了。我自认为在吃上是一个很宽容的人，但当你面对像毛巾一样的爆肚，像橡皮一样的灌肠和两碗皮筋一样的面条时，你还是出离愤怒了，一个比一个难以下咽，不明白在这么昂贵的地段和还算说得过去的装修下，能不能把菜做得不这么与人民为敌？北京站外的盒饭我也吃过的，真的比这个好太多了。看着后面一对来团购的情侣，我忍住了没有去提醒他们，并不是我不善良，而是希望他们在受到伤害后也能像我这样揭竿而起，反抗这家骇人听闻的商家，太难吃了，太难吃了。。。
16937,环境一般，服务员态度不是很好。喜欢锅底里的鸭血，蘸醋吃。豆腐配麻油小葱。。。。哇塞，简直是美味。饮料是无限量的（可乐七喜美年达啤酒）。
16939,公司附近，经常会有特价菜，如果不特价的话会有点小贵，以前中午还有免费的汤，现在早就没有了。最喜欢的还是他家的拌饭尤其特价时是13块，很合适，各种蔬菜，辣酱真是太好吃了。貌似现在没有拌饭特价了，有段时间没去了。有个牛腩饭 吧那肉硬的我压根嚼不烂真是无语，有个香茹滑鸡还是挺好吃的。中午的饭口人很多。上菜速度可以不算太慢。
16952,带弟弟去吃传说中最好吃的牛蛙，就俩人，就要的干锅，要是人多就火锅了，环境神马的挺像海底捞的，也有自助小料，水果神马的。服务生小弟新来的，我问干锅里的牛蛙有多少，他特不好意思的说是新来的，但是还是腿脚麻利的给我问来了，我一听小锅里牛蛙才几个就决定要来一大锅，后来反正这一锅我俩没吃完，打包了两盒回家。牛蛙好大，切开的，有些人会觉得这样比整只的看上去舒服些，里面的土豆片最好吃，但是又觉得，里面的藕合土豆要是跟莴笋一样切成条也许会更好，要了一碗米饭，没有马上端上来，上来的时候才发现，妈呀~~一碗碗现蒸的，真好吃，还摆块小红薯，特好看。\n后来又去打包过一锅小锅的干锅牛蛙，用了券，只要58，打包了3盒呢，很爽
16961,装修新房子的时候，因为吃饭都会比较晚，因此经常来这里吃饭。第一次吃就点了烧鸡公，微辣，不错，量很足，熟菜非常便宜，四个人才吃了130多，而且吃得都很撑了。第二次来，有8个人，分了两桌，点了两只鸡，吸取了第一次的经验，辣放得少了点，味道更加，更适合无锡人的口味。后来，又连续不断吃了几次，里面的服务员都认识我们了，一去就要给我们打折，哈哈！
16974,这个餐厅颠覆了我一贯对自助餐厅的看法，在32楼的高空就餐的感觉真的很棒，因为是提前一个星期定了位置，所以给我安排了一个非常好的窗边位置。看着窗外的深圳河和罗湖的全景，真是非常惬意。 \n餐点的话更是没话说：尤其是冷食和甜点方面绝对是一流的。比大饱口福，四海一家都棒，更丰富。除了传统的冷食：三文鱼，吞拿鱼，利鱼等鱼生以外有大大的海螺，毛蟹，龙虾等等的高级海鲜。甜品也是很出彩：除了传统的甜品：朱古力蛋糕，蓝梅蛋糕等等以外雪糕也是哈根达斯的雪糕。要多少给多少，感觉很欢迎多多品尝似的。烧烤区烤出来的羊排和牛排一样非常好吃。黑焦汁很浓郁，肉的质量也很不错。\n我是一个自助餐的疯狂粉丝，深圳有名的自助餐厅我都去过，但是整体的感觉乐厨是目前来说最棒的，希望可以一直维持这个水准，理所当然我也办了张会员卡，1880银子，送了代金券和一晚君悦酒店的入住券，真的好抵。
17021,海瓜子太咸，鸭舌小了一眼眼。没有茶水，就邦你倒杯白开水。晚上人不多，要不是懒惰做饭灬算了，没下次了。
17025,在附近上班~中午去吃过几次\n这家店面不是很大，不过东西还算不错~\n土豆色拉味道蛮好的，还有三文鱼和鳗鱼都是最爱 ^_^
17026,吃好晚饭再去吃甜品，好多人哦，我们四个人，办了一张会员卡，点了7样甜品，因为实在都爱不释口呀，什么都想吃，就是吃到后面觉得实在太甜了，每家环境都差不多的，服务态度也都还不错啦！
17033,下班晚了 没时间烧菜 和老婆孩子就在这家解决了一顿 四个菜 没啥特别的味道一般般 量也不多 性价比不高 下次不会可以再去了 毕竟龙柏地区好的港式料理不少
17053,徐州最大的连锁了吧！！不过还是刘锦记去的最多！！！口味都很好的，我有朋友在里面干！！！经常去吃的，绝对好吃，而且环境也不错！
17068,荠菜包 很一般阿 肉的味道太重 口感不舒服 菜包的菜很新鲜 碧绿碧绿的 包子的个头也太小 同时推荐去齿他们的招牌肉包 但愿口感不错
17075,虽说是大冷天的，但是本着烧仙草要吃冷的习性，毅然决然的要了冷的~他们家价格的确实惠~料也足，毫不逊色于我在厦门某些连锁店吃的，重要的是他们家口味比较清爽，完全不会腻~正是我要的程度，大芋丸上面的奶油球，非常爽滑，是烧仙草的味道~大爱~最好的一点事没有花生，你怎么知道我不喜欢花生捏 灭哈哈哈哈~就在学校旁边 一定要吃个遍~
17086,广安门天虹百货一层的棒约翰从2010，2，1，起至2010，2，12，日止，每天下午四点至五点，全场五折，酒水除外。\n逛天虹百货商场，发现了这家，顺便吃了一张双拼披萨【夏威夷阳光，墨西哥风情双拼】，馅料味道浓香厚重，底边酥脆，微凉以后，很有咬劲。\n美中不足的是，餐厅用造型美观的薄木板盛披萨上桌，正值冬季，很快就凉透了，口味大减。以前吃过几道西点，味道也不错。
17134,昨晚去星美看电影才来的这，因为特别爱吃烤鸭，通常都专门去大董、鸭王之类的吃，所以大鸭梨这种平价烤鸭还是第一次来。\n38元半套的烤鸭还说得过去，饼皮比我想象的好，没有“三吃”的烤鸭那么些花哨的东西，这价钱也够值了。\n其他的菜都是分量大超实惠的大众偏家常菜，味道也不赖，但是有点太油了。\n环境一般，空间够大，就是不太干净，服务员忙得要死，都是一边收拾桌子一边上菜，这让我有点汗。。\n总之吃的就是实惠和家常，比较适合家庭聚会或者聚餐，因为价格很便宜分量又惊人。
17136,公司客户从外地过来，房间订在了这个酒店，客户还比较满意，说配套设施还不错，有游泳池、健身房、羽毛球场等，酒店周边配套也很完善，交通很便利。最喜欢推开房间能看到教堂，风景不错。
17140,我很想第一个做点评，没想到晚了两天。我是8月7号的晚上在这里吃的饭。口味、环境和服务，都值得最高分。先说食物，这里的产品很新鲜，我们点了烤虾，亲眼看到他们的厨师从外来买来的，很新鲜；第一次吃烤茄子，没想到口味很不一样，非常惊喜。赞！扇贝、肉串、脆骨每一样都不让你失望；还有血豆腐，超赞；对了，还有最爱的玉米，一点都不马虎，玉米每一个都很嫩，口感超超赞。最后重点：这里的服务非常好，每一个服务员都很热心，尤其是老板（我们猜测的），我们一起吃饭，家人胃口疼，当老板发现店里的药品不适合时，驱车去药店帮我们买药。这样的老板，我是第一次遇见。超级感动，超级赞。很热心，而且很真诚。我想，这样的人，经营的大概不仅仅是生意，当然收获的也不仅仅是物质了。一定会再去，而且会带很多朋友去。祝生意兴隆！最后细节，他家的桌子，甚至是伞，都应该是店家精挑细选的。
17144,点了墨西哥和招牌汉堡，墨西哥口味蛮重的，但是很好吃！招牌的肉饼要了5分熟，一口咬下去满满的汁水，超满足了！薯条也很好吃。奶昔要rocky的，很浓，加了棉花糖，很可爱了。\n有无线。
17160,长安小调的主题餐厅我都不知道主题到哪里了，装修以现代化的风格为主，色调是黑衬红，这都不说啥了，吃火锅么，主要是味道，服务一类的，朋友去上海读研究生，临走前请客就是这家，点了番茄锅配麻辣，个人觉得长安小调的番茄锅还是最出彩的，味道酸辣，先开始盛一碗汤喝，给力得很，价格相对便宜，菜量也很大，习惯了海底捞的王式服务，到别家看到服务员愣愣的 总是觉得不顺畅 只有自选碗料，没有调好的，种类 较海底捞少  野生竹荪口感很好  建议大家试试 lisa喜欢吃秘制嫩牛肉 我们六个人吃了4盘那个 建议大家不要点牛羊肉 切片太厚 给人感觉是对面牛羊肉店随便买的一样
17163,中午去一般都有座，晚上就得提前预约一下了。虽然是湖南菜，由于在广州，所以在口味上有一些变化，对于我这样没长期在湖南待过的人来说，口味已经比较重了。基本上菜的味道都还不错的
17203,都挺蛮好吃的，贵在便宜，双休日的中午一直叫他们家外卖的，不过要外卖的话需要等久一点，总要1个多小时才能送过来。
17222,服务不是一般的差，值班经理管理水准很低，感觉找了经理还不如不找，吃了一肚子不痛快，与其说食指大动不如说拳头痒痒！\n从一进门欲落座就发现椅子上面有一截面条和一些水，让服务员拿餐巾纸，服务员像个哑巴，气鼓鼓的将椅子”咣当“一声拖到邻桌，又以同样的方式”咣当“过来一把干净椅子。\n中午在门头沟农家院已经七碟八碗了，本来打算点上七碗面填饱肚子就各自回家了，当桌面上有人提出不同的面条时，服务员甩来一句”我跟你说啊，点两种面等的时间长，要等半个小时以上……“大舅登时就急了，就在自家楼下，吃过多少回了，没听过服务员这口气的，当即要求找经理来，该服务员又说什么”不用找经理了，跟我说就行了……“点菜到表弟那里，服务员的嘴还是没停，一直在还嘴，最后居然蹦出一句”好心当驴肝肺了！“表弟站起来就要揍她，后来经理也来了，旁边还一个叉着腰的年轻男服务员过来帮那女孩子理论，其间不乏挑衅的话语，表弟又站起来，被我等一众按下，女孩子哭哭啼啼躲在经理身后告状，一场混乱……\n前后左右吆喝服务员”面条怎么还不来？！“声此起彼伏没有间断过。\n弟妹做酒店服务好几年了，经历不少，气愤地说就没见过如此水平的经理，更没见过这么嚣张的女服务员。谁知这年月林子大的只有你想不到，八月十六的晚餐在这里长了见识。我责备女服务员，一嘴的不干净以后在这里又装软弱，哭哭啼啼，刚才的嚣张劲头哪里去了？这会儿知道找经理了？！\n大开眼界，这么不痛快的面条，到今天中午都还没下去……\n想想二层楼梯旁悬挂的大型条幅”善待每一位客人，从点滴细节做起“，除了增加喜灰色感意外，与众不同的”善待“二字，恐怕是最最说明问题的了！
17224,环境还行，就在金鸡湖边，消费还可以接受，点歌系统不太好，而且歌曲新歌不太多，歌曲相对来讲就比较少，总体来讲还不错
17226,这家店已经开了很多年了，最出名的就是他家的酱鸭头了，确实很好吃，很入味，谁让南京人爱吃鸭子呢，其他的菜一般吧，没有什么印象了，价钱又点贵
17233,情人节的时候经过，正好遇到做活动，其实平日经过早就想吃了，于是买了一个草莓一个巧克力的，味道和口感都一般，不如在日本吃得茶果子，不过混合莓玛奇朵很好吃耶，主要是喜欢上面脆脆的蛋糕，以后肯定会买各种玛奇朵当早饭
17246,每到南京路必逛的，进去像是不要钱的，最中意的还是内衣之类的，质量好，穿着舒服。\nLG的内衣、袜子全部这里搞定，然后摇粒绒的外套也是非常不错，周日特价都只有99，又收了。\n这次是和弟弟、弟媳一起，结果弟弟评价，“已经无法阻挡这两个女人的购物欲了”，他也挺尽职的，拎包拎的很起劲，还不忘评价一番！！
17264,去过一次，感觉一般，只喝的花果茶味道还可以，靠窗有可以上网的桌子，但是有最低消费。灯光比较暗，人不是很多但东西不便宜。
17265,哈哈！兄弟考串太不错了，哥几个经常去，她家考串没得说，她家砂锅没法吃。\n羊肉串，肉头，鸡脆骨，腰子，再来瓶凉啤酒，每回都吃的倍儿好！\n喜欢吃砂锅的，就算了，烤串的话真的很不错强烈推荐
17268,这里的酒吧环境一般般的，显得比较\n嘈杂的，而且服务也一般般的，好冷的\n感觉的，来这的人还是不少的，也许是\n为了放松吧，价格小贵哦。
17291,满干净的专柜，阿姨挺亲切的。\n忍不住让我多买几个。\n碰到活动的话，比较划算。\n每2个10元还算划算的，一般都要6.7元一个呢。\n最近点评团也有团购了，满划算的。\n买给小孩子吃很划算。
17316,这家的咖啡超级一般，买了一次就不想买第二次了\n蛋糕面包也是一般吧，没有什么记忆点。\n但是平常人还是比较多的，毕竟莲花路口就那一家不错的烘焙店了。。。\n这家的提拉米苏也是一般吧，不差也不好，吃 了就忘了
17342,单位牛b一记。。搞个达人秀把舞台弄到上海音乐厅去了。。个么阿拉去开开眼界咯～\n音乐厅看着不大。。事实证明。。进去参观了也发现里面也不大额。。别故装修么话讲，铜制的扶手，蓝\n丝绒的坐垫～大厅嘛谈不上金碧辉煌嘛但也蛮西洋风格额～喜欢～\n可惜偶坐额位子是旁边额。。所以看舞台不是特别清楚。。。别故舞台的灯光音响什么的效果不错哈\n座位不是特别大。。阿拉在想如果是大块头的话还是有点麻烦额。。\n音乐厅周围的绿化也和音乐厅的风格一致～透着小小额浪漫气息～\n音乐厅的工作人员mm都蛮漂亮额～～
17430,家门口的一家理发店，服务方面挺好的，都会主动给倒水，提供杂志什么的，剪发什么的感觉这些店铺都差别不大，还可以吧。
17451,吃了2次烤鱼套餐了，因为住在附近，晚上下班晚没时间做饭，所以就去蜀味浓解决晚餐了。味道嘛，麻麻地；环境嘛，就那样了。反正在体育西横街里面，也就这个样子的。价钱呢，说实话不便宜，但在体育西不算贵了。地段不同，跟别的地方没法比的。
17458,昨天和同事一起去吃的，怀孕了，不能吃生的，不过听说那边的生食也不怎么好吃，所以还是多吃点烤的比较好。\n个人比较喜欢带骨小牛排，五花肉，反正就是肉食动物，而且最近缺铁，多吃点肉没关系吧。遗憾的是，他们家竟然说没有生菜，唉，我真是。。。\n吃烤肉没有生菜，你们说难过吧。\n现在可以办他们家的会员卡，终身制的，自己生日去吃是免费的，平时9折，我觉得还挺合算的。
17459,延安西路上的小吃店。我吃过的老鸭粉丝汤中，最好吃的当属在南京吃的那次，接下来的就是这家啦。和同事们培训完了出来找食物，就钻进了这家。汤包，烧卖都很美味，老鸭粉丝汤也不油腻，很清爽。怀念我们培训的日子！前几天和臭兔子路过还想去吃一次，可是人家过年关门了。
17462,挺低调的一家意大利餐厅，在酒店五楼，要七拐八拐才找的到。平时不仔细看还真没注意到这里有一家算是正宗的意大利餐厅。\n环境格调非常好，主厨是外国人，晚餐时分还有老外驻唱，波西米亚的风格，自弹自唱着些乡村风格的老歌，总之是非常有气氛的。\n或许是这家店专门做酒店客人的生意，零散坐的都是外国人。就我们这桌热闹些，一大帮人宴请几位外国客人顺便帮经理庆祝生日。跟中国人十几人一围圆桌不同的是，这里聚餐形式是用四人桌合拼起来人人坐一排。这样也好，不管有多少人，只要应酬周围三个人就好了。\n别人点好菜，我们只用埋头苦吃就行了。好多都叫不出来，有不可少的前菜-沙拉，主菜有牛扒、意大利面还有必不可少的PIZZA。这里的PIZZA亮点之处在于是用真正的烤炉来烘焙的，坐在外面就可以看到壁炉火红火红的场景。饼皮很薄很脆，上面还洒了些黑橄榄，口感不错，跟必胜客的口味完全不同。意粉种类也很多，味道也不错！！多人聚会好处是所点的东西都可以浅尝一遍，一大盘菜传过来自取就好了。ANYWAY，随意地放开吃就好了
17467,以前乱乱的十月市场，现在被改造成整洁的美食街，好多以前的小吃还在里面有营业，古色古香的建筑，环境真是不错，武汉鸭头那家真是很好吃
17494,我爱弯弯~~超爱弯弯~~\n喜欢吃这种带胶质的东西~~味道也是超好也~~\n还有里面的藕也蛮好吃。。吃完后下热干面，那个饱啊。。\n哈哈~~什么时候再去吃~
17515,主要是一堆人一起去，便宜啊\n但是卫生让我很担心\n觉得傣妹的白沫子特别多\n东西新不新鲜让我很怀疑\n就图个便宜和爽了\n不过还是少去。。。
17516,批发市场就是量大价廉~\n特别是过年的时候的物价和这里的批发价一对比，对得起这些油钱~\n中环沪南路口下，左转左转就可以了~~\n水果、禽类、水产海鲜样样都有~\n买的蛇果从来没这么新鲜过~~赞~
17525,栗子貌似也涨价了。。。。。。\n一般都要排队，老婆很喜欢这家的，反正我是吃不出什么好坏......\n个人感觉都是差不多的，不过买的人多了，至少应该材料比较新鲜吧。口碑还行。
17528,马蹄水真的好喝 不是很甜的那种  性价比老高的\n南乳虾 很好 好\n潮汕粥 规定价格自己搭配也可以完全自己要求 都蛮好的而且提供的搭配本来就很大陆。\n冻花蟹这次没点下次可以试试看
17545,看到人很多，就进来尝尝，里面暖气不足，也挺凉的，面条没吃出什么味道，冻得没什么知觉了，老醋木耳，酱牛肉都是一般般，服务挺好，价格不贵，解饱还可以。
17549,热烙饼极其好吃，而且一定要趁热吃才好~\n带鱼有点咸\n肘子不错\n五花肉比较肥\n环境一般服务一般，但是超级火，稍微晚点去就没地方了
17561,是听朋友说这个地方涮肉不错，离家也很近就去了，总体上还是可以的，肉质也很鲜美，这种地方吃饭赶上饭点了就是环境真是差，抽烟，大声叫的都有，不过常去这种地方也就习惯了，涮肉吗还是热闹一点儿能吃出气氛
17562,跟这里吃过好多回，是个经济实惠的饭馆。店面也很大，组织个聚会啥的也有地儿。我舅舅他们同学、同事聚会都跟这儿，订个包间或跟大厅订个几桌的。这的烤鸭还不错，虽说跟以前比还是差点了。炒菜啥的也可以了，毕竟是个家常菜的饭馆，这个价位也算是做的可以了。上菜速度挺快的，这个让我满意，不用等半天。
17568,环境是可以，菜的价格也很“可以”，但最重要的口味不行，完全个菜价不成比例。服务倒是蛮热情，但总不在那个点上，不需要的地方瞎热情，需要服务的地方后知后觉。基本不满意。
17587,公司年会在这里举办的，不知道是不是年会的关系，那些菜色都比较普通，没什么特别好吃的感觉，但环境还是可以的，服务什么的也比较到位。
17591,去了好多次了，当初爬山主要目的还是减肥，所以没有想过要做缆车之类的，去的很多次都是爬到顶的，在上面看风景真的很美，爬山就去紫金山
17592,读大学的时候和LULU去过，早上11点进场，12元/人/3小时，很划算的。地理位置蛮好，处于普陀和静安，长宁的交界处，交通很方便，唱歌的话，还有免费的泊车，相比其他家的上海歌城，我还是会去这家的。
17604,"四个厅的电影院,都属经济型小放映厅.还在试营业阶段,人不是很多,票价在打折.门口水吧有点小,卖的东西也不多,将来也许会增加吧.音响好像不太理想,坐后面有时会有听不清声音的状况,可能人少关闭了某些音箱?"
17605,价格有点贵，但环境不错，薄底披萨也是真心的好吃，虽然没点点评上大家推荐的北京烤鸭披萨，但是美国披萨也是不错的，料足味道佳。有点焗蘑菇，cheese是蛮多的，但是味道有点淡，配的酱料还可以， 但是也有点偏淡了，这个下次应该不会再点。服务人员态度还是很好的，吃完还会很有礼貌的问你今天的东东味道是否还可以，呵呵~~总体来说，还是不错的，下次会再去的。
17616,我是提前一个月在淘宝上的一家店定了吉祥航空的机票，从沈阳回上海。\n结果比起同样提前一个月的春秋航空和其他附加费用合计起来，它还便宜了三元。\n492元=机票费用286+燃油附加费50+机场建设费140+保险16\n时间段也不错，沈阳16:10登机，回上海19:07分。\n1）它的空姐和空少都比较养眼的。紫红色的民族风味服装也非常有味道。每个人的座位上还有一枚紫红色小腰枕，很不错啊！\n2）它的服务非常到位，瘦瘦弱弱的空姐帮旅客一起抬行李或者拿衣服、放包等等，挺感动的。飞行途中，我们有事情招呼，他们马上微笑过来，低头询问。\n3）饮料选择很多：红豆饮料，咖啡，可乐，雪碧，纯净水，果粒橙等等，还有冰块，很不错。\n4）大约起飞后一个小时，机上就开始提供热餐饮：米饭和面条。我挑选了面条，配有一枚蛋糕一枚面包，一包凉拌菜一包榨菜。我的“邻居”要了米饭，他看了看我的面条，说了句“后悔了”！呵呵。\n总的来说，它的便宜机票还是不错的。就是座位真的小，一路坐下来，腿酸得很。
17625,味道好，材料新鲜，材料都好正，而且都五平加，用甘好概材料来整，家下甘概时倒五容易拉，甘坚持，要多多支持，味道五会太甜，几中意
17635,欢送Wenya时去的，还可以吧，里面很多老外，真的很多人喜欢日本料理，但对我来说也就接受北极贝和一个黑皮肉比较老的鱼，烤鱼也不是很好吃。小甜虾也一般了。
17651,挺不错的一家川菜，口味一直没有变，最喜欢酸菜鱼和麻婆豆腐了，很正宗，还有很多四川的小吃，适合朋友和家庭的聚餐，推荐
17676,很著名的地方啊，不留心真要错过去了，环境真好，晚上去的\n转来绕去，走过幽静的院子、环廊，进入里面的包间\n好奢的火锅，喜欢鲍鱼、丸子，呵呵，俗，反正不是我花钱
17696,荷塘五秀中有菱角，很有特色。\n总的来说，还可以，但是没有突出的亮点。\n倒是奶油蘑菇汤，虽然我不爱喝，但是很稠浓。\n鹅肝很不错，浇上汁，似烤腰子般的八分熟，虽然最后似乎有点带血的部分，\n但是还是印象最深的一道菜了。头一次觉得鹅肝不是那么干。\n服务员的态度还可以。\n类似老莫那一类上世纪7、80年代的好餐厅布置...\n倒是大堂中那些贪吃的金鱼让我印象深刻...
17700,以前买过一次外卖 看着他们现做的 感觉饼坯就是我从网上买的现成的简易pizza饼坯 厚厚的像发面饼一样的坯子 对于离着近的 懒得做饭的人 到是方便的选择 味道也就甭强求了
17731,菜的分量都不太大，味道一般般吧，什么鹅掌饭啥的就算了吧\n榴莲酥还不错，但是甜点一份都只有三个，价格也不便宜。\n说不上好说不上坏的一家店。
17764,总的来说还行。就是希望质量和做工能改善就更好了。\n重庆有家做国际服饰外贸原单批发零售的，可以借鉴下。质量和款式非常考究。很适合对服饰有讲究品位的人。是家实体店 但地址不好找可以跟老板联系。老板人很好，也很专业。网址是WWW.T-SHOW-MOCHU.com。
17773,昨晚看到小店门口公告说11月8日开始涨价了\n不过再涨 还是会去吃的 因为好吃呗\n性价比也不错 饭菜汤都有家里的味道 \n老板已经是认识的了 因为经常去 \n每次必点卤肉饭 肉饼炖蛋
17775,"妈妈的同学从澳洲回来,就定在了这里\n定的是6人,却给了我们十个人的大桌,在换了两次桌子后才落座,扣服务分!\n生意很好，但这不能成为降低服务的理由\n菜的味道可以，又不贵。花20元办会员卡能当场享受会员的优惠\n点了蒜泥白肉调味不错，可是肉太精了，有点老\n熏鱼用的是鲳鱼，没有青鱼适合，而且里面不够入味\n水晶鸡果不其然得美味。鸡肉很鲜，蘸原汤更好吃。而且肉有嚼劲，与别家的不同\n清炒野生河虾仁：野生不野生不知道，但肯定是河虾。虾仁发得不错，有弹性，会员价便宜30元\n蟹粉菜心：吃得出来用的是当季的新鲜螃蟹，但由于季节的原因蟹膏不多，所以颜色不太漂亮。但味道还是很鲜，菜心也满嫩的\n还有一个野生菌砂锅味道不错。通过砂锅干煸菌菇的香味口感都出来了，只是有点油\n大煮干丝：最后才上来，是不是一开始忘了下单？而且味道太咸了\n其他菜没什么印象了\n价钱便宜，味道可以，这就是他们生意好的理由，但这服务。。。。"
17781,就一个字，贵！去年夏天去的，太不值了啊！除了地点热，环境好，别的没了，我点了碳烤猪肋排，把我给郁闷坏了，不是一般的难吃，老公点的牛排，肉质很质疑，怀疑是国产的牛肉（因为我两在美国住了好几年，好坏很是能鉴别出来）还点了传说中的北京亮沙拉，味道还可以，就是那个牛油果，竟然是把坏掉的那块切掉然后放在沙拉上面的，五星大酒店就这个品质？真是让人情何以堪啊！\n别的不想说了，很不好的就餐体验，还花了700多块，冤啊
17793,要吃饱的话，饮料、主食、披萨再加小食按三个人来算已经快200了，楼下人均30是喝茶去的吗？店太小了，情侣约会还是别去那了。只适合随便凑一顿
17807,他家的煲仔饭不错，是我的最爱，老碗鱼味道也很棒，个人觉得优于九寨沟老碗鱼，就是最近涨价了。因为是大学附近，客源以学生为主，价格不贵，是附近生意最好的一家小餐馆
17830,感觉不错，挺有情调的，菜很精致，也有特色，一般地方吃不到，上次吃的虾酱空心菜（忘了是空心菜还是芥蓝了），回去自己模范做了一下，感觉不错，比较适合不到四个人小聚，
17873,韩国风味的小餐馆，不大，生意还不错。门口有卖鸭脖子，哈哈。\n他家的菜味儿挺重的，前几次吃的还行，后来不喜欢吃了。\n煎蛋不错，喜欢蛋黄流出来的感觉。\n辣白菜炒饭好像是葱花太多了还是红辣椒碎太多了，不喜欢。
17951,小时候就记得鸡鸣汤包和小上海汤包 也听朋友过介绍过不少次它的来历\n其实“鸡鸣汤包的师傅现在在XXXX做”之类都市传说也一直蛮多的\n这家开了很久吃了很久外卖我也不知道到底在哪儿\n如果是不熟太平门那块的同学记得找路口的理发店和宠物店，进去就是\n点了一笼鸡鸣汤包 8元8只 跟尹氏一样价格\n皮薄，是相当薄，汤包么都是这种内褶的，个头倒不大\n肉厚，口味不错\n汁多，汤汁口味介于小李和尹氏之间 也是稍微有点偏甜，不过没那么甜，吃多了不会很腻的那种\n【注意】\n高峰期肯定排队\n店面环境比较那啥 尤其是旁边就是宠物店\n有时候忙起来会忘给你汤，记得问大妈要
17972,去过几次 其中一次是妈妈宝宝团的聚餐 还不错 地方比较宽敞 比较隐蔽 在拱墅区圈子内还是小有名气 因为是之前的杭丝联厂重新装修的 有点复古的味道 里面还有很多类似缝纫机之类的老设施参观 呵呵
17975,海鲜还可以，砂锅不怎么样，味道怪怪的，喜欢蛏子，不过海鲜除了白灼，清蒸，辣炒，好像也没有其他做法了，我去的那天刮风，在路边吃的不很舒服
17980,"生意很好,人很多,可能是每次来都是放假的原因吧.\n撒尿牛丸的味道还是不错的,价格也还不错,吃的时候要当心,小心弄到身上"
18054,没有约到周六，周五也就将就了，预约的时候态度就很好，欢迎我去光临，地方不大，但是到了就有位子坐。点菜的不知道是不是老板娘，很热情。才吃了一会我就有饱感，靠在椅背上，她过来还叫我多吃点。上菜很快，而且居然不漏单，感动shi我了，走的时候还问我吃饱了没，我说吃撑了，XD\n刺身，银鳕鱼，天妇罗…味道都很好，唯一不好吃的就是烤串。\n这么远的路，我风尘仆仆的赶来，果然没有白费啊
18068,坐落在赤柱大街上，一边是一家挨一家的商铺，一边是蓝天大海，找个街边的位子坐坐，喝杯咖啡，吃吃简单西餐，望望风景，这就是在香港的生活。
18128,可能是因为这里离我们总校比较近，所以经常有机会去这里，个人属于那种如果有同事要去就跟着，如果没人提就不太主动去的。\n不过说实在的，这里的环境在这附近算是好的啦，比较适合说说话。饭也不太差，就是样式有些少，价格一点小贵。 汤比较好喝，又可以用卡积分，所以还不错啦。推荐黑三剁和豆苗汤。
18151,和一个同事一起被安排出差，\n护照到时间了，需要去出入境管理局那里审，\n前面排好了好多人，\n我就叫同事去排队，我跑到了这家店里买了点喝的。
18156,"餐厅黑黑暗暗咁.感觉好逼夹.\n店员唔醒目.餐具唔整洁.品种选择性少.\n食物出品好一般,份量又少..转带上嘅寿司好似叠罗汉咁见到都唔开胃."
18166,面包西点的卖相都很好，但是价格有点小贵，口味和品种很多，是那种女孩子一看就会心动想买的类型，店面都挺干净的，而且装修的氛围很不错。
18175,农家小炒肉，味道还可以，辣椒很辣。铁板手撕包菜，很慢。不过挺入味的。看了楼上点评点的咸蛋黄烧芋艿，蛋黄不怎么好，没吃出咸蛋黄的味道。\n味道虽然不错，但是似乎用的油不好。。。\n米饭居然按大碗小碗分，大碗两块一个，不限量。小碗很小，一元一个。\n湿巾居然算在茶位一块的，两元一人。。不喜欢这种形式。。
18182,锅贴最好吃了，虽然皮不算很薄，不过汤还是挺多的，馅的味道也不错~早上都要排队的噢~\n除了锅贴其他品种也蛮多的，蛋饼也不错，相比之下小笼就不是很推荐了
18192,主要是态度 真的不好啊。。。。。在外面吃的 说里面没有位置了 好吧 虽然之后还是看到有不少人上去的。。。吃完了就去想拍张照片 刚刚照相机拿出来。。。。 态度好一点打声招呼吧 真的凶巴巴的欠她钱一样的！ 一个各自一米四的服务员 在那边叫 不许拍 就是你几个 叫你不许怕听到了挖  然后说了好多啊！。。。。无语了 \n我看了一下其他评论 有些也这么说的 服务问题、、、 虽然你们人流大挺忙的 名气也响 但是希望可以有良好的服务态度吧 加油吧
18214,一直就比较喜欢天虹，不管是哪个分店。这家也不例外，环境很好很干净敞亮，服务态度更是没话说了，好。而且人少逛起来没那么吵闹。
18247,店面挺小的，感觉一般，菜的味道还可以，其实是改良过的印度菜，已经很符合中国人的口味了，\n就是量太小了，两个人点了很多才够吃~
18250,披萨就不说了  都一样\n鸡翅、咖喱汤很不错 ；   沙拉必不可少的 ； \n说的就是 位子不够哦，去晚了就要排队等候，有时候饿极了，不想等
18270,这个不知道和吴家窑的那家是不是一回事儿，不过味道绝对有差别\n奶油烤杂拌很不错，绝对在我吃过的里面能排到前三\n烤肋排是菜单里没有的，要看他家的黑板来点，味道很地道，个人感觉跟Friday差不多，而且还便宜，所以每次去烤杂拌和烤肋排都是必点的。\n他家菜分量很足，两个人的话没必要点太多，不然一定吃不了
18325,可以说我是大名的资深食客了，从五岁到现在一直在光顾。大名是大连最早的几家日本料理之一，也很受日本人认可。食材新鲜，我还记得龙虾上桌之后须子一直在动的样子……⊙﹏⊙b。量也很多，不过现在随着物价上涨价变少了点。服务员基本都会说日语的，到现在来说我还没有遇到服务上的问题。天妇罗在整个大连做的算比较好。另外推荐北海道酱墨鱼（？记不清名字，总之是红红紫紫的一小碗~~）配米饭哦~~鱼子的话如果不太能吃惯海味的话建议要考虑一下先了~~
18329,人不少，感觉比以前人多。但是有的菜的菜量太小啦，一般贵的菜菜量大，呵呵，一分钱一分货吗？口味都是比较清淡的，适合我这种不爱吃辣的人去。
18331,非常差的一次团购！一进门，二位服务员不是以“欢迎光临”来迎接，而是拦着你问：吃团购的吗？然后，在一个脏兮兮的本本上找啊找，找了差不多五分钟，总算找到了预约的记录，这才可以进去坐下，这一坐就是半个小时，第一个菜上来居然是冷的！饿得不行，把冷菜埋在热饭里吃了，味道实再是太差了，可以说是难吃，所谓的回锅肉切成了薄薄一片，加些青椒红椒一炒而成，油多得不得了。第二个菜足足十五分钟后才来，期间催促了二次，服务员说：团购的是比较慢，你要是现点菜的话就会快一点。她说得没错，我身后的一张台就是现点的，果然是人来得比我晚上菜比我快多了。接下来的几个菜，要多难吃有多难吃！豆角放了太多的花椒，麻得不得了，盐放得也不均匀，有些没味道有些咸得要命，江团没味道，满碟子的油。因为坐在制作凉菜的位置，可以清楚看到这间饭店是多么的脏，凉菜师付用手醒了鼻涕随手一抹继续工作，装米饭的桶和装垃圾的桶摆在了一起，几个服务员围着饭桶嘻嘻哈哈，不知多少口水进了桶里，真恶心啊！后悔死了团了这间神店！看到点评网上还有不少人在为这间店叫好打高分，真想知道他们都有些怎样美好愉快的消费经历？或者根本就没去消费过，而是收了好处在这昧着良心误导大众！
18335,和朋友去湖南路逛街时，经常去这家肯德基店。店面位于狮子桥，里面人蛮多的。就是前几天，和表妹一起兴冲冲地来到这家店，发现它竟然正在装修，只好去了狮子桥的麦当劳。
18339,超爱的一家店，不过也只能消费的起午市套餐，晚餐的单点价格有点吃不消。。\n大脂真心嗲，午市套餐的一个日式炒肉饭也不错，有好多肉而且非常嫩。\n不过重点还是推荐套餐里的寿司拼盘，菜单里没有的，要自己和服务员说，88元有十个不同的寿司，很很很划算。
18343,在千佛山南门旁，坐在半露天的单间里观赏千佛山的风景，心情真的很好。\n菜以烧烤为主，主推烤全羊，其他等诸如心管，白腰，羊鞭，鹌鹑、蛤蜊等烧烤类菜品也挺全。\n辅助菜品有小龙虾，田鸡，炖鸡，噶呀，田螺、面条菜，蚂蚱菜，花椒叶，笨鸡蛋等山村野味，也有炒合菜、萝卜丸子等济南菜。\n菜品的味道还不错，大概怡人的景色也给菜品增加了一些分数。吹着带有丝丝凉意的初夏晚风，和几个朋友喝喝青岛原浆啤酒，还是一件很惬意的事。\n青岛原浆28元一小扎。冬天可以改吃地锅羊。
18355,这家店在原来公司附近，因此会去买杯咖啡喝喝，夏天来杯星冰乐还是很不错的选择，不过这家店的环境不是很好，不太适合在里面泡着上网
18359,游完泳好饿\n想吃烤鸭了 \n我一辈子吃烤鸭都没夹过葱\n有人说 这就是为什么我一直对烤鸭不感冒的原因 \n遂来考察\n的确耶\n不知道是应为太饿还是夹了葱 \n这次的烤鸭真的很好吃！！！\n后悔只要了半套\n完全不够吃！！！\n而且半套不给鸭架子 （挺不合理的，半只鸭也有架子啊，你们都凑2个半只去卖了吧？再少也应该给我们把）\n酸梅汤足够酸，我都喝不掉\n服务跟不上，服务员超多，但态度懒散，态度差\n而且厅里也不分无烟区，无数人在我身边抽烟，弄得我及其难受\n不过，环境很好，紫紫的很大气
18363,比较有味道的公园 比较经典 适合老年人 和遛弯的\n环境还可以  好多游戏项目都撤了\n可以简单的散步 还不错 几个景点看看也还行\n现在好像有单收费呢  偶尔划划船 休闲一下
18368,替代公司食堂的一个选择，喜欢那里的炒饭，最爱鸡腿叉烧饭和叉烧翡翠饭，价位偏贵，不过环境善可，偶尔换换口味还是可以的
18372,今天妹妹过生日，为了方便就选在这里了，可是这里的环境真的很差，生意也较为冷清，除了些包房有食客，大堂里的服务员比客人还要多。价格不算便宜，菜却很一般，没有性价比可言。一个凉瓜排骨汤就要58元，汤里没有什么东西，觉得很不值，吃了一千多元没有什么印象深刻的菜，总之以后不会再去了。
18394,单位门口的饭店，在那吃饭经常能碰见单位的同事，菜品的味道还可以，环境也不错，服务态度很好需要赞一个。尤其这名字喜洋洋听着很喜气。
18416,因为这家店是刚开业不久的分店，所以服务员人手还是不够用的样子，上菜的顺序算是差强人意，我们催了好几次次能够上全。不过这家店菜品的分量还是挺大的，羊肉、肥牛涮锅都还可以。麻酱小料不错，海鲜味和酱油味的小料就稍逊一筹。
18429,以前吃着还挺实惠的，自从网络，媒体，电视报道以后，价格是涨了不少，但质量却没怎末提高。现在不怎末吃了，吃不起了，呵呵。。。。。。。。。
18448,吃新疆菜，貌似我的第一反应就是大盘鸡。唉。。。。。真的是好大一盘鸡啊～～只吃了两口，不是不好吃，只是后面又有烤羊肉串，烤羊心，还有用豆腐皮包的那个好好吃。。。。。\n结果，大盘鸡，就只有被打包的份了。。。\n新疆饭馆，特色的酸奶还是不错滴～～够厚，酸酸的加上新疆葡萄干，美味啊！
18450,今天刚刚从哪里吃回来。自己也有十年没去过了，现在不用算盘结账了，用的是高科技武器“计算器”，上菜也是可以随便点了。今天点的“炸茄盒”仍然很好吃，还点了“手抓羊排”，我记得原来是白色的，现在可能放了“酱豆腐”变成红色的了，还点了“吊子”依然很美味，炒蚕豆我觉得一般，炒豆芽挺好吃的。跟小时候去吃的感觉有一点点不一样了。
18461,新鲜的鱼，自然的环境。\n服务退化了，一鱼只有两吃了，叫次服务员要花很大力气。\n天热了，大棚式的厅堂温度就打不下来了，亭子里就更不用说了，环境优势大打折扣，还是当初设计不够合理，装修也长时间没有更新了。
18468,其实是老公喜欢，说那里的馅儿够足量，夹着饼吃很有味道。宜山路地铁站附近的小吃很多，还试过麻辣饼和油墩子，前者的服务态度不好，饼也不热，不会再买了，油墩子还过得去。
18502,昨天和朋友一起去吃的，已经吃过几次了，环境蛮好的，服务也还算周到。觉得这家的几种鱼丸口味都比较有特色。点了一份综合丸、虾滑、蒙古羊肉、冻豆腐、大白菜，饮料是酸梅汤（最近去消费，酸梅汤是免费赠送一扎的），222元~个人认为价格再亲民些就好了。
18512,家乐福的环境还可以，停车场有三层，而且超市旁边的店让人感觉还比较舒服。但东西整体不便宜，在周边几个超市里面算贵的，而且经常虚标价格。虽然离得近，一般不怎么去。
18518,店真的很小 一个服务生姑娘一个人要收银 做饮料甜品还要烤面包 一直面带微笑 挺不容易的 表扬一下\n点了水蜜桃绵绵冰+竹炭绵绵冰~很奥妙~竹炭~哈哈哈~乌黑啊！\n绵绵冰做的不错的 不是很甜，尽管没有加料 10元一份 但吃的还蛮开心的 竹炭绵绵冰赞一个哦\n还买了一只咖啡面包 果然是闻起来香吃起来更香 6元 好吃不贵~
18545,好冷清的潮汇 好冷清的贪吃熊哦\n他家 是从东舜搬过来的 东舜黄了 那个瘪地方……\n只是潮汇我也不看好~ 风水不好的地儿 开在太原街都能黄 哈哈\n我是想来楼上看随便吃点啥的 没想到遇见了它 \n人生何处无邂逅 可你 就在这里静静的傻傻的等我 一直\n-----------------我是分割正题的直直的分割线哪-------------------\n菜谱比以前寒酸的那版好多了 不厚实但至少是硬皮的一本 大多数菜品还配小图\n【贪吃沙拉】听名字就知道是主打的沙拉 内容我都是很喜欢的：最上面是切成一片片的煮蛋，下面铺着煨制的鲔鱼碎块，周边散布着牛肉方和cheese方、还有红的、黄的圣女果、生菜以及苦苣~ 酱汁儿是意式醋汁儿~ 整体给我感觉十分之好 是那种让我看着亲切吃着满足的salad~\n他家的面好多种嗷 先点哪种口味的面 然后 意面和意粉是可以选择的\n有我们常见的普通面 还有加宽面 里面加了料的绿色的什么面 蝴蝶粉 螺丝粉 通心粉…… 十来种吧\n点普通的pasta是种挑战 我选了以前也会在家煮来吃的螺丝粉 对这种粉 酱汁儿搭配起来的话 入口的感觉是有偏爱的哦\n【青橄榄&黑橄榄番茄螺丝粉】对特殊味道不好接受的童鞋们就不要点这个了 橄榄味我很爱的 和我一起吃过pizza的朋朋说过这种腌制的橄榄油中药味 所以大家谨慎哦~ 点奶油培根神马的味道比较好大众接受吧\noh my 橄榄加上番茄酱汁的味道 绝了\n很久没吃过这么好吃的粉了 上一次的 还是DIY的 可是由于时间和材料问题 番茄酱不是自己出品~\n这么看来下次可以尝试下普通pasta咯~\n【提拉米苏30】挺正点的 就是差了点甜味 进了中国变lighter了不少呢 没那么霸道\nPS 因为生意不好吧 蛋糕是被冷冻保存的 上来的时候想必是常温化了一会的 最外层能吃出口感 在里面还都是冰质…… 在好口感但需要等20分钟、和吃完了立刻回家还有去采购之前选择了下 我没有等……\n想必下一次 一定是下午茶时 来杯咖啡 来份小T 静静的等她苏醒~\n【软饮】提供可乐雪碧或者果汁 我选的苹果汁儿 开始以为是服务员看我没点饮品所以让我点个 还纳闷为什么不问我要不要咖啡 她马上解释说是免费的 呵呵 不知道为啥 可能客人比较少吧赠送的\n是100元整来着 新开业 给我打了8折~ 今天我是不是RP大爆发呢\n薄Pizza种类也不少 约朋友来的话我再试试\n服务 没得说 而且店里都是年轻长得很干净的服务员\n大厨是不是意大利的不知道 没有看见\n但店里有位外国人和店家交谈 估计是合作人？\n这正经的晚餐时间 到我离开之前都没有其他客人再进来\n但即使这样也不影响我的评价\n如果有天 他家上了团购 或随波逐流大肆宣传搞什么活动 我就不爱了~
18547,这里的确是个适合逛街逛累了休息的地方，东西嘛说好吃也就那样了，不过环境真的蛮好的，不错的还有，会主动提醒你，如果拉卡的话，会告诉你，拉哪个银行的卡能打折，这点非常值得表扬，希望店家保持！
18580,"昨天下午五点到店的,人不多,环境还不错的，一进去服务员就会主动送上热茶,点了寿司和土豆沙律,年糕,味道不错,现在这里刷招商银行信用卡,满50减10元."
18586,依然是冰激凌爱好者啊～，就买了一个咖啡味的，不过我是买的外卖的直接带走吃的，总的来说各家的口味都一样的，没有想象中那么好吃　不过确实口味很正　水果巧克力的味道都很地道　就是价格有点贵了　一个球要２８元好像　可选择的余地蛮多的种类不少哈根达斯在南京的店还是蛮多的，当时定了个蛋糕，特别想吃，路过哈根达斯的时候，而且也可以吃冰淇淋火锅什么的，还记得是秋天下雨的时候，这个其实没有太多好说的～～～哈根达斯嘛哪家口味都一样，
18599,蛮不错的，吃的喝的一应俱全，主要市区中山路就那点地方，实在逛不出什么什么花头了\n宁愿坐车远一些到这里看看，就是远了点
18601,凤凰最舒心的一顿，4条汉子如狼似虎，整了一顿才这点钱，爽啊\n特别表扬一下干豆角炒肉末和炒腊肉，味道香啊香的，还有沱江小鱼，但是有点辣，等到晚上就有同胞辣到胃里烧了，不能吃辣的同胞要提前跟店家说哦，否则就悲剧了.....
18614,据说是什锦菜包和鸭油酥饼最灵 便宜是便宜 但也就那味道 鸭油味很重 菜包里料倒是不少的 挺油挺香的！
18630,环境还是可以的，比较卫生，我喜欢。不过阿姨态度不是很好，没什么笑容，菜还是蛮新鲜的，不过有一次去晚了居然什么都没有了，郁闷。感觉有些小贵，鱼丸什么的居然要2块五，一串才三个!
18632,分数是打给门口的玉米摊的，2.5元的价格超级实惠，玉米很大一支，煮得很好吃，黄色的比较嫩，有黑色颗粒的比较有嚼劲，前阵子喜欢嫩的，最近喜欢老的！
18644,过了婚纱摄影的店面前行不久，努力抬头就可以看到“万国美食城”四个大字，大家不用太记得名字，因为常常在更改，呵呵。看完了记得低头啊，会在左手边的地方看到一个斜坡和小门，不用怀疑，走进去就可以看到电梯间了，从这里搭乘电梯直接上4楼会是最快的，如果愿意也是可以走楼梯的，俺下楼的时候就是走楼梯，消食消食，呵呵。继婚纱模特儿雷到我之后，电梯里面有一幅广告海报也让我啼笑皆非，是个财经相关的，但是衬底的都是欧元，我在想：欧元真的比人民币有吸引力吗？而且目前的投资赚的都是人民币啊，放个欧元似乎不太合适。\n好了，不管合不合适，电梯是不会为了你的思考而停留的，随着熟悉的开门声走出来，可以看到一个指示牌在墙上，写的是“胜龙聚美食城”，和楼下的万国美食城完全是两码子事儿，呵呵。继续向左走会看到一个电玩城的入口，不用害怕，没有走错，你必须得进门。进门后向左走，一会儿就看到美食城的入口了，从入口进去走不到50米，就可以在左手边看到泡泡小火锅了。\n既然是小火锅，就是脱离不了呷哺的模式，这里也是一样的。我不晓得它在这里多久了，反正俺是N久没有经过这里了。没有隔断的门面，就是半围墙的形式，但是可以发现这里很明亮，相比其他的一些摊位来说可能高级一点，呵呵。当然了，没有多少人，原本以为是人气不旺所以才团购，后来才发现原来还是在试营业阶段，看来我是先入为主了。\n服务员面带微笑的接待我，我本来就想往吧台坐下的，因为这样便利拍照和查看地形，但是俺的吨位还是让服务员误会了，直接给我领到卡座区坐下，好吧，俺承认我又被当成孕妇了，呜呜～～坐下后，服务员拿着纸过来抄团购券号，一切的过程都是面带微笑，看来试营业还是有好处的，不用看人脸色，可以欣赏到年轻的笑脸。\n验证完后服务员直接给上了一个大锅的清汤，里面居然还有一块老玉米，难得啊，这是我看到的小火锅中还可以有料吃的，特别表扬一下。接着，服务员询问我需要的饮料，告诉我只有可乐，好吧，那就来吧，结果送来常温的，没办法，俺被认为是孕妇，但是我很热啊，所以要求换个凉的，服务员还很狐疑的看着我，我说没关系，这才给我换成了凉的，呵呵。\n这里的服务员是我在小火锅的体验中最好的，也许是刚开张的关系吧，但是我希望他们可以一直保持。锅开了之后，我放食物下去煮，服务员虽然没有在看我这里，但是还是关心的，差不多时间就会来告诉我什么已经可以吃了，这一点我觉得好但是也不习惯，毕竟每个人的喜好不一样，这样的好心可能会带来反效果。在我第一次煮了肥牛后，服务员拿着空碗过来，我不晓得干吗，结果居然拿着勺子来捞沫了，我当场傻了，吃了这么多家的小火锅，第一次有服务员来主动捞沫的，让我不自觉的想到了海底捞，这一点让我到现在都印象深刻啊。\n接下来说说吃的吧，毕竟食物在那里摆着，不说就太对不起这堆食物了。餐具什么的都是泡泡的标志，这个也没有什么特别的，餐盘纸也是有菜单的，反正在呷哺可以看到的一切在这里都可以重新看到，呵呵。总的来说，这一份套餐给一个男生吃不饱，一个女孩可能刚刚好。\n【味噌鲜椒】由于没有沙茶酱，还是清汤锅底，所以我需要一个味道重的，因此选择了这个。但是服务员第一次上来的居然是麻酱，走了之后才发现自己送错了，给换了过来。说是味噌其实和辣椒酱没有多大区别，呵呵，尤其对我这个熟悉味噌、常吃味噌的人来说更是如此。如果抛开味噌2字，这个酱料还是很搭清汤，辣度也适中，我喜欢。\n【手擀面】看起来真的很像手擀面，这里和呷哺一样没有杂面，俺爱的可是杂面啊！由于肚子装不下，看着还可以的手擀面是一口没动的，服务员还以为我不喜欢手擀面的味道呢！\n【清汤锅底】白色的浓度不是很高，但是1块老玉米吸引了我的眼球，这是我吃过的小火锅中唯一给的有料的货色锅底。配料都是一些老东西不足为奇，味道也就是那个样，不用抱太大希望，呵呵。\n【可乐】搭配的饮料是可乐，这个就不用介绍了，味道摆在那里的。我要说的是泡泡给的是一听，而不是机打的饮料，这一点也是比较不一样的地方。\n【蔬菜拼盘】我第一眼就看到了只有一半的蟹棒，我在想没有必要省半根蟹棒吧？然后又看到一旁不小的一颗鸡蛋，再看看半根蟹棒，总觉得这个搭配的人脑袋到底什么？接着说说有些什么吧，有俺讨厌的胡萝卜、不吃的白豆腐、好吃的血豆腐、藕片、竹轮、粉丝、洁白的金针菇、小西红柿、大鸡蛋、蒿子秆、白菜、生菜这几种，数量不是很多，但对于晚餐减量的我来说可以了。\n【肥牛】是现切的，而且冰冻状态不错，唯一的缺点就是太少了，比起呷哺的最起码少了三分之一，原价比呷哺少了3元，会不会就是这样的原因呢，呵呵。肥牛片是真的肥牛片，不是一下锅就不晓得哪儿去了，比起呷哺片的还是厚了那么一点点。\n五一收到他家的广告短信，说是正式开张。我想着试营业期间的体验还不错，居然给我的好感持续到现在。希望他家正式营业后也可以保持不错的服务，不然就真的是白做了，呵呵。
18647,上班的地方就在旁边，一到中午生意就异常的好。基本都要等位子。在这样的情况下，服务员都很很好的调节位置拼桌坐。中午一般多事老生意，所以大家也很配合。\n葡国焗鸡饭绝对推荐，蔬菜色拉和鸡翅也不错。\n拌饭稍微咸了点，所以酱可以少伴一点。\n还有外卖送
18686,对于昆明最多的西饼屋，我觉得应算是名副其实\n东西稍贵  但味道比那些山寨的饼屋要好的多\n最喜欢铜锣烧（味道多，机器猫也喜欢吃）  还有三明治  冰粥\n喜欢\n \n最好可以再便宜一点\n哈哈
18688,我家边上就有个建设银行 贴着居民楼盖的 俩楼连在一块 我家住二层 我住的那间屋子正好墙那边就是银行 \n我打小就跟人家说 我是睡在银行的金库边上的 哈哈\n因为离得近 所以存钱的卡理所当然用的是建行的卡 \nATM机比较多 我也不记得跨行取各个银行收多少钱 总之在自己家银行取最划算么不是\n迄今还很幸运的没有遇到过ATM故障 \n饭补的卡好像也是建行的 图案是小星星的蛮可爱
18690,这家店在富力城大厦地下一层，从双井地铁上来，走路5分钟就到。\n经常有点餐送3.5小时欢唱活动，麦乐迪的餐很好吃，而且有免费饮料，无限续杯。小包间的话好像点餐够299就能唱3.5小时，有会员卡才239.\n房间很多，不过像迷宫一样，去完卫生间后找不到自己的房间。
18693,有次路过，朋友不能吃辣，就在这点了一碗水饺，我点了一碗粉和一碗汤圆，结果没有吃完。。味道一般，饭没有吃过，不过附近学校的学生来吃的估计很多。。
18694,路过这家就去吃了，感觉味道还是很好，就是价格贵了不少。和BF每次都喜欢点西冷牛排套餐，再来上两份小吃，就够了\n这家最好吃的就是“炖肉”、“排骨”、“牛腩”\n蒸蛋里料也很多，肉糜、干贝、蟹肉棒，一般我会浇一点主菜里的汤汁，然后搅一下，很好吃哦～
18706,"吃肥牛火锅我可是福义家的忠实顾客.来这里吃不是因为单位吃饭,就是因为几年前福义有一次装修停业.\n店很大,包房,散台,可以容纳很多人.地理位置也很好,其实味道也不错,就是价格偏高.感觉从各方面综合性价比,还是喜欢福义."
18719,很喜欢这里的斑鱼，味道很不错，做的很好，看起来就很有食欲，这家餐厅环境也不错，最主要的是价格相对来说不是很贵，比较能接受。总体不错。
18722,以前的斐生酒家真的很好吃，价廉物美，经常去吃！这家老板发了短消息告诉我们老店新开，今天就去捧场了。结果实在是太失望了！蔬菜色拉35元，里面的生菜叶子是烂掉的！黑椒牛肉粒68元，牛肉里面完全没有味道！点了个特价菜韩国粉丝18元，简直难吃的最后还是一盘子在那里摆着！海鲜伊面39元，第一次端上来面是浆掉的，没有熟透，味道很咸！拿下去叫他们重做，第二次端上来的也差不多，仍旧有点浆的感觉！总之一顿饭没吃到一个满意的菜，真是很失望！以后不会去了！
18751,人气很旺，大厅稍显拥挤了。口味上没什么特别印象，熏鱼很入味很好吃，还有就是鲥鱼了，很鲜美。总体感觉菜量不多，蛮精致的。
18800,非常喜欢的一家店，以前总是特意跑来吃，一到门口看见人多的排成长队更走不动道了，现在在附近上班更是方便。价格也便宜
18822,性价比真心低，绝对不会吃第二次，宁可DQ。\n点的是芝士蛋糕的底，然后让服务员帮忙配料，给了草莓、布朗尼，还有一个不知道啥。\n浓郁方面承认是比DQ好，但一杯CD可以买两杯DQ。。。这个。。。
18823,点了牛肠牛舌牛肚和啤酒一瓶，花了234元，还是小贵的啊！味道还是可以的，但是点评说的太好了，导致我期望过高，所以略有失望。三洋东西都是服务员帮忙烤的，送了10谍小菜，生菜沙拉就有2种，还蛮好吃的，其他东西都一般般
18849,生意很好，5点半的时候已经是高朋满座了\n菜量很大，价格却不贵\n可是最后一个点心没上，等我们买单的时候才想起来，说要退，服务员说已经在炸了，好吧，最后只能打包回家
18893,刚开业的时候，吃100送50的时候去过，两个人100多点，环境不错，筷子碗很喜欢，那个大碗和大勺很带人亲，价位不算便宜。口味还行，不过香锅我更喜欢香巴拉。
18921,客户专门带我们来吃的烩面，做面做的很有排场，我觉得汤不错，面也是很劲道\n印象比较深的菜是柳絮，很惊讶这个也能吃，味道还不错，不过悲剧的是当晚就拉肚子了
18928,【2010-09-10】【午餐】【N个人】【总消费未知】\n在电规院开会，安排到这里吃了一顿工作餐。酒店位于三楼，算是央企中国电力工程顾问集团公司的内部餐厅，其二楼就是职工食堂。饭菜以鲁菜为主，作为山东人，看到端上来的煎饼小葱咸菜，总有种感动。工作餐竟然上了海参捞饭，海参太小，不好意思描述了。最喜欢的是两吃大虾，这是鲁菜中的名菜，在座的纷纷把虾尾吃光了，而我几乎一个人将油炸虾头吃干净，炸得很好，没有一点咬不动的杂质。\nps.写这个点评完全是为了备案，大家也不可能按图索骥去这个内部餐厅找我说的两吃大虾。
18931,新修的，以前这边没那么好的去处，里面基本是免费开放的，有一个地方是卖门票的，里面有大明宫的微缩景观等等。下午晚饭后，人就来的特别多，乘凉的，唱秦腔的，放风筝的，运动的......感觉有这么一个地方供大家休闲娱乐真不错，我想大爷大妈是最高兴的。里面的啤酒广场有时候还会有活动，上次看了个什么NBA拉拉队选拔的。还有个夜市卖烧烤的。
18961,也不知道从什么时候开始，甜丫丫西点突然变得很有名了，可能是我OUT了。每次从他家店门口经过总能看到长长的队伍，一直很好奇会是怎样的美味这么吸引着大家。正好昨晚老姐送了一包，包装袋的标签上写着阿扁份，感觉蛮搞笑的，不知道是什么东西，只是让我想起了陈×扁。打开袋子里面却是品种繁多，带着余温逐一尝遍，对泡芙留下深刻印象，小小个的，充满奶油，蛮好吃的，但不知道如果吃多了会不会腻。蝴蝶酥甜中带咸，刚出炉的话还是蛮脆的。还有一些叫不出名字的东东，感觉和一般甜点区别不大。还有那阿扁，听说就是指红豆饼，饼里面包裹着颗颗红豆，很甜！看到蛮多人推荐雪山的，可惜我这没有，下次去买块尝尝。
18962,不喜欢这家的料理，点了份寿司，口感非常不好。东西也不是很新鲜，饭没有味道，芥末也很淡。不过餐具大麦茶调料都是自助的，感觉到方便点。
18965,同事请客吃饭，第一次去了小田园。包厢很大很正气，一个大圆桌可以坐下17个人利害哦。可惜转盘太重转起来非常吃力。。。。菜的味道比较传统，没有特别印象深刻的菜，估计是只顾着聊天了呵呵。不过量很足，非常满足的感觉。包厢里自带厕所蛮好的，我一进去就使用了。门口有免费的停车场，挺大的。
18972,每次有外地朋友来济南都喜欢带他们去这家店。算是比较正宗的济南菜，暗色调店面的设计，里面墙上挂着很多老济南的照片，很有感觉。。。菜也做的很好吃，最喜欢的是黄瓜拌油条，很清口的感觉。还有荷香苏鱼也很好吃，说是大明湖的鲤鱼，酥鱼也很入味没有一丝杂味，用荷叶包着飘过阵阵的清香。。。\n  就是每次去都人很多，店面也不大，不敞亮，菜量到时很足
18975,拍完婚纱照已然很晚，吃饭的地儿基本都关门了，在大街上寻觅，意外看到9寸金枪鱼披萨25元，立刻买一个，等待中，老公一个劲说：能不能买桶可乐喝？立马被我否决，又吃披萨又喝可乐，真想变个大胖子呀！话说回来，披萨真的很不错哦，胜过好伦哥，跟必胜客不相上下。
18989,平安夜晚餐，避免排队，四点就去吃了，吼吼，果然有位子，雪浓汤老给力了，就是葱花太多，本人不吃葱，烤肉酱太咸了呢，吃太多搜了，吼吼，米汁一点不甜额…………
19002,以前经常去，这个店之前好像叫新世纪钱柜，不晓得是不是山寨钱柜，效果凑合，自助没啥吃的。换名字了就没去过了。就不评价呢
19007,一个星期要坐一次的车！！！就是末班车早了点。\n还有一次末班车让我等了20分钟，最后开过来那个SB司机居然不停！！！\n害我白等。气愤```
19014,第一次去老码头那里，特地挑了个看上去环境还不错的地方坐坐，喜欢二楼阳台的座位，能看到外面的景色，吃的味道一般，价格挺贵的。
19020,都说这家凉皮好吃，\n吃了以后发现无锡的凉皮都偏甜，\n里面排队排了好久，\n都没有位子坐下来了，\n感觉吃起来一般，\n凉皮偏甜了就容易发腻了，\n还是酸酸辣辣的比较适合我，\n这家一般吧。
19045,由于在老公单位附近他们经常去，说环境特别好，所以就带着我这个大肚婆去了。个人觉得挺好的，环境好，很小资，特别适合喜欢安静的亲们。贝类拼盘是我一直喜欢的东西，点了一个198元的贝类拼盘几乎都被我吃了，苹果汁58元，还有虾滑肉丸等等我记不住了，反正我都比较喜欢，吃的撑撑的，很符合我的口味，我觉得比鹏天阁豆捞好吃。
19068,日日早餐都买包吃，肠仔包、蓝莓包都好好吃！\n呢排长乐装修左，比以前大左靓左干净左！\n而且门口隔离仲有个玻璃房可以比人睇师傅整蛋糕！
19085,香酥鱿鱼：口味不错，咸淡适宜，香酥可口。就是油重了点，整张垫纸都被浸透了，还有很多油在盘子里。。\n三杯鸡：大家都推荐，所以点了份尝尝，个人觉得咸了些，里面的配料大蒜头，生姜太多。。\n西京烧雪鱼：挺喜欢这道菜的，很大一块，纹理很好看，口味也不错。可以试试\n环境还不错，基本就是白色和紫色的装修风格。看着简洁大方。只是在客人还吃完还没走的情况下，就迫不急待的推着收餐盘的车来收盘子了，弄得好像大学食堂，总有个大妈推着小车在桌子间穿梭，寻觅着空着的餐盘。希望能够改进，毕竟餐厅不大，不至于忙到没时间收盘子，等客人走后再收能怎么样呢。
19124,便宜的很，加锅底人均30 ，吃哦东西不算多，但是基本的也都有，凉菜，火锅，烧烤，甜点，汤，火锅里面的不知道是飞扬还是肥牛，鱿鱼啊，什么的基本都还算齐全，但是太挑的人不要去，因为会觉得没什么吃的
19168,大嘴巴爆米花\n简单好吃\n看电影的时候最适合来一包吃吃了\n嘿嘿\n香香的味道\n儿时的记忆\n不过高热量的食物还是偶尔吃吃吧
19189,"锅贴,我的最爱阿,肉多紧实汤汁多,特别是刚出锅的,那个赞阿...皮薄底脆.冷掉的么脆还是脆的,但是里面的汤汁就感觉么了\n小馄饨,汤料绝对给力,蛋皮很足,就是小馄饨的皮感觉很厚,还是汤好吃.\n大馄饨也是最爱,冬天的时候来碗大馄饨绝对热气外冒了.\n小馄饨和大馄饨可以生的外卖的,天热的时候经常让老公买回来自己下...呵呵\n对面有个少年宫,所以双休日的生意特别好,特别是中午..."
19190,98米一人的价格，真不值得。还不如去吃里约人。肉肉基本都不好吃，除了培根卷，不过好像这个怎么也不会难吃到哪里。火焰冰激凌做起来挺摆的，很好看！不过口味一般，垫底的苹果也不好吃，铁板香蕉还不错，不过香蕉本身就不错啊。。。油烟味也挺大。总之很失望。
19198,口味还可以的，虽然没有正宗的那种拌饭好吃，但是味道也还是不逊色的，价格实惠得很！一个拌饭可以把人撑饱，而且里面的泡菜好吃！那样吃饭的氛围不错，咯吱咯吱的油吱声，哈哈.....有时间的话大家可以去尝尝！
19211,喝完酒来吃烧烤，普遍偏咸，但是年糕上撒了糖很有爱，\n到每家必点的都是鸡皮，还差一点火候，不够脆。\n半夜这里的人气还真旺啊，
19229,沈阳第一家兴隆商场，很大（兴隆大天地没法比了……）\n里面玩的很多 以前很多明星去那里 （现在也不怎么去了，所以不太清楚）
19231,就是想随便吃点东西填点肚子～所以就点了自己最爱吃的皮蛋瘦肉粥，真的还是不错的～没有很咸，也没有感觉味精放很多，觉得很清淡的。\n凤爪也是自己爱吃的～\n还点了份香滑椰汁糕，4个，每个都做的很精细，味道不错～
19241,过年的某天晚上来吃饭，9点多其他店都不接待了，只有这家店好心的收留了我们~虽然不太想吃川菜，点了干锅牛蛙，蛮咸的，味道还可以，里面有藕片和莴笋，油麦菜在淘江湖么拌好上来的，西施玉米这次吃么上次吃好吃感觉~还点了酱油炒饭。。还有鸭子挺好吃的~还点了什么忘记了~
19246,说实话，环境不错，菜式一般，服务有很大的提高空间！一点没有受过训练的感觉！里面的停车位很少，去晚了就没有车位！晚上去的话指示标志不够明显！不过觉得下午茶还行。
19248,念叨很久哩....总算在上周日一偿所愿类.....买了芋圆四号，热地，和芋贵人一样，底汤是红豆汤，感觉比芋贵人甜.....不过他家的芋圆和地瓜圆烧得比芋贵人香糯.....还有就是好大两块芋艿啊......这吃下去表撑死地啊......无奈.....挖了两口就不吃了.....女孩子一份足以啊......下次去尝尝嫩仙草.....
19267,中午人气很高的一家店，不像一般的国营店，服务还不错，感觉也很卫生\n点了他们家的汤包，生煎和小馄饨，味道都不错，适合解决午饭
19269,到万达地下经常去逛优衣库，东西还算实惠\n不过这家店店面有点小，每次去都很挤，衣服翻得有点乱有时候都来不及叠\n试衣服的人更加多的来，双休日基本都要排队的
19279,地方很宽敞，层高很高，但是厅里没有水晶灯，有点小失望。\n服务挺周到的，经常来换盘子倒饮料。\n菜么就那样，没什么特别的，普通而已。
19302,还是刚开业打5折的时候去过2次，总体感觉那时很便宜，并且味道很不错，我很喜欢，只是人太多了，每次都要等上半个小时至1个小时。\n不过这里好像没有鸡肉……
19305,今天陪奶奶来华山医院动门诊手术。感觉医院设施很好，科室分得也比较清楚。令我感动的是，在我奶奶开完刀坐着休息时，医生一直跑过来安抚她的情绪，让她好好休息，语重心长，很温柔地对待老人，让我心里很高心很触动，所以要给这里好评
19325,老样子鸳鸯锅。最爱的肥羊和金针菇必点。所有的菜点都蛮新鲜的。口感也都不错。主要是天冷了。朋友聚到一起吃火锅的感觉太好了。不过不能避免的就是一身火锅味。不过吃的还是很开心愉快的。
19345,同事带回来的老婆饼，好正啊！问了一下，才知道是这间店。\n老婆饼个头好大，一个就足够下午茶了，饼馅很特别很松软，不像普通的老婆饼那样硬硬的，甜度适中，超级好味啊～～～\n在网上查了一下各分店地址：\n1、海珠区同福路365号铺    2、海珠区同福中路408号（自编1号铺）\n3、海珠区昌岗东路264号（自编22号铺） 4、海珠区海联路海印南苑64号铺\n5、海珠区宝岗路135号铺      6、海珠区前进路7号A铺\n7、海珠区前进路55号铺      8、海珠区金沙路10号（自编8号铺）\n9、越秀区淘金路D104号铺     10、越秀区大德路116号铺\n11、越秀区东川路90号首层前座   12、越秀区中山二路40号\n13、越秀区文德路10号铺      14、荔湾区泮塘路富力广场D9栋首层\n15、荔湾区东沙街环翠北路正家超市专柜 16、白云区广源新村好又多超市专柜
19346,对周边学校的同学来说方便了不少\n大成逛累了可以在里面歇歇\n金鹰里看电影之前可以在KFC买点东西带去~\n但是这种快餐还是不要多吃，卫生营养最重要嘛~
19353,好几次都坐他家阳台上吃的。不是大热天的话感觉还是不错的。哈哈，味道很不错哦。吃下来价格也不便宜的，现在都贵了，和红玫瑰价钱差不多。
19361,大连的人气烤肉之一..\n晚饭时间 ..满屋子的人..\n六点半左右到..在一楼好不容易找到个两人的餐位..\n翻开菜谱..十几种的酱料真的很强大..\n选了沈阳西塔口味的酱..小推荐下哈..\n考虑到秘汁牛肉是甜口的..就没有点 ..\n鲜牛肉很嫩..味道很饱满..\n牛肉粒貌似“粒”有点大 ..\n看起来像牛肉块..哈哈..\n总得来说..肉很新鲜...量也适中 ..\n地瓜片..每次吃烤肉都会点..\n不知道是不是季节的原因..不是很甜..\n拌花菜的黄瓜少了些 ..但是里面加了桔梗..味道也不错..\n石锅拌饭量不是很大..会搭配一小碗汤 一小袋紫菜 和辣酱上来..\n可以根据口味添加..想得很周到..\n辣炒蚬子 ..辣道适中..\n最后..还赠送了冰淇淋..\n总得来说..很不错..
19368,在新街口上课 本来打算自己可以探几家店了 没想到遇到 认识了两个同学。。大家一起就不能那么随便了 随便她们吧。。\n某天 下了新百 有人说要吃番茄妹 这个一看就是坑爹的店 和味千如出一辙 硬着头皮进去了\n进来了就要点个招牌呗 招牌过桥米线 28米\n等了不久就上来了 确实是一小碟一小碟的 但是真没什么硬货 一点包菜木耳 一块银耳 肉真是小的看不见了 几片虾干 还是喜欢大象米线的过桥系列 \n番茄汤的味道倒是不错 店家宣传说不加味精 高汤加番茄熬的 我是不相信 番茄酱味道都有的\n同伴一个番茄贡丸一个贡丸 分别是20和16米\n我反正是再也不会去了。。
19387,竟然。。。还有这个！！！确实是很特色啊 一直听爸爸和亲戚说 第一次吃没什么感觉 但是越吃越有味道 真的很好吃 据说只有这里的做的最好 这次又吃了 很回味。。
19402,从虎丘上下来，又走了7里山塘街，进到饭馆时真的饿坏了。所以主食要的很多，一大碗面，六个生煎包，两个人都吃掉了。清炒虾仁真的很清淡，还是觉得葱油拌面很解馋。\n店里都是八仙桌和长凳，环境很有特点。\n结账时吓了一跳，2个凉菜1个热菜2个主食竟然要200多。
19405,小宝栗子有多家连锁店，关顾过多个店铺，非常喜欢糖炒栗子，非常好剥皮，栗子也非常的香甜，冬天排队也要买的，北京的朋友来也推荐他们品尝！
19406,地方挺好找，就在安慧桥的东南角，一个小区的里面，门脸不大，进去后事十几张桌子，墙上都是仓什么文字，显得特别有档次，哈哈。听朋友说是三个爱好户外的人开的，两个文质彬彬的还一个大胖子，很疑惑他是如何户外的。有名的是两只猫，白猫是捡的，黑猫叫招财，养了四年了。点了招牌的猪蹄，还有牛肉丸，大冷天还吃了榴莲沙冰，要了几个涮菜，自制的糖水。总体感觉饭馆给我留下的印象深于食品，谈不上多好吃，马马嘘嘘吧。老板服务倒是不错，我们去的时候还没开始营业，爬起来就给我们上菜，说话也倍儿客气，当自家人感觉。其实很多时候吃饭就是吃个态度吧。
19425,开业不久去的，当时觉得服务什么的都挺好的。跟价钱也成正比，真的是这样的感觉。\n服务人员都很热心，并且基本做到有求必应吧，环境也很不错啊，符合这个价位，音质也跟得上。\n最后走的时候，衣服落到那了，等去取的时候服务员已经在前台保存好了，呵呵！
19447,爸爸请BF和我去吃哒~\n于是很微妙的三人关系哟，fufufu~~\n风景非常好，而且和爸爸还有BF在一起，所以整个过程心情都很好，点的那红酒也很有爱\n就是不得不说啊，食物的味道还是在同类酒店里面算很一般的\n但是很爱那里的鲜榨果汁，西柚汁的确味道很好哇，很少喝饮料的爸爸也喝啦\n服务一般，很好但是还不够亲切
19455,价格涨了 味道还是那样 说的过去 环境很不错 3元的虾饺很给力 榴莲酥不咋地 根本没啥榴莲味 馅兔别小 西米露很稀 环境不错 服务员很勤快
19472,简单研究了下大众点评的沈阳站，这家貌似极有可能是沈阳最好吃的馅饼？所谓的王一金二？金家的馅饼今天没吃着，铁将军把门，王家的馅饼确实尝到了。\n此前，我是怀着一种有类朝圣的心情来到回回营的，这样的心情大抵来自于从小对牛羊肉制品的热爱。不过王家的馅饼确实让我比较失望，饼小，肉少，皮糊——皮据说比金家的薄，但据我观察实在谈不上一个薄字。当然，按现在的肉价，1.25元/张的价格肉肯定不会有多少，但是馅有特色也好，不过我真没吃出有啥特色，相反羊杂倒是不错。\n小弟最后说句题外话，如果有哪位对馅饼有独特偏好的同学有机会去吉林市，请去尝尝江湾路老马家馅饼，现在已经是第三代传人，开了应该有三十年左右了。第一代祖师的馅饼我没机会吃，据我爸说水准高出第二代甚多，最大的差距在皮上，皮薄如纸；第二代的馅饼我是吃着长大的，堪称我目前吃过的馅饼中的魁首；第三代的小胖子是我小学校友，小时候吃馅饼，长大了烙馅饼，不过手艺比他爸还要差不少，大概只有七八成水准。不过已经足够轰杀其他的馅饼了。
19486,人很多，菜品也很别致，分量不多，推荐他家的宫保鸡丁，肉质很嫩，味道也很十足，适合年轻人和家庭聚会，最好不要开车，停车费贵而且不好停车。
19491,1004\n特别的名字\n是上海最大规模的韩国超市\n冰柜里的韩国泡菜一大袋一大袋，六七种品牌\n各种韩国饮料，挑花眼！我是饮料控，在这里居然找到一直想喝的芦荟汁。立马拿下一大瓶家庭装\n香蕉牛奶也是韩国名物，7块钱很小一盒，回来喝了觉得不过那样，果汁类的还是要鲜榨才是王道\n还买了乐天奶味苏打，原来不是牛奶气泡噢，是带气的乳酸饮，帮助消化耶~以后也买大升装，好喝又健康\n雪柜里面有N多韩国进口雪糕，五元的哈密瓜奶油棒和10元的大支可爱多都好次哒。吃完才想起没有拍照 T T\n方便面，调味料，饼干，零食。。。在这里采购和到了韩国当地一样，品种太丰富，很难取舍\n门口还有米肠，炒年糕，真空酱猪蹄贩卖。。可以的，绝对\n等哈韩族推荐我好吃的韩国零食，下次去继续采购一些回来过过嘴瘾
19524,"港式的甜品店,主打mango.\n翻开menu全部是关于芒果的.\n3人要了4样东西.优惠券的.\n总共94$.有点小贵\n小丸子很好吃,杨枝甘露就不推荐了,百搭果的也比它好吃\n其他就味道一般\n有WIFI挺不错,跟朋友玩IPAD玩了几小时 可惜没WC"
19537,在附近上课~第一次经过这里的时候已经关门了~很不死心的又来了一次~店铺很小 但是看起来很精致 门口成列了许多蛋糕~品种还算丰富 价格也比较亲民~两侧是面包和饼干的区域 东西真的不多 也都是比较大众的品种~\n【墨西哥面包】7 RMB 看起来相貌平平~就是一个大圆的面包 还是在店员推荐下买的 其实是买的这几款中最好吃的一款了 当中有奶酥的馅料 不甜 味道刚好~\n【巧克力羊角包】9 RMB 以前很天真的以为羊角包牛角包就应该做成那个样子的 现在才发现好像例外的很多~哲理的巧克力羊角2枚入~很小的2个馅料也不多 几乎吃不出什么巧克力的味道~小失望~\n【蓝莓muffin】7 RMB 这个很一般么~个头看上去不小 上面撒了些色彩缤纷的巧克力碎粒~不过吃下去竟然没什么饱腹感 MUFFIN做的很松 当中有蓝莓味的乳酪~不过没有乳酪的部分口感就差强人意了~\n等待更新~
19544,进去时一股很浓的咖喱味，是典型的快餐店，菜单只有一张而已，基本都是套餐。\n要的咖喱牛肉火锅和两个饭类的，小火锅还不错，咖喱味浓郁，里面有牛肉块，红萝卜、豆腐、土豆，牛肉做的很嫩，味道不错。饭量不大的，一人一碗米饭，一个小火锅足够了。菜都是酸甜的，酸的我不太习惯。娘惹豆腐感觉就是虾酱豆腐的味道，菠萝鸡块基本上和中餐的是一样的哦。\n推荐大家吃火锅，下次尝尝喇沙是个什么味道的。
19550,很差！不是一般的差！我发誓这一辈子都不会再去了！服务态度很糟糕！吃他家东西就像要饭一样！那些肉硬的像石头一样！！花钱买罪受~~
19562,环境真的很不错，感觉很有情调，每个桌子离得也比较远，感觉不是很嘈杂很适合情侣搞搞气氛\n服务员也很不错，吃完了我问冰激淋是什么的，是哈根达斯的还是雀巢的，有个男服务员听不明白，我说，哦那算了，其实我也就是随便问问，结果过了几分钟，他又回来了，貌似不知道跟谁打听了，说，冰激淋是雀巢的，呵呵，我很震惊~服务不错，还会有小姐把你的衣服上盖上东西，防止别人偷\n那就说说菜品吧，这次听我细细说说吧\n晚餐88元的价格，午餐66元的价格，环境高于多国籍，和阳光西餐厅，但是菜品种类就比不上多国籍了，更别提阳光了\n没什么可以吃的东西，热菜就大约7.8样吧，种类太少，口味也不太好吃，没有什么印象了。。。蔬菜沙拉，要自己做，菜的种类也太少，汤倒是有6种，但是我只喝了玉米粥和奶油蘑菇汤和朋友拿的什么红枣汤\n有个香芋酥真不错，很酥很酥的，很好吃，薯条都不脆了\n还有麻辣烫，超级难吃\n铁板烧，可以自己拿东西给服务员考，肉类烤烤好吃，可是鱼烤了我觉得太难吃了，什么味道也没有，倒是原汁原味\n还有巴西烤肉，没吃\n说说甜点吧，都做的比较粗糙，没什么特别的，甜的点心，很一般\n喝的有奶茶，咖啡，红茶，各种果汁，芒果味的果汁好喝\n最气人的是生鱼片了\n我去了直奔生鱼片那里，看到好大两块三文鱼，到处找切好的生鱼片，结果发现只有在两个小小的盘子里面放了几个寿司（一个是寿司卷，另一个是米饭上放了硬币大小的一片生鱼片）算了，那我拿一个生鱼片寿司吧，结果放进嘴里，差点没把我辣死，是有陷阱的，厨师大概怕别人多吃生鱼片，把寿司里面不知道放了多少辣根。。。眼泪止不住的流啊流。。\n废话很多，总结下，环境很好，绝对对得起价格，只是吃的东西比较少，口味也一般，不过66元的价格也值了。。。最好吃的是冰激淋，太好吃了。。。
19563,因为海底捞排队人太多了，所以上来吃小南国了，红烧肉很好吃，海参也不错，特别推荐羊排，牛肉粒也很赞。，
19584,和同学去动物园，来这里随便吃了点，总体感觉还行吧，\n不想去吃大M或者KFC。\n远处看以为是嘉和一品呢，点的粥和猪肉芹菜馅饼。
19591,原先只吃过媳妇儿带过去的~现在。20110318.自己跑过去吃的。不过不是这家。~是前洲的那家。应该不是一家吧。。呃。~话说真的很好吃。。。在这个小笼馒头也诚意不足的年代。皮薄肉馅也大，汤汁足真的很不容易。甜度也可以接受。。~其他的菜品没吃过。。呃~不过就这一个。就可以当无锡小笼的代表了。~
19603,"以前觉得这一家店的味道还可以,后面就带同事经常去.\n后来搬了地方之后, 服务态度也变差了, 菜的味道也差了很多!!\n连吃三次水煮肉片都咸死我了~~~ \n哎.."
19605,都快变成我们中餐的食堂了。台湾人开的日式风味餐厅，中午人比较多，肉丝蛋炒饭，牛肉饭，炒乌冬等都不错。商务餐配有沙拉，味噌汤，水果。特别喜欢他家的辣椒酱，每次都会要一小碟伴着吃。
19614,这家酒楼无论是中午还是晚上，都需要排队等位，人流非常的旺，但是排队等位的时间不需要很久，一般15分钟之内就有位了（如果你等位超过15分钟，那么全单可以打折），这里的座位很多，有露天和室内的，如果晚上选择在露天吃饭，很有大排档的感觉。这家酒楼上菜速度很快，服务态度还算可以。别的酒楼饭后都是送甜品，这家顺德佬果然与众不同，送糖水，分别有凉粉、西米露、绿豆沙、红豆沙，这四种汤水选择。\n金牌烧鹅（38元）\n大爱这家酒楼的烧鹅，色泽非常的好看，红色中带点金黄色，非常有食欲，重要的是口感也很不错，外皮烧得很脆，鹅肉很香，沾点酸梅酱就能去除油腻的感觉\n九杞头炖龙骨（48元）\n我经常喝九杞叶汤，但是九杞头煲汤我却是第一次喝，这汤水很清，跟九杞叶汤的味道是一样的，我喜欢这汤。\n豉汁蒸缩骨鱼（68元）\n豉汁蒸缩骨鱼微辣，这鱼肉的骨都是大条的，没有小鱼骨，所以吃起来很方便，只要把大鱼骨挑去就可以了。豉汁味很香，使鱼肉更加的鲜甜。这缩骨鱼鱼肉的肉质很嫩，招牌菜之一。\n特价猪手（9元）\n果然是便宜没好货，这猪手难吃死了，虽然卖相很好看，但是口感却成反比例，皮很硬，有股怪怪的味道。（不知道是不是只有我这个才是这样的，反正我不喜欢吃）\n特色茶香虾（38元）\n茶叶炸得很脆，但是这茶叶是不能吃的，虾处理得很干净，连虾肠也挑掉了。这虾肉里里外外都散发出茶叶的香味，很好吃\n生炒三寸菜心（22元）\n这菜心有没有三寸我不清楚，但是每条菜心几乎是一样的长度，师傅还满细心的，这菜心很脆，是招牌菜之一。\n客家酿豆腐（19元）\n很好吃，可以很清楚的吃出这豆腐的黄豆味，豆腐煎得四周都是金黄色，中间包这一点肉。豆腐很滑，用香葱焖，使这豆腐更加的香。\n大良伦教糕（半打 8元）\n其实就是白糖糕，淡淡的米香味，微微的甜味，一点也不酸，口感松软，好吃\n别的酒楼饭后都是送甜品，这家顺德佬果然与众不同，送糖水，分别有凉粉、西米露、绿豆沙、红豆沙，这四种汤水选择。
19630,"白沙泉在杭州多少有些传奇色彩，是雅士和隐士的聚会场所，栖香阁临街，路口便是，偌大的门牌甚是显眼，又名鲜辣工坊，既然是鲜辣，那么就隐约透露出其菜肴贴近杭州人的口味。店内的装修略显小资，干净明亮，显得时尚，空间私密性强，3层，有包厢。极具雅致。菜肴是古法川菜，口感偏于鲜辣，字面上可见真章。难能可贵的是使用了云南的菌类作为辅料做菜，厨师在提升菜肴的口味的基础上，更倡导的是健康饮食的理念。\n----------------------------------------------------------------\n琥珀桃仁\n色似琥珀，香酥脆甜，益气补脑，此道琥珀桃仁无论是用油翻炒掌握的火候，还是用糖、水的比例都恰当好处。\n----------------------------------------------------------------\n蘑菇烩鸡肾\n用鸡肾做菜实属罕见，从此可窥见川菜之博大精深，啥都敢用。与其说是蘑菇烩鸡肾，还不如说野菌烩鸡肾，确为一道不折不扣的可口川菜,口味适咸,营养价值极高,其中含概了充分的维生素与铁、磷、等矿物质，枞菌与牛肝菌属山中珍品，不仅味极鲜美，且滋补作用亦很显著；鸡肾温中益气、补精添髓、滋补肾阴。\n----------------------------------------------------------------\n私房老腊肉\n就像店主所说，重点不在腊肉上，还是在藕上，此道菜的喻意是醉翁之意不在酒啊，藕蒸的很酥糯，外表却看似结实，把腊肉的香、咸融入到藕中，顿感异常美味，就像武林神话中，人剑合一之威力。\n----------------------------------------------------------------\n花菇土鸡煲\n从这些菜肴的取名，看的出店主的低调，称之为花菇土鸡煲就已经很低调了，放的却不是花菇，其实是鲜松茸，在日本有“蘑菇之王”的称誉，是产自云南的名贵菌种；松茸营养丰富，含有蛋白质、氨基酸、多种维生素、碳水化合物和矿物质等营养成份。此外，松茸富含蘑菇多糖且有防癌抗癌抗辐射的作用。土鸡煲中还放了其他的菌种，那么有些朋友会顾虑，因为菌种本身带有毒性，别怕~栖香阁的主厨还是著名的营养学家，仔细看这煲还放了蒜，用来调剂，判断是否有毒性，所以大可放心食用；汤鲜润可口，此无疑是一道上乘的滋补品；\n----------------------------------------------------------------\n品尝了以上菜肴后，印象颇为深刻，酒香不怕巷子深，店主甚是低调，开业以来未曾做过任何广告~想在杭州品尝正宗的川菜，去栖香阁不失是一个极好的选择！！"
19659,菜感觉好难吃，服务也不好，以后再也不去和记了。。\n晚上吃饭人好多，大多感觉都是中年人士~~\n2个餐前小菜还要钱，茶水都没有，一天世界~
19667,要的山寨鱼头王，太咸了，味道还行。加的面条是很宽的那种自己做的。不过不多，菜价有点小贵。总体还可以吧。
19679,虽然大鸭梨离我家很近，但印象中一直觉得那里不怎么样，所以以前从没去过。昨天晚上过去一瞧，生意真不错，到了晚上7点半还有等位的。\n大鸭梨主要还是以家常菜为主，中等价位。我们三个人点了半套烤鸭，一份麻辣牛蛙，一份西芹百合，一份桂花莲藕，再加一扎雪梨银耳羹，一共161.\n烤鸭觉得比较一般，片的也没有其他地方的烤鸭好看，好在不太油腻。\n牛蛙分量大，味道足，性价比较高。\n雪梨银耳甜味正好，喝着很顺口。其他的就比较一般了，服务员也比较忙，态度说不上好吧。
19688,就是振顶鸡，所以口味可想而知的普通！但是他家的服务真是差的可以，收银的那个老太婆永远都是一副死了全家的脸，对所有客人都是凶巴巴的！在附近上班，吃的东西没啥选择，所以不得以，经常会去那里解决午饭，一般都是至少买半个鸡的，有一次想吃的清淡点，就买了个鸡汤面，想问他们要点酱油，就是死活不给，我说我吃口重，如果不能白给，我就出钱买，但他们就是不卖！说汤面就是不给酱油，也不卖！气死我了！当时真想一碗面直接倒在她身上！
19701,每次都点奥利奥暴风雪 这回新出杨枝甘露 果断点之\n芒果的要比木瓜好喝很多 其实就是芒果冰沙 \n还是喜欢茶餐厅里的杨枝甘露 可以吃到柚子果肉~
19725,在这里办了2年卡了，当初办的时候是周年庆，办卡比较便宜点，家住附近的，想减肥所以就去健身了，里面还可以吧，就是没哟游泳的，没有办瑜伽的卡，教练说，减肥的话，瑜伽比较慢的，后来请了私教，200只有一节课，1小时，蛮贵的，不过健身房的潜规则，流动性蛮快的，已经半年左右没有去了，有肥了出来，月初时候又去了，准备继续坚持，哈哈，把留下的课程上完，就要天热啦，好好加油了~
19737,"刚去他家的时候觉得人不是很多,后来才发现是居然是来早了.她家的鱼头是那种2斤的小份,不过两个人吃的话,再点一份蔬菜刚刚好.点了那种有2种辣椒的鱼头,感觉还是红色的那边味道好一点,绿色辣椒的那一半是在太辣了~~~"
19746,喜欢他家的鸡爪，比较辣，不过最近一段时间发挥不是太稳定，有时不太辣。有一个笋丝，第一次买量还比较大，但是后来再买味道轻了，量也小了，猪耳朵现在的量也没以前大了。
19758,起得比较晚，早上忽然接到LG电话说家里有事，急急忙忙赶去新房，路上经过丰裕餐饮，记得上初中那阵学校附近有一家，味道蛮嗲的，尤其是生煎还蛮出名的，后来上了高中大学后就没吃过了，因为附近都没有，上班后吃小吃的机会就更少了，难得今天路上看到于是特地跑进去吃了。\n相对中饭时间还早，入店我看了下时间，早晨10点48分，还没有顾客，里面坐的都是店员，有些在休息，有些在吃中饭，这个也正常的，待会儿中午他们就要很忙了，现在乘没客人时休息下野能理解。\n因为第一次去这家丰裕，我对点餐地点不熟，在门口张望了好几下没看到一般小吃店抬头就看到的菜单，明明看到有几个闲来无事的店员在门口，看到我再找东西，也没人搭理我，无奈，我再进去找找，原来要拐个弯的。\n点了一个烧卖，1元/个；一两鲜肉小笼，5元6个；一份油豆腐粉丝汤，3.5元/碗，价格还算公道。刚点完，店员还算麻利，给我上了烧卖和油豆腐粉丝汤。拿到烧卖的时候我的手就有点抖了，这个。。。敢情也叫烧卖啊？怎么看着和包子更像呢？名字还叫三丁烧卖，吃到嘴里，除了米粒丁（这个不是三丁之一吧？），啥丁都没吃到，这玩艺说白了就是一酱油米粒包面团，外面的皮厚得来，不光看着厚，吃口也哈厚，苦兔还没吃过比这皮更厚的烧卖，他家可以的，瞬时对丰裕崩溃了。继续尝他家油豆腐粉丝汤，吃口也真是一般中的一般，好吧，还没有特难吃，事实证明，这个油豆腐粉丝汤还是3个中最好最正常的一道小吃，因为，它不论吃口还是样子都是最正常的。等我基本把烧卖和粉丝汤快吃完的时候，小笼才姗姗来迟地上来了。才吃了一口，哦哟，这皮，和那烧卖肯定是一个厨子做的，就一个字——厚！！！别人家的小笼都是汤多、肉鲜、皮薄，他家小笼汤少、肉马马虎虎、皮超厚，哈难吃呀。\n最后有点后悔是不是他家还是生煎好吃呀？怎么其他没一个灵的。算了，经历过这次以后估计也不会光顾丰裕了，太失望了。
19765,很小的包子店，不仔细看根本找不到，点评上说他家生意很好，特地去买，觉得口味偏甜，一般的包子都没有那么甜。1元1个，性价比还可以
19776,分量满多的，我觉得女生的话两人吃一碗都可以咯。会附送萝卜跟花生米的。价格不贵，口味还可以吧，填饱肚子没有问题，尝美味的话其实也还过得去。店堂里面有洗手的地方。服务一般无功无过。环境还算整洁的。
19797,哈根达斯，一种在国外属于大众雪糕品牌，而国内穿上了美国的外衣，身价范着跟头的升了上来！\n酒店推荐一家叫“No Sign Board” 当地海鲜餐厅，7点钟打着车过来后，门口的领位说最快的位子要到8：15分才能腾出来，TNND~ 这么火？\n只好订上位子，到附近的大厦里面转转。看过一曲钢琴演奏后，有些口渴得我猛然间看到哈根达斯店，里面只有1桌客人，我就凑个热闹休息一下~ \n叫了香草饼干和梅子口味外加一些榛果碎增加口感并可以解腻~ 哈根达斯的雪糕密度相对高，混合的空气比较少，所以含有较高的牛油脂肪。\n小口品尝的香草的，小腻，再一口梅子，酸。。。。清爽。。。。。过瘾！ \n店内消费有10%的服务费，一共花了68块，听听音乐，消磨时间是个不错的选择。
19801,下班和同事一起去吃的火锅，他家的环境不错，但是客人不是多，属于先埋单后吃饭的自助式餐厅，饮料、各式的荤蔬菜都挺多，吃自助火锅人多还是蛮算的！呵呵~
19803,环境还算可以吧  以前去的时候都是坐在外面 不知道原来里面很大\n后来和朋友再去 才发现地方真不小\n喜欢吃他家的虾球  具体叫什么记不住了  不过酸酸甜甜的 很好吃
19821,步行街上这家店算人少的，非常好，可以暂时休息会。\n休息小憩是不错的，但是选择正式午餐或者晚餐会有点失望的。油炸的太油，红烧的不够味，只有饮料和冰沙\n系列还不错。
19825,一直喜欢棒约翰的PIZZA，昨天带孩子又去吃了一次，一如既往点了，9寸的超级棒约翰+鸡肉BBQ，外加薯角和可乐。可能昨天生意不错的，服务员都忙得连清理桌子的时间都没有。结果我们坐的那个位子的桌子也是很马虎的擦了一下。最郁闷的是我们等了很久告诉我们单忘记下了。于是催了很久，菜终于出来了。薯角比印象里吃的量似乎少了很多，只有6块，而且烤得太熟了，一个个奄奄的躺在盘子里，PIZZA上来更不说了，外面的一圈饼都烤焦了，露在芝士外面的香肠也是干瘪嚼不动的。虽然店里为了补偿打了9折，但是我们更希望的是上一盘有品质保证的好PIZZA。
19830,去年夏天去过，游泳池是标准池，水也还行，旁边有救生员在看护，挺负责人的。好像还有有游泳班在学习训练。浴室的水也不错，经常有人做清洁工作。听说内部职工和学生都有优惠价格买到票。羡慕。
19831,感觉和食，虽然量很精致，但是味道很赞的，而且容易饱，搭配得也挺合理的，特别喜欢这里的三文鱼，北极贝，甜虾都是很喜欢的，鲜嫩肥美！\n天妇罗也不错！
19863,貌似点评风华大剧院的都是老南山的这一代的人哦，不要告诉我是南油小学的喔。。那里真的很有童年的回忆，小时候都是去那里搞活动的，很经典很有爱。。
19871,蛋挞还不错，不过不能多吃，试过吃完第三个就有点想吐的感觉了。\n环境好一般，有些拥挤，可能隔壁是好又多，人多又拥挤吧。
19886,开在技院对面。\n看着他开门，开门的时候正好是圣诞，服务员都带着圣诞帽什么的\n但是兜了一圈，没什吗吸引力\n兜了一圈就出来了
19904,这家算是开到现在生意比较好的，之前那个有家川菜也做不下去，关了\n现在这家做本帮菜的吧，生意真是很好，晚上去的话，还要排队的\n上次上课结束后，没吃成，第二天周日中午去吃，还好，不用等位\n8个人就随便的点了点，具体的菜啥的我都忘了，好像记得有个脆皮黄瓜\n量蛮多的，价格也实惠，\n其他的都不记得了
19906,严重感谢点评网！！！居然被抽中了这么高档的试吃——毅然推后了老爸的生日，去赶这场豪华的盛宴。八成是兴奋过了头，一睁眼都**点啦，又塞车，弯弯怀着忐忑而期待的心情迈进了红门后的深宅大院——\n哇塞赛！铺面而来的古香古韵啊~~\n高大的落地窗，让幽深的厅堂显得大气、雅净~~\n上了2楼，惴惴的直奔偶们点评的大餐桌——本想着大家已经菜过三旬了，没想到桌上只有盛放的玫瑰和精致的餐具——原来这次的主题是“慢生活”，还未上菜呢，起个大晚，赶个早集——深度迟到的弯弯心里这叫一个暗爽啊！！！ \n站在二楼，俯瞰一层的华美\n倚窗而望，深秋的什刹海尽收眼底——那是童年的溜冰场、淘宝的小乐园、现在时尚休闲圣地~~\n因为餐厅主打的是慢生活，所以上菜的速度也切合主题，菜品十分的精美&精致。我们此次的试吃比较特别，是每类菜品五选一，以下呈现的第一种，是弯弯选中的，详细点评的，其它别的好友的点的，就是只看得见吃不着喽，也只有上图片的份啦~~ 嘿嘿\n餐前小吃\n手撕黄牛肉：很小的两片，口感有点像牛肉干，沾着辣椒汁，干香可口，味道还是相当不错滴！是道值得点的餐前小菜。\n精美水果 卖相不错哦~~\n白灼鱿鱼 听旁边的mm说蛮硬滴，看着也是哦\n汤羹类\n竹笙鱼肚汤 汤还是很鲜美的，但是有些微苦的感觉，大家都这么认为滴\n主菜类\n大闸蟹——O(∩_∩)O哈哈哈~这可是弯弯当场的明智之选！！对于肉不香不爱的弯弯而言，鹅肝、鳕鱼之流都是无法挑起偶的兴趣的！！况且大闸蟹又素是偶滴大爱！又怎么错过泥？偶是全场唯一吃螃蟹的人哈！——带头大哥说怕吃相难堪而忍痛割爱了，弯弯不怕！偶素贪吃小妹O(∩_∩)O哈！\n看，工具都如此齐全！家里也买了那个坚果钳，原来只当夹坚果，这下可给偶提了大醒O(∩_∩)O哈！\n来个大特写吧——虽然你只有拳头那么大，呵呵\n大卸八块的模样——看，还有蟹黄儿呦！！！蟹肉真的很肥美、因为个头小了点，所以更要高效地使用工具，亦不能辜负了螃蟹的牺牲，将它肚里、腿里、钳子里的肉都统统转移进弯弯的肚子里，哈哈哈\n香煎法国鹅肝 & 红酒冰梨（蔬菜沙拉）168元/位\n香煎银鳕鱼 & 红酒冰梨（蔬菜沙拉）128元/位\n副菜类：\n金牌乳鸽（半只） &田园争艳 \n真的是只袖珍的小鸽子，不过味道还是蛮不错滴~~烤的焦香肉嫩，搭配鲜蔬一起，还算上成哦~~\n烧汁培根虾 & 荷塘月色 \n西红柿鲍鱼仔 & 西兰花 \n金丝虾球 & 腰缠万贯 \n金瓜养生菌 & 芦笋 \n当大家都把餐后小点吃得差不多时，偶的大闸蟹才姗姗隐去，用偶的秘制小红薯来溜溜缝儿吧~~多么憨态可掬的小红薯啊，是不是放了炼乳，有一点奶油味，有点像蛋糕哦\n再一次参加试吃，万分感谢点评对弯弯的厚爱，让偶来到了这个既熟悉又陌生的地方，拥有了会所的体验与品尝——慢生活——在现代都市中，是多么难得的生活状态——我们总是在地铁的摇摆中草草的翻阅着信报；在短暂的午间休息中匆忙的跑去对面大厦的健身中心；在开心偷菜、QQ上捕捉着故友的动态，——有多少时间，我们没有坐在深秋的午后，悠闲地读书看报了？又有多久，没有约好友爬山郊游、散步谈心？\n也许试吃不仅是一种快乐的免费品尝，有时也是一种生活状态的唤醒与回归，像孙俪的新歌里唱的那样：\n让所有未知的慢慢去慢慢来\n让我和我的爱慢慢等慢慢爱\n让意料之外的慢慢想慢慢猜\n让我能心安理得比别人慢半拍\n让所有结局都留给未来\n——孙俪《慢慢快乐》
19932,4个温度不同的池子，1个湿蒸，1个干蒸，\n自助餐（面条、馄饨、南瓜饼、荷包蛋，果蔬汁不好喝）品种少，还上得特慢。\n感觉很不划算。
19941,曙光医院现在医生素质很差，问几句话就不耐烦，好像病人欠她一样。凭什么这个态度啊。 配的药都不知道派什么用处的，还不肯说，肯定是拿了人家回扣。太不要脸了。
19976,适合朋友小聚，总体环境不错，户外的位置很好，遗憾的是外面路上车来车往，有点遗憾！桂花飘香之季，值得一去！老豆腐、荠菜鱼泥羹还不错！干锅鱼头不够入味！
19978,刚开店的时候去吃过，觉得超级好吃。前几天带着妹妹又去过一次，她一杯至尊当午饭吃只解决了半杯，吃伤了。我点的什么泡菜猪肉（？）饭套餐倒还不错，就是不多的几片肉还都是肥肉，也就只配了一小杯味噌汤。。。抹茶泡芙带到电影院吃的，也没大家说得那么好吃，陷料确实不错。服务么，去的时候没什么人，也谈不上很好或很不好。
20059,就是一家路边的饭店，有两层。有10元的碟头饭，也可以点菜，还有肠粉。可以外卖。就是有时订单多的时候上菜有些慢。
20081,因为离家很近所以经常去，餐厅的环境非常“茶餐厅”，到处都安排的“紧紧的”。服务员很勤快，但是上菜无比的慢，可能也是因为比较红火的缘故，总之没有一次去是在20分钟内把菜上齐的\n说说菜品的情况，种类非常的多，可以选择的余地很大，从港式小点心到西餐，再到一些普及的台湾菜，基本上一应俱全，但是要说口味地道与否就差点意思了\n很喜欢他家的云吞面，云吞里面的虾很大很新鲜，但是挺咸的\n炸的东西我都喜欢吃的说~\n其他方面跟日昌啊，港丽啊什么的没法比，但是作为随便吃吃还是不错的选择\n停车位超级紧张的
20152,蛮早前的一年夏天 天很热不高兴出门 然后朋友就提议吃这个 反正就在家门口 叫的外卖生的自己再跑出去了 味道一般吧
20177,很好吃\n几乎每个都点了一遍\n真的价廉物美\n人蛮多的\n但总会有位子\n里面逛一圈会头晕\n不过还是蛮好玩的\n觉得那个肉丸最好吃
20180,在维络卡上下了优惠券，直奔而来~\n点了金枪鱼的个人套餐和圣诞特别推出的火鸡的，\n东西就一点点，不值这个价位，味道也很一般，还没有三角烧好吃\n吃过了，感受一下，服务态度很好，还送了2个手机链
20188,因为本身就中意食上海菜，而且呢到每款出品都好精致，价钱亦都唔贵，所以系两个星期内去食左六次，中秋节中午及晚上都系呢到解决，味道真系唔错，就系服务有时跟唔上，三个人百几蚊就已经可以食得好好了。最中意呢到噶上海熏鱼同小笼包，每次必点。
20208,11月26日接到点评网甜美声音的电话，特别激动，虽然自己的头发刚剪完，可还是想去体验一下，八百多人里被抽中，实在是难得的幸运。晚上接到了店家的预约电话，很是及时，定好时间，第二天下午2点，查好路线，带着相机先去上班，因为是下午做头发，想着请半天假就可以。中午正在急匆匆吃饭，店里来了电话，很亲切，大概意思是，给我约的是总监，由于感冒不能为我弄头发，想商量一下是换个人做，还是继续等总监。我说等总监好了，那边很清楚地说，我们到时候会给您电话，再约时间。\n接下来就是无尽的等待，一天又一天，一周又一周。因为这种免费的体验活动，店家已经说得很清楚，等电话约时间。仿佛接下来的每一天，我都惦记着这手机里会显示店家的来电号码，开会的时候调成震动模式，晚餐聚会的时候调成户外模式，每一次没带手机的时候也会关注未接来电，但这“再约”电话，就一直没有等到，直到我看到活动帖子都有8个人回复参与体验之后，才想到，会不会是店家忘了。\n12月14日，下班回家，我打了店里的电话，问这活动是否结束，那边核对了身份，叫我尽快过去体验。约了16号，依旧是下午2点。\n这次的心情没有之前那种激动劲儿了，电话那头也没有说那边责任的问题，一个免费体验，我想也就是这样吧。看完前8个人的体验，都对这家店赞赏有佳，正是这几个帖子，坚定我给店家应该打个电话问问，是不是把我忘在角落了。但我还是很期待总监能把我头发收拾得美美的，过个开心的圣诞节~~为我的09年画个完美的句号，嘻嘻，期待~~\n今天下午赶过去的，到早了，也就很早的开始，莽撞的都没有问造型师的名字，只是一直在聊天。\n很好找，到了金宝街，看到金宝汇，上4楼，转弯，然后就到了\n里面的摆设一直在想要不要照，因为有太多人都有记录\n想造型是关键，所以上真人吧\n大家轻拍\n动作很快的说，其实也没有快到无影手，剪完就已经很好看了，又沟通了一下我想要的效果，更是期待\n剪完的样子 桌子上是现磨的咖啡，味道不错，因为担心时间长，我会困掉，喝了2杯，以至于我到现在这个时候还不困，因此要坚持写完帖子\n很用心的在帮我上卷\n上面热烫\n下面冷烫\n戴眼镜主做趟\n右边是几个总监之一（手上的纹身很漂亮，我一下子就记住了）\n剪发的是总监\n都很亲切帅气\n有的会烫，加了隔热的小垫子\n很开心的聊天ing，小零食也没吃\n后面的效果，就是我想要的那样\n侧后面的效果\n完成图，超爱\n来张正面好了，我记得在店里的时候，并没有表现的多喜欢这造型，其实是真的不知道怎么说了，心里特高兴，在那里握手表示感谢也太煞风景，又跳又叫的太符合身份，在这里要真诚的感谢帮我做造型的2位工作人员，沟通很到位，造型很成功，这种长度的头发，就怕做完了老气，可是一点也没有，整个过程很是享受，也是那套石榴的，先是有果香，烫完之后，那甜甜的味道就散开了，头皮一点也不难受，洗发时候手法也很不错，剪的时候还会有小粉刷来刷碎头发。\n出门时候不到5点，也是送了手机链，这是一家完全可以放心把头发交出去的店\n我刚进去沟通的时候还在说，做的好，我就到处宣传，做的不好，我每天带着帽子就是了\n嘻嘻\n很满意\n明早估计头发会没有这么漂亮，所以要记住这一天~~\n其实以后还是会有机会的\n我这档是900的，店家完全没有因为是体验，就降低标准\n祝愿：\n新店生意兴隆\n期待在西边的分店\n哦，忘了说了，这事情怪我，去之前我的头发被打得很薄，很杂\n所以剪短了\n我又想把头发留起来，不能在这基础上减再短\n要么造型会更好一些\n难为造型师了\n更多图片\nhttp://i2.dpfile.com/groups/grouppic/2009-12-16/shine_787604_2720540_l.jpg\nhttp://www.dianping.com/group/shine/topic/2447505
20222,办次卡比较划算。环境还算比较干净的。管理很规范，如果有孩子在游戏区里吃东西都会被制止，如果有气球爆了，工作人员会第一时间来清理碎片。
20238,公司就在国贸，时常来这吃午餐。都是家常菜，大部分时候做的还都不错。以前有次赶上榄菜四季豆像被焖了的，很不爽。好在就那一次。每次必点酸汤鮰鱼。。。。焦溜小丸子做的也特别好吃〉_〈  其他就看各自口味了，无功无过吧~ 招牌菜八斗鸡个人不太喜欢
20244,我想吐司这东西真是不吸引人，我只吃过一次，就再没什么欲望吃第二次了，就是烤面包，然后一点肉松，一点奶油和沙拉，实在是没什么太大意思。
20245,基本上都是中午去的，每天的特价菜挺实惠。但总觉得比正常点的量少。鸭下巴挺好吃。每次去都会点份的酸菜鱼。包间有点小，要是坐满了感觉挺挤得。吃个工作餐什么的还挺不错的。
20254,感觉环境一般 量到是还可以 酸梅汁一扎也能到个五六杯的样子 火锅的话和其他没什么大区别 其他的菜都蛮特别的 话梅南瓜没吃过 两样配着还挺开胃的
20257,很喜欢和这家的粥，觉得非常的好吃，比较黏糊，有韧劲。几乎喝遍了这家所有的粥，都很好喝。\n皮蛋瘦肉粥、 生滚鱼片粥 、滑蛋牛肉粥 、生滚牛肉粥都是我爱喝的，大艇粥也是很不错，轮换着喝。\n其他也附带点一点，吃的饱饱的，很实惠。\n这家店离我以前住的地方不远，总从第一次来这里喝粥就喜欢上了这家的粥。\n服务态度比较好，很热情周到，老板人也非常的好。我去的次数多了都把我给记住了。\n现在不在那里住了，很久都没有喝过这家的粥了，想念啊
20284,之前有食过新地雪糕，印象中唔好食，\n前几日又破例食咗次新地，太甜喇··\n中意甜食嘅我都顶唔顺··\n不过可以试下，食薯条拌d新地雪糕，味道几好。\n仲有果个芋头派都太甜喇··(之前食红豆定系乜派果阵都唔觉）\n系迷宜家D糖好便吖··\n样样野都咁甜··
20295,表舅请大家吃饭，订的包房。到了以后发现大堂地上有点油腻腻的，走起路来要小心点。\n包房的桌子很大，坐14个人也足够，最后一共10个人，坐得很宽敞。表舅妈点菜，期间让我点一个喜欢吃的菜，我么，当然是喜欢咖喱啦，看了一下点了个咖喱鱼片。\n然后开始BALABALA上菜了，味道都不错，尤其我点的咖喱鱼好吃啊，咖喱味很重，酱汁厚厚的，喜欢！还有一个红烧鹅也很好吃，可惜是发的，只吃了一块，不敢多吃。
20301,去大阪旅游，一定要去的店，门口有一个大大的螃蟹。\n不管是店面装饰也好，还是餐具也好，都是一股子蟹味，环境很好，日本和国内餐馆的区别就是大都是家族营业，而且店里很少看到年轻的小姑娘，都是年纪比较大的。\n帝王蟹刺身很棒很棒，咬起来是甜甜的，很好吃，很新鲜，根本不用蘸料，或者也可以问他们要点盐。\n碳烤蟹脚，连蟹壳也能吃哦，很香，一丝丝的很好吃。\n帝王蟹火锅，汤很鲜很鲜，而且他们都会亲自为你服务哦。\n吃完之后是用柠檬洗手的，很有趣吧。。。。
20325,最近总是咳嗽，可是又没有发烧等症状，就是干咳。去年年底得过胸膜炎，那时候的症状就是先从干咳开始的。见自己都咳嗽2个星期了还没好，心里有点担心是不是老病又复发了。所以就去徐汇中心医院看了一下。和医生沟通了一下决定拍个片子，看看胸腔有没有阴影。一个片子80，也算不上贵。拍好后等了半个小时结果就出来了。拿给医生看了一下，医生说胸腔没事，就是单纯的感冒引起的。叫我多喝店热水，多吃几天止咳药就没事了。一颗悬着的心终于可以放下了！医生的态度挺好的！就是医院里边看起来有点旧，灯光也不是很亮，有点暗！希望以后可以把内部环境改变一下！
20336,门面不太起眼，小小的，很干净，一看就是做食品的\n时不时有特价蛋糕边料，得排队等上不少时间\n服务还是可以的，总体来说不错吧
20370,酸汤鱼还是贵州典型的做法，不过汤看起没贵州那么红，木姜子油的味道还是很大的，味道还不错蛮有特色\n辣子鸡，具体名字忘记了，还行\n小米渣，很好吃\n凉拌牛肉，酸辣爽口，大爱\n苗家女的劝酒歌很有特色，别有一番风情，总体来说，不错
20371,以前常去共青团路那家豪客来，印象很好。这次在洪楼这家吃，很是失望，要的三成熟，竟然都不见血，感觉跟全熟一样。四个人的桌子竟然和两个人的桌子一样大，很挤。水果种类太少了，没有太想吃的。服务还可以，环境也行。以后还是去共青团路那家吧，比较地道。
20378,到苏州做客，太太的哥哥做东，选择在了这里，北疆饭店有三楼，在这附近也算是比较大的了，就是地面很滑，走路要小心。选择这家饭店的原因很简单，因为我的塞尔维亚嫂子吃的惯这里的菜。\n（插一句，太太的哥哥是中国人，没出过国，嫂子来中国教英语，然后就这样相识相恋了，现在我的嫂子已经连苏州话和上海话都会讲了，够强吧。说实话，我估计这里很多亲连塞尔维亚在哪里估计都弄不清楚吧，更不要说讲塞尔维亚语呢）\n这顿饭其实还是比较简单的。饮料是哈密瓜汁，这个不是很甜，正适合胖子们喝。\n第一个上来的菜是酸辣土豆丝，呃，这个貌似是厨师考试的项目么。\n羊肉串是必点的，这里的羊肉串很严格的一肥一瘦搭配，倒是很传统\n清炖羊杂，配了胡萝卜和大量的洋葱去膻气，基本感觉不到羊膻气，值得称道。\n刀豆茄子，这个是家常菜了，做的到位了\n玉米烙本来是点心，不过却先上来了，这里的玉米烙掺杂了黄瓜粒和胡萝卜丁，比较爽口，个人觉得是个不错的尝试。\n然后上了馕和羊杂汤，大家开始掰馕浸汤吃，呃，太太说我的馕掰的太大了，这个要求大家指点了，大家觉得我掰的真的太大了么。\n大盘鸡在馕之后才上来，我们没有要求加面，因为这时候我们已经吃不下了，而且这盘鸡真的比较辣，辣的我吃不消呀\n嫂子怕我们吃不饱，最后居然还点了个羊肉匹萨，这个实在吃不下了，让嫂子打包带回去了\n整体菜肴其实做的一般，不过这顿饭是哥哥嫂嫂请我们的，难得碰头，聊的很开心，这就足够了，吃完收工，回上海啰。\nPS，这家饭店生意还不错，吃的人还挺多的呢。
20385,"前几天跟客户一起吃饭,由于住宿在锦仓所以就在那里就餐.由于自助的人比较多,还是去3楼吃了中餐,进了一包厢,要啥没啥,太湖白虾没,太湖银鱼没,可怜的无锡三白,痛苦~~~之后慢慢上菜,重点是提到的88块钱每人一份的鹅肝,嫩得也太离奇了,中间简直就是""浆糊"",55555,可能这就是大师的水准,但我难以下咽!其次再说说128元/只的螃蟹,真的值这个价吗??只能说这里的中餐可能是无锡比较贵的价格了,不是数一数二也可以数三数四了.\n  看来下次只能去吃自助了,自助倒不错,比较符合这个价格和味觉,嘻嘻:)"
20388,元旦的时候忽然想换个造型，网上搜了下，东瀛的口碑蛮好的，还有优惠卷，于是下载了优惠卷，打了电话约了平凡总监。过去的时候很热情的接待的，平凡总监给修了头发，修的蛮快的，不过价格有点小贵哦，小小的几下120块，嘿嘿。烫发用的是优惠卷，蛮划算的，平凡总监指导，一个可爱的MM帮我做的，名字我不知道，工号好像是059号，很好的MM，还给我按摩，累了还给我拿吃的，哇咔咔。\n剪完头发后感觉和图片有点不大一样，可能是我发质的关系吧。稍微有些不满意。\n后来洗了头发，尽然被我弄直了，再次预约了总监，过去后帮我洗了洗，尽然很卷呢，造型也不错，果然和我自己弄得不一样。后来查了原因，原来是我吹的时候，吹的方式不对。后来平凡总监手把手教我吹，哈哈。真的蛮好的，赞一个。现在蛮多天了，感觉头发越来越自然了。下次还会去的。下次办个卡，比较优惠。
20400,装修就是很一般的火锅店\n给的是那种包好的那种一套碗碟，个人对这个很反感，因为觉得不干净 \n鱼是现杀活做的，选的是黑鱼 麻辣锅 很嫩 不腥\n每桌送一壶豆浆\n其他比较乏善可陈，有些东西直接是超市货，直接拆了包装，端上来
20430,路过总是会进去\n进去总是去汤姆熊\n有时候会逛一圈\n感叹现在小孩子穿的衣服是丰富。。价格也蛮惊人\n哈哈哈~\n不过还算不错，有很多东西很可爱的
20432,外部环境看起来非常好，但是内部环境略微差强人意，大厅有点暗有点压抑，布局和装饰都一般，也许我去的时候还没装修好吧，菜品还不错。
20454,晚上去很好 我曾经就是晚上去的  感觉跟大海0距离接触  适合晚上来散步 不过晚上这里好像关门 很有岛屿的感觉哦 还会再去的
20455,我跟老公是08年12月预定了色色影楼的。那时候还说这是个诚信套餐。这个行业的巨大潜规则，也见惯不怪了。一直拖倒09年4月才开始拍婚纱照。现在回想这个跟色色影楼打交道的日子，难免有些失望。\n长话短说就是：\n1，色色的服务态度不值这个价钱。（拍个海景要么说天气下雨，要么就拖我一个月2，色色的摄影师拍摄技术不值这个价钱。（手法落后了。）\n3，色色的后期成品照设计更加不值这个价钱。（后期设计把人都PS到不像本人了，够明显了吧。哎！要不是拍个照都重拍了1次，然后再等成品等到我快结婚摆酒，打死都不想就这么收货啊！！！）\n我这样评价，或者商家自己不认同，但毕竟我是顾客，既然全世界都认同的一句话是顾客是上帝，那就有资格说出自己感受之后的感觉和想法。其他人自然也会有不同或者相同得感受。
20467,珠海本来就比较少茶餐厅，真系茶餐厅价钱唔算好贵，但D野食就比较普通，想吸引多D顾客既话，需要改进，食物俾客人唔会留低深刻的印象。
20477,在虹口足球场三号线的楼下，有运动商店、有一些快餐店，还有屈臣氏。\n对于我经常出入这里来说，还是蛮方便的，就是这里关的太早了，九点不到就都关门了，希望能顺应民意，增加运营时间。
20499,非常适合商业宴请的一个幽静地㤐，建在水上公园湖边，景色很好。菜品突出天津菜，口味很正，易勾起对过去的回忆。老糖饼很好吃，服务很周到。
20524,去香港的时候，在机场帮人带雅诗兰黛。\n东西还是比较多的，货柜摆放也很整齐，价格也比较便宜。\n服务员有点少，忙不过来，但是，能够服务到我的，都态度很好。
20531,能在里面找到挺多舞蹈啊音乐啊之类的图书和音响，基本需要的东西都可以找到。所以说东西还是挺全的吧。我的论文参考书也是在里面找到的...帮了我大忙啊
20542,店里挺闹的 服务很好 会重复核对菜单 我们怕麻烦没核对 结果多帮点了份牛肚 最后白送我们了 口味太咸非常咸相当咸。。。囧 一大锅最后2/3都剩下了
20554,喜欢吃那里的石锅拌饭 \n还有烤五花肉 肥牛 烤蘑菇 \n本人喜欢吃冷面 家里人喜欢吃辣白菜炒饭 还有牛排\n很不错的 很有特色 服务很周到
20574,非常不错的地方，环境就是大排档，甚至比大食代还要差很多~\n中午很多附近上班的白领，需要站着等座位，很郁闷.\n菜品丰富，各种粉类，面类，饭类，还有凉菜和饺子等等，也是需要等~\n第一次吃麻辣香锅就是在这里，那时候才38，里面鸡翅，大虾，超级丰富\n现在，缩水缩的不像话啦~~\n最最实惠的是凉面，绝对要尝试的，切记！\n这里和渝乡人家点菜的部分无缝连接了，所以可以两边吃，大菜，小吃，兼顾~
20577,中午实在饿得不行了，又走不开去吃饭。上必胜宅急送网站一看，网上订餐免运费，就点咯，本来不在系统默认的送餐范围，但选了最近的一个地址，然后附注具体地址，他们还是送到了，看来有生意谁都要做。速度一般，但服务很好，派送员提醒刮发票，果然中了5元，又省了。
20596,早晨去医院检查身体，好了已经到中午了，老妈说不要回家烧了，在外面随便吃吃\n去了这家店，以前也去过几次，人气还算旺\n点了酸辣汤和肉糜茄子煲另两碗饭\n上菜速度实在是太慢\n酸辣汤太酸了，不知道放的是什么醋，老妈很喜欢吃酸的人也认为不好吃\n茄子煲个人认为太咸了\n反正就凑合着吃吃吧，随便吃吃算了
20607,笨笨有豪客来的优惠券，就是一定在石路那家店吃，反正石路观前差不多，就下午去了。。\n说下口味，我点的是菲力牛排套餐，笨笨点的红酒牛排套餐。。。首先上的是餐前面包，味道一般吧，有点脆脆的～～然后是什么玉米浓汤好像，刚开始喝感觉还不错咧，笨笨说比西提的奶油蘑菇汤好。。。然后喝了下套餐里的红茶，额，那个味道怎么说呢，反正不好喝，我和笨笨都没怎么喝。。。\n接着在等主菜的时候，笨笨去拿水果，反正西瓜永远拿不到，其他都是很平常的水果，比较好的就是那个酱吧，那个黄色的酱，我感觉像是千岛酱的，相对其他而言，真的是很不错了。。。\n最后主菜终于千呼万唤始出来了，我对西餐真的是不怎么了解的啦，反正我就是觉得，难吃啊，苍天啊，真的是不好吃，我平时很鄙视浪费，结果连我这么节约的人都吃不下去，可以想象有多不好的啦，不是说有什么异味什么的，我都不知道怎么形容了，还不如红烧牛肉呢。。。\n最后送了优惠券，我就想有优惠券也不会去了。。
20619,看很多人推荐杨枝金捞，就忍不住去尝尝。没想象中的号，只能说还行，还喝了他家的果汁儿，一般般吧，只能是歇脚的时候去坐坐还可以。
20620,店面很大，有两层 一楼是烤肉 二楼是火锅。环境也很好，因为离单位近，经常和同事、朋友聚餐都会来这，他家的菜品种类齐全，各种小食、还有特色啤酒、饮料。
20625,部门每半年一次的恳亲会选在这里\n环境很好 外面看起来一点不显山露水\n进去居然豁然开朗 小别墅一栋接一栋\n很有老上海的感觉 装修也不错\n菜色的话就是上海本帮菜\n觉得没有太大的惊喜当然也没有什么失败\n规规矩矩 干干净净 属于正常水平\n不过量倒是不像苏浙汇这般精致\n味道却不如苏浙汇\n不过在这里吃饭 吃的不是口味而是情调
20644,在总医院附近，中午去的发现地方挺大，环境还OK，上班族在这里解决午饭的人不少，还有烧烤卖的，可是味道真的很一般，还不如学校食堂的呢~~烧饼1元一个，而且不怎么样
20649,首先要说服务真的不错，男服务生居多，很客气，穿着红色制服，很喜气\n环境还不错，分2层，MS楼上是包间，楼下靠门口的位置有点冷\n大盘青鱼 38元 要的是微辣，生姜末，葱花厚厚地堆在鱼片上，很有食欲，不过有点咸了\n花生米   量够多 非常香，味道不错，应该是不二的下酒菜\n香芋排骨 这个菜是最爱 ，完全是炖出来的，山芋又粉又入味 排骨很烂，不辣很适合小朋友不用担心到了湘菜店没有不辣的菜吃\n丐王手抓骨 油炸的 精肉很多 大概7-8根 够味\n送了手撕包菜，菜里夹有少量肉片，味道很不错，要趁热吃\n+8元，串串虾，虾有点小，味道还行，说是值38元\n离家近，会常去， 对了 他们家的清汤面，真的够清汤 完全没放盐 应该是考虑伴着剁椒鱼头汁水吃的
20711,在这边竟然吃到蚊子 银耳雪梨汤里面 有够恶心 服务员也没说什么直接说换一碗 受不了！没想到是这种服务
20712,外公那时候在里面住了1个月，还么吧病看好！！ 所以对这家医院的印象超级差！吥晓得搞点什么！！ 第一天住进去 就有点头晕，因为么病房吧他放在重症病房！！里面都是病危的人诶！！ 外公住了一个晚上脑子就哈想了！！ 然后我们家属质疑要换病房。他们帮我们换了一个，还说人家是今天一早出院的！！ \n2个人一个病房，有卫生设施、洗澡也可以的，这点还算不错！\n只是，雇了个护工，医生天天来查房、一个月了 头么越来越晕！还么查处什么。。。 全身检查过了都！ 最后还是么检查出来个为什么。。。
20723,几样传统路边小吃里面，我对粢饭糕情有独钟，趁热的时候最好吃，外皮炸得金黄\n酥脆，里面又软又糯，略微带一点点咸味，一股米香很诱人。现在也有不少饭店以\n改良的粢饭糕作为点心推出，粢饭糕来了一次华丽丽的大变身。虽然模样精致细巧\n了，但终究我还是觉得摊头上的粢饭糕最最棒。
20746,记得很久之前百粤湾有一个活动是在下午2点-5点间有特惠下午茶的活动，那时候经常去吃百粤湾，蛋挞是点心式的，里面的粥和虾饺皇都不错，不过如果原价去可能有些贵了
20760,在这条街上的没有不火的，味道和其他回民店差不多，但好像菜量少了点.地方不太大，环境还是可以的，比较干净，还是不错的一家店。
20773,为我剪发的是比利，助手是余乐，都是很认真的人，烫发的效果比较符合我的要求。现在有活动，办会员卡除了打折之外还能送券。不过特别要注意，他们的会员卡当天办理的话，使用金额不能超过卡的60%，这一点一定要当心啊……
20792,昨天特地去挂了专家门诊，但是门诊台的那位阿姨好像态度真的不是很好，不知道不耐烦点什么，还有所谓的专家真的和普通医生没什么区别，我觉得这个50元的挂号费真的有点浪费了，不过医生态度还可以，配药速度那个慢哦，真的符合中医特点，循序渐进，哈慢，哎，算了，谁让自己不舒服呢。
20798,话说我自己都不知道去的到底是哪个晚晴楼，这里居然有三个\n反正是秦淮河边上的\n当时去的时候，居然还遇到江爷爷在旁边的餐厅吃饭，戒严了-_-!!!\n顺便一睹退休领导人的风采\n喜欢精致的小点心\n印象中，价格也是很漂亮的。。。
20803,真是非常难找 找找问问的~环境是恶劣了点 呵呵 不过很便宜啊 而且吃多了大饭店的菜，吃吃家庭菜的感觉很好啊~喜欢孜然羊肉 麻辣鸡片~嘿嘿
20831,味道不错，环境很好，没有让人失望，吃饱饭还可以。\n排骨年糕有点甜味，年糕有嚼头，排骨炸的还行\n就是东西要自取，服务一般
20836,2011年08月03日（周三）\n吃完寿司 正好看到门口有烧烤 解禁啦 当然要吃的更爽点啦 \n东西的种类不是很多 无非也是些羊肉串啊 鸡翅 鸡胗 鸡皮 鸡心 骨肉相连 茄子 金针菇 馒头 玉米 \n看上去还是比较干净的 可惜的是没有蒜苗 只有刀豆\n【鸡胗：1.5元】很好吃 脆脆香香的 相当入味\n【鸡心：1.5元】比起鸡胗这个更有肉感点 依旧是不错啦\n【刀豆：1元】刀豆就比较一般点 感觉烤完之后太干了 虽然是涂了酱汁 但是还是不怎么美味\n他们家的价格真心的便宜啊 价廉物美 绝对额\n烧烤的小伙子 感觉很耐心 大热的天 一步步的烤 一会涂酱一会撒粉 把东西搞的超级美味 \n超级解馋的烧烤 可惜怎么点评貌似不红火呢 偶尔的一次尝试却给偶们都留下了深刻的印象~~
20857,朋友请客的，人均多少不知道，但是味道不错，算是很地道的川味菜馆。很喜欢他们家的水煮鱼和鸭头。下次可以试试别的菜。
20862,去过几次，姐妹们都喜欢喝水果宾利，好像是叫这个名字，其实就是水果味的啤酒，最喜欢它家赠送的面包了，可是只有点正餐才送，甜品味道一般，香肠比较有特色，环境，怎么说呢，就是演艺吧，比较适合上了年纪的人去。
20889,在中华广场东门，正对着地王广场\n包或者蛋糕都好好食\n我自己觉得比圣安娜或者东海堂好好多\n不腻，又好香的\nyummy，去买个包来明天\n这家环境很好，而且面包蛋糕都是新出的，不像地铁口或者那些细细的店面是包装的。\n每次路过，都忍不住进去买个包，那个流沙包，很赞。
20898,准备开车去海沧，午饭还没吃路过此地打算来试试。\n我点了蒲烧秋刀鱼饭包和金针菇排骨汤，老公点的是台南卤牛肉饭包和萝卜排骨汤。\n感觉蛮好吃的，主要是很喜欢他们家的环保概念。我是一个大大的环保主义者。吼吼！
20899,五月尾周六去UME睇《速度与激情5》之前经过呢间华辉，我开初以为係三禾百味果d华辉咪行咗入去吃早餐咯，坐落都觉得怪怪地嘎啦，睇真就变咗“华辉美食居”。\n咁都谂住算啦，坐都坐低咗咯，就点咗两个特价套餐：牛肉粥2个+牛肉肠+煎萝卜糕。\n上野速度都几快，可能係因为本来就无几多个客人啦，肠粉都几滑，不过里面D牛肉整到碎湿湿，肉质唔多新鲜咁；个牛肉粥就基本都係胡椒粉味无粥味，D牛肉就韧麻麻；香煎萝卜糕唔香不止仲一阵up味\n部长过来招呼的时候基本黑口黑面，加埋d野食实在令人无晒心情\n唉，无下次…
20900,去乐购路过嘛就买了，没想到最近涨价了，基本都涨了一块钱……看来成本又高了，妈妈买了招牌特大鸡排，要了孜然味加小辣，我要了盐酥鸡和盐酥菇，鸡排我觉得太辣啦，不过菇倒是很好吃，基本我一个吃掉，咸中带点菇类的鲜甜，很特别，盐酥鸡还可以~~下次要试试原味的特大鸡排！最近新出香酥萝卜糕，可惜卖光了，没试到……不爽~~
20901,去年在这边跟几个朋友在这边\n洗澡，还办了一张卡，是一千三\n百八办的，送七次一百九十八的\n标准住房七次，还送七十次的免\n浴资费，还有三十张半价浴资。\n哈哈还是蛮便宜的哈哈。  每次\n带几个朋友去洗澡都不用买帐，\n出示下卡就可以了，就有时在里\n面喝东西 按摩 买买单就可以了\n，， 里面环境还可以的，有高\n温桑拿，低温桑拿，泡澡有六七\n个吧。然后两楼是女宾洗澡的 \n还有看演出的，去了那里很放松\n，不过那里要最低消费，每次去\n看就拿瓶饮料就可以了，还有过\n小的健身房，可以健健身的。三\n楼吗，是去的最多的休息房，晚\n上两点前在那看看电视躺会还是\n很舒服的哈，， 还有餐厅，不\n过没去吃过，看起来好贵，还有\n好多其他的项目， 按摩啊 洗脚\n呀，住宿什么的。呵呵还有一个\n项目是555蓝色妖鸡苛刻不知道\n是什么， 每次去都能看到一个\n易拉宝在门口，不过现在便宜了\n哦，一千看到好像要999呢，呵\n呵呵太贵了  现在卡里剩余的不\n多了，就要洗澡搓澡的时候去去\n，平时就在家里洗洗就好了，，\n反正现在天气热了，，
20938,我家的窗帘就是在这里买的，市场很大，品种很全，最主要的是各家都是自己的款式，每一家都不一样，顾客可以挑到眼花。。人不多，有一点，就是好东西都不便宜。由于我们是要婚房里面挂，所以看中了AB版的窗帘，里面一层纱外面一层帘。质量很不错，但价钱可比预期的多很多，要2千3呢。当时犹豫了一下，可是看了很多，都没有能特别喜欢的，就这款了，一咬牙，买了，服务很好，当时做，过一个星期取。还是很快的。回家挂起来，效果绝了！喜欢！值了！
20968,哪哪都有的连锁店啦！东西不难吃，还可以外卖~离学校很近，有时候开会晚了，会集体订餐。集体订餐超过一定的钱数会送一些券，还不错！
20975,这家店开在柠檬旁边确实悲剧==\n学校里也有一家、对面是果麦、同样悲剧、\n一直不知到原因、喝了她家的奶绿才知道、、\n味道果然、、不灵、、跟果麦差太多了、、\n现在关门了也是意料之中的、、
20991,感谢这家店让我重拾对百姓的感情（对百姓厨房的感情应该说很久远了，可是随着西安店面开得越来越多，好像水准有所下降，我对百姓的兴趣也降到最低点，甚至不想去光顾了）。\n门头有些小，在路边的行道树遮掩下不容易看见，是遗憾之一，进去之后却是别有洞天，沿着楼梯上到二楼，不管是包间还是大堂都装修很别致。\n可以参观厨房，操作间非常干净、地下没有水渍、灶台上整整齐齐，这样大的餐厅能做到这一步真的很难得哦。\n问了领着参观的服务员有没有涨价说不涨，这点很重要。\n推荐：锅贴 烧三鲜26元（很好吃、但是少于4个人不要点）、秋刀鱼不错、梅菜扣肉相当好（肉的质量好）、 糖醋里脊 \n严重声明：：这家店的所有菜你可以看见价钱，可是饮品不要随意点，尤其是服务员推荐的一定要先问问价钱再点，我们听了介绍点了豆浆，哈哈哈，天价豆浆（就算你的再好也不至于这个价钱）一壶42元。后来问了问说是浓度高，在高也是豆浆，不是喝原浆酒吧，这么贵！！
20992,自打开门后妈妈一天到晚光顾…早饭顿顿吃小方…胖死了 8古真心好吃啊 一顿二块正好 栗子杯很不错的呢 像冰激凌似的
21000,晚上去的，不过不过去的挺早的，靠着工商大学，一到饭点儿人就多了，不过地儿还是蛮宽敞的。虽然什么都有，但是却感觉什么都不精，随便吃吃就好了。
21015,很多年前就听说了 直到最近一两年才跑过去吃 这家店在长沙很有名 作料多 价格还算实惠 全靠口碑 阿姨都很客气 每次一般都吃带信干 粉偶尔换着吃 遗憾的是没有酸豆角 姜味道不错。
21044,去青岛之前很多人就说这家店值得一去，于是提前一周电话预约。\n第二天到达后果断直接从酒店过去。 离开酒店还是非常的近。\n前后有2轮小菜，东西非常丰富。\n餐具都是石器，非常之有分量。
21065,离公司很近~~我各种爱吃~只要一有空，就纠集一对好友去吃~最喜欢烤翅和大腰子，一定要来盆疙瘩汤~这叫一个爽啊~哈哈~下周还去~期待ing~~
21068,很不错的一家店，里面的装修挺好的，环境不错，挺有格调的，个人很喜欢在这样的环境里面就餐，但是店不是很大，所以有的时候人多就会显得比较拥挤了。这里的菜也是比较有特色的，味道比较好，点了不少菜，但是印象最深的还是谭记焖烧鱼，鱼的做法很讲究，烧出来的味道也很不错。这里的价格适中吧，相对于菜来说还是可以的了。
21083,最近天天出去腐败，BF是饺子控，又不喜欢走太远，所以就来家附近这家年三十饺子馆吃喽~~~老板娘那一口纯正的东北味，听着就爽气！！！\n菜量也不错，要了一个小鸡炖蘑菇30米，一个蒜薹炒肉16米（MS），一个红烧肉煨蛋28米，要了半斤饺子，差点撑死。\n上菜速度那是杠杠的快啊！！就是红烧肉煨蛋里面的鹌鹑蛋不是很热也不入味，小鸡炖蘑菇是个汤菜，超好吃！！！饺子无功无过味道也不错，后来BF把饺子放进小鸡炖蘑菇里，哇，好好吃！不错.............喜欢，推荐之...
21107,苏浙汇旗下的，之前吃过苏浙汇的小龙，想想应该改不多\n正好逛街看到很想吃，点了一分招牌的和虾肉的\n好几个都焉儿掉了，面皮有点糊哒哒的，虾肉稍微好一点\n太白醉糕硬邦邦的，冷的很生硬\n小混沌还可以就是少了点，最好吃的还是找猪排，很香脆还有喜欢的鲜酱油和番茄酱，大爱\n其他的真的都不咋的，不过冲着炸猪排以后还会来的
21117,嘿嘿嘿，没想过哪边吃晚饭，路过这家店，女人的美容院，不错，正适合我和我妈大补。一直很好奇这家的名字的意义，等到看菜单就知道了，就是猪肚加鸡，嗯，就点最最普通的猪肚鸡。等了不一会，来了，大锅的汤，雪白雪白，来，先一人一碗，好鲜，希望不会放很多味精。猪肚不老，嫩嫩的，带点点脆，鸡肉要看部位了，有些地方老了。二人吃份汤，撑，不需要再点其它配菜了，说实话，其它配菜也不便宜。
21133,去喝了大名鼎鼎的丝袜奶茶 喝下来也没觉得有多少惊艳 一般般吧 不过静安别墅的环境实在是很嗲 人也没有田子坊多 感觉不错
21142,宜家的环境那可没得说 餐厅的环境也一样棒 不过都是些别国风味吧 但是味道丝毫不逊色 尤其是土豆泥 据说瑞典肉圆蛮好吃的 可惜我是素食者 蛋糕之类的价格有点高 味道一般吧 对甜食没什么特别的感觉 还是环境好
21148,一直喜欢吃栗子，他家更是心头好。他家的栗子有个一特殊的地方，就是哪怕凉了，味道还是那么好吃，不会变得不想吃，而且手一般不脏，比较省事，就是价格越来越贵了啊
21149,老字号了，都是大众菜，量很大，用料很实在，比如葱爆羊肉一看就是手切的新鲜羊肉，不像有的店会用片的羊肉片代替，喜欢炒合菜~
21155,两男一女中午来这儿吃的\n主餐的东西不便宜，性价比一般般\n不过送了欢乐时光的沙拉，就挺值的了\n沙拉不限量，种类也不少，不比一般的自助差，据说奶油蘑菇汤不如以前的浓了\n套餐觉得挺失败的，主食可以有米饭，烤土豆和薯条，土豆很好吃，带着皮的整个烤\n鸡排套餐的鸡排太不给力了，大块的鸡排，没什么味道\n德国香肠很不错，很香，分量也够足
21167,上次去扬州旅游，据导游说，那里的富春酒店是当地出名的喝早茶的地方，去晚了就没位子了呢~~而且乾隆多次下江南也回来的，所以，第二天早上我们早早的去了那里的酒楼吃早茶啦~~\n话说我已经很久很久没吃早茶了呢，所以对那里的早茶可谓是非常非常期待的呢，可是，早上到了那里，感觉完全和自己想象的不一样了，地方确实很大，但是环境不咋地，也许是因为喝早茶的缘故，所以比较乱，人也多，一桌8个人~~\n说起那里的点心，真的是一般般呀，没有想象中的好吃，还是喜欢广式的早茶呢~~~那天我们先吃了一个汤包，确实很大，里面汤也很多，但是马相不灵，不是色香味俱全，而且东西比较油，不是我喜欢的风格呢~~\n我们吃了好多包子，蒸饺还可以，还有那个甜的糕不错，其他都一般般啦~~还有个灌汤包算是特色了，味道也还行吧~~\n话说那里外面还有很多小商品可以逛逛呢~~
21179,下午饿了，去便利店买了熬点和寿司，结果晚上同学说一起吃饭，于是挺着饱饱的肚子去了这家东北菜。\n点了网友们推荐的拔丝地瓜，不错。上来时，还有一碗清水，问了服务员，说蘸一蘸，这样糖丝就断了，不会弄的很长，果然效果明显。\n小鸡炖蘑菇，真不咋地，觉得里面的茶树菇是酸的，最后还剩了一大半，我一个人拼命捞里面的粉条，结果撑到半死，还剩了一半。\n小白菜还不错，应该说是最不错的，全清。\n我们还点了一瓶啤酒，一个西湖牛肉羹，店里送一盘花生和一盘海带丝，这些都还行啦，不过真挺饱。\n结账的时候，显示打折了，我们也没什么反应。\n等吃完后，同学告诉我说，门口写着学生满50打八折。\n然后笑问：你知道这句话的重点是在哪里吗？\n我：学生.....\n好吧，很正常，不过我们那个价格我算了下不是打八折，奇怪，但是确实便宜了十几块，Anyway，还算不错的一顿饭。\n因为当时倒着啤酒时，有种男子气概一跃而上，觉得只有在同学面前会给自己添酒，嗯，果然同学情还是最纯真的呀~~~
21183,真的很好找 地铁出来了往北一直走 就提示到北新桥三条 从第三个胡同一直往东走 走到胡同中间就到了 还好预约过 留了个位子 小店虽然小 但是很有感觉 人特别多 点了超爱吃的扇贝和蛏子 非常好吃 很入味 价格也很公道 朋友都说好 4个人才180 撑的不行 以后还回去 真的很合算 超爱粉丝扇贝 6个30快 个头好大 。
21189,因为看着这个学府歌城就比较旧的感觉，没报大希望，不过歌还是很新的。但是装修嘛，还是需要一下，不过去了好久了，是好久之前的事了。价格合理公道，还是接收的
21213,虽然比战斗鸡排厚\n但感觉不如战斗鸡排香\n鸡肉不那么入味\n还是会继续战斗鸡排\n这家不是很顺路\n以后应该不太会去了
21215,店面小，客人很多，首先是漫长的等待。\n不知道是不是饿的，东西的味道还是很不错的。\n肉都是煨过的，很入味，除了那个长长的肉排有点咸以外。\n吃烤肉自然要点冷面，冷面的味道实在让人失望。\n但海鲜饼还是很好吃的，松松软软。\n进了店面先要接收油烟的洗礼，出来的时候自然不用说，\n满身满脸的味道，很崩溃。\n服务员三三俩俩，店面也吵杂，需要叫几次才能来人，\n而且态度很不耐烦，包括前台接待的人员。\n价格还是比较便宜的，与其他的烤肉店比起来。\n当然，一分钱一分货吧，算物有所值。
21222,朋友结婚宴请在金钱豹！总体感觉挺气派的，那儿的菜肴不错，也可能他们挑的都是我爱吃的吧，挺适合我们的口味！交通坐轨道10号线可以到（但下来要走段路）！
21227,去吃的是婚宴，包场的宴会厅，但为什么有散客坐在旁边四人的桌子呢？这是为什么呢。。。。\n总的来说，还可以吧，因为要论腔调的话，饭店和宾馆还是有差距的，但是同样的价格吃的东西饭店要比酒店量多不少，但是肯定没有酒店的精致，不过酒店的饭菜也就是看个样子，大多数的菜量还是比较小的\n饭店感觉比较老吧，不过结合性价比，也可以了，不过音响设施差强人意\n要说菜品，乳鸽我还是蛮喜欢的，膏蟹也还可以，就是龙虾的做法不太喜欢，当炒菜一样了，不过的确是一顿能吃饱的婚宴，已经可以了，我要求不高
21259,环境一般，毕竟是在商场里嘛，受到了局限。\n味道不错，很喜欢烤罗非鱼的香料。还有传统的菠萝饭，比较不错。\n之前一直去的是后海的那一家，一直很喜欢。那里的环境好很多，只是人超级多。
21272,一进去满餐厅的烟雾缭绕。。不知道是什么排风系统。。我朋友是事先定好的位子，说是要5人的就给了一个比较大的四人的位子，我先到的我不满意说是要换位子，服务员就让我等一个位子，当时那个位子已经在收拾了，结果等他收拾好才发现已经有别人在等了，这时刚才那个服务员已经不知去向了，之前我们定的位子也被人坐了。最后终于坐下来点好菜后，我们问他们续杯南瓜粥过了很久说了好多次都没人拿过来，包括之后我们说要在看菜单，也说了很久没人理我们。这家店服务真是太差了。肉还一般但点了盘辣年糕真是不好吃啊。。牛舌不错。。总体感觉非常不好。。
21323,游泳和羽毛球是我唯一爱的运动项目，之前暑假还花钱去游泳馆学游泳来着着，可是对水我是又怕，有喜欢，所以还是没学会游，我想那时要一直坚持可以现在也会了，可是就那暑假过后我就在也没游过了，女孩子喜欢沙滩又怕晒黑，纠结啊！喜欢游泳最重要的还是应为游泳能减肥，嘻嘻~~女孩子嘛！都爱美，爱美的标准下身材一点得好，不然花多少心思和钱去配衣服都是没用滴，身材不好穿什么都不好看，身材好的穿什么什么好看，所以这个暑假决定要好好减减肥游游泳，让自己不在为了小蛮腰穿衣服不好看而纠结。\n这里是朋友带过去的，应为她又那会员卡说是比较划算，唯一一点就是我感觉更衣室有点小了，挤，其它都还行，正准备下次过去也去办张会员。完成我的减肥计划和目标
21344,今天买了一杯卡布基诺，加一份巧克力慕斯，非常非常的一般，价格还不便宜，还不如去千吉。还有没得坐的位子，买的话，只能打包带走，很很没有意思~ 黄油蛋糕也不怎么好吃~
21366,环境不错，人也不是很多，芝士蛋糕不错，个人觉得点心凤爪之类的很好，就是量不多，更新了就很快被拿光了，其他的东西一般，吃得很饱，但觉得没吃回本，不过还是不错的去处
21368,口味是还不错啦，粤菜做得蛮不错，还蛮合口味的，个别菜系不太认可，比如开胃鱼头。\n环境不错，店外看上去不怎么滴，店内装修还不错，至少是会让人引起食欲的装修特色。\n饭点的时候等位的人好多，不过这也证明这家店是还蛮不错的。\n美中不足的是上菜速度好慢哦，而且好容易上错菜。\n元贝是很值得推荐的
21378,刚开业的时候还可以，越来越发现品牌的下降，后来就很少来了！这里一楼的品牌还可以，但楼上就显得比较混乱了！这里生意一不好了，楼下的排档也都倒闭了！
21387,做海鲜比较地道，环境也不错，就是价格有点贵，服务有点跟不上，在甘井子区内也算比较有名气，聚会和办宴会都还是不错的。
21392,5.1在扬州玩，早上喝早茶的几家店都爆满，转到共和春来，离瘦西湖也近，吃好正好逛过去。人也好多的，我们等位占位点单付款拿吃的，忙活了一阵，终于大家可以开吃啦～～。我倒很想尝尝虾籽馄饨，不晓得是啥东西？味道还可以，比较鲜咸，汤水是酱油色，量很多，馄饨个头也比上海小馄饨大2倍。他们走的是豪放路线，上海讲究的是小家碧玉，精致。其它的三丁包，蒸饺的馅料偏甜，还可以。 汤包汤汁多的，肉也多，也不错。虾籽饺面就是虾籽馄饨和面条下在一起，我觉得没有虾籽馄饨好吃哦。大煮干丝不喜欢这个底汤，油味怪怪的，上面的干丝还可以，豆制品嘛。这家店还可以，扬州当地人来吃的比较多，选择这里还是对的喽，呵呵～～
21411,总觉得万达那边的一些分店，不管是吃的还是穿的，服务人员都不是很到位。要嘛把人晾在那不管。要嘛就是眼睛长头顶上的。这家店的服务员不怎么搭理人，人进来也不问几位，也不招呼。反倒是我们叫他好几次来点菜
21460,名气真的蛮响的，想当初我也是慕名而去，很小的店面，险些错过，经常是没有位子的。整个店给人的感觉很温馨的，很有家庭气息，也说不上为什么。\n其实味道并不是怎么特别出色得好，为什么名气这么响一直搞不懂。因为味道不错，价格也不贵的缘故吧。\n烤五花肉是每次必点啦，没有吃出来有什么特别的地方。
21488,"忘了忘了,来补写.\n妈咪嘴巴向来厉害,说吃来有股糖精的味道.不过这是她个人说法.大家借鉴吧.\n不过话说回来,我也觉得他们家味道偏甜,不过服务员推荐的摩卡味道还行.还蛮浓郁的."
21494,感觉这个地方不算特别好找，环境只能算是一般般吧~！演出倒是还算可以~不过，音效似乎不太好啊~听起来特别刺耳，不太喜欢
21523,那天去的时候，正好被过生日的人都包掉了，所以只能在那个咖啡厅里，位子少，人很多，上菜很。。。。慢。\n手撕凤鹅，感觉就是外面的真空包装的那种，肉很少，还有点冰的，估计刚从冰箱里拿出来，吃完过了十多分钟，上了一个菌菇炒鸡柳，大多都是菌菇，叫了一碗饭，等我们把这盘菜吃完，等阿等，等了快又半个小时了，才上了第三个菜，菌菇鱼片，鱼片蛮嫩的，但量少的可以，又是菌菇，重复了，蚝油生菜太难吃了，就把生菜水里过一下，浇点酱汁，说不清什么味道，看到别桌点的米苋，很大一盆，也么怎么动过，像杂草一样。\n这顿饭吃的太失望了，吃好都么撒感觉了。
21530,餐厅开在七宝古镇里，一条小巷子，有点不好找，门口的牌子小小的，要注意看，要不然肯定走过去了，餐厅的风格非常的云南特色，挂着一些云南特色的东西，凳子之类的都是木头，外面放的几张桌子，里面放几张，上次坐的外厅，店里生意一般，老板很好客。\n烤鱼好吃的，就是有点咸，要是淡一点就好了，牛肝菌是老板推荐的，味道很补错，还有米线也不错，但是米线还可以在加强一点的。
21537,除了羊肉串和大盘鸡还能吃吃，其他的菜都一般般，而且上来连调羹都不给一把，不给力啊，离单位比较近，难得来一次，连大桌都很少，现在重新装修过了口味也变了，诶。。。
21547,这估计是我去过最难吃的必胜客了，披萨感觉想油饼，海鲜沙拉里的大虾面目全非，各种难吃。也就饮料能喝。该考虑考虑培训大厨了。
21559,以前开业不久的时候去过，挺不错的！循环上烤肉，味道也不错！就是人太多了！很多好东西都抢不到！而且长春的自助餐现在越来越多了！很多店都比金汉斯好了！但金汉斯的环境还是很不错的！有机会还会去！以前没有时间限制，现在不清楚了！
21577,饭菜都一般 大众口 \n最近刚装修完 环境比起前好了很多\n适合朋友小聚 价位也适中\n来过两次 对他家没有印象很深刻的菜 \n总体还行
21586,以前在淮海路上海广场上班的时候，这家也是逛的挺多的，整个广场是在地下的一层，而且地方不大，里面有个美甲的挺有名的，还买过楼梯口的奶茶。
21593,去的第二次搞定小石头，选的还是看的第一颗，第一个戒托。主要是服务的小施态度很好啊，说话也很实在，看了几家感觉价格也比较实惠，所以马上就定了。主要我讨厌人多，柯蓝，小鸟人都多的要死。
21605,我很喜欢人人网 这里不仅仅可以找一些你认识的人还可以好好的玩一些小游戏 在无聊的时候打发时间 还能增进和朋友之间的交流
21606,本来是和朋友去芷江西路店吃的 感觉这里也不错就进去了\n老板蛮热情的 进来就招呼坐哪里坐哪里\n店了他们的特色热气羊肉 老北京的火锅 上来气势十足啊 赞一句羊肉一点也不疝 25块一份很足量哦\n锅包肉 这家算是做得蛮地道的 不像外面随随便便就裹面粉or太白粉炸的\n大拉皮感觉也不错 不过还是怀念东北人家的大拉皮\n总体来说 都蛮好的 我们晚餐的点去了早了 后来陆陆续续都是人\n就是结账的时候不能拉卡
21632,红色的区域在港汇2F格外显眼，但位子很不舒服，远看以为是软软的，其实不是，是皮质的，反正不舒服。\n说说咖啡，杯子太重，不是很细致。
21663,传说中的四大之一啊 啊啊啊啊啊啊啊啊啊啊啊啊啊啊啊啊啊啊啊啊啊啊啊啊啊啊啊啊啊啊啊啊啊啊啊啊啊啊啊啊啊啊
21707,不知道为什么火锅叫豆捞，和朋友去吃过一次，感觉还可以吧，虾滑很好吃，很鲜美，环境还可以，服务也是很热情，可能是因为客人少的缘故吧
21721,味道不错 环境也还可以 不过个人更喜欢汉拿山 但是韩罗苑也不错 服务也很好 这好像是一般韩餐馆都有的倒是 有机会还会再去
21727,"开在农工商的一口门口这里...就是一个小滩头噶...专卖鸡心,羊肉串和饮料的~~\n 他家的饮料偶从来米喝过...因为看上去不是很卫生阿~~\n \n 鸡心是偶比较喜欢吃的...他家的鸡心个头挺大的...一串5个...烤的蛮嫩的...\n他家烤东西的炉子MS火头不是很足的...一个鸡心烤了N久也不会老掉的~~\n 味道还是不错的..."
21747,公司离这很近\n聚餐经常选择这里 吃够了也麻木了\n每次去必点蟹黄豆腐 孜然寸骨\n味道不错..分量挺足 价格也OK\n但服务一般般
21752,超市不大，不过停车场建在二楼，感觉很国外很像，哈哈；\n东西嘛，一般了，不是很有特色，种类也不是很多。\n不过蔬菜区还是有很多人的。\n总的来说，临时要买个东西急用，还是可以考虑的。
21754,老早去是因为蛮便宜的。现在也觉得没有啥大优势了。声音么老响老响地，怪不得生意没有老早好了，应该要与时俱进啊，回头客人才会多呀
21757,上个星期终于在北京吃到了比较正宗的烤鱼。当时内心那个激动啊。\n第一个想起的就是这家店。\n念书的时候常来这家吃烤鱼。\n价格不贵，还有好多凉菜。\n喜欢吃麻辣和泡椒味的。\n夏天晚上12点之后这条街还人声鼎沸。热闹得很。\n只是常常会有很多光着膀子看着很古惑的人在旁桌喝酒，有点慎人。
21758,就路边小吃来说，这里的价格实在是有点高。种类也并没有想象中那样多。味道还可以，但是性价比有点低。吃的什么全都忘记了。
21769,地段还算满好的，交通还挺方便的。\n房间有点小的，不过还算干净，感觉满舒适的。\n价格也算满经济实惠的。酒店名字满有性格的。
21771,周末去人实在太多光排号就要等好久，如果提前预定比较好。水果基本上送上来就一抢而空了，食物种类挺多可是吃的时候就发现没什么能吃的。烤肉上的比较慢经常吃到最后单子上的东西都没上全。餐厅环境整体感觉比较吵如果坐在比较靠里的位置会觉得比较闷空气流通不好。经常不可以刷卡，这点很不方便。不过价格真的是不贵地段也好交通方便这可能也是人多的原因吧
21775,每次去五角场都会买一杯\n每次点的除了布丁奶茶还是布丁奶茶 \n个人很喜欢布丁\n而且他家的布丁量足又好吃 而且奶茶也不是特别甜腻 很好喝\n有时候周末去人多就要排队排蛮久的。。。
21778,很好，每次去都是因为位子问题，味道好，价格也能适应，特别是里面的烤羊肉串现在想想都流口水啊，和朋友经常去。希望越做越好
21814,没什么特别说的，感觉没有以前在菜百对面那家店好了，不知道是不是菜百对面那个拆后搬过来的！特价的青虾到是不错，比较便宜！
21826,杭城KTV那是经常光顾滴，曾几何，也是好乐迪文一的VIP顾客啊。不过话说也是有半年多没有来这里了。音效依旧，没什么改良。歌曲真是少，也没有什么大的增加。\n 不过上次好乐迪倒是搞了一个大优惠，外送有缘人-潮人秘籍。的确很优惠，总共有七式嘞。每次来店消费一次用一张。最后一张狮子吼太给给力了，黄金时段免费唱8个小时。\n  不过相对而言，我还是比较喜欢银乐迪，就看送些小优惠吧，银乐迪开包厢还会送你一块鼠标垫，而银乐迪就送一个购物袋。悲剧啊。
21839,从北京到重庆来吃火锅，之前担心自己的抗辣程度，但被建议降低辣度后又觉得不吃地道的重庆味是个大大的遗憾，于是乎大着胆子要了九宫格的重庆味锅底。开始时不太辣，很香很麻，于是自信心爆棚一度要求加辣，被服务员好心劝阻，后来证明“听人劝吃饱饭”，在开锅半小时后辣度急增，不过还在能接受范围内，只是吃到大汗淋漓，好在有唯怡解辣，哈哈
21841,我去的时候是免费的，连香也是免费，因为刚刚修好，地方不大，问起父母是不是新的，他们说一早就在这了，只是之前被其他楼房遮住，而且很残旧所以你才不知道它的存在，闲时去逛逛也不错。
21845,朋友介绍说这家的鱼很好吃，那么我们就去试试吧\n鱼的味道的确不错，就是量有点少，不过这个价钱也算可以啦\n最喜欢他家的酸菜鹅脯，还有菜粥，赞
21879,去的是南美俱乐部的KTV\n小姐，小妹，妈咪各200的水平。小弟100\n音响效果可以，洗手间蛮干净
21894,吃辣已经成瘾的我一听这个名字就很想去吃了这个天气开始有点变冷就特别想吃火锅于是点评搜索了一下就直接去了味道很好
21918,看完电影出来已经1点多了，托着饿得咕咕叫的胃四处觅食。转了两圈，最后还是进了这儿。早已过了饭点儿，人很少，挑了个舒服的位子。鳗鱼蛋饭味道一般，加了鸡蛋就减了鳗鱼的量，汁也不够多，基本是就着酱油吃的。还是推荐鳗鱼饭。可惜现在特价鳗鱼饭只有周一到周五提供，有点小气呢...\n刺身双拼在搞特价，58/份。对生的都一般，就没点。\n其它也没什么特别可圈可点的了。
21921,我很喜欢那里，超大的落地玻璃窗可以看江景，一边品美食。喜欢顺德鱼饼，墨鱼饼，鱼皮饺，豉汁凤爪。饮茶要早点到，好旺，一般都要等位。在那里举办婚庆中正。
21936,妈妈觉得这里的服务很好 虽然离家有一段距离但是喜欢来这里吃饭\n我很喜欢很喜欢这里的铁板鱿鱼 今天终于带老公去了 真的很好哟~~但是现在过节呢 量明显比上次吃少了..味道还是很好哟~~\n牛蛙就很普通了 毛血旺更是北京城数一数二的难吃 哈哈 很久没吃辣的今天点了很多辣辣菜 毛血旺里只有两块鳝鱼 两块百叶 两块大肠..剩下都是满是淀粉的午餐肉 还有血豆腐 下面铺着宽粉 有点硬 对了 就连莴笋也只有两篇哟~~哎 这菜不怎么样\n这里是那种吃海鲜的地方 各种鱼还不错~~
21948,这家比较火，每次去都要等位子，周末更是要多等一会。但是东西还是很好吃的！尤其是蜜汁梅肉，还有羊肉串很好吃！烤肉都很不错，其他的冷菜热菜就一般了。他家的上菜速度还是很快的！基本上没有空盘现象。切肉的服务员很幽默，会给漂亮女生切很多肉。啤酒在三点之前是免费的，三点后就需要收费。建议朋友聚会和家庭聚会来这里，环境气氛还好，有大桌。
21964,"避风塘每次去我都要点 凤爪 云吞面 肠粉,我感觉这三样东西吃不腻的.虾饺皇和蜂蜜厚多士味道也不错.这个店唯一不好的地方就是到饭点去吃,去晚了老要排队的，哎...最讨厌排队了."
21997,味道不错，价格优惠，我们要了烧鹅13.8一个例牌而且味道不错、还有红葱头鸡，嚷炸面、客家豆腐、等买单130，环境与服务都可以，不过交通唔方便，位置比较入。另外要注意的就是发票是假的，回家参加地税抽奖才知道，比较郁闷，如要报销的朋友就要注意下了其他都比较满意。
21999,"前两天到牛哥聚餐,包房名全叫*牛,家人找来时把福牛听成了疯牛,搞笑,,粤菜馆,味道不错,最紧要是价格好实惠,多款十几二十几的小炒,今天试了特价烧鸡20元不到,皮好脆,香,,还有蒸鲩鱼,上面有花生和萝卜干,蒸得刚刚好,份量足,南乳炒年藕不错,味道够.白切鸡就不过不失,咕咾肉酸甜度刚好,也要赚一个.环单境来说,我是坐包房的,里面有平板大电视,有独立厕所,装修几精致,宴客都可以..服务,一般般了,要找服务员要出去找,除了上菜好少见服务员进来换换碟,加加水的,这个有待改进"
22014,7月9日前寿司半价优惠，乘着优惠去吃了几次，毕竟回复原价后就没什么价格优势了~味道无功无过，个别如土豆沙律什么的比较合口味。回转台上5元，10元的寿司碟很少见，尽是贵的碟，欺负的是很少来吃图回转台新鲜好玩的人，要吃便宜的还是得点单。点单有窍门，如果是非繁忙时段坐哪里点单都很快，关键是繁忙时段还是要坐旁边的桌子这样点单速度会快很多~\n  另外一定要索取发票，最近索取发票经常中奖~~哈哈
22035,中午没事和同事一起去吃的。。。。点了一条鱼，忘记多少钱了，因为不是偶给第，哈哈哈，最大的印象就是鱼好大。。。。。真的好大。。不过觉得没什么肉，可能偶们人多了些吧，瞬间就觉得有肉的地方都已经被挖空了。。。是鲶鱼，所以感觉有点油。。。。吃多了有点腻。。
22057,在家附近晚上回家前吃夜宵，味道很好。周末两天还点心半价，冰火菠萝油味道觉得比屋企好好吃。蜜汁叉烧和猪颈肉也很好吃。
22058,真是太实惠了，要是不讲究，上这来填饱肚子最合适，暖暖的吃一碗馄饨，很舒服。\n感觉好吃，几块钱填饱肚子就不要奢求什么环境了。\n买外卖没问题，可以拿回去吃，不用挤在这里。\n口味嘛，都不错，本人很支持。\n喜欢买回家自己煮着吃。\n唯一得缺点就是地方小点，位置比较紧张。
22063,店面不大，作为工作餐还可以吧，吃过没什么印象，只记得服务员懒懒散散的样子，味道一般吧，饿了，应急吃还成吧。
22081,汤品味道还可以，鸭肉也烂，还可以加其他涮的食材，包括肉类~ 然后蘸小料吃，嗯，不错的，地方不是很大，人多了就要拿号等位。。
22086,生日点的长寿面，只有3个蛋、几片火腿、几颗青菜，所谓的原价99.99元，坑爹呢！其他菜都吃完了，面才姗姗来迟，居然已经糊了，吃了几口就吃不下了。豆酱蒸黄鱼，鱼一点不新鲜。其他菜也很一般。再也不会去吃了
22088,世博了，检查很严格哦\n进去要安检，边上有警犬。快要开车前，警察上来查身份证。\n回来时，警察会检查车底，进来还要过安检门。\n坐车来去包含门票，觉得挺方便的，也放心。
22118,10点多过去的 竟然排着一长串队伍 猪排是蛮大的 6块钱一块 不过真的不知道有什么好吃的 太一般了 估计大排没有腌制过 味道很淡的 就靠蘸辣酱油 么撒好去的
22137,这家在跳岩上岸的右手边，生意没有隔壁水木好，但是感觉气氛却比那里好，里面靠江边的一侧还是比较安静的，看看江景可以选在这里。
22140,每次看到他们家都走不动了，谁让我那么爱吃冰激凌了呢，不过他们家的口味种类也多，环境也算温馨，多是给小资情侣们创造个环境罢了，葡萄兰姆酒、白脱核桃都不错，价格吗还是小贵了，不过都是偶尔才来的也就无所谓了。
22142,打电话去外卖，号称两个礼拜没有送外卖的，如果他们知道我要订一百杯外卖，不知道还送不送呢?\n不过已经无所谓了。。。。。\n不能送外卖就写清楚吧，生意好不是借口
22149,总是要排队的...\n爸妈很喜欢，我是对这个不感冒的。不过我爸吃东西很疙瘩的，但是这个倒能吃很多，一定是有独到之处的吧。
22154,奶茶也可以三兄弟啊，那有没有四兄弟呢，呵呵，葫芦七兄弟可以吗\n现在竞争越来越激烈，奶茶店也开始动起了脑筋，不进则退，有想法是好事。
22166,和朋友的爸爸妈妈一起去吃的~因为之前一直说冬天到了要喝鸡汤，朋友说这家店的鸡汤非常非常好喝~就选择了这里~可是结果觉得一般般吧~\n先说鸡汤~确实是很鲜很鲜，但是个人并不是很喜欢这种感觉，因为最近媒体上一直在宣传什么一滴香之类的把我也弄得很害怕啊~总觉得过于鲜美的东西很可疑~\n据说鸡汤的砂锅也比原来要小了，但是优点就是可以加汤~\n别的菜式比较一般，都是很家常的那种，可以做为配菜随便吃吃~
22245,家附近的店，逛逛就看到了，进去随便吃吃，鸡翅还可以，甜甜的，其他就和别的烧烤店差不多了，店面环境一般，人气也比较一般
22253,中午去吃了38元的套餐，相比于必胜客，它家的东西真的很便宜。可能是饿了的原因，第一口吃肉酱千层面，豆泥，奶油蘑菇汤，真的是很好吃。可是渐渐的，就觉得没那么好吃了。\n再次补充！\n今天突然发现意式蜗牛饭真的不赖啊~~
22263,几个朋友间的小聚，叫我选饭店。\n我就私心的选了离家很近的这家和兴。\n店里环境比较简约，蛮港式的。\n店应该有2个楼面的，整体面积不是很大。\n冷菜点了海蜇头，紫薯泥和烧鹅还有一个蔬菜色拉\n海蜇头味道还可以，只是太冷了。\n烧鹅大家推荐的比较多，好像是68元一份，价格有点贵，但是量还蛮大的，味道我觉得挺一般的，关键是太肥了，皮也不是很脆。\n热菜登场，酸菜鱼片，记得是42元，价格还可以，量也不算少，只是鱼片切得很大块，不过太厚了点，味道不是那么入味。\n炒虾仁，虾仁蛮新鲜，蛮Q的，如果那生粉少点会更加好。\n黑椒牛仔粒也是大家推荐比较多的菜，味道也比较普通，牛肉吃上去有点松散。\n干锅牛蛙，牛蛙不多，有几块肉比较老，特别好吃的倒是里面的藕片，好脆好香呀，喜欢的。\n还有个白灼菜心，菜心有点老。\n既然叫汤馆，当家的汤品终归不可以错过。\n一人点了一盅，我点的是虫草花瘦肉汤，28元。\n汤好大一盅呢，炖得很清淡，蛮好喝的，瘦肉当然是扔掉，只喝汤，只是其他菜吃的真的挺饱的，喝了半盅就喝不掉了，可惜。想想觉得人随着年纪的增长习惯爱好也都在改变，以前我不爱喝汤的，特别是荤汤，现在越来越注重养生，也确实觉得喝碗炖汤，肠胃很舒服的感觉。\n应该还点了一份点心的，那个什么蟹肉春卷，不过真没有吃到蟹肉嘛，味道一般般。\n店里还有免费水果吧，无限量供应，不过天冷水果也吃不多的。\n其实他家味道总体来说还可以，只是没有想到的是吃得不算多嘛，结账价格真的有点小贵，基于价格和味道的比较来说味道只能是一般了。
22265,2011-08-03wed\n和甲方约了这里谈方案，环境不错的，虽然店面小了点，在谈的期间还有服务员送来了试吃的小点心，每一块都切的很大啊～～呵呵，空调开的也很足，时不时有咖啡味飘过来～～～
22268,千万别住这，巨脏巨臭，服务员大半夜3点多还特么不睡觉，一群群的凑一起大声唱歌，大早晨7点半开始放歌，又tm不是来你这做广播操来了。饭菜也很一般。不过院儿里景色还行，后面那小山不错，基本上这一条街上的饭馆做的菜都不怎么样。
22278,时常和朋友去逛逛，衣服不错，比较时尚些，价格还可以承受，还有些打折。服务员态度很好，现在店铺也挺多的，嘉茂那边也有，所以这边不是经常去了。
22306,感觉和51路有许多相似，也有许多不同就是太绕了，就像是51支线，本来没有多远的路，居然绕了1个多小时，还都是堵车的路线，就坐过一次。
22330,今天去吃了烧腊饭，说实话，可能去之前期待太高，所以有点失望。感觉脏脏的，没有港式茶餐厅那么干净，旁边桌的大哥在大谈进城记发家史，十年前来武汉，现在又去上海发展云云。\n期待很高的烧腊饭，其实就是蒸饭，上面加了腊肉和香肠，旁边一壶酱油倒进去，虽然看着不怎么样，味道还可以。\n所以说，来这里，要保持平常心，就当吃路边摊，跟什么乐乐啊，永佳啊，差不多的。但是味道确实很不错，难怪可以越做越大，老字号啦！
22350,中餐品种多，我就拿了一点点吃不掉浪费了，菜的品质比较好，天天吃中餐不感兴趣。小碟子里的不仅仅是红烧肉，还有个鲍鱼藏里面，印度抛饼、烧烤、麻辣烫、港式卤菜。。。超多的 \n海鲜品种也很多，螃蟹的名字忘记了，三文鱼、鲨鱼圈、青口、小青龙、扇贝、梭子蟹、还有好多不认识的海鲜，各种寿司，各种调料！寿司都没吃，因为那东西稍微吃几个就饱了，我要留着肚子吃其他的。 \n一品什么鲍鱼、鱼翅，一边吃一边佛祖心中坐啊！什么当参乌鸡汤，没吃的东西太多了 \n哈根达斯，有木有！！！鸡尾酒、红酒、啤酒各种酒，鲜榨果汁、碳酸饮料、咖啡、奶茶、各种茶！ \n甜点太多了，布朗尼蛋糕、泡芙之类、巧克力喷泉，沙律，总之比长兴楼的自助强太多——转自化龙巷
22352,在临港读大学的时候有时候会去的，现在估计没什么机会再去了，当时有班车到学校的，当然人不是一般的多，挤得要死。。。\n东西很全的，会员卡也是在那里办的，超市楼下还有不少吃的，经常等班车的时候买个DQ吃吃。。。
22356,因为这属于高消费的范畴，所以总共也只吃过5次左右吧……一次学生会活动，两次跟宿舍同学特意去吃宫保鸡丁，一次同屋过生日，一次是照毕业照，中午去吃的，蛋黄焗南瓜也挺好吃的，还有包间呢，可高级了，哈哈
22363,我跟男朋友去这个就是去看看电影，也是团购的电影票。这条街挺好的，我觉得里面的东西还不错，在星期六里面买过一双凉鞋，就是吃饭的地方比较少吧，每次都不知道吃什么的
22374,内部装修，适合朋友、家庭聚餐。都是家常菜，味道很好，所以生意很火爆，周末的时候去最好提前定位。\n虽然是川菜馆，但是可以根据你的口味选择辣或不辣的菜，推荐木桶汽水肉。
22413,看到点评很高就带了几个吃友来拜访了，果然没失望！款款都经典呀，金牌咖喱虾做的很到火候，老板亲自为我们点菜，介绍！并且老板很懂啤酒（惊讶），竟然用4款比利时的啤酒来搭配菜肴.味道很独特，超赞啊~~印象最深的就是福佳白啤和林德曼樱桃味的啤酒，吃泰餐吃到这境界，朋友们都很满意，下次不开车来这畅饮下比利时的大象啤酒和莱福啤酒。不管是菜品和啤酒都比其他餐厅和酒吧便宜，独特的泰餐厅！
22436,以前挺经常去吃，小吃的种类比较多，价格也便宜，干净卫生，吃的最多的是生煎加小馄饨。可是近年来，丰裕的各个门店口味都每况愈下，又一个老字号摇摇欲坠了，几乎不再去了。
22445,比小宝好，小宝栗子越来越难吃。二斗的比较稳定。夏天他家会再露天摆刨冰摊。推荐蜜豆刨冰。酸梅汤一般，个人感觉不如老杜的。但栗子和蜜豆刨冰绝对好吃。啊，他家的栗子还可以弄成礼品装。还有干果和栗肉卖
22451,最近发现这边新开了一家小杨生煎，去四平电影院看电影再也不用吃KFC了！\n店面装修的蛮简单，但是格局还是蛮空的！两个人去吃很舒服！\n生煎要卖5.5元一两了，又涨价了！！不过味道很正宗！\n和LG两个人三两生煎+两碗汤，吃到撑的回去！经济实惠，味道又好！
22469,离单位很近的店，馋起来就去吃吃，一般香辣蟹里面的年糕我们要多点一份，大家都爱吃年糕。算起来价钱还是有点小贵的，蟹肉也不够吃。
22480,在金逸看电影，经常来这家吃冻酸奶。酸奶无比的冻，有点冰牙，也挺酸的，但味道还不错，搭配一些水果和豆类，还是挺好吃的！水果挺新鲜，就是分量较小！
22495,几乎每年的年夜饭都是在双龙吃的 双龙在海拉尔这么有名居然都没有在点评出现过啊 说实话 双龙的饭真是不这么好吃 但是贵在实惠啊 环境也不错 当天订的202 明年的都订出去了 只能去看201和205了 有个牛奶味的豆沙包不错 上面撒糖的 因为要减肥就把糖都抖掉了 锅包肉还行 有个油油的牛肉片 虽然蛮好吃的 但是太油了 还有排骨肉段什么的 跟自己家做得差不多 孜然牛肉 妈呀 也太黑了 还硬 姥姥嚼了半天都没嚼动 我们年轻人也觉得很费劲啊 18个菜 其他的都没什么印象了 印象最深的就是一锅出 基本上除了这菜其他菜都只吃了一口 鸡翅我一口都没吃 就这样还让服务员换了次盘子 满盘都是油  不过这个价位 装修还可以
22499,经常搞活动，折后价也很动人，买了两瓶，网页下订单加载速度有些慢。订单处理不够详细，会员基本要电话咨询，不能在网站上及时跟踪。酒窖会员的酒评很有用。
22515,"第一次去觉得什么都好,可是现在好像换了厨师,味道还不如我爸爸,乌梅汁也难喝了,贵了而且小了很多.很多菜都没了.总之什么都变得很差...再也不会去了"
22551,买了好时和糖壳子，试了试糖的味道，也没吃出来是真是假，想想比外面便宜就买了，真不知道这货他们是从哪里弄来的，很好奇啊。回家后也没称过重量不知道有没有点评里的偷工减料，可是糖壳子在我们自己包的过程中发现好多个是坏的，还好我们比预期是多买一点了，不然肯定要去问他们要的。
22563,就在家门口，中午和朋友吃饭找不到地方就会来这里，而且15元的套餐比较实惠，\n个人感觉麦当劳的薯条要比肯德基的好吃，比较入味，汉堡也还不错，\n主要是咖啡可以续杯，要一个套餐的咖啡可以坐上一下午，听实惠的\n由于这个店挨着小吃街，所以坐在靠门的位置总会有人把旁边买的烤串带进来，坐里面吃感觉和里面环境挺不搭的
22573,广院水煮鱼原来这里也有啊！水煮鱼是他们家的招牌，不过真的是很出名很好吃的哦~~以前还是学生的时候总觉得去吃一顿是很奢侈的事情呢，。那时候班级聚会大多也会选那，今天看到了真是怀念！！现在，虽然环境和服务水平都一般~！但是，上菜速度还是很快的~！还是很怀念。
22597,裝潢很有特色..\n 口味也不錯..\n  選擇也很多..\n   有時排隊也很長..\n    但總體還是不錯..
22634,文一西路朝羊锅村方向进去的路口旁，位置还是蛮不错的，虽然叫农庄，不过看上去还是比较高档的一个地方，里边的装修、桌椅都挺有特色的，尤其是椅子，都是大叶子形状的软椅，靠着很舒服。菜比较偏农家风格，搭配比较注重养生，口感都很好。推荐那个小金瓜和豆腐羹，很美味。还有他们家的特色年糕，外边蘸着红糖和芝麻碎屑，很香。饭点的时候人很多，很多都是附近的上班族，请客聚餐什么的。
22636,沽上渔夫搬来之前，这家喜洋洋我们一家人经常去，但现在呀，一是因为还要过马路，感觉远了几十米，二是因为菜没什么特色，没有一段时间不去就想的感觉。
22638,哈哈 就在家附近，看着以为是很正宗的过桥米线，，结果是很 失望。米线 太一般了。而且是那种自己放调料的做法，我怀疑荤菜都不会熟的， 炸猪排也很一般，哪怕从家到那几分钟， 再也没去了。。。还不如吃一般的牛肉面、
22655,法式奶油烧是我的最爱。每次去都要一个。第一次买提拉米苏是时候我第一反应是好便宜，一个100都不到，印象中蛋糕都是很贵的，慕斯蛋糕更加贵~没想到那么好吃的冰欺凌蛋糕不是很贵耶。全麦马铃薯我都叫他土豆泥包，喜欢里面的土豆泥，让我想起小时候吃肯德基时把土豆泥塞进圆圆的餐包里的味道。芝士球味道很好，很纯正，但是我对芝士过敏，不死心的试过两次，肠胃都无法接受，现在我只能看着芝士球流口水~另外8月5号是85度搞活动的日子，那天买东西都打85折滴~买蛋糕的话优惠幅度还是比较大滴，我会在那天预定好家人的生日蛋糕，等到时候再去拿。
22664,据说和金宝贝是一家，但是原来叫另外一个名字，现在改名了。提供的是幼儿英语，全外教，每次45分钟。也就是玩玩、唱唱……宝贝学的很开心。\n现在的价格是2500元28节课，应该还算可以吧
22673,软壳蟹手卷里的软壳蟹变好小，就加多条蟹肉棒，很难让人接受的！\n软壳蟹手卷里的软壳蟹变好小，就加多条蟹肉棒，很难让人接受的！
22684,新店开业，所有菜品价格9折，但是菜单中有一页是特价5折菜，没桌限点2样，但是如果点了特价菜，就不能享受正价9折优惠了。优惠时间持续半个月，貌似是8号开业的。\n没吃饺子，因为觉得慢，由于开业优惠，人气很旺，多为附近的居民。木耳炒的还可以，就是因为半价，所以量很小。炒合菜就不太好了，不如我们公司附近的大馅饺子。\n点了一个鸡鸡蛙蛙，是馋嘴蛙的长相，里面放了一些鸡丁。味道不好，不正宗，莴笋很少，我就爱吃莴笋，找来找去没几个。辣味也不纯正，说不清是香辣还是麻辣，要不就甜辣也成啊？一个都没沾边...\n菜单挺逗，忘记公司附近国旅的老边饺子菜单是不是一样了，男人必吃8道菜/女人必吃8道菜/东北大妈菜/川菜/燕鲍翅/饺子......五花八门，让人有些唏嘘：到底成不成？这么多菜系都做得好吃？\n还有服务员，让人感觉是自己的村长开了饭馆，全村人都来当服务员一样= =....反应不快，干活不诚恳，杯子不干净有个油渍，竟然当面拿餐巾纸擦了就想给我.....你去后面擦再拿出来，我就假装这是个新的干净的了，这当面...心理实在过不去了。。。全店，只有个男领班善于招呼，有服务业的样子，其他的姑娘小伙......不知道脑子里都想什么呢。\nanyway，会是只去一次的店...
22706,本来最爱是cheap路的妯娌，后来老公说这家是妯娌闹矛盾开的分店，（还只这家店闹分店才开的妯娌？）。后来过来一试，果然汤的味道是一样的好。环境还更干净些。
22714,新开的店，有优惠啦。不开车去，坐车去地铁口c口出来就挺方便的，一共2层，座位也蛮多的，减少了等位的时间，但不是不好吃哈，自我感觉，味道很好，不像别的烤鱼店，鱼研制的酱料非常咸，这里口味适中，鱼肉的肉质也很鲜嫩，因为去的人少点的菜不多哈，底料很也足，凉菜味道也不错，值得经常去吃
22717,首先申明，本人不是托。昨天是我生日，家人决定出去吃顿大餐，在王品和圣汐之间选择，看到网上评价这么高，决定去圣汐，毕竟人均价格差不多。晚上七点到，提前定了湖景位置，预定的时候电话服务就很差劲，当时就有点嘀咕，不过还是没有太在意，到了以后 服务员引到位置，就没来了。好吧 自助餐嘛 自己起身 开始选择吃的，系统上来说 真的很一般 甜点一般 哈根达斯品种也不多，冷食味道一般 比如寿司什么的 可是饮料酒水味道真的很差 完全是勾兑的，点了烤虾什么的 不咸不淡 什么味道都没有 真的失望之极 整个环境也乱糟糟的 整体菜品也很一般 不管是什么 都没什么口味 总之性价比真的很差劲啊 哎 太坑爹 以后再也不相信网上的评价了 这是我印象里苏州吃的最不值得的一餐了 以后肯定不会再去。至于中茵酒店 整体风格很喜欢 以后有朋友来 可以试试去住 至于吃 那就免了 反正肯定不会再去。还有 所谓的湖景位置 晚上黑漆抹乌 狗屁景观都没有 尼玛！！！！！！！！
22741,去必胜客，肯定点的是披萨，其他小吃，很贵，对学生来说点一两样来尝尝鲜就不错了。\n60元吃饱，没问题，披萨就很撑肚子了。如果不点披萨，光吃小吃的话，要吃饱就要花大价钱咯。\n店较小，一般都是逛完伊藤来吃东西的，错过高峰期就有位置的。
22743,第二次修改了评价，以前来的时候感觉还不错，价格挺实惠的，然后还有电子优惠券用，昨晚又去了一次，非常的失望，锅底变成了收费，然后羊肉的价格也跟着涨了，一份香菜竟然要8元……八元钱的香菜还不如菜市场一块钱的量（2010.5.1刚去了一次香菜12元一份了）别跟我说这是什么优质香菜或者说享受了什么高档的服务，这里的菜现在调的价格远远不值这个钱，换句话说就是物不及所值，两个人要了四分肉，几个菜，四瓶啤酒最后花了200，掌柜的给了张一百元的代金券，说可以长时间的用，这么贵的菜，代金券换来的肉还不够一个人吃的，太搞了，羊毛出在羊身上，这么做太恶心了。\n五一刚去的，老板已经换了，以前说的代金券也不能用了，说他们家的老板换了，p嘞，打的发票还是四牌楼的，以为老夫眼瞎~\n打123515投诉了，太过分了~
22746,渝中区很有特色的地方了。\n白墙，吊脚楼，错落有致的，观赏价值很大。\n进去找了家红红火火的小吃店，点了鸡杂锅，麻婆豆腐，担担面，小巧精致的菜肴，呵呵，倒是蛮有重庆特色的。
22762,端上锅的时候是清稀饭锅底，然后在里面烫菜，比较有特色的就是雀巢，一堆菜丝丝上面加一个蛋，油碟是自己兑的，有小米辣。吃到后面锅底变得很粘稠，这个时候就准备喝粥了，但鸡精味道过重，经过大杂烩这么一煮，很厚重唉~尝个新鲜还是可以。
22782,刚进门就被店员热情的招呼给吸引，在选择冰淇淋品种的时候店员突然大合唱，哈哈，太搞笑了，之前经过好几次酷圣石都没听到过，这次听到歌词笑喷了，歌词把DQ还有哈根达斯也包括了。
22792,早就是知道除了忠华还有他了，和忠华的区别就是这里可以喝酒呵呵\n五一节送丫头上来，带着她和3个表弟来这里，他们打车才12元，我打车竟然20元。。。。平时还总是很骄傲自己在兰州比丫头路熟。到的时候都1点半了，依然满座。\n没有烤羊排，点了手抓、黄焖、马大胡子土豆片，手抓味道很不错肉烂，香味浓郁，比起来感觉味道好就是羊不那么嫩，肉的弹性差些，不紧。黄焖感觉一般，吃起来很像咖喱，土豆片明显不是现炸，端上来都凉了。\n丫头没怎么吃，4个男人一气吃了6斤羊肉呵呵下午饭省了。。。
22806,毫不起眼的小店，在小胡同里面，不经人介绍是绝对找不到的。。。老济南的味道，实惠又好吃~招牌黄焖鸡，确实很好吃，量挺大的，两人的话两个菜绝对能吃饱~
22807,不太好找 不过还是相当值的 老板很热情 点多少也一样的周到好客 烤三文鱼头是重点 大家都没有喜欢的吗 酥酥嫩嫩焦焦的 回味无穷 再挤上一点柠檬汁 棒极了！
22809,去香港之前就听说了这家商场，很多人推荐，结果去了之后发现不是我和媳妇儿能承受的档次，奢侈品啊…商场太大了，而且要抱怨一下这商场的地图画的让人很是摸不着头脑，很乱。和媳妇儿在里面逛了逛，买完了给同事带的兰蔻就走人了，如果没打算消费5000元以上的钞票，建议不用来这家商场……
22835,店铺不大，但是生意很好，这里的环境也很干净整洁，老鸭粉丝汤做的非常好吃，再点上一笼汤包，皮薄肉多汁水多，吃的绝对爽快，价格也不贵，适合我们这样的上班族来吃。
22881,每次路过，都想进去试试，终于有天进去了，真的感觉没有白来。\n只要了手擀粉，用一次性盒子装的，看碗上写了里面有5种粉，愣是没找齐五种，貌似只有两种，粉还是挺爽滑的、还QQ的，很有嚼劲。适合天凉的时候吃，端上来热热的，上面有一层红红的辣椒油还飘着海带香菜。
22916,每年体检都在这地方，里面的有些根本不能称之为医生，有病的检查不出来，能检查出来的恐怕已经到了要准备棺材的程度了。实在是太差。
22948,去年住在那边的时候，有时候会去。不喜欢他家的米粉，没什么味道。倒是竹筒饭，蛮有特色的。米饭放在铺着荷叶的木桶里面，香香的。用菜的汤汁把米饭拌下，吃起来蛮好吃的。但是，现在不知道还有没有了。
22956,大概去吃过3次以上了吧，上课午饭的食堂，人多的话，人均价格会便宜一点。酸汤肥牛每次必点，尽管吃不了辣，但是觉得吃了热呼呼的。其他几个经常点的菜是一个油炸鸡软骨之类的，西兰花，牛肉，味道还是不错的，有饭后水果送，是甘蔗和小番茄
23015,这里主打牛排、鸡排、猪排，做法都一样，口味有蘑菇酱和黑胡椒两种选择。服务太差！到店半天也没人给点餐。旁桌还有没收的杯子和餐盘，叫服务生收拾，都说马上收，结果不见来人，饭都上来了，喊服务生收拾残盘，他竟然说“大姐，我只有两只手，这些不影响您食欲”，这是什么态度，你们懂得顾客是上帝的道理吗？！建议以后不要招这样的员工，给店家抹黑！！！这里我是不会再来了！
23033,跟同学聚会去吃了一次，感觉味道还不错。地锅系列是该店的特色，比较喜欢吃土豆牛肉地锅。就是环境稍微差了点。菜上的也不是很快，可能我去的那天人比较多吧。不过总的来说还是不错的。
23046,歌乐山上 所以交通不太方便 打车没有出租愿意上去\n环境真的很好可以鸟瞰沙区和嘉陵江\n山上的空气也比较好\n问题就是传说中的辣子鸡很好吃 吃了半天光是辣味 没有多么惊喜
23059,这家的环境实在不如别的店，在物美大卖场的边上，非常狭窄。感觉奶茶做的也不好，我要的布丁奶茶，等了半天居然忘了做不说，居然拿到还是温的，根本不够热。不知道别的时间人多不多，反正我下午1、2点钟去的时候，人很少，各种面包都有不少剩余的。芝士球的味道还是很喜欢的，凯撒大帝、照烧小丸子这些面包感觉刚做出来会很好吃，如果冷了再用微波炉加热就不太好了。价格单看每种也不太贵，但是挑了几种就好几十了，再加上饮料，就不算便宜了。
23062,火车站这边不是特别远，但是需要走一段路，三人行必须要吃美味大餐，在外面看着里面的卫生还行，就选择了他家，环境也是很一般的一家小餐馆，空间不是很大，人倒是挺多的啊，还好天气不是特别热\n前菜店了鹅肝，写的是秘制鹅肝啊，份量其实不多，味道还挺好吃的的，没有别的味道也不苦\n窝窝头，还有那个菜不知道什么菜，窝窝头好吃啊，那个菜做的不怎么样，在咸一点就好啦\n霸王蛙，这个份量还行，价格挺贵的，58一份，里面的配菜挺多的笋、莴笋好像还有豆干啊，第一次吃牛蛙还放都干的额，不过牛蛙的味道还不错的\n干锅手撕包菜，那个熏肉片好吃啊，虽然有点点硬不过还是好吃，包菜有点生了，在炒熟一点就好了\n点了一个紫菜汤\n吃的也很饱的...
23088,听说银锭桥拆了，于是紧张的跑到什刹海来。两岸的四合院胡同内，众多酒吧林立，夜晚时分灯火辉煌，用现代的喧嚣和古代的传承结合起来，讲述那些老人口中耳熟能详的故事。在这样一个环境中滑冰，是让自己思绪沉淀的好办法。多少个北京人的冬天，都是听着和平鸽的哨子声，吹着北风这样度过的吧~~~
23105,味千拉面~上海现在有好多家了吧！总体来说蛮好吃的！去了蛮多次了，以前是去吃面比较多，不过最近爱上了他们家的综合冰，那里面东西蛮多的~适合炎热的夏天！不过有点小贵，但还能接受啦~
23123,这就是苏家屯的西塔大冷面，咸口的荞麦面，很多人说好，可惜不对我胃口。我喜欢老的工农兵冷面，自从黄了之后我就再也没有吃过那么好吃的冷面。老友谊一楼拌菜冷面，二楼是烤肉，其实有些菜炒得不错，印象最深的就是大蒜鳕鱼，老妈吃完还学会了，算是偷艺吧，呵呵
23125,这里没到过年30的晚上就会来好多好多人呢，里面还有好多树，应该是石榴树吧，如果你信佛的话，很适合来玩玩呀。周围还有个放生池吧，里面有鱼哦
23151,不知道去的时候是因为周末还是怎么的，等了估计有半个小时才排到我们，不过在等待的时候里有免费提供的饮料。进去之后发现很混乱，人很多坐得又挤，拿个菜撞来撞去的，最郁闷的是，想吃骨肉相连这种不太值钱的东西都要拿夹子排号，一个人还只能有一个夹子，由于中午去的晚，这边菜收的又早，没排到几次号就结束了，第一次吃自助竟然木有吃饱，太不爽了，感觉虽然价格不算贵，但还是很不划算，以后不会再去吃了。
23158,住在浦东的准妈妈们可能会被塘桥街道忽悠过去，我就是上当的其中之一，主要是老公急急忙忙付钱参加，建议先考虑清楚再参加课程，如果准妈妈们没什么时间去学习婴儿知识和胎教知识，可以考虑参加，因为那些课程幼稚简单到吐血，费用又贵\n没事教你做个手工就叫手工胎教，画个画就是艺术胎教，很崩溃的，教给我们的准妈妈知识在医院建卡上课早已说过数次，包括所谓的营养测评也就是把你吃的东西记录下来给他们看，然后就和你说一些平时在医院上课也说过，无非就是甜的少吃水果少吃，鸡蛋牛奶每天一次，诸如此类的废话\n很不实用，1400多左右的费用，我宁愿给小宝宝添置东西，现在后悔莫及啊
23178,在拉手网上买了8元港币的金牌碗仔翅，两份。打印出来。拿到那里，发现环境很小，服务员忙的很，也不理会你。告诉他想坐下来吃，大概因为没有点别的东西，他不让你堂吃。只能打包。说真的要堂吃也没有位子。而且这个东西也不好吃。如果是原价15元我肯定不会买来吃。如果再酸一点的话就是上海的酸辣汤了
23196,开着好多年的啦！出品都几好的！价钱又不高！就是有时环境吵着少少！扒还是不错的！值得推荐！有时候很多鬼在那里出没！
23200,坐得离乐队太近了，哈吵。其实歌还可以，不知道哪个是主唱，貌似都有唱。贝斯手站在角落里默默自嗨，吉他手像是来打混的。。。。
23229,环境不错，地方也很好找，几次 同学聚会都去的那儿。煎饼是特色，很劲道，不错的说，别的菜的一般般了，不过上菜的速度很给力。
23230,有一次跟朋友去河北，在定州大酒店吃过几顿。估计算是定州毕竟顶级的酒店了。菜色属于雅俗共赏，有比较高级的鱼翅之类也有焖子、大烩菜之类的。口味感觉跟定州所有的大小饭馆都是一个味儿。定州特有的一种味儿。
23235,简单的说，就是环境舒适、优雅，价位不算高，绝对吃饱。\n喜欢牛排，肉质和味道我觉得算可以，牛排、猪排都还不错，鳕鱼不是很爱吃，稍微有点腥，一般吧！建议最好不要吃58的牛排，肉质一般，T骨的稍嫩些。羊排不是很好吃，不推荐。\n在他家吃强项在于把主食、沙拉、甜点、饮料都做的让你愿意吃，味道不错，倒很好的，都能让你吃很饱。土豆沙拉、蔬菜沙拉等都还不错~浓汤都很好喝。焦糖布丁味道很好。饮料记得，是可以续的。人多了的话配餐多点些不同样子，都不错。\n不要不好意思催服务员，有时候要多了他们有些懈怠。
23243,临时想吃一些清淡点的食物，选择了这家千厮炖鸡馆。\nDP原来标注的位置有误，实际位置在五小区往南坪西路方向第一个十字路口，昌隆城市花园大门斜对面。\n店面装饰还算不错，但服务员素质一般，不仅有的反应慢半拍，还出现了推诿争吵的情况。\n菜品方面倒是非常满意。白果炖鸡，汤刚一沸腾一股浓郁的鸡汤的鲜香味就扑鼻而来，炖得的确有功力。鸡肉也没有老掉，配上有点胡辣味的青椒碟很好吃。\n小炒鸡，鸡肉的分量一如既往的少，但只是吃配菜的尖椒也感觉值回价钱了。\n凉拌的丝瓜尖，第一次吃丝瓜尖，口感脆嫩也很入味，不错。
23259,最好人少时去，不然抢不到虾 哈哈。最好人少时去，不然抢不到虾 哈哈。最好人少时去，不然抢不到虾 哈哈。最好人少时去，不然抢不到虾 哈哈。最好人少时去，不然抢不到虾 哈哈。最好人少时去，不然抢不到虾 哈哈。最好人少时去，不然抢不到虾 哈哈。
23264,离家不远，在他家吃过好几次了，每次吃得都很满意\n这回是平时中午去的，人不是很多，没有吃鱼，最爱她家的各种滑~~\n感觉他驾驶不定点反券，前几次吃都没有，这次吃100返30，正好下回锅底钱啦~哈哈~~~
23278,吃过一次，每次路过都排队，所以好奇买了一次，还可以，但后来吃了韦氏的豆沙的后，觉得这家还是不如那家的，豆沙的没那个好吃
23289,粽子不是很喜欢，路过他家主要已买玉米棒为主\n3.5谈不上贵，马子还算蛮大，口感也还不错了，希望别是转基因或者浸过甜蜜素啥的，哇呀呀
23312,很喜欢他家的下午茶。\n点心都比较可口，传统的广州点心（更换了牛羊肉制作的）出品都不错。\n这次去，发现了他家的北方锅贴饺很好哦。是个意外发现。\n特点、顶点，我都会点。 \n一般我们3个人去，都会消费120元左右，是不是很能吃啊？\n主要是每个点心都想尝一尝。呵呵
23319,蛙蛙叫 呱呱叫 哇哇叫 完全分不清楚。。。\n朋友打电话说请客在1912对面的哇哇叫 擦 跑去一看 明明是呱呱叫 \n点了3个锅 一个牛蛙 一个鸭掌 一个鱿鱼虾的 \n鸭掌的太美好了 骨头都剃掉了 肉量明显不足 下面垫的全是包菜青椒什么的\n在包间吃饭 吃了一半有个老头推门进来 提了一桶脏水 然后跑到角落里面把植物浇了一下又出去了 搞的我们很无语\n快吃好的时候有个小伙子进来收盘子 把盘子里的水弄翻到朋友身上 也只是拿了一包餐巾纸来给他 就走掉了 \n一群莫名其妙的店员。。。
23332,现在成都购物方便多了，原来要买东西一定要去春熙路，现在东南西北中都有大型购物商场，再加上网上购物，现在也只是有空时既看场电影，再逛逛街咯！
23335,这段装修新房的时候，在那看的家具还有橱柜，手盆等等。\n感觉中等的价格吧，不像红星美凯龙那么贵，也不像九路家具城那么不敢买。总之在中档的水平，有些牌子还总打特价，感觉还是有东西能买到的。\n我在那看的实木家具，感觉能比九路家具城能有保证点\n而且他家总有活动，如果敢上活动买家具的话更合适了，都能讲价要赠品，哈哈。
23390,之前在广州的时候就一直很喜欢喝这个牌子的珍珠奶茶，深圳这边分店很少！所以想喝都要跑很远！口味挺多选择的，不过本人喝一向不加糖！乌龙冻奶茶很不错 以前在广州还喝过薰衣草的 不知道这边有没有
23394,很幸运的坐到了露台的位置，但是现在有点凉了，风吹过真是要发抖了~\n但是氛围真的不错，酒也好喝~真是酒不醉人人自醉啊~\n他们家的服务生也都很NICE的~\n走的时候，发现屋子里真的是暖和啊~不过坐过露台也算值得了~就是有些很好的位子都被预定了，所以估摸着下次一定要喝的话还是要先定位~
23413,国际饭店多有名啊，弧形的大楼，名字也响亮，毕竟是老牌子了。外国人也比较多，可是感觉房间设施比较老旧，不过酒店大堂金碧辉煌，而且和国贸也也离得近，买东西方便。
23425,公司聚餐去的，如果是自己花钱，我还是会选择其他相类似的地方的！\n去的时候很不巧，胃病犯了。喝了很多紫米热饮，很暖胃。\n鱼生之类的很新鲜，三文鱼肥而不腻，但我还是更爱章鱼足和北极贝，一口气吃了很多。\n其他的明星菜品也很OK。
23426,小朋友很喜欢去的汉堡店\n最喜欢他们的奶昔，和别家不一样的，特别厚和滑，不知道有什么秘方\n汉堡大多40几元一个，很大个，牛肉饼也是新鲜做出来的，有juice，和快餐店的绝对不同\n还有芝士条也不错，趁热吃\n反正女孩子一个汉堡已经很饱很饱了，我一个是吃不完的\n性价比挺高的好吃汉堡店
23453,还不错的商场，以前我在里面没开了一个点，后来做不下去的，只好转让，现在是温州人在经营，重新装修的，应该还可以吧。还就没去了
23455,"南华卤面是正宗的滇味。\n新迎小区的搬迁到新草房对面那个巷子里了，一开始也没找到，卖报的老爷爷是个销售高手，每天还是在说国家大事。。。\n推荐菜: 卤面 小碗5元 大腕6元  加排 加肥肠 2.5元 加豆腐1元（新迎店的,其他家没去过）"
23463,在小区上海路那个门口一进去就是，先说吃的吧，番茄牛腩很赞，牛腩烧得很烂，就是上菜很慢，差点把汁都喝了才上后面的菜。梅干菜烧肉很入味，手撕包菜还行吧，总体味道很满意。环境吧，窗口是沙发，墙上都是贴的杂志上的一些图片，看起来比较像西餐厅的感觉，但是里面是桌子配上板凳，又有点复古。有点奇怪，不过倒也没觉得难受，很安静，窗外一群小孩玩耍，很温馨的感觉。就是没给打折哈哈。
23483,感觉蛮好的呢\n好像是它们店新开张的\n还是刚装修过的\n蛮喜欢它们的房间风格的\n很粉~~呵呵\n很温馨的~~~不错哦~下次还会去的
23494,香！味道特别香\n饿！等得好饿\n5个人，点了4斤多大马哈鱼，2斤多草鱼头，刚好吃完。属于看着不多，吃起来很撑。最后还打包了汤回家煮鱼豆吃吼吼。\n用都市惠的7.8折券，不然过千了。要去的同学建议去都市惠打印下，可以省不少钱。\n适合人多吃，人少的话， 鱼都没法子煮。好大个锅。
23496,大华新开的避风塘，味道和其他的分店差不多，最爱吃他们的点心，趁着有打折卡就去尝了一下味道。最爱还是蟹子烧麦皇和鲜虾腐皮卷，可惜今天榴莲酥竟然卖完了，难道我下次还要提前点来吃吗？
23531,前两天还去吃了呢！菜越来越少，价是越来越高。烧饼长到一块钱一个，而且粉条也都是一块的。也就是看上他家的辣子还不错，在加之在单位附近。贵就贵吧
23534,今天请朋友吃饭。。。说想吃川菜。。。。就来这儿吃了。。。。口味还可以。。。比较麻辣。。。。。有点咸。。。。。大堂比较吵。。。。和朋友聊天要提高点嗓门。。。。。菜色一般。。。不太货真价实。。。。。水煮牛肉肉比较少。。。。。麻婆豆腐一般般。。。。。没有什么觉得印象深刻的菜。。。。
23536,经典三锅，菌汤锅很好喝，涮菜味道实在是淡，番茄锅比想象的好吃，辣锅不算辣。\n桌子好热，酸梅汤放上去一会儿就温嘟嘟的。\n周末去的，几乎没人。周边都是写字楼，一到周末人气好低。
23540,周一到的星烫王，老板不在，但是依然受到了店员的热情款待\n。菜品可以随便点。签子喜欢什么就拿什么。呵呵，比我想象中的麻辣烫环境好了很多。。大家一起煮火锅，其乐融融。。\n比正常的火锅店更有创意，更有特色\n侬。这就是锅底楼。。\n其实他家有很多种锅底。。偶们去的时候，店员问我要啥锅底。\n由于还有几个人没到，我说不知道大家是吃辣还是不吃辣\n就要了个鸳鸯锅。\n但是事实上决策有点失误。。大家6个人，只有1个人可以吃辣\n早知道点个鲢鱼啥啥的锅底了。
23583,"这家店好吃的蛮多的,特别推荐炸猪排,炸得金黄色,沾上辣酱油味道很好.叉烧猪骨汤拉面里面的汤是用大骨熬制的,叉烧很嫩,汁水很多."
23613,想起这家书店，就觉得很愉快。\n有很多非常美的人文方面的书，环境闲适。\n让人愿意在一个不忙的午后，在这里消磨一个下午。\n第三极倒下后，真心希望所有有特色的书店一定要坚持下去。
23629,以前在吴江路那头的时候就去吃过了，大概是《人气美食》采访过的关系，他们家的生意一直很好的，每次去都要排队。以前基本就吃吃他们家的鸡翅，毕竟最有名嘛，味道也不错。\n现在他们家搬到吴江路的另一边了，二楼，上次路过，生意依然很好，依然排着队。在那边解决了一顿午饭，吃了一些以前没有尝试过的烧烤，我们点了鸡翅、羊肉、牛肉、金针菇、茄子、土豆什么的，其实我吃下来的感觉味道还不错呢。看到还有人点小龙虾、烤鱼什么的。不过他们家的烧烤性价比不是很高哦，看价格还蛮高的样子。\n从环境方面来看，他们家只有露天的座位，天气太热或者下雨的情况下，就不怎么方便了。那次我们去的时候还挺热的，只好找一个稍微凉快一点的座儿，否则还蛮晒的。\n总的来说感觉还是可以的，烧烤这种东西呢，多吃肯定是不好的，不过如果长时间不吃呢，又会想念的，所以呢，还是偶尔为之比较靠谱，呵呵。
23660,上周末馋虫发作特意上网搜了请老公带我去的，结果有些失望。\n鱿鱼和海鲜确实烧得好吃，但其他的东西就真的不好吃了，干巴巴的，不入味。\n服务态度很好，有警察来抄单了老板会望风：）
23681,第一次在金山石化吃味千拉面，是一个下着阵雨的中午。\n生意颇好，我独自落座，点了19元的招牌拉面以及配菜金针菇（3元）、笋尖（3元），\n大约喝了十多分钟的大麦茶，我喊的东西全部上桌，\n招牌拉面的汤头还是那么鲜，呵呵，金针菇太甜了吧，我有点不能接受。笋尖还不错。结账25元，还算比较满意的午餐吧
23694,跟朋友去团的餐，离开阳桥200米，就在一个小路口的把角。大大的霓虹灯在晚上非常好辨，门口还有领位员，对讲机通知客人人数。\n餐厅就在二层，上了楼梯后的布置还是契合了菌的意味，小桥，古筝，很自然的感觉，在靠墙处是用装饰叶隔出来4个小间，两大两小的桌，我们选4个小方桌。\n团餐的菜品不多，牛羊肉各一盘，竹荪、菌各一盘（煮汤用，可食），蔬菜拼盘，一份龙须面（说白了就是挂面，头一次见到），酸梅汤（几乎没味），小料麻酱、海鲜汁。\n店家的就餐步骤为先喝汤再涮肉与菜。汤鲜还是不错的，其他的中规中矩。
23704,那天和几个同事加班到凌晨2点多，跑去宵夜。因为第一次去，看到夜市的大门还以为是个集贸市场，进去才晓得里头都是一个个的大排档。同事把我们带到这家，点了个莫斯锅仔（名字忘了）、炒牛筋（我的最爱）、烧鸡公、卤水花生和一大哈烧烤。菜的味道烧得好行，就是味大了点；场子乱哄哄的。小儿蛮勤快，一喊就应！
23739,原来在点评网兑换过1号店的券，10元的。买了很多的吃的，打折倒是没多少，但是却不错呢，质量什么的都很好，邮寄的速度也还可以
23741,新鲜报道，艾森同事在这里摆喜酒\n菜的味道很本帮，重甜\n服务跟不上啊\n厅很小，估计最多只好放15桌\n价格很便宜，2000就可以吃到龙虾了，最便宜的只要1688，送的东西也超多\n喜欢桂花拉糕，很有上海风味
23761,总的来说还凑活，但是总感觉不是非常地道，酿皮不如唐韵秦风的，大盘鸡不如耶里夏丽的，逛街累了随便吃吃还可以，口味比较普通吧...
23763,看楼上的评论，深表赞同。以前服务好也好吃，现在换了人，一男一女打打闹闹，排在我前面的大叔说你们不要打情骂俏了，赶紧的。那个男服务员立马吹胡子瞪眼，看样子就差扑上去打顾客了。就这服务，再也不去了。
23798,我ld生病的时候去过，水平比较差，没腹泻就补钾，弄得头疼死了。所以尽管家近，我以后也不去这家医院了。
23801,鄙人只能适应中的程度的辣，他家的菜很适合我，辣度正好能承受，卖相也很诱人。喜欢他家的酸菜鱼和口水鸡。就是菜得量小了些，感觉不够实惠。
23802,很喜欢他家的小吃，路过的时候会进去坐坐随便买点什么吃，不过人蛮多的，有时候去会没有座位。在中山门这个大居民区来说，店有点小了。
23812,不管是环境还是口味都中规中矩吧，赶上一次满100返100的活动，还是挺实惠的，第二次拿券带婆婆去吃，不过如果没有活动可能不一定会再去，可能还是没有什么能特别吸引我的地方吧。
23815,这家COCO开在快乐柠檬的边上，生意也不差哦，喜欢COCO浓郁的奶茶味，平时一杯双拼真的是超满足的，只是这家店的服务员有点木讷，对于有些优惠券反应不是很灵敏的
23846,德式主题夜，138一位，服务很好环境也不错老外特别多，地方不是特别大，种类也不是说特别的多，但是食材都不错，吃下来没有什么让人特别印象深刻的也没有讨厌的。总的来说，值得一去，也值得再去吧。
23854,好几次路过都有看到老大的沸腾鱼乡四个字哦，终于经不起诱惑，外头门面普普通通啊，进去才发现价格蛮辣手。木有最爱的鲶鱼，点了条黑鱼，最小的，两斤三两，59一斤，再加了一份豆皮，一份藕片，总价160一盆，怪怪，这大概是我吃过的最贵的沸腾鱼了吧。再加了份生菜，两个女生吃估计差不多了吧，问道服务员有茶水吗，服务员表情忽然变得很古怪，于是换个方式问：茶水多少钱一位？那家伙呆了半晌，老大不情愿的说：茶水不要钱- -！\n好吧，那就一边喝着免费茶水，一边等鱼来。生菜先来，刚吃了两根，发现菜上插了根刷碗用的钢丝球，郁闷，叫端回去去换了盆，换来一盆，特地多加了几片叶子，碗上两个大大的缺口，心里有些不爽诶，不晓得是不是故意给换了个破盘子啊，味道还行。\n再说说这个很贵的鱼吧，味道确实不赖噢，两斤三两量很足，鱼肉很嫩，配菜也很新鲜足量，只是好麻，超级超级麻噢，麻得受不了，不过也很过瘾啊。
23858,下午去的，运气不错，点心打对折，最后一天。他们家的东西原价的话，是有些小贵的。煎包还不错，面粉很好。西杏炸鲜奶蛮好吃的，就是杏仁的部分有些油腻。虾饺皇里的虾还是很新鲜的。就是味道淡了点。\n牛仔骨有点老，茶水费要五块一个人 所谓的大红袍。。。。。。
23859,逛到Albion柜台，又一次遇到那位笑容很甜美亲切极了的美容师，日式的服务让人毫无压力，不像有些大牌的BA好像自己贴了那个LOGO一样趾高气昂搭讪之余试了几款不同的渗透乳，美容师强烈推荐和健康水一样也是albion明星产品的草本香精油，一瓶就可以从头用到脚，适合准备着为秋天囤货。\n美容师在我们手背滴了3d的样子，建议我们边按摩边听她介绍，草本香精油的主要成分是黄荷荷巴油和星星草精油，这两种之前都没听说过。黄荷荷巴油是从荷荷巴种子中以最顶级的萃取法取其第一道冷压榨取，保留荷荷巴油最珍贵的原始物质，也因为取出的油呈漂亮的金黄色，故称之为金黄荷荷巴油。\n作为日常皮肤护理来说，洁面后可直接用2-3d的量揉抹按压全脸，起到放松柔软皮肤的作用。\n不赶时间呢，加多一点用量，用大约一茶匙的量由内向外的在脸上做个按摩，嫌油份太多就在最后的步骤用纸巾吸去一些油。\n除了脸部适用，全身皮肤也都可以用，容易干燥的手肘，膝盖，脚后跟，按摩完手心有残留的可以到处抹一点，不浪费嘛。\n当然很推荐用这款来涂发梢的，用完了卡诗的顺发油还没来得及补货，这个月都是用1-2d的草本香精油在涂发梢呢，很柔顺很有光泽。\n参看@cosme的评价补充：连续三年蝉联日本最受欢迎明星产品 ；荣登日本权威性美容网@cosme“精华油”类的年度大赏第一名；被日本@cosme列为“殿堂级”美容产品 。\n和kiehls的油相比，k的基地油比较薄，吸收更快速，滋润度没有基地油质地厚一点的a来的好。
23881,龙阳路地铁出来 无意吃到的一家店~觉得和真功夫差不多 但是我觉得要比真功夫好吃和便宜~\n喜欢梅菜扣肉 拌着饭吃蛮好吃的\n还有银鱼炖蛋:最喜欢吃炖蛋了~\n反正有时候晚上回去没饭吃在那里解决一下还是不错的~
23921,有段时间去得比较多，什么地方都架不住去的次数多了，第一次感觉还可以，之后就越来越一般，呵呵！之后旁边开了个锦城印象，觉得那家的比这家好，就改地点了
23923,实际他家的土豆粉我倒罢了，我老婆是超爱吃。呵呵，我大爱他家的涮牛犊和涮豆皮。因为是一直在汤锅里涮着，非常入味，当你吃的时候再撒上很多的芝麻酱和辣椒。味道真的很好。
23927,老乡会去过一次。。。没觉得有比较好吃的东西。。而且有点小贵。。贵得没意思。。所以就选一般咯。。\n看他家广告打得很凶猛。。除非聚会。。一般不会再去
23970,买好果然豆就顺便过来吃小笼了 这附近小笼店还是有几家的 竞争挺激烈的\n要了一笼全家福 看着老板拿出来现蒸 我就喜欢那热气腾腾的小笼包\n我这个人对葱姜和腥味是极为敏感的 以前小时候吃得南翔蟹粉小笼那个姜味哟直接导致了阴影\n第一个就吃到了蟹粉的 哇塞 完全不腥 而且汤汁和蟹粉都很饱满\n然后是虾仁和鲜肉的 也都好吃 主要里面的馅料很紧实\n它家的皮是那种薄而有韧劲 不易破的 如果非要挑出个缺点的话好像鲜肉的味道有点咸\n附近上味馆的小笼呢属无功无过\n也吃过十里洋的全家福 当时觉得不错 可现在一比较 还是有点差距的\n十里洋的虾仁有点腥味 鲜肉的肉质不是紧致型的\n以后吃莱莱我要点全蟹粉的 咔咔
23982,在原来单位附近，吃的人老多的。2点都做满人。喜欢葱油拌面加素鸡和辣肉。价格老便宜的。那征子正在看韩剧，觉得这里的面到了韩国肯定大卖，比杂酱面好吃多了！
24019,酒吧的门脸儿很有新中国民房的样子 绿色的窗户框 绿色的门 很像我家以前的样子 晚上去的时候气氛很好 认识不认识的客人都会打招呼 很喜欢那面涂鸦的墙面 色彩很好看的富士山 店里的美女老板很热情 调酒的大哥很有品味 推荐的鸡尾酒都很好喝 看的出店里经常会有常客光顾 这里真的很适合朋友聚会 也是结交新朋友的最佳场所 价格也很公道 很适合作为平时小聚的据点儿哦O(∩_∩)O哈哈~
24053,反正是过度用的等西站好了估计还得拆了\n附近就是杨柳青广场啊，还有石家大院，为什么总感觉治安有点差，黑出租多的让人无奈了\n候车室卖票窗口都好小的，还有是不是和东站不和啊，为什么不能在这里买到东站的票啊
24075,这家店的环境真的是不敢恭维，整个店不管楼上还是楼下，超不通风的，空气超差超浑浊，2楼感觉像是店家自己加盖的，那个地板人走过都会上下起伏的，我和朋友吃的时候还开玩笑说会不会吃着吃着就掉到1楼去了。我们点了3个菜，超级慢的，等半天丢没一个菜上来，找了个服务员催了下，我听见她和另一个服务员说“这桌点了菜的”，我晕~难道他们以为我没有点过菜在干坐着~总之这3个菜都是用催来的，看别桌的烤鱼都上的超快的，真后悔没点。水煮牛肉让我快抓狂，那碗牛肉明明就很老，还拼命加芡粉想要装嫩，搞到整锅菜都稠到一个不行，倒胃口。干锅虾的虾实在是不大新鲜，这顿饭唯一的亮点就是干锅虾里垫底的红薯条了，又香又糯又甜，搭配辣辣的味道还满还吃的，那天就是吃红薯条吃饱的……
24105,上次带我家我小贝贝去修剪了下毛发，感觉不错，剪的时候我家贝贝很听话的，没有想以前那么叫，不知道是宠物园的人有本事还是我家贝贝今天特听话，剪的爱不错的，以后还会去啊！
24111,去逛古城，看了点评里的评论说这家不错，但是吃了之后很失望，点了罐罐排骨饵丝，饵丝粘粘的，可能不是我喜欢的口味，觉得不好吃。
24115,去吃的特惠套餐，42元还送沙拉吧，很超值！\n环境不错，比较安静，去的外国人比较多。但是一旦中国人多了，餐厅就热闹了\n先说套餐吧\n鸡排，味道有点像奥尔良，还算比较大的一块。配的米饭，还算比较好吃。\n沙拉吧里好吃的有很多啊，还有很多主食。所以光吃沙拉吧就能吃的很饱，再把套餐打包。很值嘛。呵呵\n意面的酱很好吃，味道真的不错！\n蘑菇汤很好喝，料很足，奶油味很浓烈。对于我这种超爱蘑菇汤的人来说，这个简直大爱啊。喝了好几碗~\n还有很多新鲜的蔬菜沙拉跟水果。我是很爱吃水果的人，所以这个简直太是我的菜了。\n总体来说，挺不错的！
24123,在万达里，权金城的档次算是比较高的。\n逛累了来这里吃烤肉感觉很给力。\n这儿的环境比较不错，没有太大的油烟味。\n喜欢那个腌过的牛排，有骨头的那个，就是价格偏贵了。
24124,感觉这里还算是可以的吧，店不算特别的大，不过总的来说还是很不错的一家小店，\n菜做的也还蛮正宗的，菜量给的也满足的。
24149,一直记得在杭州的时候一帮同学经常去吃刘家香，没想到家附近也有这么一家刘家香，是不是连锁就搞不清了，不过口味还是比较近似的，也都是稍微有点咸辣的风味\n中午的时候，饭店人不是很多，感觉比较安静\n菜色味道一般，都是咸辣口味的，印象最深的是附送的花生冰沙，真心好吃！
24152,看电影前吃饭先，没什么可吃的，就吃寿司了。\n没有坐在回转座位，因为不喜欢那个椅子那么小，我就喜欢吃饭的时候坐的舒舒服服的吃，这才叫吃饭。\n要了一杯蜂蜜柚子茶，很好喝。\n基本没怎么吃，似乎都不饿。就顾着喝那大杯茶了。呵呵，估计冬天热茶还是有很大吸引力的。
24166,"因为这是离我家最近的医院,所以每次生病都会来这里的.\n最近身体一直不大好,老是发烧,而且还反反复复就是不退.\n现在看病真是贵啊,配个药吊个水就要好几百块钱,\n医保卡里面的钱几乎都用的差不多了.自从上班以后身体就\n没有读书的时候好了,看来还是缺少运动啊.\n至于医院的服务,2个字:无语.有次我去验血,竟然把我的报告搞错了,\n医生也没发现,还就这么帮我诊治和开药,直到我回家仔细一查,发现\n搞错了再去医院换报告.幸亏对诊断的结果影响不是很大,要不然出了\n问题真是不敢想象啊.以前总觉得医务工作者是很神圣的职业,现在\n我发现自己只是他们手中的流水线而已."
24168,今天去的大悦城 来到的8层 这里位子比较多\n由于是赶时间所以吃这个比较合适 而且价格便宜才11\n吃的也刚刚保 味道也还说的过去 挺好的
24173,喜欢吃海藻\n味增汤说实话我觉得惺惺的不是我的味道不过很鲜\n今天晚上又准备去吃了\n喜欢鳗鱼小碟。\n老公喜欢吃章鱼小碟\n味道总的来说不错。很实惠。\n准备今天去试试蛋糕
24194,"鲜奶小方可谓沪上一绝,其鲜奶香甜细腻,一入口就化开了， 一点没不腻不厚, 蛋糕里还吃得到菠萝粒 打耳光不肯放!栗子蛋糕也非常好吃哦."
24203,上周才扫荡的一家菜馆，作为中午改善口味的选择。店家很普通，没啥特色，看墙面上贴的菜式的图片，好像都是很辣的，但做出来的菜都还好。这样的店也就是做做周边的居民和过路客的生意，场子很大！
24210,火爆到不行的一家店啊~\n氛围真的很香港，布置和餐具之类的都是香港当地的风格~\n不过菜式的味道没有传说中那么厉害吧。。\n吃下来只有豉油鸡味道不错，鸡肉很滑嫩~其他也就soso。。\n排队那么久其实没那么值得啦。。。现在上海吃饭是流行排队排死人。。
24233,经同事介绍特地去吃的\n很正宗的茶餐厅 味道也很正宗 \n奶茶很正 就是那种苦苦的带甜味的茶~ 不是外面卖的奶味的茶...\n煲仔饭也很正宗  就是HK吃的味道嘛\n本来想点甜品 可惜一个也没...唉\n五点多去吃的 店里没人的 不过后来来了几桌人  都好像是经常来吃的那种广州人 也许是HK人...  看他们吃的那么熟练..恩...果然这家店是不错\n下次去吃 记得拍点照~
24237,作为一个在成都读书几年的差不多玩遍了的外地学生，我很负责人的说，熊猫基地是我最喜欢的旅游景点，没有之一，就是最喜欢。58花的很值呀！\n环境好的没法说，空气之清新干净，要到了才能体会到。\n玫瑰园，天鹅湖名副其实。情侣来很浪漫的。\n还有附赠的蝴蝶馆。\n熊猫就不用说了，见到活的，你就知道为什么它们是国宝了，可爱。\n秋天去最好，可以看到熊猫小宝宝。\n园子很大，够玩一天的。要早点来呀。
24266,感觉不好呢！地方小不说，很多设备都没有，而且空气也不行，前面是朋友一起试着去看看，哪知道就被忽悠的办卡了，后来发现真的很不方便，时间地点都不合适。所以大家以后还是要多了解了解，前面就没有到大众网看看点评的，以后有经验了！不然真的会后悔的
24275,"和先生/宝宝一起去的.\n吃了300多块. 环境还不错, 菜偏贵.\n鲍汁鸭掌很好吃,我和宝宝都吃得津津有味.\n鲍鱼酥也还可以.\n还点了一个什么柚汁牛仔骨, 也很入味.\n唯一一个不好吃的是油鸭饭. 是按照每位来算价格的."
24308,这里的泰餐经济美味。\n很喜欢这里的冬阴功汤，味道浓厚。\n空心菜每次必点，清淡，但不失美味。\n柠檬鱼倒是第一次品尝，汤很好喝，酸酸的味道，鱼肉感觉有些偏老。要是再嫩一些就好了。
24336,祈福新村食街里面最喜欢这家！\n生炒骨炸奶弄得很好吃 对生炒骨很高要求的话也觉得十分好味道！！不过炸奶就真的可以再提高少少水平\n炸大肠很好吃 吃起来不油腻 下酒绝对一流\n整家店铺到了晚上很多人 是其它餐厅比不上的 不知道为什么在这里点评那么少。。。
24352,算是比较实惠的一家饭馆。东北菜的分量还是很有保证的。\n至于特色倒没有什么特别的，还都是在东北菜馆里常见的那几款。\n锅包肉不错，酸甜浓郁，外焦里嫩。\n乱炖也是值得推荐，很香很好吃。一般在这里吃都要打包，实在是吃不完。
24359,很久很久没有去王府井大街了    人多  买东西的话逛逛西单大悦城就完事了  虽然还是买不到\n   为了金麦兄弟今天专门坐车去了   其实不算远   自己总是太懒  懒得聚会懒得跑路懒得……\n   三月份陪成都的姐姐逛的时候在星巴克坐就看到对面的OLE超市  本打算逛完超市再找面包店   知道自己会忍不住当场就买了吃的    悲剧还是发生了 \n   误打误撞  进门就走进了金麦兄弟   不亏是兄弟姐妹   四家店紧紧挨着   爸爸的泡芙   素美人   摩提\n   看到素美人又走不动了呵呵    这家货比较全    品种很多   出了什么埃及什什玛芬    蛮复杂的名字  下次去试试  \n    正题     走进金麦   感觉没有自己想象的精致    比较早  很多都是刚刚考出来的    红薯面包阿5  当时自己正好低血糖   手抖着拿了一个   狼吞虎咽的塞下     一般   偏甜了   外面是普通的白面包  内陷是红薯泥加栗子粉  应该还有吉士粉  \n    第二次回来  拿了鼎鼎有名的裸麦核桃果仁面包   沉甸甸的一个   16米   其实就是裹了核桃葡萄干吧    裸麦亚麻籽8    健康的面包都有爱     和城市超市的差不多   裸麦无花果 22  这个性价比有点低了  可能无花果比较贵吧呵呵  \n    有很多道纳之类的东西   他家面包偏油种类也不少   会专门来买裸麦类的面包   \n    有一些曲奇一勺五块    有种欧式布丁还不错吃吃10块两个   \n    面包师傅人超好    很帅气   呵呵
24401,外表高档，但是价格却不贵，最起码我自己觉得还能承受的起~全家一起去吃的，这种地方真的很适合全家聚餐。二楼包厢很多~上面都写着VIP~感觉享受的是贵宾的礼遇，嘿嘿。有的包厢还有露天阳台，很棒诶~\n三楼听说是可以烧烤的，不过没上去看过。连接在楼梯电梯间的那一长条的蝴蝶标本装饰真的很好看呀，果然是注意到了每个细节。\n对于菜式呢~我个人其实不是特别考究，但是还是有几道菜挺合我口味的，冷菜里有个蚕豆，味道很不错。
24412,昨晚连着秘鲁餐米国餐後，朋友饱胀到欲哭无泪，欲吐无门，只好去M1NT俱乐部蹦一下以助消化。\n股东和会员制。非会员可进入，尽量5点前订位，会员优先，好位子通常先给会员。\n没有订位也非会员，凭本事入场。\n通行语言：英语，以及，肢体语言。\n环境：\n硬件不错，大窗可爱，建议订两面大窗的夹角大区，景好。\n软件缺失，未有实施公共场所禁烟，多位仁兄手拿香烟人舞池，妨碍公共安全。（过去朋友被烫伤过，我的衣服也被烧过洞洞，派对动物不止几人有此经验）。\n瘾君子为个人行为，无可厚非，但在拥挤人群，还是舞动情况，手中比划燃烧香烟，不但从有型变无型，公德气质全沦丧光光。\n音乐：中规中矩，但舞者莫入，这类音乐都是抖动的音乐，不是真的跳舞的音乐。开放DJ厅，但也许时间不够晚，没看到任何DJ对人群的敏感和大众的互动。\n有猎人，有猎物，有故事的地方，虽然故事相同。\n有美女，有俊男，虽然都是画皮，制服一般大同小异的服装发型，没看到有底气的尤物。\n其实寻常的night club。
24429,"黑色中带红色的装修很有质感,锅底可选的比较多,我们四个人分别选了麻辣、菌菇、去火和酸汤鱼，味道都不错！小料也很值，看似每人5元有点小贵，但是可以按照自己的口味随意添加多种酱料，还是挺不错的，而且这5元里面还包含糖蒜、炸花生米和泡菜，还是很不错的！鱼豆腐个头很小，不过还好量足够。虾滑很好吃！"
24430,不久前和朋友一家在此吃饭，总的感觉还行，无论味道还是就餐环境。只是菜肴的特色不足，吃完了并未留下什么特别的印象。
24435,四川北路不如从前那么热闹了。所以开在比较头的HM人也不是很多。平时去逛的时候很舒服。两层的地方不算太大。但是很舒适，就是服务员有的衣服不让试穿，就说让在外面的镜子比比看。这点不太好。
24449,"元朗饼家的老婆饼,还以为有多好吃呢\n好象跟他们包装的东西还是有点差别哦\n买了个老婆饼来尝一下,没有想象中的好吃"
24454,经常在淮海路附近混，看到这个店面又换东家了，成了阿庆伊拉屋里厢。前几任餐厅都是味道不错，生意就是火不起来，如今借着阿庆的名头入伙的确比原先旺了不少。\n中规中矩的本帮菜，味道都还不错，可以吃吃，就是价格有点小贵，不过考虑到最近通货膨胀，可以理解。红烧肉那个块头大是大的来，很入味。我们那份实在是肥的有点离谱，请服务员帮忙换几块少肥的，小姑娘也欣然答应，稍后换上了理想中的红烧五花肉。剁椒茄子量很足，不过味道欠一口气，可能不属于厨师的帮派。油爆虾很松脆，好吃。\n总体来说这边的本帮菜不是那么的偏甜，适合大众口味。服务员换骨盆很勤快，不过没有提醒水果免费，直到看了点评才晓得。
24460,元旦朋友聚会，有朋友领着去的，我自己是找不到的，环境很有江南的风格，但是给人的感觉比较陈旧，菜品的味道和风格尽显江南特色，爱喝花雕老酒，菜量较小。
24493,吃饺子一直是我们民族的传统美食，个人也一直很喜欢吃，朋友知道我爱吃饺子经常一起去大清花饺子，那的饺子味道很不错，而且价格也挺实惠的。
24494,"在这办了好几年的年卡了,也没什么特别好的地方,设施比较古朴吧,就是觉得是最老的温泉,水质应该是过硬的,而且毕竟价格比较实惠~~"
24525,妈妈最喜欢吃港丽的馋嘴牛蛙和冰火菠萝油了~真的是蛮好吃的。。。就是港丽实在是太吵了- -讲话都得扯着嗓门啊。。。。不过看在好吃的份上还是经常去
24526,晚上下班没吃饭的时候走到这边会吃他家，人不多。一般吃小牛饭，男友吃双拼。上次我吃的鸡排饭，也还可以。蒸蛋味道不错。土豆泥不好吃，是凉的，一股生土豆味道。配的辣白菜倒是挺喜欢
24541,烤肉自助感觉都是差不多的，因为喜肉食，所以对味道不是很挑剔~下雨天去的加上又是用的餐劵，吃的时候不是很上心，随便吃点就走了，没法点评的详细啦，嘿嘿！当然环境还是很好滴，适合聚餐约会。
24589,知道这家店好久了，阴差阳错间一直没机会尝试，前几天去了一次，居然很失望。\n按我进门的顺序，先说环境吧——首先，可能因为油烟大，川菜馆的地面常常会有点滑，但巴山夜雨绝对算我去过的川菜馆里地面最滑的。尤其是楼梯，我穿平底休闲鞋都要小心翼翼上下，经营者难道不怕客人在这里发生意外吗？\n然后，给我们的单间，其实是一个长型包间隔开的，中间只有一层木制隔断，竟然是镂空的，像窗棂那样。所以不要说声音了，连隔壁房间坐的客人都能看得一清二楚，实在很不舒服。\n再说服务——我们坐下之后，服务员就躲到外面去了，坐了半天，房间里还只开了几盏小射灯，头顶的主灯一直暗着。直到我忍受不了出去叫人来开灯，两个服务员还在那里互相推诿，拜托，开个灯而已！\n上菜过程中，大概因为太忙，服务员都是匆匆忙忙进来送了菜掉头就走，盘子斜斜地一送就松手，完全不管汤汁会洒到桌上。送菜都仓促成这样，就更不要指望能有人会帮我们拿饮料、开酒、倒茶水了。我实在想说，没那个金刚钻，就别揽这瓷器活，一个“忙”字绝对不是慢待客人、忽视服务的理由。\n既然环境和服务都没了，那么只剩菜品有点盼头，结果仍然有些失望——也许为了迎合山东人的口味，这里的菜有相当一部分都比较咸。\n传说中的水煮鱼，色香味基本都谈不上，惨白的油色，味道也很寡淡，除了油的味道，麻辣咸鲜我都没尝出来，唯一的优点是鱼片很鲜嫩。\n夫妻肺片，呵呵，颜色深得像泡在酱油里的，咸味酱味过重，香鲜味不足。据我所知，夫妻肺片里的材料，虽然是卤水煮的，但并不是加太多老抽酱出来的。别的不说，我真怀疑这家这道菜里的牛肉，是用了普通的酱牛肉切片而已。\n不是我点菜，所以有些菜不知道准确的名字。有道牛蛙，类似馋嘴牛蛙的做法吧，无数的丝瓜无数的丝瓜无数的丝瓜啊，牛蛙呢，也有，但是没见几条腿，怎么都是脊梁呢？\n麻婆豆腐卖相还不错，吃起来却平平，不够麻也不够香。而且，这道菜应该是滚烫地送上来，吃一口，软烫麻香，才算“巴适”……结果是温温的一盘，很没食欲。\n当然也有还算好吃的菜——有道凉拌鸡胗（还是鸭胗？）极爽口，配菜是一种嫩绿色的小圆片，口感非常脆，美中不足的是鸡胗偏咸；还有个白灵菇，也是凉菜，带些芥末味，下面黄瓜垫底，吃起来既清爽又鲜美；另外，金沙玉米（名字待考证）比较好吃，玉米粒很香嫩。干锅鳝段（还是纠结名字……）也不错，鳝鱼很入味。\n呵呵，这样说来，好吃的居然只是些“非主流”菜品，着实有点点悲哀。当然，也可能因为有些招牌菜我这次没有吃到，比如大家说的毛血旺、川北凉粉等等。\n无论如何，这家店跟我在DP上看到的描述实在大相径庭，我真的不认为这是家值得一去再去的川菜馆。
24592,在泮塘来来往往啊，来来往往！国庆期间，饭店人太多了。竟然看到伍湛记没有啥子人，于是进来吃早饭！\n要了一个牛三星和猪手面。牛三星不错，不过我也没有吃过其它牛三星，我外地人啊，反正还可以。猪手面也可以，我觉得广州的面我很喜欢！环境是快餐店的样式，一般。服务不提供开始，抠门。\n填饱肚子还是可以的！
24599,公司附近一家特色饭店，量大味重，所以很容易吃撑然后后悔。。。柴鸡蛋也是必点，因为木有好同类比较过，对这家印象深刻
24618,士林夜市的环境啊，要不是为了传说中的美食小吃，我是绝不会去的。在这里，全身都感觉很不舒服。\n大肠包小肠，就是糯米包香肠，是这次吃的小吃中比较合口味的，其它的都吃一半扔一半的。\n台湾的小吃，总体来说，我可以放弃了，至少士林夜市我可以放弃了。
24632,很喜欢吃这里的菜，唯一出的问题就是辣炒花蛤是里面带着一根长头发上来的，服务员一路端过来竟然无视。其他都还好啦。
24671,同学聚会的时候选在那个地方。\n号称28每位，但是锅底要另外算钱。\n东西比较多，但貌似有点“脏”，很多东西拿完后添加较慢。\n比较喜欢那里的牛肉，肉丸鱼丸之类的简直就是面粉团 不好吃。\n其他的也就一般般了 小锅 没有啥氛围~
24672,环境，还是不错的，在喧嚣的花园路口隔出了一角宁静，有点点星巴克的感觉，提供咖啡等各色饮料，不过我没有点。买了一个巧克力的面包，两个玛芬，还有一个什么面包，忘记了。面包的口味，实在是一般，口感发粘，估计是面没有发好的缘故；玛芬的口味还可以。
24684,公司在888附近 每天中午想吃什么真是头疼啊\n带饭嘛我又不愿意 。。对面新大陆吃腻了 有次就往南泉北路走走\n发现这家店 每天都有个特价菜~中午吃吃很是实惠\n周一是酸菜鱼15块 原价是39块的~ 味道不错 鱼片也很多\n和同事2个人吃 再点了个呛炒卷心菜 味道很好 有点像手撕包菜\n特价菜也没有量变少 这点还是不错的\n上菜稍微有点小慢 中午1个小时吃饭有点小紧~\n总的来说不错额哦~~ 周3的是馋嘴牛蛙20块 也很好吃的 辣辣香香的 \n蔬菜还有西兰花这种 同事个小妞不太喜欢 我个人觉得不错的\n最好下次再推出几个特价菜就好了 哈哈 什么鲶鱼啊~虾啊~\n现在外面盖浇饭都要14块左右了 那里很划算 我会一直去吃的
24690,大众点评卡可以享受什么样的优惠？\n大众点评卡可以享受什么样的优惠？\n大众点评卡可以享受什么样的优惠？\n大众点评卡可以享受什么样的优惠？
24706,"口味好,价格实惠,环境很一般,服务挺热情\n我想凡是去过的朋友都会有这种感触的,15块的小辣肉真不少,换成烤肉,你15串能撸下来辣肉一半就不错了\n推荐香辣鸡心;干煸鱿鱼腿;虾酱芸豆;日本豆腐;花生糊\n-----------------------------------------\n摘自蒜泥的边走边吃http://blog.sina.com.cn/s/blog_5f56b2940100gcz9.html"
24721,这家酒店，很不起眼，\n虽说也算是在城区内，但还是离的太远了。\n一般朋友聚餐不会选在这边。\n不过，据说这边菜的味道还可以。\n个么就舍近求远了。\n这家酒店还搞婚宴的。上次去吃的时候，正好碰到有人结婚。\n估计人手不够吧，上菜速度有点慢。\n总觉得服务态度不是很好。
24738,个人没有尝试过超级辣 每次都点泡椒烤鱼 不知道为什么可能由于油太大 每次吃完都会拉肚子 呵呵 但还是戒不掉 太好吃了
24744,公司组织旅游来着游玩。。很安静很舒服。。很老人家很喜欢来这里。。听说是什么广东4大园林之一。具体是不是就无从考证了。。位于番禺。。养了很多金鱼。。不知道是不是经常给人饿。一喂就一群围着。。。这里也是摄影的好的地方
24749,照片看了，感觉不是很好呀，你吃的口味怎样，还好吧。我来吃过这家，我感觉一般哟，不过这家很实惠，我们也点了小土豆烧肉片，这个我最喜欢，别的就没什么特色了。
24756,很喜欢吃羊肉，原来这儿是一家贵州饭店，生意一般，忽然变成面馆着实让我高兴。红烧羊肉面很好吃，很入味。下次来常常白切羊肉。
24828,被人介绍的，说是属于ZARA的，还差不多。进去了里面的风格款式都还不错，不是很潮，但也不会显得很土，这样的衣服穿着显得很大众，总体来说不错。
24872,觉得这家店的装潢真是很不错，很大气，环境很好！\n去之前看过点评，就直接点了口碑不错的几个菜，馋嘴牛蛙，天下第一腿，凉拌折耳根，本来想点上汤娃娃菜，结果被告知娃娃菜没有了，就换了上汤豆苗，一扎酸梅汤，午市78折，结帐122元！\n总体来说菜的味道还是很好的，个人觉得天下第一腿最有特色。我一开始以为凉拌折耳根就是凉拌黑木耳，其实不是，是一种绿叶菜，凉拌的味道挺爽口，只是觉得菜太老了，嚼在嘴里有的生涩！上汤豆苗的味道也很鲜！\n这家店开在这里觉得有点可惜，如果开在繁华区域，生意一定会更好！以后有机会一定会再去的！
24878,团过薡茶和贝儿多爸爸的泡芙工房，很给力的价钱，可惜还是浪费了两张薡茶的券。\n可惜那种零元得抽奖，从来木有中过啊，这个很有内幕啊......
24879,装修很有风格，二楼还是挺压抑的，空调不是很给力，俩人随便吃点就100多，还是比较贵的，味道觉得一般，没有小摊上正宗
24913,早饭我们吃的都是米粉。。每次都是二两。感觉各家做的差不多。喜欢他们那里的辣椒。好吃。嘿嘿。\n 吃米粉的时候一定要加酸豆角。不然不好吃。。\n 对了。还有腐竹，和北京的不一样。按个卖。好像是一个1快。要不就是一个1.5元。具体的记不清了。
24925,真后悔做攻略的时候没找旅行社买票 直接去景区买药40元 对于景区里的内容来说实在不值 为了不让人在远处拍摄到象鼻山 景区在滨江路加种了N多的灌木植物遮挡，真是没有这必要，有这个心思还不如好好弄出特色来。
24944,公司附近的一家店.晚上加班.经常会叫这家店的外卖~\n每个饭都会送个土豆色拉和一份汤~\n总的来说味道还是不错的.量和料都很足~
24946,味道还是可以的，不过以前他们家的臭桂鱼这道特色菜现在没有了。可惜！一般的营业时间菜量和服务都还是可以的。但是到了节日里面，无论是服务还是菜量下滑的比较厉害。
24949,昨天新开张，同价的买一送一活动持续到这个月20号~\n我们买了一杯茉香绿茶（￥4）加珍珠（￥1）送一个茉香奶绿（￥5）。\n珍珠是甜的，在冷冷的晚上喝杯温热的绿茶还真舒服。\n制作过程有点点慢，可能客人多的关系，我在等的时候看到他们用的奶是伊利的纯牛奶，那就应该不会有奶精了，这样我也喝得安心了~
24962,每年都再涨价，但每次去都买很多自己吃又送人味道很不错。最好中午去，没那么多人排队。最喜欢巧克力口味和椰奶口味的。
24964,天气太热 晚饭后选择去凉快下 点了拿铁和摩卡星冰乐 星冰乐比较甜 2楼的座位很雅致 很安静 大家讲话都很小声 环境很不错的 刷卡买一杯送一杯 超值啊
25006,最初去这家店铺买茶喝大概是在2年前吧，因为当时茶铺对面的游戏厅尚未关闭，我和朋友们常去玩舞机，跳的出汗了口渴了，就去桔子茶铺（当时叫做鼎茶）买茶喝，觉得这个名字起的虽然不漂亮但是很容易记住。茶不算特别好喝，但其服务在那个冬季的夜晚留给我的印象却甚是温暖。慢慢的，茶铺的名字在改，服务员在变，如今坐车路过这家店铺，桔子茶铺的招牌做的比较鲜艳，但貌似生意没有以前好了。昨天还路过的呢，踌躇了小一会，还是没买。现在我已经换到观前去买鼎茶喝了，因为，鼎茶离我晚上读书的学校最近啦。
25010,煲仔饭还不错，其他其实口味一般。\n广式的菜品总的来说还可以，其他的菜系就不敢恭维了，汤不错。\n最好的应该是环境吧，有户外座位，景色不错。
25040,和朋友团购去的，选的香辣虾微辣锅，虾酥香适口，配菜也很丰富，土豆芹菜年糕金针菇木耳鱼豆腐洋白菜…果珍是无限畅饮…还有鸡翅锅可选~
25045,环境看起来还算干净\n收银员有点糊里糊涂的\n东西还能点错了\n一份饭的份量挺小\n差不多够吃\n没有觉得味道特别好\n适合工作午餐
25065,"曾经在他家买过一个钱包,样式是他家的标准款,做工也不错.最近几次去他家逛,赶上节日还能有折上折,还是很合算的,偶尔有些特价的包包还算便宜."
25067,看了dp因为离家近，所以和爸妈公婆还有老公一起去，定的小年夜饭。总体感觉还是很不错的，酒香不怕巷子深O(∩_∩)O~\n按照点评上的推荐菜点的，的确不错。\n大汗羊排分量十足，烤的很香\n香叶花生很香脆，最后还打包回家给公公继续下酒吃\n红烧鮰鱼很肥美，不愧是招牌菜\n酒香草头也挺嫩的\n总的来说菜的味道偏甜，味道不错，价格也算实惠，考虑以后家庭聚会安排在这里
25069,老爸这天想吃东北菜，看了点评诸位的评论，来到这家。停车就停在路边辅路，有收费的。\n餐厅地方不大，包间占去了超过一半的面积。散台不过十数张。中午1点到的，满座，等了片刻才有。不过服务员态度很好，值得表扬，很照顾老人。\n点了以下菜品\n汆白肉，要的是不带血肠的那种，老爸不吃那东西，做成锅仔样子，就是肉实在太少，不过区区六七片，不爽。比起东北那边简直没法说，味道还凑合，酸菜够酸的。\n猪肉炖粉条，味道还不错，肉也都是正经五花肉，炖的挺烂，粉条很劲道，就是不好夹。\n地三鲜，油够多，否则就不好吃了，就是茄子太多，土豆太少，不是说土豆多的都滞销了么？\n韭菜盒子，这个的确非常不错，金黄颜色，表皮酥脆，韭菜也很新鲜不辣，严重表扬下。\n总的来说环境一般，可以路过去吃吃，专门大可不必。
25111,宫爆翠珍，太牛了，豆腐竟然做得跟肉一样，一丝一丝的，味道当然就是宫爆味啊，没什么特别；\n至于红颜知己，比较失望，就是山楂水，酸酸的，没有想像的那么好喝；\n那个有机蔬菜沙拉，沙拉酱实在是难以接受，而且也不觉得是有机蔬菜，没有在超市买的有机蔬菜新鲜；\n总体说，虽说是素食，但是油太大，一点都不清淡。
25114,经常来这里吃早饭，最喜欢豆浆油条配粢饭团或蛋饼。个人最推崇油条，个头很大，卖相也很好，一看就有食欲，关键是咸香适中，又有嚼劲！
25123,KFC開飯了～～特別跑去吃 飯的！！！哈哈～\n味道還不錯吧 就是那盒子寒磣了點\n最大愛奶油蘑菇培雞肉飯 味道蠻好的 愛那個奶油蘑菇醬料！雞肉沒動 太油膩\n哈哈最好不要給我雞肉 給我兩份澆頭吧
25132,难吃 狂难吃 难吃死了\n这家不是新近去的 因为实在难吃 以至我到现在还记忆犹新\n所有肉菜都吃得人满嘴油腥味 腻歪歪的 严重崩溃\n点的那盆干丝据同去的泰州同学说 相当不正宗 我反正是没吃出来 就觉得油腻啊腻啊腻啊腻\n整桌菜只有一份芦荟能吃 所以我们几个女生把它瓜分得干干净净\n别的菜都去使吧 拜拜~
25168,部门欢送会，选了这家。天天上班经过，装修很有特色。京剧脸谱，包厢名也特别：西厢记、梅陇镇......厕所，男的为才子，女的为佳人。\n不是自己点菜，去时就开吃了。没记住啥，就光吃吃，说说。\n菜品一般，口味一般，不过人少，环境好，这点还是值得推荐的。\n门口有个空地，停车不要钱。\n同事通过订餐小秘书订的，9折。免费办贵宾卡，也就这折扣。
25199,去得挺晚的 但还是等了会儿位子 人很多 环境一般 \n面也等了一会儿 我点的都是双浇面\n一碗鳝丝猪肝 40元 量还是比较多的 汤头很浓 很好喝 面很劲道 \n一碗猪肚大肠 35元\n一定要点双浇 贵是贵了点 但还是会经常来的
25250,真的没有什么好吃的，服务很差，都找不到服务员，不给开热气，东西不是很新鲜，没有特色的一家店，我再也不会去了，我们全家吃的浑身发冷
25266,两个大胃口的人，一份招牌汉堡，一份辣牛肉汁鸡肉烤饭，一份凯撒沙拉，再送一杯菠萝蜜奶昔。\n第一次吃这么大的汉堡，LG手足无措，全部散了，吃得很狼狈，结果也没觉得好味。\n配的薯条很大个，但不是我们的菜。\n凯撒沙拉也很一般，量大。\n倒是我点的辣牛肉汁鸡肉烤饭蛮好的，里面有生菜，豆子，菠萝，蘑菇，牛肉汁和鸡肉拌在米饭上，小铁锅烤得香喷喷的，吃起来很爽，再喝一口奶昔，美味啊。\n奶昔真得很好，牛奶的香味很浓郁，口感厚实。要不是吃不下了，我真想再点一杯巧克力布朗尼奶昔。\n下次主菜可以点少一点，主要去喝奶昔就可以了。\n对了，小店里面还有专供洗手的地方，方便别人抓汉堡吃吧，蛮好。
25269,他们家小有名气，某天还上过人气美食呢~\n店面不大，以附近的老客户为主\n本帮家常菜，口味还行，价格比较实惠\n他们家生意不错，最好提前预定一下
25271,周五晚上被朋友带去的。装修装饰的感觉不错。喜欢棺材模样桌子上的烛台。血型鸡尾酒不喜欢，番茄汁的感觉很奇怪。酒混在里面还不如正常的鸡尾酒呢。A型血的不是很好喝。但是撒旦真的很不错，被点燃后吹灭，温温的一口下去，整个食道都暖暖的。蛋糕什么的没有点。但是点了个玉米片，倒是不错。上面的cheese有点少。后来端上来的cream cheese真好吃啊。大家稀里哗啦都吃掉了...三重惊喜真的是很温和。多喝两个应该也不会有问题的。mojito做的有点。。。呃，反正不是我们常规喜欢的样子...gin tonic还是不错的。就像喝汽水～总的来说，店里比较安静，适合聊天。\np.s.有wifi
25272,今天中午同LG一同去吃，LG叫了个套餐，A+C=36，一个黑椒牛柳饭同冰绿茶，我叫了个玉米汁鳕鱼排，LG的分量比较多，我的比较少，不过挺合我口味的，玉米汁的香加上有点微炸的鳕鱼排，挺不错，LG的有点辣辣，不过他喜欢。价钱真的贵得可以，对于我们来说真的╮(╯▽╰)╭，不过多数去那里的人都不是吃饭的，是喝下午茶，只有我们两只菜鸟，主要是LG说没试过，现在试过了，不是发达了都不再去了
25332,直到今天，我看啦这里的图片，还没有人上传“糖醋排骨”。我最喜欢吃“糖醋排骨”啦，而这一家是我吃过的做的最好吃的快餐店！直到现在我还对它流连忘返。我的朋友们都说好吃，所以我们3个人就一口气点啦三份“糖醋排骨”！\n正宗的糖醋排骨是要用糖和醋来烧制出来的，而现在很多餐馆里都喜欢用番茄酱来做，一点都不正宗！我以前曾去过北京，广州等地的一些餐馆点过这道菜，都没有那次在筷将军的吃的正宗！我想是因为上海菜本身就喜甜，所以糖醋类的菜肴也做的比较拿手吧！\n筷将军的快餐价格比较适中，我觉得就环境和菜的口味来讲，性价比是很高的啦！\n下次，我还会去那里吃好吃的，呵呵呵！
25333,冲 着点评上人气很高去的\n这年头就相信点评啊\n再加上有酷爱肉食的人，那自然不能错过\n寿喜锅 牛肩肉 牛五花都是不错的\n刚开始不久就吃了个冰激凌 给力\n蔬菜也吃的不少
25338,每次去都排队，生意很好，老公喜欢他们的一哥焗猪扒饭，每次去差不多必点这个，我没有特定喜好，每次都换了点，他们家的奶茶我们必定不点，这个味，你懂的。。。去hk的时候也吃过大家乐，和hk的不好比的，为什么在国内就不一样了呢。。。
25349,点了套餐，感觉咖喱和鸡翅的味道还挺像那么回事，有东南亚的口味\n不过奶茶和汤都很淡，食物看起来做的比较粗糙\n不过既然是学生价格，对食物的色香味就不要要求太高啦\n老板是中年上海男人，脾气挺差的，在店里多坐了一会就开始赶人了。。。
25355,很喜欢吃豪享来的牛排，很大块，很嫩，套餐还包含面包等，量比较多，但是也不便宜哦，其他菜式自己拿的，环境还可以。
25363,和几位朋在一起聚一聚就来这里唱歌了，我们几个人开了个小包间，叫了一些吃的喝的，环境还可以，影像效果也不错，比一般的都要好。
25369,经常在淮海路上看到哈尔滨食品厂排长队，很多时候我都是去买鲜肉月饼的，这家的鲜肉月饼没有光明村的油，我自己觉得稍微有一些偏干，更喜欢光明村的口感，可是光明村的队伍实在太长啦\n蝴蝶酥和萝卜丝月饼也很好吃的说，老字号还是有实力嗒
25404,原巷口很有名，其他店不知道怎样，这家店完全可以不来吃。即使来吃，也只要点一份10块钱的鲨鱼丸汤就好了，说实话，鱼丸没什么好吃的，汤倒有点鲜。千万不用点什么至尊鲨鱼丸，没差别，也不要点鲨鱼丸球，那个更难吃又贵。总结：来本店只适宜吃10块钱的鱼丸汤，而且其实这一小碗性价比也很低，因为鱼丸相比于什么龙头路189号、183号而言又少又小。
25428,上周去看朋友，正逢饭点，带我来这，进门才发现，奥原来是从光华路搬过来的。老板，老伴娘，还有他们的女儿。本来要上楼的，却被告知楼上没地儿了，只好在1楼了。暖气不足，风嗖嗖的，这顿饭吃的有点冷。点了口水鸡，鸡肉比较嫩，辣味刚好能接受，赞。茉莉花炒蛋，个人觉得一般；竹荪百合豌豆，一青二白，清爽可口；还要了一竹桶米酒，这个米酒有特色，没什么酒味，但是有点碳酸饮料的感觉，个人还是喜欢稍微有点酒味的。这4样外加1碗白米饭共145元，两个人吃，小贵奥！
25431,和同事们一起去那边吃了顿聚餐~~味道还不错~点的大部分都是本帮菜~不过这个鱼头汤蛮特别的 很大一锅是红汤 汤吃完可以加料~加汤~\n汤里粉皮不错 喜欢吃粉皮更多与鱼头~其他的本帮菜就和外面差不多~\n不过里面八宝辣酱料蛮足的 数了下也确实是八宝不像外面缺斤少量~\n过去那边随便吃吃还可以~
25435,牌子很老的店了，东西还是很齐全的，从前没有进去的时候，在路上都闻得到那股浓浓的药味，里面还有专门的医生开药的，就是营业员的态度冷冰冰的。
25436,去那里喝喜酒的，地方实在太难找了。宴会厅还算是正气，也蛮大的。菜一般般吧，喜酒上的菜似乎都大同小异。不过看起来整个酒店环境还可以，也很安静
25464,去体验了一次\n环境不太好，地下室，旁边是台球厅，乌烟瘴气的。\n设施和教练还不错。小伙子教练是挺精神的。呵呵\n我射的不好，可能是力量不够。
25469,芝士鸡排涨价了，16元一个。没有传说中的大，里面的芝士也好少。\n建议大家一定要趁热吃，我买好后等了一会儿才吃，一点都不好吃了。
25484,吃的年夜饭\n量很足，服务很好\n和北京的比起来，鸭子基本差不多，就是烤的稍微久了些，胸口的一口酥有点渣了，不过还是很棒\n其他就是饼有些差距，上海的厚了些而且不够拧，叫法也不一样，北京叫一屉上海叫一笼\n停车在地下车库，可以报销
25503,现在必胜客的活动也是越来越多了，吃了很多家的比萨，还是最喜欢他家的，尤其是那个芝士卷边！\n上次和BF吃了一个小吃拼盘，觉得不错，偶尔吃一次还是很享受的。\n就是现在番茄酱总是给一小盘，非常小，总是麻烦服务员添加，不如以前给整瓶方便。
25507,最喜欢他家的奶茶甜心了（好像是叫这个吧，就是有珍珠有布丁的，我每次都要问是不是这个- -）\n别的就没太大感觉了，抹茶奶昔还不错，不过挺甜的，有点腻。。柠檬汁也还好，不是太酸
25517,铁板鲈鱼很有特色，鲜，嫩，滑，一定要点。素鲍鱼很赞，很特别，比别家的肉质紧实，就是冰了点。基本每个菜都好吃，还会再去，推荐！
25545,经过朋友介绍来的这里\n原来不知道还有家这么好吃的小馄饨\n真是要谢谢小西了\n她说我疯了\n我要说我就是迷上这家小馄饨了 5555\n应该用超级喜欢来形容\n大大的肉馅 在其他的馄饨店里是很少看到的\n肉肉的 大大的 端上来的时候是会飘在汤上的 很诱人\n还有喜欢的包心鱼丸\n很有弹性 有嚼头滴\n一碗小馄饨加上鱼丸\n真的很美味\n哈 我会经常光顾滴 西西
25546,第一次进香啡缤。店里面周末早上没人。服务员很冷淡，像上辈子欠了钱似的。拿到收银条才知道原来早上又半价活动，估计是因为半价，就没给好脸色吧。\n口味很一般，点的是香草拿铁，没有搅匀就给我了，上面一层甜得要死，下面一层很淡很淡，不知道是不是新手。冰块加了有一半了。\n反正下次是不会再去了。这次因为涂省事，公交车下来最先走到的就是他家。下次宁可走远一点去星巴克了。
25555,装修睇落唔系几舒服，枱枱凳凳几旧下。印象最唔好的系服务，有个唔知系经理定老板的女人，脾气似乎唔好，我吃饭的仅仅一粒钟时间内，就见她发左三次火，一次系对自己厨房的伙记，两次系同顾客争吵。搞到我食野的心情都差左。至于这里的料理，几普通下。炒饭好差（好似学校饭堂宵夜的水准），海鲜拉面好咸（可能味精多过头），刺身同寿司卷都麻麻（超市水平），饮料感觉几cheap下（好似自助里面提供的那种免费饮料）。不过好彩我是在24quan团的套餐，如果是原价去吃的话肯定心痛死了。
25599,嚟过一次，系亲戚嘅亲戚请嘅，但系依次饮嘅感觉唔系咁好。\n我哋点咗好多点心，一上，哇，好大分啊，以为好抵食啦，点知埋单先知道原来系两份嚟嘅。\n原来事情经过系咁嘅，开始佢地要咗两围，咁就点一围一份，但系后来冇咁多人，于是就转成一张台（我哋嚟到嘅时候已经系一张台啦，仲要系房嚟噶，点心仲未上）。咁既然转咗台，你服务员就醒目啦，起码嚟问下使唔使减量啊吗，点知问都唔问就两份上晒一围，食到我哋饱到咩咁都食唔晒，最后打晒包。\n唉，唔好话服务员啊，连部长都唔识嚟问下使唔使减噶，我觉得有d『屈』嘅成分系度咯，博懵。\n佢d嘢食又唔系话真系咁好食啊，环境唔错嘅，但系服务员就真系——猪过猪头丙啊，又蠢又目独，一d都唔醒目嘅。\n应该唔会再嚟噶啦，饮差地方大把，好食过佢嘅多的是，无谓系度使咗钱又食得唔开心啊。
25610,之前一支都是去麻辣诱惑的，第一次尝试这个更高档的俏江南，结果真实失望加失望。\n先说环境，坐的是最里面的两人台子，墙壁很脏，沙发就更脏了，虽然是黄色的将禁脏，但还是由于长期不更换，而泛着脏脏的黑光，真不知道这么一家以高档川菜起家的饭店怎么允许这么脏的位子。\n再说服务，领位的服务还可以，但是上菜的点菜的都像木头一样，亲切就更谈不上，全是一副不高兴的样子，这样的服务对于要加收15%的服务费的饭店来说，就一个字：烂。\n再说味道，点了\n1.水煮鱼，端上来就不新鲜的感觉，油腻腻的，没有香味，却有一股很浓的药味，问了服务员，说是里面有几种香料，名字没听说过，闻起来就像中药，奇怪了，既然像中药，干嘛还要加啊，难道认为顾客都爱吃中药？？？\n2.麻将油麦菜（油麦菜倒是切的小段精细，就是麻将汁太甜，味道很怪。\n3.特色的烧饼夹肉（牛肉的），应该说是我这辈子吃过最男吃的烧饼夹肉了，肉一股很腻的腥味，吃了一口就吐了。\n4.雨花石汤圆，首先绝对不是新煮的，我看有人说是瓷实，我看就是硬，一点糯米的软糯口感都没有，豆沙很少，而且没味，也是我吃过最差劲的汤圆。\n5.干煸四季豆，唯一可以下咽的菜，火候还算合适，也算对得七价格了。\n总之，我没去过别的俏江南，但是以酷爱川菜的北京时刻来说，这家太差，别说花这些银子觉得不值，哪怕是我花小馆子的钱，我也觉得很不值，太难吃了。
25612,来彭浦少说说也有10年了\n说到彭浦 夜市肯定是少不了的\n每次逛完以后 来碗热气腾腾的粥 \n最爽心不过了 哈哈哈哈哈
25652,超市东西还是比较多的，跟一般超市没什么区别，外面卖东西的也蛮多的，比较热闹，人流量大。，水果什么的比较全，蛋糕也还行
25671,这家餐厅真是够有独特创意的，店黑黑的，价格不菲，价也够黑的，在哪里吃东西什么都看不见，拼感觉锻炼听觉，是个约会的场所，谈谈情不错，菜的口味也是很好吃，不然怎么能有那么多食客呢，更主要的来尝试一次感受。瞧瞧到底怎么样啊。也不需白做一会京品尝试族啊，想吃遍北京还真的好难，到处都在开一些特色餐厅。随时给我们惊喜，这就是其中的一家啊。\n  有空带上女朋友们来这里在消费一下。让她们也感受一下这里的气氛。
25702,今天逛街路过就买了一杯黑旋风奶茶，应该是新出品吧。朋友想喝热的，他们说只有冷的，后来就叫他们不放冰，这样也好，感觉会比较浓一点，原来这里也可以飞冰的呵呵。\n    原来黑旋风是奶茶里面加了一些巧克力饼干碎，奶茶味挺好的，不会太甜，但饼碎就怪怪的。
25721,除了面包和蛋糕，还有许多养生茶饮，\n热情的服务mm说未来还有舒食类、面包浓汤哦～很期待耶\n装修优雅，吧台上和用餐区的壁画令人眼睛一亮，\n非常适合和朋友一起来这儿下午茶
25727,朋友请客去的，因为之前没吃过，好像吉林只有一家，所以去的时候还是挺期待的，因为我不喜欢吃海鲜，所以点的都是肉什么的，总体来说还是不错的，菠萝炒饭很好吃，就是有点小贵，装修的还不错，适合小型的聚餐活动
25747,上次买了一个，感觉好难吃，之前在广州买的也没这感觉的。我姐姐说“美心”的比它好吃多了，我怀疑那个他们是放太久了，我回去切开吃都硬的
25779,特点：经济实惠可以填饱肚子，环境一般，味道可以打78分啦，附近店铺都好多人在这里叫卖，非常适合学生哥（妹）及中低消费一族\n我见很多人在里面吃，就进去看一下啦，见到价钱都很便宜，有几个学生哥在吃快餐。这里多数的快餐都是8元 — 12元，每个快餐都有绿茶（柠檬茶）送\n我就点了一个吉列猪扒8元，大概2分钟，就上快餐啦，猪扒有点脆口，肉质挺嫩的，上面有点芝士，入口觉得味道不错；有只煎蛋，煎蛋下面有少许中华海草，海草丝味道也不错，快餐份量都算可以，一个女孩子吃就觉得很饱的\n餐厅环境，因为太多外卖要送餐，服务人员都忙不过来，这里“所有出品，即点即做”
25805,地处每天上下班的路上，没少光顾，一装修好我就来了，曾经觉得可以吃遍（并非是有多美味，而是为了能够方便解决一日三餐），最后也没有实现愿望。我很喜欢北京的麻辣烫，有别于上海的，来这里吃过很多次麻辣烫。曾经和同事在这里有很美好的一餐，不知道将来还有没有这样的机会。
25811,定位说好打88折的没有打，打电话过去，服务员态度恶劣的不得了，还和我扯什么人家吃了不买单就走人他们也要自己赔，多收的钱不可以退不能换产品什么都不能要自己承担。\n怪不得一家一家倒闭掉，就这种服务态度我再也不会去光顾了！
25818,涨价了，排骨也变小了，现在猪肉吃不起啊～吃得起猪肉的都是有钱人～\n没有上次吃的时候好吃...\n味道很一般...外卖的速度还是可以的，认可～
25833,要的原味和抹茶芒果的...\n很一般般的雪糕 和平时吃的还不同\n木糠也干....雪糕也干......\n就和大利来一样 也就是尝试一下的东西
25835,味道真的很好，一点不腻！和一般的巧克力完全不同！不是很甜，多吃几块也没关系！果然好吃，果然好吃，果然好吃！还需要输入5个字！终于满了！
25854,堂吃的服务确实比较差，周末的下午时段生意居然很冷清。诺大的店面没几桌，也不知道搞点下午茶什么，好歹可以摊薄点店面租金。。。。\n扯远了，中午同事叫了一个薄脆的PIZZA，好像是海鲜的上面还浇着芥末酱，意外很惊艳。感觉他们家的PIZZA面粉很劲道，CHEESE也不错。\nPIZZA虽然也是快餐，好歹胜过KFC，MCD。。。。
25868,说实话我是报着一点点的绝望去，因为不论是北美店还是铜锣湾店，大家的评价都很低，上海开着这么红火的意式餐厅咋这么差呢？于是我决定亲自去尝试一下，结果却让人心花怒放。这的东东首先在价格上比必胜客就略胜一筹，吃过必胜客再吃巴贝拉，打开菜单一看的感觉就是：哇！咋这便宜！东西上来之后再一尝：咋这好吃！\n芝士焗土豆泥：真的，他家的招牌，好吃，很香\n红咖喱焗饭：本来就喜欢咖喱，再加上芝士，经过这么一焗，有点辣辣的，味道很鲜美啊\n酥皮蘑菇汤：这是我的最爱，这个绝对比必胜客的好喝，一切尽在不言中\n披萨：还可以\n蛋包饭：很想尝试，但那天去的时候正好有个小朋友过生日，邀请了一堆小同学，据说点的全是蛋包饭，服务员说现在没法做蛋包饭，于是只好下次再试
25877,肥羊坊——还是东北人的店啊！实惠！\n团完第二天就去吃，20分钟，没有堵车，还好。\n \n老板说话一听耳熟，是牡丹江人，还说我是老乡，要多照顾。\n \n东西量足够2人吃，我还煮了面带饭盒（后来提醒我说不许外带，但这次例外）\n \n服务态度好，最后买单，15元（喝了饮料）\n \n饺子超级迷你，但是超级好吃，赞！\n \n停车不方便，居然要我们下去移车~！\n \n66元的话，物有所值，值回票价！
25882,慕名而去，名不副实，蒸菜没什么味道，其它呢，就像我在家烧失败的菜。。。可能那天去的比较晚吧。。。要什么什么没有。。。。服务也不周到，在一个地下，有点像进***的感觉。。。可以尝尝鲜，随便吃吃
25891,地点在梅赛德斯奔驰馆内，冷冷清清的，很多餐厅人烟极少，这个地段没什么人气，也好不用排队\n环境很不错，靠窗座位还能有江景，整体布局以红黑为主，服务员态度都非常好\n鱼头-有鸦片和剁椒的，吃了剁椒的，还送面，68-79元（大概）\n手撕包菜-推荐的，有熏肉，培根的\n长沙臭豆腐-看了推荐菜点的，不喜欢这个味道，有点臭的奇怪\n还有个茄子，想不出叫什么，不过味道不错的，要自己搅拌，上面漂着红椒，推荐\n整体感觉还行，就是感觉冷清了点，所以没开暖气，VIEW不错的，在周边的朋友可以去去了\n停车吃饭不免费的！可以外卖
25896,中午去吃的，餐厅里没有多少人。点餐时候服务员向我们推荐半价的浓汤，餐点完后上的餐品很快，不过甜点非常的慢。服务员的态度非常不好，我们抱怨蘑菇汤连蘑菇都没有，态度不好的回了我们一句。来收拾盘子时候我们说结账，服务员也没理会我们。最后我们喊的结账，服务员告诉我们说点半价菜品就不能使用会员卡打折，我们点餐的时候她就没有跟我们提过有这样的事情，结果结账时候才说，还不给我们退款。
25950,锅底很有味道\n不用蘸酱菜的味道就透进去了\nBF每次来扬州必吃滋奇\n滋奇贡丸味道不错\n就是人太多了\n每次都要等呀
25995,在附近找面馆吃饭，看到这家就进去了，看了一下菜单，主要就是普通的面和炒饭、盖浇之类的，没得好多特色的东西。炒饭和盖浇饭的小份那一列都被遮了，估计是取消小份，只有大份了。想不出吃啥好，既然他家叫特色牛肉面，那就尝下牛肉面好吃不嘛。牛肉面里面居然还加了豆瓣酱，味道和其他地方的就不太一样了，有点辣，吃起不像牛肉面，估计加豆瓣酱就是他家的“特色”，个人还是喜欢传统的牛肉面
26003,加入大众点评网这么长时间还是第一次被抽中圆桌试吃，\n难道是精诚所至金石也开了？\n虽然地点有点偏远，还是兴匆匆地赶来了。\n                         \n广灵阁八仙海鲜城位于杨高南路浦三路附近，\n公交789，583等可直达。\n只是公交站附近比较偏僻，连个门牌号码也找不到，\n只能凭着感觉找方向了。\n问了2个路人才算找到了该店，\n貌似该店在附近是比较有名气的，周围的居民大都知道的。\n                            \n该店除了提供餐饮服务，还提供宾馆客房，KTV等多项服务。\n走入大厅，右边就是个海鲜自选区。\n粗粗地看了一下，价格还是比较实惠的。\n扇贝 4元/个 草虾 68元/斤等。\n这次试吃内容如下。\n             \n「冷菜」\n1， 广灵特色醉膏 198元/只 据说是该店的特色菜。\n        一分价钱一分货，果然味道很不错。\n        醉蟹很新鲜，比较肥，膏也很多。忍不住想喝上两倍。\n2，酸辣海带丝 8元 酸酸辣辣的，量也比较多。作为开胃菜不错的。\n3，烤菜 8元 烤菜比较入味的，只是个人感觉有点油。\n4，北方拌杂菜 12元 也就是腌制的大白菜，胡萝卜等。\n          虽然量很多，但不是很入味，一般。\n5，海蜇头 28元 价格还是比较实惠的，不过量不是很多。\n        看上去红红的，不是很辣。海蜇头脆脆的，还不错。\n6，糖醋小排 28元 这道菜量也少了点，不过糖醋小排比较入味，\n         甜甜的，还不错。猪肉不是很干。 \n7，广灵白切鸡 48元/半只 鸡肉比较嫩的，不过特色不是很浓。\n8， 烟熏鸭 20元/半只 鸭肉比较酥的，只是咸了点。\n           可能作为下酒菜还不错吧。\n9. 炭烧猪颈肉 32元 蒜味比较浓，比较香。沾点酸酸甜甜的酱感觉更不错。\n「热菜」\n1，蟹粉狮子头 16元/只 这次给我们配了3只狮子头。\n           狮子头，大大的，嫩嫩的，鲜鲜的，好吃的。\n           特别是配菜中的娃娃菜吸收了狮子头的精华，味道更好了。\n2，荠菜蘑菇炒花菜 18元 花菜炒得生了点，不是很入味。\n            整体感觉味道清淡了一点。\n3，金银满屋 38元 最早上来的一道热菜。有百合，腰果，银杏，胡萝卜等。\n         卖相还不错，口感一般。\n4，黑椒汁牛仔骨 48元 量也不是很多。牛肉还是比较嫩的。\n5，牛油花雕浸鲈鱼 48元 据说是该店的特色菜，卖相也不错的。\n            鲈鱼嘴里还吊了只小番茄。\n            外皮炸得脆脆的，里面的鱼肉嫩嫩的。\n           沾点牛油更香更好吃了。\n   \n6，水煮鲶鱼 48元 鱼肉还是比较嫩的，不过最近吃这类菜喜欢去专门店尝尝。\n7，小葱肉皮砂锅 48元 有肉皮、蛋饺、肉丸等。夹了个蛋饺，感觉不是很入味。\n8， 生炒广东菜心 16元 换换口味不错的。\n9， 毛蟹年糕 35元 这里的毛蟹年糕是按毛蟹数量，加工费等计算的。\n          量还可以，只是整体感觉咸了点\n「点心」\n1，葱油饼 3元/只 要趁热吃的。外面脆脆的，还不错。\n         只是感觉特色不浓。\n2. 酒酿圆子 16元 最近喜欢吃有黑洋酥的圆子，\n         可惜该店的小圆子就是普普通通的圆子，一般。\n服务\n该店的服务还不错。包房内服务员帮着换了好几次果盆。\n \n备注\n该店使用非一次性筷。
26037,感觉味道一般，价格蛮贵的，一开始天天很多人排队，早晚都如此，有次买了尝了下，个头是蛮大的，但不是特别好…
26041,周六中午和薇、犀3人一起吃的。\n早前薇薇在拉手的團購，123元有一札金桔茶、牛蛙、沸腾鲶鱼、農家皮蛋、肥牛、花菜、椒香雞、2瓶啤酒，我們啤酒不喝，換了一杯酸梅湯。\n很多人吃過，反應都不太好，所以大家也有心理準備。我們是中午來的，人不算特別多，整體東西覺得也不至於那麼差。\n環境有點殘舊中帶點裝扮出來的華麗。\n服務比較一般。
26042,上次点了一个奶油什么意面 \n开始吃的时候蛮好吃的 但是因为奶味有点重 吃得很饱的 后来就把剩下的带回家了\n到家老妈给我再微波炉里转一转的时候发现底下有好多油啊。。。\n倒出来大概有小半碗的 太恐怖了\n这些都吃下去不疯掉啊 长膘了要\n他们家的酸奶也吃过 完全没味道的说 \n可能是原汁原味的关系吧 \n他家有无线上网的\n服务一般
26060,点个套餐基本的吃的就有了~~\n我们还点了他们家的凉拌菜 很不错\n口味比较重的人会喜欢\n烤肉可以吃倒饱~\n东西很实惠 就是环境一般~~\n总体而言还是不错的
26068,上周三下午两点多去的，人不多。上菜速度挺快的。环境也还不错。刷卡的服务员给我们多刷了四块钱，后来解释了一下退给我们现金。但是不知道为什么这家呷哺的海带跟别的地方不一样。应该是煮熟了得那种，已经烂了。放到锅里涮一下赶紧吃都是软软的。
26072,跟国营的似的，总满座，饭点儿还等座，按点加班，进门一大锅老汤滚着，红汤牛肉面，价格实惠，面也不错，小菜口味也好，能填饱肚子又不用花太多钱，门口的老板记性特好，谁买的什么都能吩咐徒弟在里面送到桌上，对于我不爱面食的偶尔吃还是可以接受的。
26084,"下班肚子饿了正好看到新开的就买了吃吃.\n牛肉饼有汁水的味道还是很不错的,酸辣肉豆饼酸豆角和肉,辣了点,但是很好吃.\n他们的奶黄很甜,很干,就在当中边上皮很淡么味道,香菇鸡肉的也很干不怎么滴."
26091,周三半价去的\n三文鱼刺身还算新鲜\n鳗鱼也还行，不是很浓烈\n乌冬面一般\n烤秋刀鱼很腥，而且半天才上，退掉了\n明显服务员忙不过来，几个服务员差点打起来，客人们都看傻眼\n芥末不够辣
26121,屋里厢这家本帮菜餐厅蛮不错的，菜很地道，交通也很便利，人气也还蛮旺的，每次下班的必经之地，这次闲着没事，就和几个同事一起去了。点了酸汤肥牛，还有些农家菜，味道还行。
26124,6块一盘，算是性价比不错了，离家近，去着方便，虽然不如正宗日料店的水准但东西还是不错，三文鱼，鳗鱼，鲑鱼肚，金枪鱼都不错，比较新鲜，鱼籽寿司也不错，可以单点，茶水免费无限续，自己在台子上操作就行，人多时服务员有点傻，事儿妈型的食客就别去了，免得耽误你们去高级馆子做冤大头，对了结账可刷卡，地下车库可以免费停车，不过得在家乐福消费，每次去都是先进家乐福买瓶水，嘿嘿，人多时可以外卖，点完等他做完装盒带走就行。
26127,里面的才都很没特色，而且量小，难吃。。。。。前阵子是部门聚餐吃的。。。。。结果菜完全不够量嘛！！！其中一个咖喱炒蟹。。。只够6个人吃。。。。无语。。。。菜饭也难吃得要死。。。连家常的都不如！同事还在里面发现不明毛发。。结果负责人给我们换了一人一个锅贴。。。说实在的。。。那天吃的菜也就锅贴还不错。。。。。差点忘了说他们家的酒酿园子是以人一盅的。。。。同时输了一下以盅里面有5颗小园子。。一颗枸杞。。。其余都是够钱的汁。。。。。实在是太无语了。。。。。这种店绝对不会再去了。。。。。。。
26143,其实现在天河飘绢算是很多年啦\n刚开的时候很多人去拍照的\n在那附近专门帮人拍照收钱的人也特别多\n现在就少多了 不到十个吧 但都挺积极拉客的\n说说景色 卦面图片是我拍的 呵呵\n其实是人造景啦\n与盘龙峡瀑布相差就很大 不过给天河这个没水的地方添点活水吧\n也是财\n占的位置是天河的中心 上面东站 下面中信 及大广场\n旁边还林和西林和东路 宜家等等\n现在还挺旺的啦~~\n新羊城八景之一\n.
26159,地方太小。。。尤其是靠电梯的小桌，还放上三把椅子。。\n水果茶很让人无语。。。\n服务一般，没有上海苏州的好。\n可能是因为在商场里吧\n打算再去其他店试试。
26183,原来全聚德没搬到长江路的时候，妈妈带我去吃过，烤鸭真的不用说，味道好的没法说。现在搬到了长江路上，装修比原来好了，味道还是一样的好，不愧是全国闻名的优秀美食。现在价钱真的贵了好多，感觉多吃几顿承受不起了，呵呵。
26193,金咖喱虾非常小蛮不爽的，但里面有椰子味蛮好吃。\n那个橙子味的猪颈肉太甜了，就是橙子酱的味道。\n那个咖喱鸡肉，鸡肉很少盘子很小土豆很多，但意外还蛮耐吃的，因为酱汁还可以单口吃~\n菠萝饭，男盆友说米有吃到菠萝味。。\n泰国春卷蛮好吃的我喜欢。但真心没有越南春卷好吃，米纸的那种。\n以前吃过一个椰子味道的鸡肉，还可以~
26196,昨天开始搞的活动，今天中午就送完了，参加的时候也没说有数量，完全违反广告法，坑爹呢……上当，再也不去这家了。
26212,门口的烧卖真的好吃！！1.2元一个~~每次去都要买两个再加上一个大肉包~~肉包很大一个，里面的肉和一般的肉包感觉有点不同，像鲜肉月饼里的肉~~味道不错~~虾肉生煎么，优点就是真材实料，缺点就是5块钱真的不值.....总的来说是一家很有古早味的店~~
26219,这里装潢还是比较豪华，最主要下午5点之前去，每位是只要19元的自助餐，不过一些比较好的菜式和一些特色菜式是需要另外购买他们这里的代币来进行选择的，一个代币是一元钱，一份好的菜的价格是3-5元不等，不过上来只有一点点而已，味道还是不错的，还算对的起他的价格了。
26221,"不得不说这家店占据着市中心最显眼的地段,打着老字号的旗帜,一碗泡馍贵不说,那个饼到底是饼阿还是砖头阿?硬的不行,掰完手都是疼的! 还有那个肉夹馍,是不是肉夹馍阿,夹的是肉是菜?不是肉夹馍就别叫肉夹馍这个名字阿!让人误解,难吃死了! 服务态度很烂!环境也没多好,连个卫生间都没的..."
26222,人均 我总不记得 ！~路过过好几次 来门口路过的时候 除了碗大 吸引了我进去吃了一下！~ 下去再去的可能性比较小了！没有什么特别的
26231,土生土长的大港人，应该没有不知道小古林的，里面的扇贝，螃蟹，鲜蛏，蛤\n缠的人直流口水，不仅商务宴请有面子，周末婚宴也不少\n小古林，升云，立起，现在的津港国菜并称4大金刚
26250,外面装修比菜的口味要好。价格挺贵的，但口味实在不敢恭维~老公说这家店估摸着在前段时间没有抢购到盐…银鱼莼菜羹非常稀，少得可怜的银鱼与莼菜，油闷笋也没入味，挺失望的。
26260,标准的强盗车的开法。\n司机开起来是横冲直撞，乘客坐得是心惊胆跳的。有几次坐在左后一排，那个屁股颠地，人几乎是跳上跳下的。\n现在票价统一了之后还没坐过。
26267,因为离住的地方不远，周末休假有时会过去逛逛，找一两本书看看。里面环境挺好的，有时一去就是呆个半天，看看书可以让人静下来，挺好的
26280,因为不晓得应该算购物还是算美食，所以就加进美食版了。\n就是卖豪享来牛排的半成品牛排，价位从12-22元不等，我们买的是17、8块钱的。\n包装里加了黄油和黑椒酱汁，黄油煎牛排再浇上黑椒酱汁，简单又美味，可操作性很强，偶尔想吃肉食可以来一份，再拌个沙拉就能吃得很饱了。\n是在家得瑟一下装小资的好道具哦！
26304,环境非常嘈杂，因为是老字号，几乎一天到晚都很多人，乱哄哄的，服务态度也不好。现在不是招待外地来的朋友都不会想去，懒得去受那个罪！不过平心而论，他家的东西还不错，肠粉蛮好吃，很滑，就是价格有点偏贵了。
26308,第一次来这里，是和朋友几个一起过来的。是周五的晚上，排了好长的对外，不过还好排队的时候有提供免费的水果，暂时先填一下肚子。等了1个多小时才轮到我们。这里上菜的速度还是蛮快的，点了菜茶香鸡、麻婆豆腐等诸多特色菜，不过口味都不咋的。嗨，有点小失望！
26320,请德国同事吃的，德国人吃的都没话讲了。经典菜大王蛇，螃蟹什么的都还是不错的，不过我最喜欢还是脆脆的烤子鱼和锅贴。我还真是平民啊
26328,路过发现他家最近重装过了，楼上吃饭现在不做了，一楼还是卖饮料甜点什么的，附近很多奶茶铺还是中意这家，柜子里的蛋糕看着好诱人，每次路过都会忍不住买1，2个尝尝鲜，关键味道不赖还价钱便宜，我是个要求不高的娃吧，这家店不大但是很干净，性价比高，会常光顾！
26359,点了全鱼丸火锅，我们点了条5斤的鱼，但做出来的鱼丸，明显感觉少了\n沙茶酱味道不好\n整体来说味道一般\n没有那种吃了还想吃的感觉\n环境不怎么好\n地上永远是湿的\n我看几个服务员都差点滑倒
26380,饭店属于一个餐饮集团，位置在江宁，交通还是挺方便的，乘101路直达。\n菜的口味一般，说不上好，也说不上差，分量还挺足的，价格也不算太贵，还是可以去吃吃的。\n值得称赞的是麻油素菜包子，个头很大，皮薄馅足，口味很棒，听说还是限量供应。
26381,味道很一般，如果是聊天去还是比较合适的，畅饮杯一个人只要10元。不过推荐喝正常的可乐雪碧就好了，奶茶咖啡很难喝。我们去的时候橙汁机坏掉了，服、服务员直接用手堵着。。很汗-。-        还有就是餐具看上去有点破旧了
26404,环境一般，超级热，吃饭像桑拿！\n但是人还挺多\n楼上也有位子，好象是旅行团包了\n菜口味是大众菜，一般\n宫保虾球有点太辣了，有个蛋饺汤还不错\n服务不好，要叫好几遍才有人来\n还有苍蝇，郁闷\n便吃吃罢了
26436,这家果然是麻辣烫届的战斗机啊，吃麻辣烫环境还这么好的估计上海只此一家了。\n他们家的汤底高级到一共有四种口味呀。我这次去点的鸡汤味道无敌正宗啊。\n但是他们家有最低消费哦，不能低于10/人的哟，这点亲要注意。但是烧烤 龙虾 烤鱼都可以做到室内来吃呀。\n还有他们家的叫号器无敌威武呀。\n位子基本不用等，就是买好菜品要花很长时间排队呀。
26440,上次出差时去的，做的东西还行，地方口味特色！但由于交通不算太方便，所以也不算太好找。而且人比较多，好像是当地算是比较有名的吃饭的地方吧。反正总体感觉一般！
26455,家里订的过年聚餐 因为是一早定的 所以都是店里的套系\n好象是1800的套餐\n但是我居然没吃饱 原因可想而知 味道不佳\n龙虾我真就没吃过那么难吃的\n根本不新鲜 那怎么能做的出龙虾意面的感觉呢\n汤还算是OK 但你要说特别的好 我也不惊艳\n有时候家里聚餐真心不要选择套系 亏了
26456,几个月前去的，四个人，点了干煸豆角、肉末茄子、凉拌饸饹、油炸小黄鱼、手撕包菜，好像还有个汤，光顾着聊天了，都没太注意饭菜味道。\n商务宴请、家庭聚会都适合。
26461,这家商厦在上海知名度很高，里面商品很齐全，也很上档次，但价格的确是不敢恭维。\n逛起来还是比较舒服的了。\n地下超市倒还不错，让人很亲和。
26477,跟老公都超级喜欢吃寿司，每次想不到吃什么都会去吃寿司。万岁的位子就是有点拥挤，口味还是挺好的，有时候多人上菜也很慢。
26483,"要了蔬菜的pizza和洋葱圈薯条双拼, 打包的. 结果太杯具了T_T, 刚炸好的东西就装在塑料盒子里, 盒子底都烫融化了好几个洞, 我这白痴也没看, 拿回去一边吃一边看电视, 把一盒都吃完了才注意到, 天阿, 合着我这吃了这么多融化的塑料!!!!!!! 一直到第二天都是反胃+肚子痛\n希望餐厅客服能看到这句: 强烈建议以后外卖油炸食品的用纸袋纸袋纸袋纸袋纸袋纸袋!!!!!!! 不要害人!!!!!!! \npizza还可以啦, 性价比不错, cheese放的也算够了"
26493,陕南鞋店就在家的附近，生意很好，特别是双休日常看见一间小屋挤满了人，都是些mm，真是搞不懂。我个人不大喜欢他们家的鞋，因为觉得不适合我，另一方面我喜欢在正牌店买。
26498,同事家就是西山的，所以到水果季节经常我们都会到西山去买东西。茶叶、枇杷、杨梅......那里的人很热情，可以到果园里采摘新鲜的果子，在果园里吃是免费的。西山的白枇杷真的很不错。
26507,跟朋友一起去过两次，感觉环境还蛮不错了，每次都能坐到角落中特别的位置--专属座位~\n这家餐厅的名字就很特别，主打墨西哥菜肴，墨西哥肉卷，沙拉都还不错\n喝的东西比较名字叫得比较特别，但口感一般\n主要还是在群光，陪朋友逛累了小憩下还蛮好的\n但上次有结账时候，可能是人多很忙 ，居然把单搞成另外一桌的了，不过让人印象不好，但是老板很客气，也亲自服务，连声说抱歉~
26509,不管正不正宗，反正他家的车轮饼很很好吃。而且口味比外面的多。\n   红豆馅儿当然是首选，而且他家可以选泥状或颗粒状的两种，好开心，因为本人比较喜欢“粗沙”。咬开烤的酥脆的外皮，和着香软的内层包裹的一颗一颗红豆咬在嘴里感觉很赞。\n   芝麻馅儿的是第一吃，半流质，香香热热的，就是吃完了，不能张嘴笑哦~~ 牙缝上多半会沾上黑麻麻 ^0^\n   出于好奇，要了个萝卜丝馅儿的，这个嘛。。。不难吃，但是感觉萝卜丝这玩意儿还是做成上海的蟹壳黄比较搭诶。。\n   因为点的都不是常规品种，都是现做的，5分钟就新鲜出炉，冬天风中吃，别有风味啊~~\n   烤饼的不知道是不是老板，人很客气，台湾口音，语气轻轻柔柔的。祝你生意兴隆哦~~
26511,刚开业不久的，那会天天很多人在路上发他家的传单，我家邮箱也经常有他们塞的广告单，路上都能看到他家的免费班车开着，只是除了司机就没其他人，前2天因为好奇，去看看店里啥样？感觉很冷清！最后没敢在里面买！
26519,南开医院是治疗腹部疾病的专门医院，这方面比较成功。但治疗别的病就要因人而异了，上次咳嗽挂了主任号，输了好几天夜，都没治好。
26524,很久没去了，这次去买了石锅拌饭，当午餐。\n里面的鸡蛋是生的。。搅一搅，再闷一下吃着才好。\n精髓之辣酱很一般，所以，整体而言拌饭口味一般。\n配菜有辣白菜和紫菜汤，辣白菜酸的来要死。
26531,与旁边的DQ的门庭若市比起来，这边多少显得有些冷清。还有端着DQ过来找位子，被请走的。\n一个人无聊，等朋友下班，正好找个地方坐。\n点的芒果椰汁西米捞。芒果有点涩，料还是足。椰汁的碎冰很快化掉后，就变成稠糊糊的一碗了，比较腻人。也不是说难吃，但以后如果再去，也绝对不得点了。
26557,门口写着3.8折，不过只有圆白菜是，其余也就是八折，而且上菜之后没有对菜，酸梅汤喝啤酒随便喝，还行，但是酸梅汤一会是凉的一会是热的，一看就是现冲的。服务因为人多可以理解。希望能改进。菜的味道还行。有很多锅底供选择。还是要了传统的微辣。座位之间太近了，说话别人听的太清楚。
26570,每年庙会必来之地~围着湖走一圈，吃的玩的都有了。因为北京游乐园拆了，估计平时去哪的人也不多了吧。特别要说的是，这公园西边，还有个龙潭西湖公园~小时候老去那里激光打靶~抓蝌蚪~~还念ing
26592,这家店口味不错，但店小所以为此都挤满了人。又一次大冷天竟然还被安排到阳台上，那冷风吹的呀~\n不过信价比算不错啦，这样的小店有比较好的口味在合肥是很难得的了。
26597,大学时候去天山路那边培训的时候去过~~\n里面有卖茶的也有卖茶具的，总的来说氛围是很不错的\n服务也还可以的，里面茶的种类也很多的，可惜不懂茶
26613,新开的，里外装修的都很新，面积也不算小了，但是有些东西还是没有；价格优势一般，让人忍不住还是会想去徐泾的家乐福；服务态度很一般，尤其是卖面点的那一圈人。
26616,大学时期经常去的KTV，很方便~性价比较高~\n音响比较一般吧。。。吃的东西越来越差了，不过对得起这价格~\n平时休闲去去还是不错的。
26643,"说实话，这地方真不怎么样，到那了逛了一圈心都冷了，没风景也没啥好玩的，如果和三两好友特意过去铁定是败兴而归，好在我们人多，玩了圈CS、打打牌什么的氛围还不错。\n第一是交通比较远，过去肯定是想好好玩，结果这个地方和介绍的相差太多，拿到手的“番茄农庄导游图”和实际根本是千差万别！！！什么“荷兰风情村”？什么“明清园林”？什么“苗寨”？什么“鸵鸟园”？什么“西藏村”？统统没有找到！！！问人后才知道都没建好呢，绕来绕去就在江南村里逛....\n本来想趁着吃午饭前这段时间逛逛安排下下午玩什么，逛了一圈后我们都得出了没啥好玩的结论- -|||总算看到个玩真人CS的，于是大家开始玩\n玩的地方比较“自然”，就在有些许杂草的草坪上，中间有人在烤乳猪，我们在两边对战，有点奇怪，掩护的就是种植在两边的树木和房屋，虽然比较混乱但是人多热闹，玩得很high~~这个还不错，去的人多的话可以玩玩，50元半小时/人\n划船在导游图上是属于免费项目，但是在那个小湖里脚踏船划船却是收费的，20元一人，据说所谓的免费划船项目是那种小木舟自己划的O__O""…我玩了这个，但那湖实在太小了，没劲，性价比太低，一艘船2个人就要40呢\n骑马是20元/人一圈，马味道蛮重的，貌似是30元2圈\n最搞笑的是所谓的免费卡拉OK和棋牌麻将，起先问哪里有得玩的时候别人给指了路说是前面的“蒙古包”，于是我想象是个蛮大的地方，结果过去一看就是一间小小的房子嘛...里面的卡拉ok就是家庭式的，没啥兴趣唱，灯光昏暗，只能玩玩棋牌\n喜欢钓鱼的倒是可以在湖边钓钓鱼，我看到有人钓到了呢，虽然只是很小很小的猫猫鱼..."
26673,门脸很小。一不小心就走过了。店里收拾的很干净的。从窗口能看到后厨。看起来还是挺整洁的。拉面还挺好的，能拉粗拉细的，怎么都行。汤有点小油吧
26675,和老妈一起吃的，两个人不高兴开火于是惊奇的发现这个好像上过人气美食的餐厅开在家门口了，于是果断尝试了。\n环境目前是还在整修的状态= =。。。服务员的水平也是参差不齐的。。。\n因为就两个人没有点招牌的叉烧之类的，印象中的粥倒是味道不错，而且分量很大，下次要去的话还会再点的。点之前我们还以为是一人份的上来以后看看三个人吃也可以，鲜虾云吞面也很大分量，就是感觉味精好多。。。= =+
26696,去了特力屋逛逛 又去了苏宁 地下室是乐华梅兰，然后就到了楼上的美食城 转了一圈没什么可吃的 但是只有这家店是单独的 我本人去过西安 也吃过西安本地的腊汁肉夹馍 吃了吃这店的 感觉一般 肉太碎了 面也很一般 随便吃吃吧
26711,丁丁上中了张电影票 格瓦拉上再买了张 看《美国队长》40元 因为怕位子分开 所以买了最后一排 个人觉得一般般 空调很冷
26725,如果不考虑花费，个人认为这是广州喝早茶最好的去处了，一定要提前订到靠窗的位子，古色古香的座位，窗外180度江景，香甜的双皮奶。。。。。。吃完之后还能在周围的老建筑群里散步，滋润的生活！
26727,簋街那家鬼屋装修的店\n簋街有三家店，但在这边似乎没有相应的店呢\n上回从簋街路过，看见鬼屋里边的布置很喜欢，但晚上去就没有那种阴森的感觉了~\n一个个位置隔开的，还有电视机，不过如果和BF去的话根本不用看电视啦，两个人并排坐在小隔间里很温馨\n东西其实很一般，锅底太贵啦，38，里边什么都没有，要了一个乌鸡的锅底，一块乌鸡都没有……
26753,朋友推荐，据说经常来已经快变食堂了。运气比较好，卡座，虽然座位有点偏低。点了一个宫保鸡丁，鸡丁可能是粉抓太多了，软了；酸辣鳝丝，里面的粉丝比鳝鱼丝好吃一些；凉拌苦瓜，有花椒油的香味，还不错。
26773,炸鸡套餐实在是太经典了。七块五。量足。还有那些烧烤饭系列都不错。还有二食的米线也点的人很多。还有酸辣粉。比西单的好吃多了。而且量很足！二食的宫保鸡丁也很火阿。
26775,可能他的位置不是让别人很关注，但是他醒目的gucci 很多人路过西单的时候都会注意到，而且这个比大悦成更为久远，建议去看看，因为一说这个商场，我的很多朋友都没印象，但是一说起那个gucci，他们就知道是哪儿了。.....无语
26801,在这一带的酒吧里难得有这么一家安静的场所。与周围酒吧里面的喧闹成为了很鲜明的对比。我是很喜欢这样的静吧。\n装潢布置得很有一些文化意味。
26818,豆捞坊的环境很好，服务员的服务态度也很不错。味道比较清淡，很适合口味比较淡的人，当然如果你想吃比较重的也可以。别忘了会员卡可以积分哦\n  这家店有很多的优惠住的近的可以去试试
26822,我是还没有来这里尝试过啦\n不过看了大家的点评，还有自己朋友的口述\n感觉还不错\n决定找个时间和LG一起来这里尝尝\n还要带妈妈来，这里虽然离我家远了点点\n不过还是会去尝尝的啦\n希望到时候能让我满意啦，哈哈
26832,银饰，一向感觉很一般\nPH7作为手工银饰行业的创始品牌，\n目前在全国中高档商场设立了超过100家零售网点。\n但是还是感觉上不了大台面
26876,很好吃的小吃店 主打猪手、鸡手、酱牛肉、红肠等哈尔滨食品 味道总是一成不变的特色卤味儿 可能就是一手店的招牌吧 挺喜欢的哦
26879,棒棒从医院接我回来，两个人琢磨着吃香锅去，一直都说这里不错，味道比较咸，味道还是不错，喝了瓶啤酒，吃完回家撒欢去~
26884,大理风味烤乳扇，云南十八怪，牛奶做成片片卖～～\n      既然来到了大理，这里的风味小吃怎么能错过捏～～毫不犹豫的买一串来尝\n尝，不晓得味道如何。\n      乳扇分为两种，有烤的，有炸的，买了个烤的，感觉烤的应该更加好吃点哇\n～～\n       尝了一口，哇噻，好难吃阿，55555555～～味道说不出的奇怪，酸了巴基\n的，牛奶的味道是有点的，就是感觉有种馊掉的味道在里面，可能是我吃不惯吧。\n想来炸的味道也差不多，不喜欢吃～～
26889,原本目的是他们家旁的一家很好吃的烧卖店，结果因为不是饭点的原因没有吃到烧卖，就来到了旁边这家的米线店……\n一直以来认为只有鞍山西道家的米线好吃，这次一比较才发现他们家的更好。他们家的东西给的很实惠，味道也很不错。三个人点了三人份的35元的米线，结果吃到撑……总之那天吃的很满足。即使不是饭点仍有很多客人，老板和老板娘都很年轻，招待也很热情。下次还回去。
26910,好多年前去的。那个时候这个千灯古镇是非常的幽静的\n不会有很浓重的商业气息。不知道现在这个地方还是这样幽静吗。
26926,算是比较地道的东北饭店，也很有特色，有大马哈鱼，玉米贴膜，用柴火煮的，所以要多等一段时间，鱼的味道很好，据说是从东北空运过来的，所以价格还是挺贵的。
26927,单位年终聚餐，在楼下大厅，环境一般，座位比较挤，菜式大多也不记得了，反正桌菜嘛，就那样。只记得有蓝莓山药、大馒头，不过最后一道主食我印象很深刻，好像是鱼汤米线，还是什么汤的米线，反正汤非常非常好喝，米线也好，里面还有油条丝丝，真是美味，是我吃到的最好吃的米线了，比什么一般的米线馆里的还好吃！
26931,白斩鸡还不错，盖浇饭酱爆肉丁还可以。配个血汤、其他不是很喜欢，感觉太本帮偏甜。店里面的炒菜连川菜也偏甜不好吃。早饭锅贴么皮很厚。咬了嘴都要破了。夏天的冷面只有3丝的好吃，配个刨冰～价钱在龙柏算很便宜的。所以店里生意天天老好额.服务么就这么回事了，乱七八糟额，东西只要不少给我就可以了
26942,这家店就只去过一次，跟其他的店没什么不一样，味道也不错，人流比较少，图清净的去这家店不错，不知道是不是因为人少给的代金券比别家的多
26947,上海少有的，人少、安静的星巴克！\n来这里才是享受，受够其他地方的拥挤和乌烟瘴气。\n服务员的态度很好，始终在微笑。\nWC有点距离，不过设施不错—_—\n旁边还有一个日本超市，8错，下次买点三文鱼回来做做！
26958,还行吧 白斩鸡可以吃吃 还有一个玉米烙必点 别的没什么特色 山寨振鼎鸡的 \n干净还是蛮干净的  如果在步行街不知道吃什么东西可以来吃吃的
26962,第一服务员太傻，上菜太慢，等半天连个已经做好的点心都端不上来。\n第二，作为一个广州人，这家店绝对不值4星，一点不地道，\n牛肉肠粉：牛肉太老，跟嚼抹布一样。\n鱼翅灌汤包：里面都是猪肉，我实在不明白跟鱼翅有啥关系而且还要16块一笼，千万别点。\n榴莲酥：太腻了，千万别点。\n金瓜排骨盅：蒸的时间不够久，里面只有排骨，完全没有别的配料来调味，导致这个菜毫无味道，正宗广式做法的金瓜盅里面一般都会放金针菇，木耳，红枣等配料去引出肉的鲜味，不推荐点。\n虫草花煲老鸭：用料不够好，这个汤不甜味道有股酸酸的药材味。\n玉米汁：居然不是用甜玉米炸的汁，还卖26块，用甜玉米榨汁不加糖都很甜好喝的。\n蒜蓉粉丝蒸扇贝：这是让我给他三星的原因，首先蒜蓉做得还不错，没有在上面撒辣椒，做法比较地道，粉丝吸收了蒜蓉和扇贝的味道，很好吃。
26964,菜品没有什么印象，不过环境还挺好的```服务也还行```感觉中规中距吧，宴请宾客还是可以的，多做点有特色的菜就好了
26989,"周五的中午这边没什么人,不过依然剩一个小包是我们的~\n环境不错,冷气也很给劲儿手就没热过。\n服务生巨有礼貌。一盘子爆米花和一大壶苹果芬达也很噎人。\n开心的是日文歌非常丰富。英文歌再多些就完美了!!\n我就不再去别家了 哈哈"
27001,感冒了，胃口奇好，昨天晚餐吃了2碗羊蹄汤，半只烧鹅，一盆菠菜，一碗酸辣菜，4根小香蕉，2只酷圣石冰菓。于是今天早上的现在的我发作了，躺在床上四肢酸痛不能行动，幸好脑袋没烧，用意念完成此篇。\n----------------------------------------------------------------\n一片薄鹅肝，奥巴马前脚刚走，只能证明北京的餐厅还是形式大于内容。横梁都是弯的，心里已经认为厨师长是中国人了，2块金枪鱼，可以看到大堂，那天外面冷了要死，有求必应。更没有西郊5号精致。服务很好，个人认为菜肴无论从原料选择还是烹制拿捏上来说，240元的前菜量少价贵，餐厅并不算大，回到酒店，也都差强人意，毫无惊喜。餐厅温度肯定不低于26度，然后要了碗龙虾南瓜汤和半份鹅肝意饭，一半靠着走廊。可是不如上海堡德佳纯粹，一下子又热的不行。在酒店二楼，不管是北京还是上海。只有一只生蚝，都是随意之作，匠人学样。我对瑞吉满失望的，吃口一般没意思。很多人推荐这里是最好的北京意大利餐厅，建筑风格有点地中海式，一问果然。我后脚就到了。\n----------------------------------------------------------------\n头疼，再睡会儿，，，，，
27007,团购的龙虾。要了两种口味，十三香和麻辣味。十三香的有点儿咸，麻辣味的没啥感觉，既没感觉到麻，也没感觉到辣。山楂汁一开始喝起来感觉很酸，喝开了觉得味道还是不错的~店里的装修还可以，但是很嘈杂~
27008,就记住了那寡淡颜色，一点儿不放糖的红烧肉了，是不是东北人就吃这样的啊？\n反正作为上海人，实在是吃不下去了~\n他们家每天都会有特价菜，可以点来吃吃~\n口味挺一般的，环境也不好，夏天的时候空调也不舍得开……
27011,"如果我没有记错这难道是做粤菜的餐厅？\n要的一些粤式点心。\n做的实在是让人失望。甚至不如一些港式茶餐厅，但是价格却贵了去了。\n无论是外观还是味道，以及价格，都让人失望。\n甜品要的杏仁汤圆。汤圆就俩。皮那个厚，芯还是硬的。无语。\n环境走的是现在流行的新派中式风格，四合院里摆了几个文艺气息的当代或仿古的小品雕塑，墙上挂着人物油画。大厅里空荡荡的没有几桌客人。5,6个服务员服务两桌客人。\n商业营销肯定是面向商务宴请，49会所是还采取会员营销策略，少则充个3万5万，多则几十万不等。\n唉。。。。。"
27023,同事结婚照就在此拍摄的，之前有看过好几家。\n最后因为朋友的关系定在了这里。\n选了森林公园和碧云社区二个外景点。\n出来的效果很漂亮。
27050,第一次来，估计以后会经常光顾了，老北京菜做得不错呢\n名字叫爆肚于，肯定要点爆肚啦，非常不错\n焦溜丸子，干锅肥肠，鱼香茄条，都非常好吃啊\n拉皮也不错\n吃到最后，看见墙上挂着炸酱面的照片，想吃了，因为已经吃饱了，很纠结，最后还是点了，也还不错\n估计这两天还得去，看见火锅也不错，铜锅哒
27063,老馆子了 人很多 桌子很多 菜式也挺多 有阵子姐们儿非常喜欢 基本上逮着人都让跟她去老长沙罐子楼 \n喜欢他们家的煲汤 我只能喝点炖鸡啊什么的 可是可以感觉到汤煲的很不错 汤很浓 很白 看起来很有食欲\n炒菜都差不多 感觉比较家常 米饭很喜欢 小碗小碗的
27076,機場貴賓休息室環境還不錯，對面就是東上航貴賓休息室。用聯通金卡進去，登機前還有電話提醒 挺溫馨的 我朋友用銀行白金卡休息 坐在一邊說 為甚麼他們不打電話給我？。哈哈
27093,看电影之前没时间吃饭了 来这么一份还是挺管用的 一小盒里四个丸子 \n丸子里面有虾 墨鱼  鳗鱼啊 多种类可选 味道还不错  也不腻人挺好吃\n就是等待时间有点长 不过 好吃也值了
27104,这家的环境很好哦~~~进到里面的过道灰常滴有感觉哪~~~走进之后，里面也是别有洞天，有点古色古香的味道，做的位子背后听得到流水声~~~很喜欢~~~服务很好，很亲切~~不过品种并不是很齐全，碰到帝王蟹这种，叫过一轮之后就被告知没有了，喜欢的朋友第一轮可要多叫一点哦~~~随便吃吃还是可以滴~~~
27119,小时候经常去玩的地方，学校也爱组织，家里也爱带我去那里玩，离家里比较近的一家公园了。里面的绿化很不错的，记得当年里面有一个六层楼高的激力勇进设备，不知道现在还有没有，很怀念啊~
27122,环境相当不错，里面的植物很多，空气也挺不错， 菜品一般，做的不是很精致，量还是挺足的。菜品种类挺多的，在那里吃了两顿午饭和一顿晚饭，菜品很少有重样的。
27171,"扫完墓去的,大概晚上7点15分左右到的.\n停车不是很容易,门口有只羊.\n进去还要等位置,环境一般,由于人刚走来不及收拾.\n菜还不错,挺实惠的.有点川菜的感觉,都放辣椒的."
27228,十分喜欢在这里吃三文治，不但食物配料够新鲜，而且十分照顾每个顾客的不同口味，从面包、配料、肉类、蔬菜、酱汁、饮品、甜品统统都可以随意个性化地自由选择搭配，轻松调配出适合自己口味的三文治。喜欢吞拿鱼和西班牙火腿三文治套餐，个套餐价钱22-28元。
27229,这个烧烤店，是南楼那家的分店吧，味道和南楼那家差不多，南楼那家开了很多年了，一直特别火口味、质量一直保持的很稳定，可能这是吸引好多老顾客的原因吧\n爱吃炸灌肠和烤脆骨、烤板筋，疙瘩汤
27281,服务员收碗筷时，毫无收敛，感觉直接往框里扔的，噪音！！环境实在太差了，服务一塌糊涂。整个百联里，还没碰到过这样的。员工有没有培训过啊？！
27283,我和友人相约聚会，十点左右的时候也不是午饭时间\n就想找个地方坐坐\n谁让那个上海歌城要身份证\n我们两个有都没带呢！\n于是来到了人烟稀少的一茶一坐\n初中的时候就知道这个地方蛮贵的\n那个时候咱们有钱的语文老师和英语老师吃个中饭也是驾车过去的\n所以印象中就是一个字贵\n环境还是不错的\n门口的姐姐热情啊\n捡了一个靠窗的好位子\n拿到了菜单\n好贵\n没办法进来就不好意思出去了呀\n于是勉勉强强点了两个冷饮\n一个是大份红豆冰\n还有一个是什么，我也叫不出名字了\n最后结账80左右\n哎哟 我的妈妈\n以后我可不冒昧进来
27299,在深南茂业旁边，挺好找的地方。川菜做的比较地道的一家店，不算特别辣，可以接受的那种。水煮鱼、水煮牛肉、夫妻肺片等，味道都不错。服务也挺好的。去华强北那边逛街，经常会来这里。
27306,喜欢贝儿多的泡芙真的超级好吃的！ 甜甜的是我最爱的。浓浓的香味。有时候刚做出来的时候更加诱人。喜欢他们家的巧克力加上冰淇淋。冷热交融 绝对是一种享受，和爸爸妈妈逛街几乎每次都要买的！
27331,自从去年\n吃了那家名气在成都很响的“牛**”以后\n韩国烤肉在我心目中\n就再也提不起什么兴趣了\n但是今天去吃了他家以后\n又在一次颠覆了我的印象\n看来\n不能”以点盖面“啊\n对这家\n偶很满意\n尤其是服务\n如果没有记错的话\n在DP\n服务这一项\n我能打”非常好“\n是头一次\n基本上就跟”大熊猫“差不多\n属于及其”罕见“\n服务生很热情的接待我们\n在抄了团购号让我们等上菜的空隙\n特地告知将菜谱留给我们翻阅\n以此打发时间\n我们吃饭的时候\n漂亮的服务生\n微笑着一直热心、细心、耐心的为我们烤肉\n期间\n我都觉得可以不换烤盘将就继续烤的时候\n还是为我们换了两三次烤盘\n期间\n同去的小盆友要这样那样\n很磨人\n服务员都“不厌其烦”\n我心里很是小感动哦\n真的服务无可挑剔啊\n我最喜欢烤五花肉\n很新鲜、量比较足\n肥瘦搭配刚刚好\n真的很好吃\n烤牛肉\n分量也很足\n新鲜、肉质细嫩\n吃起来口感很好\n特级肥牛两片（半份）\n烤培根三片（半份）\n摆盘很精致、有卖相\n品质不错\n汉拿山石锅拌饭\n稍微逊色一些\n味道淡了点儿（后来才发现自助区有拌饭酱料，可以添加）\n米质可以再选上乘一些的\n我想这样的话\n石锅拌饭会更精彩的\n南瓜粥\n只有半碗\n味道还可以\n团购里的”打糕“\n没有\n这个是我现在写点评的时候才发现的\n味碟自助\n随意添加\n调味很好\n我觉得赛过“牛**”\n自助区免费的冰淇淋\n味道纯纯的\n我很喜欢\n没有因为是“免费”的而显得很“水”\n生菜洗得很干净\n配上黄瓜、胡萝卜\n很新鲜、很上口\n他家新开张\n环境比较宽敞、整齐、干净\n人气还是很旺的\n吃饭的过程\n一点儿没有“油烟”的干扰\n至于价格\n当然不团购的话\n小贵哈\n总之\n比较喜欢他家\n我想\n自己还会带上朋友家人再去的
27368,昨天中午路过，进去吃了个定食，味道不错，主菜现做，味道不错，难怪工作日中午人很多，值得推荐，没有吃自助餐，下次也想试试，
27380,去过一回，是同事请客，当时是说去尝鲜的。不过据说请老外去，很出彩！\n感觉味道一般，面点倒是还可以，但是说实话价格我个人感觉不便宜！\n酸奶感觉不怎么样，羊肉感觉还行。\n我个人比较推荐的是里面的大拌菜，感觉很不错。
27422,每次去动物园批发市场肯定会去世纪天乐，这里面的衣服还算可以，不过人真的是超多，人挤人，里面卖货的大部分都是小姑娘，妆画得跟鸡似的，卖货很屌，没什么好脾气，东西也越来越贵了，感觉很不值
27437,海底捞~名不虚传，据服务员介绍有20多种调料，吃上去脆脆甜甜的，口感非常好\n最漂亮的就是那个贝类品牌非常漂亮，味道也很不错~很值得一去\n门口有停车位
27442,来巴塞罗那西餐厅，是经过朋友极力推荐的，是冲着这里的手指鸡来的，淡淡的蒜香味，外脆里嫩，还真是可口香甜，很喜欢吃这个味道.这里的罐闷牛肉觉得还不错，肉质很软烂，入味很好，个人感觉很喜欢；这里的吉列炸鱼不是太好，感觉鱼肉有点不太新鲜，有点怪怪的味道；这里的意大利肉酱面很好吃，我个人还是很喜欢这个味道的.这里的环境有些暗可是给人一种很幽静的感觉且很有情调，服务态度也很不错，总的来说这里的性价比还是很高的，还是值得再去光顾的.
27447,要说馄饨，我就爱吃这家的..馄饨很大...和饺子一边大..口味不错..有好多种口味都是平常在普通的早点店吃不多的..像香菇鲜肉、皮蛋鲜肉...都倍好吃..
27454,来过几次了。对这家的印象还是不错的。\n旁边就是襄阳公园，有一次和鱼鱼来早了，天还没有全黑，边看风景边吃晚饭挺享受的。\n水煮鲶鱼，这个的特色就是口味清淡。明明这么油的鲶鱼，去掉重口味，保留了鱼肉的滑嫩。还算有点创新。不过不适合喜欢重口味的朋友们。\n土鸡栗子汤，好像叫这个名字，不太喜欢这个汤。反正不太喜欢把鸡和栗子煲在一起。\n蜜汁紫薯，不好吃，甜甜的，不适合作为甜品。\n川北凉粉，这个菜又油又辣，太不健康了。本来来瓦缸煨汤就是觉得饮食比较健康。这道菜一上来把功力全毁了。\n咸蛋脆皮虾，外面包了一层蛋黄，有点像以前在杭州白鹿吃的蛋黄鸡翅。只是这个菜这里也做的挺油的，上来的时候已经不是热的，有点温了。所幸虾壳炸的很脆，可以直接吃下去。还不算太糟糕。\n农家三杯鸡，这个菜味道不错，下面用小火炖着，很入味的一个菜。但是听说不能多吃鸡，要开始控制鸡的食用量了。\n山药煨龙骨，和鱼鱼两个人都喜欢喝汤。尤其是煨的时间长的汤。上了一罐子，里面的山药也是大块的，服务员要帮我们分入碗中，还问我们要不要去油，其实汤上没什么油。看着就觉得健康。\n点心酒酿小圆子，一上来就是一大碗，味道美美的。\n这家一直有送券，满一百减20的券。
27456,和男友拿着优惠券去的，选的68元草鱼套餐，泡椒味的，偏咸。它家的泡椒烤鱼上面有剁椒，貌似其他店没有。不过鱼的份量还行，3样配菜选的是生菜、黑木耳和藕，份量明显就很少了，凉菜选的花生米和凉拌金针菇，玉米粥是免费喝的，还能续，另外送了一盘4小片西瓜。\n环境确实不咋地，从外面看和成都小吃一个档次的\n话说回来，68的价位，已经算不错的了
27465,哦哟喂 怎么有优惠券的啦\n还好打了velo的 算算也差不多\n普通的台湾连锁 开到松江来了\n生意有些冷清\n但是环境不错 空调够劲\n某只吃的猪排饭 看起来卖相不错哟\n云吞面汤头蛮浓的 面的质地蛮好 云吞也还过得去\n用券买了什么豆腐锅 就是红烧豆腐啦\n和老妈烧的一样
27489,姑娘小伙那服装穿的哈，，包间名起得特有味道：）\n就喜欢它家的大茶缸子，喝酒有感觉。\n晚上去吃饭，绝对可以体验到在农村赶礼吃喜酒的场面。
27525,最近的中午饭都是在这里解决的，小店味道，马马虎虎吧，汤很鲜，鲜过头~猪爪汤和鸡蛋肉糜汤都有点油，排骨汤比较干净~\n红烧肚档，鱼肉感觉有点木，味道还行，不下饭~\n酸菜鱼，看起来一份很多，其实就是上面铺了一层，不过对于这个价格来说还是蛮多的~\n水煮鱼？我猜的名字，不辣，和酸菜鱼一样是裹了粉的，味道还行，比较下饭的~\n酸辣土豆丝，感觉白醋的味道浓了点，本人不喜欢白醋的~\n黄瓜炒蛋，味道还行，蛋比较好吃，油油的~\n蒸米饭，饭倒是蛮香的
27574,在街上逛，忽然想吃比萨，看到此时此刻，走了进去。\n因为就一个人，所以只点了奶油蘑菇汤12米 + 9寸夏威夷比萨23米\n奶油蘑菇汤上的很快味道不错，很热乎，也很浓稠。\n夏威夷比萨就非常一般，只吃了一半不到，不知是否因为一个人吃饭，味蕾格外挑剔的缘故，总之感觉不好吃，比达美乐用料差不少。香肠是小丁的不正宗，而且饼坯是不是因为只放了面所以吃起来干干的。反正不好吃。而且这家为什么没有焗饭呢？！为什么不能开发票呢？？\n整体餐厅装修其实还行，想走小资路线。只是服务员太闹腾。想清静会儿还不够他们在外面大声吵闹的。很煞风景。以后不会再去\nPS.今天下午一点半去的，加上我就三桌，外面那间基本就是服务员们吵啊吵的地盘。哎……
27588,是我去过的最不正规的电影院，影院内没有卖爆米花的地方，工作人员也没有穿着统一的工作服，门口有两台自助打票机，还算和正规接点轨，影院内部座椅还算舒服，其他环境都一般。。。
27608,好久没吃大娘水饺了，本来想去吃寿司王子，排队实在太多了，又饿了，路过这里见没撒人，就进去随便吃吃了，味道么，没以前好了，将就吃吃了
27628,老爸老妈还是比较认老牌子的\n一个楼都是体育用品\n有时候门口还有特价的，确实不错\n门口有个游乐项目，大冬天的夜有人玩
27685,看样子要关门的样子，大厅冷清，迎宾没有人管我，有个看上去象领班样子的人还批评我记不清包厢号码。哎！发票没有，号称要给我寄过来，但等了半个月还没有拿到。再等几天还拿不到的话，我决定投诉到税务局去。
27686,这家中午有推出商务套餐，特价23块还有炖汤，于是过去试试。点的是培根烟肉饭，分量够足，蒸饭上面还有紫薯跟玉米，出品都算OK，炖汤很有味道，看到店内很多人点了火锅，冬瓜煲火锅很有特色，下次也来试下，不过貌似火锅价格都比较贵，适合商务宴请！
27716,我觉得口味挺正宗的，泡馍的味道和在西安吃的差不多，很香！尤其推荐的是油泼扯面，喜欢吃这口儿的一定不要错过，挺棒的~~~就餐环境也挺不错，挺干净的~~就是车位比较紧张。。。
27746,十一月底和姐妹们去的...\n吃饭的店，店里的客人并不多，所以不用排队。\n那天我失常，三个人，我点了好多菜...\n水煮鲶鱼：量满大的～鱼片满嫩\n油条虾仁：很一般...\n担担面:眼睛太大，点太多，以至于木有吃....（我承认我浪费了...）不过据说是推荐菜来得～\n油麦菜：口感不是很好，虽然酱是花生酱...\n鲍汁蔬菜豆腐：推荐，如果你喜欢吃港丽的豆腐煲，那你就会喜欢它家的这道菜，豆腐的做法一样，只是配料是不一样的～\n南瓜饼：一盘12小个...（三个人真是太多了...）\n毛血旺：我没吃...不过，姐妹说老好次～～\n口袋酥：里面貌似是紫薯，不知道是不是因为不是乘热吃的，没觉得好吃啊...
27753,慕名去吃，有点失望 \n口味没有钱宝儿好唉，不知道为什么那么火，可能是品种多？\n随便吃吃还行行行行行行行行行行行行行
27783,室友办了这家的会员卡，刚开业的时候去唱很划算，一下午包场才16块，价格绝对给力啊~~\n环境嘛刚开的时候味道有点大，现在应该好点了~
27788,做为一个福建人从小吃馄饨，扁食，肉燕长大的，对饺子我不好说了解或全懂，但对馄饨就能说是半个老饕。这家很出名，特地一晚上与在地的西安人去的，点了牛肉的，说实话，皮厚，肉质没嚼劲，没有香味，只能说是小个头的饺子，而且一般。汤头油过油腻，而且服务员卫i生也不是很好，不知为什么这么出名？还不如终南山的鲜虾馄饨好吃。
27789,口味唔错，值得推荐，算是附近性价比比较高的地方，6点前来都还有位，6点后就难说了。五柳鱼例牌都好大份，分量足。蒜香骨都唔错。
27851,财务阿姨送了2张洗剪吹体验券，周六中午和妈妈一起去的。店据说只开了1个月，顾客已经满多的，妈妈都剪完了，我还坐在椅子上等。\n服务生戴着口罩给顾客洗头，这点不大习惯哦，觉得像在医院里。帮我剪的发型师是位总监，上海人，按照要求帮我修了刘海、剪了层次，手艺还可以。我是免费体验，好在推销不多，只是问了问家住得远不远，以前在哪剪发等问题，总体感觉还不错。
27855,开了好多好多年了的高档商场啊。\n各种高端牌子，对于我这种穷学生来说，完全没有购买力……\n不过去领领小样倒是不错~
27858,每次都是喝完酒去吃的，刚开始的时候觉得好玩，又好久没吃这些了，还带朋友去吃，现在想想太脏了，租了个饭馆的夜市，都在马路边吃，等于马路排档，不敢再去吃了@@
27890,他们家的酸梅汤很好喝，味道很正。\n点了他们家的麻辣鲶鱼，还是挺辣的，味道很香。口感不错。我觉得比水煮鱼好吃。\n他们家的毛血旺做的很不赖。不过量少。\n青菜做的就一般般了。\n小包间里阿敏那个拥挤啊。。。。小桌子放一个鱼锅就什么毒放不下了，每次添上新菜我们都要撤盘子。
27893,很久以前去吃过一次他家的面，后来就没特地去过了，前段时间在装修\n周六的时候要去新西宫，恰巧经过，于是便再一次进了这家店\n印象中，对他家的面蛮喜好的，于是拉着BF一起吃面，自己要了鳝糊面，BF点了八宝辣酱\n一楼坐的基本都是吃面和盖浇饭的，楼上都是点菜的\n等面的时间有点长，浇头和面是分开的\n汤看上去很清，标准的红汤底，BF觉得应该再甜一点\n鳝丝有点少，倒进面碗里就捞也捞不到了，还是BF的八宝辣酱实在，还有小虾仁\n没有期待的那么好，不过还过得去，以后想吃红汤面的时候，可能还会选这家的
27929,听说是军人开的 性价比很高 \n本帮菜 用料新鲜 价格也公道 主要味道还好吃 就是平时中午人太多啦 要早点去
27943,这家店是大一时候第一次跟牛奶吃饭的饭店\n牛奶总说这家店有她的好多美好回忆\n觉得缘分这种东西真是很神奇\n它家的水煮鱼还不错\n鸡翅最近品质下降了
27963,路过那里看人多所以进去吃了一下，石锅拌饭要自己加调料，太麻烦，味道太淡，炒年糕味道怪怪的，没有在釜山料理的炒年糕好吃，五花肉和牛舌都一般，总的来说不和我的口味，以后也不会去吃了。
27968,每次广州出差必吃的餐厅。口味佳，价格还算公道，而且量比较大。澳门街也是全国连锁，这家是我觉得比较赞的！晚上通常都要等位子的～
27972,猪肉比较贵当然是吃猪排啦~~~里面有芝士和培根~~~第一次吃觉得很一般，黑胡椒味道有点重，第二次吃就觉得好吃得不行了~~~不过最推荐大肠包小肠！大肠是米肠，有点像粽子那种，里面有肉和花生，很香很香！小肠是台湾香肠，味道好！老板很有意思的~~~
27977,三个人吃掉三百多，隔壁一大桌7.8个人才五百多，真是无语了，地方是挺大的，但是这个服务员怎么那么少呢，就见到2个服务员满场飞，叫都叫不到，店里人也不多呀，而且连空调都没有，一顿饭吃下来一点热乎劲都没有。\n元宝虾和红烧肉是吃下来最有印象的，那个小巴鱼一般般咯，家里烧也是这个味道，酱排骨真心少，不但量少而且肉还少，都是骨头，最失败是无锡小笼，维萨下面要垫一片胡萝卜呢，第一次上来没蒸熟，回炉后都吃完了才来，还是‘隔生’的，还有一个不明白的是难道厨房在隔壁街吗？维萨每个菜上来都是温吞的呢。\n团购的话可以考虑，自己去的话就算了。
27980,算是华强北比较老的一家粤菜酒楼了，听说老华强经常到那里去吃饭。在儿童世界后面，大堂经常有特价，自己朋友大吃大喝想吃粤菜去这里算实惠啦。
28007,对于北方人来说，这种甜甜的豆腐还是吃不惯啊，好奇怪。另外点了几分套餐，还可以，黑椒牛柳的最好吃了，鸡排饭和奥尔良鸡腿饭的肉都挺少的。
28035,朋友推荐去试试，果然名不虚传。除了大家都推荐的肉燥饭，还点了老板推荐的河粉，名字很长，叫秋天肉末猪肝炒河粉，满满一大盘，味道也不错，本来还想点点别的，只是实在太饱了吃不下，只能留到下次了，老板人超好，态度好，很亲切，最后送了小菜还有优惠券。这家店遗憾在于地理位置不太好，否则绝对满座！赞一个！
28038,服务太差了 还没吃呢就一肚子气。再好吃以后也决不会再来了 真搞不懂为什么不招着稍微有点素质的服务员︶︿︶
28049,这个店是川菜店和火锅店连一起的\n感觉里面装潢特别有江湖气息\n味道挺不错，价格适中，服务员有点慢，总体还是不错的
28053,环境很好，服务也很好，\n菜的品种非常多，口感也不错。\n每次去总是对甜品先下手，\n甜品很好吃，做的也很精致，\n还有蛋挞，\n就是人多了点，\n有点菜市场的感觉
28059,在北京时的食堂之一，也是在这里第一次尝到了茴香馅饺子，好吧，我功力不够，还是不能接受。这里的凉菜很多，凉菜配水饺再加碗热汤确实很惬意的一餐。我最爱的是青椒肉丝，凉拌的哦，很新鲜，青椒爽脆清甜，肉丝也入味，营养丰富还很健康呢。其他饺子就随便吃了，反正也就那几个品种。罗宋汤是每次比点，很实在的一大碗。还记得去年的十一月一号上海刚穿外套的时候就下大雪了。我和朋友坐在这家店里看着满天满街的白雪，再看看脚上的单鞋，觉得很恍惚。。。。
28070,晃到宽窄巷子，想找个酒吧坐坐，喝点小酒。。。\n知道宽窄巷子的白夜，挺出名，进去勒是一个小院，小院的左手边，有一个类似书吧的地方，我很喜欢，在这里有书架，放了很多旧书，还有些成套的。。小有感觉。。\n书架上放有围棋，和朋友在这里看了会儿书，再下了会儿五子棋，10点多满足的回家。。不错\n本人喜欢色、味俱佳的鸡尾酒，但是白夜的鸡尾酒就很一般了。。喝的玛格里特，蓝色的液体，杯子上还撒得有盐，应该是他们的特色，但是味道很奇怪。。。我是把盐全部擦掉喝的。。确实味道不怎地。。
28083,外面的阿姨特别热情 以走过去就一直招呼进去\n菜色还不少 不过特色菜基本上都是鱼类的 鱼做的还不错 不过那个油感觉不太好
28085,米线有8碟和16碟之分吧 上来很多小碗和一碗汤 刚开始不知道怎么吃 经服务员提醒才知道要趁汤烫赶紧把碟子里的东西都放进去 挺好玩的 米线也蛮有嚼劲的
28101,今日公司请吃饭去左呢度。觉得都是酱油鸡最好吃，好滑。叫左个面，好一般。可能临近过年人多啊，今日开始到年初七都唔可以打折，咩卡都唔打得。
28124,公司出差来北京的聚餐，就在国展旁边，所以很方便~\n味道嘛。。。就这样，没有什么特别记忆深刻的好像。\n也不记得点了什么菜。。。就是还是吃不惯辣啊。。。\n这里的霸王鸡，也就是口水鸡嘛，比辛香汇的辣多了啊。。。哎！
28139,朋友新都工作，带过来吃的。后来自己又带了N（N〉8)帮人过去。味道非常不错，对于我这个不太爱吃鱼、又十分挑剔的人，居然能爱上吃鱼都应当归功于森宏鱼庄哈。\n  花鲢做的非常的细嫩，但又有一丝嚼劲，而且不似一般用豆粉堆出来的嫩，这种恰到好处的手艺，绝对是超一流的做鱼高手。汤味有两种，泡菜鱼和红味鱼，相较而言，红味更为出彩，前味鲜香，后味醇厚，就我目前试过的鱼庄看，森宏基本是最顶尖的（无之一）。泡菜鱼的稍逊，但也能仅仅是相对红味的鱼而言。值得一提的是，这家店的家常炒菜水平也是一等一的好，传统的老味道。\n  环境也很不错，屋后边是一个大竹林，非常适合天气较热时坐在外面乘凉。\n  服务一般，主要是人比较多的原因。\n  还要去，必须的。
28151,下午茶时间去的，本来想有优惠，结果只有大中小才有，点的倒都是特，顶之类的，不过冲着好吃也无所谓价格了。感觉最好吃的还是虾饺吧，皮薄入味，相当不错。鱼片粥也不错，可惜当时没有趁热吃。乳鸽没有传说中那么好吃，叉烧包也一般，卖相还有点难看。不过有个西杏牛奶酥之类的还不错
28152,店面不大，环境一般，去了两楼，感觉没有一楼凉快。\n点了小盆骨头锅底28块。有四根骨头，肉满多的。\n饮料是酸梅汤，豆浆免费畅饮，味道还不错。\n蘸酱和碗筷4块钱，蘸酱自己配，不过二楼的东西没有一楼的多。\n点了些很大众化的东西，价钱都比较实惠。\n结账的时候用上次的收银条还能打85折。
28159,总体很好，我们去了三十多人刷夜聚会唱歌，音效场子都很赞，小吃我很喜欢，做的特有味，最后被我们折腾的和夜店似的，罪过啊。呵呵呵
28173,"手撕面包10块,真划算呀真划算.\n一个大大的,厚厚的,油超多的,奶味足的面包才10块,宜芝多的相类似口味的北海道香浓要22块来.这里的性价比真是超高."
28174,从外滩那边做了快一个小时的公交车过来，下车之后打车10块钱到门口，不打车据说走半个小时到不了，不方便，。门票真贵啊，160块钱，。早知道我不去了，还免得浪费我的时间和来回的打车钱.连黄牛票都没有
28200,好，还算不错，金太湖3楼，有靠窗的座位 。这种店面来么就是讲讲话的，感觉环境还不错，吃的东西么也还好，就是这个地方属于亮厅，不是很昏暗的那种茶馆，可能气氛不是很浓郁了。
28207,大胡同附近比较好的就餐选择，干净卫生，味道也不错，而且上菜速度很快。不过在高峰期的时候人有点多，找空位需要点时间
28216,有年代的老宾馆，透露着老上海的气质，餐厅服务员都是上海的阿姨牙叔。酒店房间很大，面朝花园，家具都是实木的很重很重，只是设施有些旧了，肯定没有新酒店好看。喜欢怀旧的童鞋可以去住住！
28253,上次去发现换了新菜单了，加了新菜，取消了一些菜，价格也比原来贵，原来价格和外婆家差不多，现在开始拉开距离了，量也开始变少了，凉菜里那个炸过的青豆很好吃。面包诱惑这种指福门也开始出了。
28271,还不错，师傅挺认真的。2个小时不到吧，按的技巧的话有区别的，有的技师按的好！要记住他们的号码。脖子很酸啥，还是可以考虑去泡泡的。
28273,这家店店标很可爱.刚开始要去吃饭路过这家店.看见可爱的店标瞟了一眼.还挺多人买.因为之前在香港吃过这玩意.没什么好印象所以没停就过去了.后来吃完饭回来又路过发现怎么还有好几个人排队买呢.好奇心导致.来个饭后甜点吧就当.于是要了一份巧克力的.熟的还真是慢呢..等了好几分钟才出锅.拿出来尝了一口.哇塞..很不错的感觉.至少是我喜欢的口味.脆的地方很脆软的地方很软.巧克力要是再多点就更完美啦~~.\n因为是刚吃饱饭就买来吃.觉得那东西还真是实惠.怎么吃还都没吃完.不过味道真的不错.尤其是刚出锅的时候.后来有点凉了就没那么好吃了~~.之后再路过还要买来吃~~
28288,中午无食饭，又系去下午茶，食到五点几叫多个意粉，抵埋晚餐！两个下午茶套餐，乜海中包，好奇怪的酱，系得外面层芝士好d，里面d海鲜好差，d鱿鱼好林！个鸡翼仲系一贯水平咯！冻柠檬茶同冻奶茶，续左两次，一人饮左3杯！最后叫左个新菜单的车打芝士香肠意粉，ok，芝士味算足，香肠都唔少！但系呢间野长期n多人等位，仲排队！
28292,如果要选择一个吃火锅的地方，我不会选8号苑\n因为菜色太普通，很一般\n但是如果要找一个三五好友怀旧热络的地方，我一定会带他们去\n在这边吃的是氛围，和好友一起怀念童年\n整个餐厅坏境布置的很有特色，有点风波庄的味道咯，处处可以看见小时候玩的游戏，看的卡通\n参加大联欢要提前预约，还要带上身份证，所有串子是5毛钱，听说年后可能会长成6毛，锅底普通的都是38，筒子骨锅底是68，其实点普通的就不错咯，辣味还是蛮有特色的\n四个人一共吃了213，最后浪费了一点，所以人均50就能吃很好了
28293,家里老爸老妈不高兴烧菜的时候出来吃这里就是首选\n家常小吃的风格，生煎小馄饨很好吃！！！！小馄饨肉足汤鲜\n面点的品种很多，价格也很实惠，一些沙锅也量很足，不错\n它家的熟菜也买的比较多，烤鱿鱼很好吃，糖醋小排有点硬，但很上海的味道
28322,6月26日，江桥新开的sasa，好像商品比刚来上海的时候丰富很多。有些外面买不到的东西。现在超过80元打折。买了两瓶指甲油55元。一瓶35元，suki的。颜色很漂亮。
28324,老朋友聚聚就选了他家，点了壶茶，吃吃干果，聊聊天，饿了可以吃的垫饱肚子的点心，我们打了几小时的自动麻将，总体还行
28357,去超市就去这家，不知道为什么就往这家跑！或许是习惯了？就是收银柜台能不不能再多点，一到节日这个排队没有耐心呢！
28392,以前记得这是家大牌档的粥铺。\n装修之后改成西餐啦。\n看来真是后知后觉。\n只是过来喝了两杯奶茶。\n珍珠真是很一般。又硬。\n奶茶的杯子也不大个。挺少的量。
28397,看到地铁站有打折的广告才去的，去了才发现是以儿童体验中心为主的场所！！二楼是活动中心，一层有卖服装的和餐厅，人很少，店里的款式也不是很新！！地下有家大超市，糕点区的面包看上去很有诱惑！！
28406,对于我这种喜欢大口吃肉和喜欢重口味的人来说这里确实不咋地，没KFC的辣汉堡好吃，不过比较健康拉！可以根据自己喜欢的选择蔬菜和酱料！非油炸！
28420,满怀期待被请客'结果和朋友说的一样'贵还一般'我受不了鸭皮'''热油哗的一下往嘴里淌'烤鸭还可以'但是就单纯吃烤鸭我也不会过来吃'大牌果然卖招牌'而且人好少哦
28432,这家店开了N多年了。他家的生煎真是不错的，虽然不能和小杨比，但性价比已经算高的了。老公很喜欢在他家吃面啊什么的，他觉得味道老好的。随便吃吃真的是满实惠的。
28434,看了DP来的，周五的晚上大概7点左右，开车在胡同里绕了好久好久~~汗，因为有些胡同是单行，而且根本没有地方停车~~开进去，出来可就困难了！劝大家把车停到对面的停车场吧~~\n  \n  小院很好找，进了柴棒胡同不远，右手边有个红色的小门，进来就是了，门口没有招牌~~\n  由于来的时候正赶上饭点，所以要等位。我和朋友大概等了十几分钟吧，还和热情的老板聊了几句~\n  感觉挺新奇的，院子不大，两边有两个所谓的小包间，大概可以容纳8人左右。中间院子里摆放着长条的木制桌椅，客人来了，先上袖珍的茶具，还有云南的普洱，可以边喝茶边吃饭~~\n  餐100元/位，不含饮料和酒水~基本上以各式丸子为主还有些可以涮的青菜和菌类。随点随上，每份量都不大，可以吃很多种~~\n  感觉就像在家里的小院吃饭一样，很随意，服务的大姐们也很亲切~~呵呵 挺好玩的~~~
28462,同事请我和LG吃饭，她是湖南人，所以选了这家店！就在食街的路口，还算好找！环境还行！中午人并不是很多！我们三人点了毛氏红烧肉，鳝鱼炒蛋，剁椒鱼头，红菜苔，酱油炒饭！味道都很好，红烧肉吃起来不会很腻，肉做得挺烂但又不会丧失口感，味道也不错！LG一个人就吃了六块！晕！酱油炒饭看起来挺香，好像颜色很深，但吃起来又不会很咸；剁椒鱼头一盘两吃，一半辣一半清蒸，味道都很新鲜！\n 我们三个人就点了五个菜，其中有一大半是我和LG吃的！人家请客，我们却是吃的比人家还多，真是不好意思啊！哈哈！不过是真的味道好嘛！价钱应该也还算公道吧！下次我和LG也会再来尝尝的！也会推荐给湖南的朋友！因为我觉得他家的菜要比同*会的好吃！虽然我不是湖南人！
28473,肉的口感不错，东西不错，很新鲜，价格也很不错，比一般的贵多了，环境很好，服务也不错，停车有点困难，不过可以停到对面的鹏天阁。
28480,东西包装很精致，买了蜜豆酸奶，是在酸奶上加了厚厚的蜜豆，布丁上加了巧克力酱，但是等吃的时候已经和布丁混合稀释啦，但是也很好吃！老板很亲切还给了兑换票，
28505,上上次友人生日的时候，偶买了个眼影盒给她，正好是新品，颜色我蛮喜欢的，是很淡的带点粉和亮光的颜色。但友人收到后觉得淡了点，涂在眼睛上和肤色蛮吻合的，可能是新品的关系价格微贵，但偶还是买了，，要送人嘛没办法，后来上次偶的友人生日，偶叫朋友从香港带了款他家COCO的香水，老实讲，偶觉得太香了。。。但偶友人非常稀饭。而且价格要比上海的便宜将近3/1啊~~~有种被宰的味道~~~不过他家的东西还是比较不错的，包装各方面都可以，稀饭他家的眼影颜色。。。。
28519,去成都不会错过的地方，相当于上海的城隍庙、北京的王府井。\n建筑都是古色古香的，好多传统的手工艺，比如皮影戏、糖人、编织……民俗风情浓郁。还有许多四川小吃，不过听四川分公司同事说，锦里的小吃不怎么正宗唉。只是吃个新鲜，凑个热闹，也不错啊。\n点缀其中的茶馆好多，成都人真是爱喝茶啊，我们也入乡随俗地喝了盖碗茶。
28545,我们通常都是两个人到三个人一起去，所以等位子的概率就更大了。若是一个人，那就几乎不用等位子了。我太喜欢呷哺呷哺了，因为我觉得这是性价比很高的一个火锅店，周围的朋友都喜欢他们家的麻将，可以无限要，这个麻将小料很重要，因为菜菜和肉肉哪哪都是一样的味道，但是呷哺就赢在了它的麻将小料上，不仅味道好吃，而且4元无限包。爱死麻将小料了，每次都吃的饱饱的，特别满足。每个人各点一份羊肉套餐或者肥牛套餐，不够的话再单点，通常都很够吃，每次拉面都实在是吃不下了。一提到“呷哺”，我就口水直流。
28548,同学聚餐去的，地点不错，菜还可以，性价比比较高，就是环境稍差，开了很多年的一个店了吧，有个炭烧猪颈肉挺好吃的，干煸茶树菇也不错
28552,团队活动老板请客去大吃了一顿。走进去环境不错，可惜我们是大包间，看不到外面的景色。\n味道还可以，量很足。烤布丁很好吃。刺身质量还可以，服务不错。\n对于陆家嘴这样的环境，这样的价位还算可以
28562,朋友信佛，陪她专门来过几次，来的信徒很多，里面烟雾缭绕，都是在上香的，都很虔诚的。这是闹市中的一块净土。我也静心闭眼沉思。
28605,算是很实惠且很有上海风情的小店，口味还行，很有上海特色，在那里用餐的好像也都是上海本地人，服务还是不错的，尤其有一位中年大叔，很及时的清理台面，也帮忙催促餐点。在周末的午后，在这样的小店吃顿午饭，颇能感受上海的那种市民生活。
28610,用了优惠券去得，就在梅地亚大厦里面，招牌很明显，里面的环境布置很优雅，选了靠窗的座位，看着外面车水马龙的，很热闹屋里还是很清净，蔡菜的味道很不错，我比较喜欢，比较清淡不是很油腻，服务很热情。
28614,高中同学结婚在那办的酒，在无锡的星级酒店里属于比较有档次的，装修很气派，适合婚宴和宴请，口味也适中，价格稍贵点
28617,昨天去双季买了一些热带鱼，包括两条潜水艇。不买不知道，一买吓一跳，当我提着热带鱼回到车上，车子开动不久，就见潜水艇搭的一口，搭的一口，还没到家10条红绿灯就被咬死了。怪不得，老板游说我要多买点红绿灯。想想老板也应该知道潜水艇的习性：对地盘的重视度，它们是不可以放在一起养的。做老板应该告知一下。从这小事也可以看出，老板为人不怎样。这个摊位是位于双季花苑在杨高南路上进门口对着的那家店铺（进水族馆那个门，杨高路上的）。郁闷
28648,经常去吃的烧烤摊，老板负责烧烤，老娘负责麻辣烫，都是四川人，这两口子我认识有6、7年了吧，生意倒是一直不错的，下班后会经常去吃点东西，点上几个烤肉，在来碗麻辣烫，经济实惠嘛
28660,"很晚经过这里，就要打烊的样子,试了鲜肉云吞面，面、云吞还可以，就是汤没有味。最不可理解的，就是做一碗面，居然用了7、8分钟，是吃了这么多不同店铺的云吞面出品最慢的一间，还要只是我一个客，平常不知如何应付呢。"
28663,今天去朝阳大悦城，看见天多小火锅做活动，全场6.9折（含酒水），从3.25——3.31。\n我和同事就在它家吃的午餐，没想到底料2元，是自助的，还有五种水果也可以随便吃。菠萝、苹果、圣女果、西瓜、哈密瓜，质量都不错。\n现金消费满30元赠送优惠券一组：\n1、5.9折午餐券二张；\n2、7.9折优惠券二张；\n3、羊肉买一送一，一张。\n我们两人花了三十几元，都撑得不行了。
28666,哈我又是第一个！这家银行说实在印象真不好，装修设施都不错，都齐全，就是这服务有点跟不上去啊！人比较多，等候时间长，我觉得和业务素质和水平都有关系。尤其是3号窗口那个一般负责交银理财用户的那个人，戴眼镜的女性，我找她办一次业务，她就出错一次，每次都是“不好意思我理解错了”，就是她，造成交银理财用户有时还不如普通用户流动的快！
28671,第一印象：量多；有喜欢的各类菇，还有肥牛；\n第二印象：价格比较适中，相对较便宜；\n中午在大食代等着吃寿喜的人可真是多呀，唯一的缺点就是需要排队等很久，连续去了三次，每次都等了差不多15分钟。\n好不容易拿到热气腾腾的饭饭后，又为找位子而发愁。\n不过在将食物送进嘴后，之前的不满都被美味化解了，味道相当浓愈。推荐~推荐~\n还有个优点：可以刷索迪斯卡哦~
28706,基本上都系做街坊生意，晚饭时间经常见到人地一家大细咁食饭噶，而且通常夜晚都有两轮，平时系基本唔使等位，担心节假日就最好提前订位，好多熟客都系有你无你先订位。甘就有备无患了嘛。虽然有两层楼，其实房间好细而且好吵。\n我觉得距价钱其实唔算便，仲加佐价添。地道顺德风味馆，野食偏咸偏辣。最中意噶系沙姜鸡同水蛇粥（分量越来越细）
28717,昨天第一次去，点了一个肥牛套餐还行，朋友点的鸡柳饭就太差了，其他的没试，感觉和真功夫的装修、经营一样，价钱也基本一样贵。
28719,几次从从路过却要填一下肚子的时候，会下去买点吃的。那里不太排长队，天气好的时候，还有露天座位可以坐坐。店员的服务态度也很不错。
28726,我有两个朋友巨能吃，每次我们一起吃饭带上他们两个，简直就\n没我们饭吃，所以我们就来这儿，他们想吃多少吃多少，这里东西种类很多，味道也好
28734,存在于家门口很多年了，第一次在这儿吃巴贝拉。物美价廉，味儿跟必胜客差不多，不过这次没吃批萨。吃的意面，沙拉，汤，鸡块儿，还有什么忘了。第一次用了一层打的维络城优惠券，真是太亏了，8块钱换购那个肠，整个就是6片粉肠。绝不使了。\n不喜欢商场里的餐饮店，太吵，说会儿话都听不清楚。\n还忘了这儿也能积分，不过这个积分系数实在是太低了。
28748,经常路过黄桦路，每天下午五点打折，之前总有人在门边等。鲜奶小方的确不过，别的打完折也蛮划算，就是下午五点前有的已经卖光了。
28756,新开的公园，环境不错，门票50元/人。\n市区开过去路线还算简单，不难开，呵呵。\n有两个停车场，场地挺大的，停车费小车10元畅停。\n公园内有真人CS ← 还没开放；\n有湿地 ← 在建\n进园可以租借自行车，现在可以和他们商量，超过三小时按照三小时收费，前提是4点半前还车。公园面积很大，非常有必要租辆车代步。\n烧烤区非常专业，有专人帮忙放碳生火。\n需要有“开炉费”，我们自己有带烧烤食材，选择了最低消费120元的套餐。\n草坪非常多，可以泊车休息，躺在草地仰望蓝天，真的放松惬意。\n园内骑马分为大圈（30元/圈）和小圈（10元/圈），云南旅游有过骑马上山，这里就不感兴趣咧。\n卡丁车800米的赛道，只是听闻最高速度20码，打消了上车的冲动。\n游乐场项目不算多，碰碰车还是激发了一帮子老小孩的热情，3场共12分钟，碰了个爽。\n公园内还有盆景区和石头陈列馆，因为时间关系只去了石头陈列馆，里面都是些奇石异石，美轮美奂，值得一去。
28763,价格挺便宜的，羊肉12，肥牛9块，饮料买一送一，他家牛舌不错，羊肉有些膻。虾滑不好，没有小肥羊的虾滑好吃，如果只吃特价牛羊肉的话，还是很值得。
28782,最近才上点评网 几个月前 前来这家店宴请朋友 好像是158的自助 连最起码的梅子酒都没有 反正这家店我是不会再去了 很失望
28790,和朋友逛街，中午了就顺便去那里吃了。地方还是挺好找的，没怎么排队就到我们了。。总体感觉还可以。。口感也不错，鸭子挺大的。。。没吃完。。。强烈推荐那个酸萝卜啊。。。很赞！
28809,一家环境不怎么样的大排档，但服务却相当好\n我等位等左好耐，都系想食佢噶椰青粥水底火锅\n要左两斤蟾蜍，一斤黄牛肉，仲有炒牛河\n味道就一般般啦，价格好抵咯，建议黎试18式蟾蜍
28810,朋友为了庆祝顺利通过CFA考试，特地请我们在这儿搓了一顿，看到大众点评上头的介绍寻来的，感觉味道很不错，服务态度也好，火龙果猪颈肉，干炒牛河，蟹粉豆腐羹是我们几个都爱吃的哈，只是我来晚了，不知道朋友点了什么菜，只知道吃哈，以至于现在只能毛估估了
28814,陷料足\n外皮比较酥脆\n品种也不少\n价格不贵\n最喜欢吃照烧鸡腿的\n其他的感觉一般\n但门脸儿不大，很好找\n生意挺火，晚上买还得排队
28830,喜欢大圆碗的排骨饭，怎么就那么好吃呢。鸡腿饭还有牛腩饭马马虎虎。红豆粥也挺好喝的。若果叫外卖会给一大把一次性勺子，很好。
28832,已经落伍的一家店了 软硬件条件以及最重要的服务意识 没多大竞争力 其实地点还算有些优势 和朋友都不太再会有强烈愿望来这家店了
28844,每次去都是吃的老鸭汤，其他的也没有点什么……\n老鸭汤味道还是可以，不过前段时间去的时候小份的里面鸭子明显减少了\n蘸碟的味道说实话真不怎么样，要香辣碟的话最好把里面的油逼出来再蘸药好一点\n肥牛点过一个，和外面的肥牛吃起来不一样，有点老\n飞饼做的还可以
28850,首先想说十全街上能吃的饭店越来越少了，这家还算凑合。\n两个人去，其中我是头一回，\n一个冷菜：鸡丝凉皮；\n四个热菜：菠萝油条虾，三杯鸡，上汤西兰花，还有一个印象不深忘记了；\n外加一个番茄牛肉汤。\n原本以为比较清淡的伙食，结果发现也是浓油赤酱，\n菠萝油条虾和三杯鸡味道尚可，其他都太咸了，\n番茄牛肉汤极不喜欢，里面加入了太多的大葱，味道简直像新疆餐厅里一般。\n沙冰还不错，分量也很大。\n适合情侣朋友小聚。
28855,"中午大概12点的时候去的，店里的人坐的满满的，好不容易找到了2个人的位置，而且是和别人合用的4人座。我们准备点单的时候，不愉快的事发生了。我以为服务员会把菜单给我，谁知道跟我讲，让我出去等，我说凭什么？我先来的。因为又来了4个客人，要坐一起，就做我们隔壁，因为隔壁只有1个桌子，不由分说的就把我面前的桌子拉到隔壁去了。我一下就火大了。态度也很差，后来找店长投诉。才解决这个问题。后来点的煎饺,有股怪味,还很湿,不好吃,反正以后是不会再去了"
28918,我牙齿不好所以一直去对面的牙防所看牙，牙医建议我试试抗过敏的牙膏，不高兴去欧尚，这里近就过来看看，买了好几次了，价格比欧尚的便宜，但是上个礼拜发生的事让我有点不爽。\n先是进门要把包套在他们的环保袋里，有上锁，等结账的时候开。\n看到某牌子的抗过敏牙膏，买2支有赠品，送玻璃碗5件套，我本来就是要用的，那就多买一支，上面写着赠品柜台拿，我以为是楼下的服务台，就买单了，跑到服务台说哪里买的哪里拿，让我再上去问。\n我只好再跑到楼上，又要把我的包装进环保袋，我说我不买东西，他说不要紧，不管你哪个出口出去，都有人帮你开的。因为牙膏附近有个化妆品的收银员，问了她说不知道。。。我只能随便找了个促销员问，这个人倒蛮好的，帮我找到了牙膏的促销员，瞄了眼单子就给了我赠品。\n问题出来了，因为我之前买过单了，所以是从非购物通道出去，一手抱着赠品，一手拎着环保袋，警报响了（其实是环保袋的原因）所以我被扣下来了，问我赠品怎么回事，但是因为单子上没有写“赠品已拿”，所以根本说不清，他们要找负责人核对，我说那你先帮我把包开了，他们说不负责，一定要去收银处开，我只好通过警报器再进去，警报又一次响了，短短几分钟，被人侧目2次。。。\n我其实不爽的是这个环保包，又不是每个人进去都一定会买东西出来，难道就一定要去收银处开包么，你们那么喜欢听警报声么？？！！在非购物通道，配一个开包器有多难？？
28937,刚刚开没多久，生意从很差到开始有人慕名而来，我觉得主要是老板很和善，态度很好。\n点一份寿司现在送汤或者色拉，点满50还可以送海藻。现在还有盖浇饭。\n寿司的名字都起的满有创意的呢。\n式过一个龙（三文鱼的）还有一个28元的忘记了，名字反正也挺豪迈的。\n一般价各在18～30元之间拉（8个）还好，味道倒没有特别难忘的，店也小小的，但是亲和的态度让人觉得光顾很愉快。
28943,我们一起来登高，哈哈，够高，风景当然就是不错了，自助餐我觉得哪里也差不了多少，这里种类也不是最多的，出品不合口味，主要是环境，来吃环境的
28950,中午同事请客，一共6个人。2人点面，点面的话可以优惠买小食。我点了新品铁板肥牛炒饭，味道很好，牛肉很入味。同事点了新品菠萝牛肉窜，牛肉老的不行，都吐了。
28971,就在滨江购物广场的旁边，每次逛滨江和凯旋门的时候会顺道逛一下，连吃点东西。这条街挺短的，不过倒是汇集了不少西餐馆，有快餐类型的像赛百味，也有很正宗的西餐馆。经常吃的还是赛百味，经济实惠也好吃。
28987,环境很不错 不太好找 很幽静 菜品一般吧 菠萝饭有点硬 榴莲酥的馅很足 榴莲味不重 牛仔骨还可以 服务也不错 叫就来 不叫就边上候着 晚上有唱歌滴帅锅
29005,"地理位置很好,在中环118广场对面,店铺环境很不错,三楼是大厅,四楼是包房.\n酸汤乌江鱼很不错,鱼很新鲜,口味适中.不过最后感觉还是有点小贵,偶尔去约会下不错"
29008,去的比较多了，环境还可以，就是外面有人会吸烟的确受不了\n里面的小阁楼是无烟区，但是相对感觉还是太狭小了，有点闷闷的，不是很舒服。\n墙上有很多画，还是很有意思的。\n老板是个画家，也很有文艺范儿。\n恩总体还可以，就是去多了咖啡厅之后，觉得这家的装修环境还是有改善的潜力
29026,那天因为是一大早跟朋友约好的关系，但由于我先到了，百无聊赖的先逛着了，然后也不知怎么地，就逛到了原味坊，闻到了很香的咖啡味，然后看到几个外国人从里面出来，我心里想应该差不了吧！进去转了一圈，首先感觉这店的布置还不错，很有国外街头咖啡的感觉，因为比较早，员工还在往货架上上面包，所以我就看看喝的，突然“买第二杯半价”出现在我眼前，哈哈，可能女生对打折有着天生的敏感吧，于是在占小便宜的心理作用下，买了2被指定咖啡，好在味道不差，要不然就要骂自己贪小便宜了，哈哈！后来朋友说味道也不错...下次来的话，一定尝一下他家的面包，看着下面大家的好评，心里也痒痒滴了！吼吼.......
29030,吃的是牛腩炒饭~味道还一般，但是同学的感觉就偏咸了~总体来说，反正对中饭快餐要求不要太高，这家味道偏咸，一份老鸭粉丝汤十五~
29034,正好現在上班在那邊- -中飯就在那邊打發打發咯。。。這個服務太態真是不敢恭維了。。。不過算了。。。客人多 服務員少 也就這個樣了啦 只吃了一次。。。下次再去吃吃。。。小籠還可以啦，，，湯就表去吃了 實在是不靈 雖然是便宜但太難吃類。。。。。。下次吃小餛飩幫拌面。。。
29035,朝外soho真是太冷落了，不过喜欢清静的再合适不过了，本来是奔另一家去的~结果周末不开门~可见人气惨淡。。。于是转战于此，吃的感觉一般般~不过主要目的是聊天玩牌~哈哈~人少就是好啊~成专场了~感觉不错
29052,生日选择去的，虽然天气不好，但是走到露台看的时候，让我觉得值回票价。景色是无敌的。\n食物在中午的价格是比较合理的，就是150-200元就可以了，有些人是一个人来的工作午餐。我觉得对于这个价格，绝对值得。食物的量很足。\n顺便说一下，有个上海女服务生，有点胖胖的（别生气哦）。知道我生日还专门用巧克力标边写上HAPPY BIRTHDAY。 好感动。下次一定再去那里如果请人话。
29068,地中海菜，比较爽口 粗放，应该属于随便吃吃类。地方设计的不错，晴天去会觉得很出彩。可以见到很多老面孔，bistrow的领班wagas的厨师etc 澳戆大举倾入上海……
29077,这是在杭州的最后一顿早饭，这几天属于吃了上顿没下顿那种，所以好不容易逮着能坐下吃顿踏实饭的机会我都会吃巨多东西，我要了2个包子一个鸡蛋饼一碗皮蛋瘦肉粥，哇咔咔，挺满足的，美中不足的就是苍蝇多点儿，东西都挺好吃的~
29092,一个人吃饭，非常的不推荐，因为太贵了。随便点了一点，要了我30几块钱，牛肉的味道不错，但是好少，其他一般，感觉太辣了，失策的是没有弄一瓶饮料，以后人多可以考虑，估计人均也不便宜。
29107,发现a里越来越被大众熟知了。铺天盖地的广告。现在买蛋糕头一个就想到a里，中秋节的月饼也都是a里的。味道却是还不错，蛋糕没有那种劣质奶油的味道，也不会甜到腻人。
29120,环境“很有特色”，但是对于偶来说只是好玩，其他就没有了。我对“解放区”这个称呼记忆深刻。\n菜，我喜欢吃酱椒鱼头。。辣的很过瘾。。
29130,相对于附近几家，这家比较偏贵一点，68一个人。我就没想通，没有自助餐，也没什么吃的，洗碗澡很饿。喝的也是，要什么没什么，只有一般的饮料。房间不是很好。浴池的环境还好吧。还有花草类泡澡助浴
29131,来逛逛沙发和衣柜，只逛了第一层，还真不小，品牌很多，看上了一套沙发五千多，还看上了一组国安佳美的衣柜也是五千多，不过都要等到二月才有货了，因为工厂春节都放假了。PS国安佳美的导购妹妹真骚~
29143,跟老爸老妈一起去的，点了一个特制的供3到5人果木牛排的牛排。味道很好，是烹调好端到桌子上才分盘的。除了黑胡椒汁不错以外，我点了一个蒜茸的酱汁味道也很不错，里面貌似豪放了不少的奶酪（我的大爱）。海鲜炒饭一直没有吃，不过老妈点的味增汤貌似不如正宗的日本料理店里面的做的地道，不过点了一份意大利面味道倒是很是巴适呢。店里面的免费面包也很好吃，法式土司的料很足，炸的火候也刚刚好，很好吃。每次都会拿上很多次，还有免费的水果，西瓜，哈密瓜和小番茄都很诱人呢呵呵。还有一次跟男友去的，他点的黑胡椒牛排味道很正宗，也推荐一下哈哈。
29162,又是中午一小餐，从临港考试回来，其他2位饿得帮疯子一样，我却没什么味口。\n要了一份汉堡咖喱饭，吃口一如既往。\n不过今天的2辛，居然让我辣出了汗。
29171,东方广场的两家星巴克，就距离而言东家比西家近得多\n但有时候还是会来西家，为什么捏？\n因为东家的缺点就是：需要穿过露天的转盘才能到达，而西家则可以一路从室内走过去\n所以寒冬或盛夏时节，当穿套装丝袜的OL不想曝露在外面或冻人或灼人的空气当中时，走远路的西家就成了更好的选择...\n在西家偶从来木有奢望找到过座位，甚至根本就很少关注座位的情形\n不过有时偶尔会好奇一记：抱着Mac专注上网的童鞋们，你们都是几点来占领的座位呢？\n感觉这家店的服务态度不如东边好，其实也在情理之中：通常生意兴隆的程度是跟服务质量成反比的，海底捞之类特地拿服务当卖点的存在除外~\n重复一下咱们总结出的个人体验经验公式：西家的焦糖玛奇朵做得好，东家的豆奶黑樱桃摩卡做得好——通常偶过日子有这两样也就行了\n又想起一件事儿：他们家的绿茶拿铁以及另一种XX拿铁根本是没有咖啡在内的，想喝咖灰的童鞋表点介个\n其实偶是上了经验的当啊：原本“Latte/拿铁”就只是牛奶的意思，咱们偷懒把“Cafe Latte/咖啡拿铁/牛奶咖啡”简化成了“拿铁”\nStarbucks这会儿又把拿铁用回了本义……其实这也不能怪人家不是\n对Starbucks的态度从来不是那截然相反的两种当中的任何一种\n只是想喝咖啡的时候，Starbucks通常是那最触手可及的一家\n但在等人的时候，周围即使有Starbucks也不是你的福音：座位就像曼哈顿的停车位一样难找\n从前周五广发卡半价的时候去得比较勤快，后来交行的活动就不那么给力了……
29200,肯德基，麦当劳，真功夫，味千拉面，必胜客的整合，生意非常好，顾客盈门。味道不错，比我想象中的好不少。吃之前没抱什么希望，总觉得这种餐厅好不到哪里去。吃过以后，觉得味道好，但是服务员素质不怎么样。
29225,打完比赛过去吃饭顺便歇着\n尝了几种新鲜的\n凑合吧……\n不过\n我去的时候正好\n差6分钟过下午茶时间\n点餐的时候\n还剩下4分钟\n必胜客保证3分钟上饮料\n我开玩笑说：我要咖啡 还有1分钟呢\n她说：如果您保证1分钟喝完 我就给您续杯\n我真想说：是你们不能保证3分钟之内上来 我能不能1分钟喝完你管我呢\n然后就没要\n想揍他
29348,在丹东算是比较出名的酒店了，这个名字可以说是从小听到大的。\n上次去吃饭好像还是上学的时候，当时是夏天，不过那时候吃烧烤、涮锅感觉不错，其实口味么也没觉得有什么特色，不过人也是超级多的。
29359,麦克风效果不错！歌也很多很新。触摸屏设计的很到位！但是自助餐就相对来说比较不给力了！不说味道，需要卡券的哪个区域很多菜都补的不及时！没有了就是永远没有了，难道自助餐是只能照顾到第一批的吗？！
29388,这家馄饨的味道我心里有数，基本不吃的，那天馋了去吃了一客小笼，现在8元/4个，可能是过年还是怎么的，感觉皮变厚了，还有没蒸透的感觉。
29399,老公的朋友结婚，我们是开车去的，想不到居然不能免费停车？付了20元！难道是保安私吞的？连发票都没。。。\n大厅有柱子，我不是很喜欢。我喜欢没有柱子的厅。\n菜的味道么也一般，鱼翅羹没有泡发好，硬硬的。\n不过干贝虫草花鸽子汤很好喝哦，干贝好大个，料很足。\n说说服务吧，其他四五星级的服务员都很帅的，服务我们那桌的是一个矮小型，长的又很抱歉的人，上来一碗红豆汤，手指也进去了。。。。很多菜都没吃完就被他撤了。。。。
29402,就我们公司附近，常去的，都成为我们公司的工作餐了，又便宜，盐焗鸡味道真的不错，嫩熟很香，外焦里嫩。鸡蛋挑石头真的好玩，味道也好的
29406,本身我就特喜欢吃三明治，最狠的一次练着3天顿顿吃，也不觉得腻。这个店还算不错，也挺到位的。蔬菜也算很新鲜的~酱基本都吃一遍了，推荐香葱酱，和西南酱
29428,形式像Cold Stone，也是先由有客人挑选雪糕，配料，然后，在一石板上搅拌后交给客人。人气超好，那天，排了长长的一条队。\n雪糕味道不错，香浓而软滑。\n没有座位只能站着吃。
29433,"今天点了一款甜点,现在是点一送一哦~价钱也不贵,服务态度也挺好的，一款一款介绍呢~以后一定会常来的~"
29447,每次去超市总会买一杯3兄弟，买好奶茶再去外面吃烤肉，简直是人生一大美事，一般每个周末都要去，以后尝尝其他饮料
29459,规模很大的一个农家乐休闲庄园，环境非常好。有山有水，有树有花，有鸡有鱼，有吃有喝，还有住。上到山上有大片的荔枝树，山路两边有盛开的桃花，使人感到有一种世外桃源的感觉。但也有感觉到败笔的规划设计，比如两个停车场，全是用水泥浇筑的地面，把地面窒息了，给人的感觉是从城市的“石屎森林”又到了乡村的“石屎森林”。庄园本身标榜是“生态园”，但好像没有从深层次考虑生态的主题，可惜了！庄园的投资应该是巨额的，但似乎并没有请专业的公司来规划设计。
29486,如果没有记错，这里应该是南京最早的一家国际影城，那时惊艳啊，环境什么的都让人难忘，后来有了对手，后来就去的少了，现在的感觉乱了点
29503,朋友介绍来的，传说中的正宗韩料，但是吃下来感觉一般，要的鸡肉拌饭，是用钢盆装的，也就导致了饭冷的快，基本没吃几口就冷了，所以拌饭还是用石锅好，还有鱼饼，味道很淡，至于年糕，炸的太硬了，还点了汤面，面都糊了，不过汤很好喝很鲜，基本属于只去一次就不会再去的店了
29511,上周末在水鸟票务网站上买了特价票，和朋友去了传说中的顺景温泉，人确实很多，但世界最大室内温泉果然名不虚传啊，面积的确非常大，环境也还不错，有日式温泉区，东南亚园林景观，还有漂流河，挺有大店风范的。进入水池的瞬间，我全身的细胞都温暖了起来，真是畅快呀。更衣间和浴室提供的用品也挺齐全的，洗发水是海飞丝的，沐浴露是玉兰油的。休息区还有免费水果和白水，自助餐60一位也很值，食物做的很用心，小点心也很精细，总之是很满意~~\n趁着天气还凉，大家快去享受一下吧~
29550,包房比金桥店小多了，关键是服务真的很差。关于包房必须凑够15人最低消费的说法，里面的服务员自相矛盾，包房时间也想压缩我们的，把他们打扫包房的时间也算在我们包的时间段里面，没见过服务这么差的店
29575,人少清净，味道相当一般，好像有优惠活动，总之打了个什么折，没太在意，菜的种类跟别的日料店有很多不太一样的，随便一吃还凑合吧
29607,目前阶段我弄头发的要求很简单。。。\n在原来的造型基础上修理，保持原来的形状，然后要通过吹风造型即可。。。。\n但是个人感觉对于修剪的功力很重要，对于层次的把控也狠重要。。。。\n这家店离地铁口不远的。。。。\n店铺的装修清新亮丽，给人心情很明快的感觉。。。。\n找了leo给我打理头发，他沟通很细心，修剪很细致。。。。。\n他说我头发发质属于沙发，不容易打理，也不建议近阶段染烫，应该把发质养养好。。。。\n我个人心思比较活络，喜欢尝试不同的发型师，给到自己不同的建议。。。。\n总体来说，虽然店里我家不近，但是是一次很愉快的尝试。。
29623,有点年代的饭店了，老一辈还是蛮喜欢的，但是服务态度，上菜速度已经不能和现在的餐厅比较了。\n 不知道要吃什么的时候会进去吃吃，里面的粉丝煲味道不错，有一点点辣，但这个辣大家也是可以接受的那种，很喜欢他家的腌制的黄瓜味道不错，咸肉冬瓜汤也还可以，口水鸡也是每次必点的，有个炒杏鲍菇的味道也蛮不错的，总的感觉不错，因为是上海人习惯的本帮菜口味，所以蛮受老一辈青睐的。\n 如果是请一些年纪比较大的人来吃，又不是很讲究的话这里不错，但上菜速度有待于提高的。
29666,就去过一次，是中午，点了几个菜上的超慢，都吃完了菜还没上全，味道还可以，有一个好像是炒肝尖不错，店面有点小，人不少。总体来说还可以，必竟是老店嘛 。
29683,朋友请客来的，鱼头吃得很过瘾后来又涮了些肉和菜，总体感觉不错，调料也很特别十足的四川风味，爱吃辣的朋友可以一去。
29684,在亚运村，朋友带我去吃过，说实话，这并不是我第一吃广东菜哦，因为我曾经就在深圳呆过，推荐他家的乌鸡汤，煲的相当的好喝，超级的赞
29686,在你这里花一分钱我都觉得冤，服务巨次，本来要给孩子买个电话，结果你听服务员怎么说，这机子如何如何不好，用得着你说吗？瞧你们那操行！狗屁不通还卖。卖***儿去吧！
29710,从电视里看到的这家店，正好有朋友住在宁夏大厦。晚上几个人就溜着弯儿到这里尝了一次。\n知道这里的特色，就索性给老板个面子，让他推荐自己拿手的做几样。和老板说好只要吃手艺，不想吃排场。\n最后吃完结账时认为老板安排的还行。\n菜色还算是不错，做得也算是用心了，选料都算上乘吧（相对而言）。这里是吃手艺的地方，适合爱吃且会吃的人。
29730,好想食芝士的话，就来这家了，而且可以用点评卡打折。。\n5个人点了两个双人套餐，一个海鲜焗意粉，芝士焗西兰花，再加三份小食（芝士焗鸡翼，鸡中宝，芝士海鲜批）折后261元，鸡扒意粉加茄酱，意粉味道还好，鸡扒可能是倒了汁下去也滑就是没有煎那种香，芝士焗西兰花，真是好多芝士拔开西兰花里面到是没汁的，要叉着西兰花沾芝士汁食。芝士焗鸡中翼也好，有一点点微辣。如果食到饱千万不要喝汤，汤是非常漏，杰到好似米糊般。食完一餐卡路里严重上升了
29736,很喜欢中午的商务套餐，加一杯奶茶只要5块，基本上把这里当作食堂了。东西味道一半，但是比较周围的馆子卫生看起来算是让人放心的，环境也可以，都是卡座，很舒服。
29752,吃过好几次不过都是朋友聚餐，这里环境是很好，也是约会 的好地方，不过价钱太贵了，一分价钱一份货吗，东西很不错，也很新鲜，不过味道一般般吧
29753,上菜的时候还洒了汤，把我桌子上的东西都弄脏了，态度不好，盘子都是重重的放下来，上菜起码等了二十多分钟，古墩店要快的多，结帐的时候用交通银行卡结算的。后来交通银行发信息过来，说第2乐章是特惠商户，咨询是否打过折扣，呵呵，还有打折的我倒是不知道，不过，店家也太没有诚信了，菜的性价比说老实话，还算好，味道也还好，但店家这么不诚信就说不过去
29780,还是上个月去丽江，和同学一起去的。在丽江吃的饭里唯一留下深刻印象的一顿。\n带皮的黑山羊肉还是第一次吃。皮挺筋道，有点嚼劲，肉很嫩，味道非常棒了。\n沾的料也和平常吃的不一样。似乎是腐乳和辣椒类的，沾着肉挺好吃的。\n汤底的味道也相当好，很鲜。\n反正算是丽江的特色了。旅游的话一定要吃一次，不然就亏了~~
29806,优点：\n · 口味还不错，无论是辣还是不辣，味道都挺到位\n · 价格还一般，要吃饱每人30元差不多\n缺点：\n · 人过于多，座位比较挤，很嘈杂\n · 没有什么特色菜神马的\n · 要坐在靠近门口的话，风会很大，我就吃过一次亏\n总得来说，还算凑合，个人还是挺喜欢火锅的，不贵，还吃的爽，关键要辣的给力啊！
29861,团购区的，说是有那么多菜，团购的就极少，西兰花一共才3个，根本不像团购说的那么好，地方也小，点了几个菜结果服务员忘记了，最后上的豆腐皮还给坏了，让服务员尝特也说坏了，但是坚持说是新鲜的，态度极差，不会再去
29863,"公司在附近，前天被新来的新加坡boss叫去工作午餐在这家，本来已经快2个多月没在这家用餐了，在这周围工作的人谁不知道这家早不是什么法国餐厅了，现在变成了一中国餐厅经营所谓的“法国菜”，厨师都是临时厨工好伐！我老板还偏要吃法国菜，反正也一工作午餐，去了吃了吧问我：jacky,你确定这是法国餐厅？无语！不是您要去的吗？这年头boss难伺候阿！"
29866,想到我俩每次自助都爱初花，也要有点新尝试，就来了这家，结果悲剧了有木有？？？？？？一样的价格，性价比哎。。。。。。真心忍不住不吐糟！严重不值三百块啊！我知道新天地地价贵，但菜也不至于就这样吧\n环境普通，蛮暗的，有个烧烤的地方，比较像韩式的，优点是桌子还蛮大的\n菜式少，好吃的更是少的可怜= =\n刺身拼盘，三文鱼、金枪鱼、甜虾什么的，厚切新鲜程度一般\n三文鱼腩，就是一坨肥肉，看着都倒胃口，还限量一刚。。。\n海胆，米道还不错，可是也限量一份，刚吃出点味道来就米有了册那\n寿司，金枪鱼、象拔蚌、鳗鱼，都不好次\n芒果蟹籽沙拉，蟹籽都不带超过十粒的，雷得我风中凌乱\n黑毛牛拼盘，牛肉品质看上去不错，可是这烤炉不知道怎么回事，猛往上蹿火服务员也不理，吓得我们都不敢烤了，绝对是烤了个乱七八糟满头大汗，要么没熟要么焦掉了\n烤银鳕鱼，算是还不错的菜，可是烤银鳕鱼我还真没吃过哪家是难吃的\n烤鳗鱼，一看就是营养不良的鳗鱼，没有吃鳗鱼时该有的嘴巴的满足感，太瘦小了\n盐烤大明虾，在别的地方不怎么次的因为在这里实在没什么好吃的就点了几个，肉质挺嫩的，味道淡了点，蘸了烧烤酱来吃\n锅烧乌冬面，乌冬面没有Q劲，像蛋花汤\n韭菜饼，也算是还OK的，可是这里不是日料么。。。\n石锅拌饭哇靠都没哟松江的不到十块钱的一份好吃，酱料少，没有肉尽是怪怪的菜\n肥鹅肝，一口口的胆固醇啊，太肥了，像是得了脂肪肝的鹅\n牛肉粒，干巴巴的很老，还没味道\n甲鱼汤，我去啊，就是热水瓶烧出来的水\n芒果布丁，这货好意思叫芒果布丁除了是黄色的以外和芒果丁点关系都木有，淡出个鸟来了都\n冰激淋有香草和草莓味的，有光明冰砖和三色杯的味道好次\n服务是最气人的，尼玛一个个跟我们欠了她们钱似的，长那么难看还板脸谁吃得消啊，点菜点到一半经常会莫名招呼也不打一声就走掉的，走去帮男服务员搭讪一刚，擦！！！！还有你开的自助就是随便任吃的，用得着几个服务员在那边鸡啄议论我们吃的多伐，开不起自助就不要开尼玛！！！！！！\n不要再来就是浪费钱啊，同等价位好的选择太多，这就是一次失败的尝试！怪不得生意不好
29876,到三亚后就住在这里，环境非常优美，以为酒店的西餐会很贵（因为早餐要每人68元），吃够了海鲜、小吃，不知道该吃什么了，就去这里看看，结果发现，价格非常合理，是纯西餐那种烤的鸡翅沾着酱很好吃
29880,首先環境同餐具都几干凈，試左蔥油鷄，鷄好滑好香，38蚊半只；仲試左水東岕撈燒肉鵝腸，鵝腸真係一流，又爽又滑，燒肉香脆可口，嗯…出品唔錯，一定會經常黎幫襯！
29884,吵吵闹闹大半天...从7月份拖到现在...终于吃到了许留山啦...帮香港比起来感觉里面多了很多不是芒果的甜品可以选择!!\n<芒果布甸> 我点的...说是木有冰激凌...结果上来一个很大的冰激凌球...不过下面的布丁很好吃...里面还塞满了芒果...外面也有一圈芒果...感觉一整个芒果下肚!!!\n<多芒椰汁黑糯米> 爷点的...说味道怪...号称只有黑糯米入味!\n欧~~~贪心的我喜欢这边吃那边吃...2012.01.26
29885,感觉人还是不断会来的，老外也挺多的，我们去的时候还要等位，价位也是满贵的，估计老外多了自然是要贵店的，菜味道还可以，但是现在外面川菜那么多，所以也不是特别觉得好了
29922,蛮一般的 服务也不热情 收银倒是一长条 明明很多人排队吧 不多开收银机 东西太填 优惠券到处发 没有的话亏大了
29957,店面虽然不算大，但是地理位置很好，和朋友在哪边喝咖啡边聊天，很是惬意啊，明媚的阳光从窗外散入，很舒服啊，以后也要常去啊！
29966,很多厦门旅游的攻略里都提到过，早都如雷灌耳，到了厦门，怎么能不试一下小鱿鱼和小眼镜呢？\n中午吃的小眼镜，还不太饿，所以只点了水煮小鱿鱼（小份）加虾、干锅包菜，两个人。\n结果。。。可能是因为事先想象的太美好，真正吃到嘴里的时候，没有惊艳的感觉，反而有一点点失落。味道和北京白领们狂爱的水煮鱼有点像，但是不如北京一些有名的水煮鱼味道好（比如：麻辣诱惑、渔公渔婆），感觉随便在北京找个小馆子做出来得水煮鱼也能有这个味道……而且味道偏淡，不够入味儿，虾也不是特别优质，个头很小，还有死虾。干锅包菜也就一般吧，很多川菜馆子都能达到的水平，比较咸，倒是很下饭。\n总体来说，算不上什么人间美味吧，胜在价格便宜，吃一次还凑合，但下次不会再主动想去了。\nbtw，我是湖北妹子，在北京生活，喜欢吃川菜湘菜，可能跟口味也有关系，吃惯了比较重口味的菜系，呵呵。以上供大家参考
29985,店里设计的还行，就是吃火锅的时候，人要是多了，空气可就变得很不好了。服务态度还是不错的，上次的速度比较好。子母锅挺有意思的，我喜欢吃牛肉片还有冻豆腐，味道不错，贡丸也比较好吃，就是不怎么入味了，不蘸着小料的话就会觉得不怎么好吃，金针菇也不错。
29991,他们家的酱油是用盐煮出来的吧，把我咸得差点吐出来!木有甜点，木有海胆，只有烤得肉都萎缩的蟹脚，害我不停的喝橙汁，还好橙汁味道不错，天妇罗也很棒，算是扯平了。
29997,只来过一次，但是下次不想来了，不是因为吃什么，而是服务，叫人不能承受，显然是店大欺客那类的，价格又不便宜，服务员还那么不讲道理，我和孩子本来想在这里好好吃一会，可是服务员就知道推荐这推荐那个，说吃不了可以打包，你想想，冷餐打包了还能吃吗？什么服务啊！
30004,诶·\n不好吃不好吃不好吃不好吃！\n也不知道为什么~反正这次去吃的时候就觉得真心的不好吃的说！\n难道是味道变了~总体来说面粉太多。。。
30015,＃工作午餐＃点了招牌的猪排饭和奶茶。猪排的确满大的。但是我觉得酱料一般。然后奶茶也很一般啊。总得来说。。就是没什么特色。
30027,快餐店，所以要求也不能太高，觉得还不错啦。座位摆的比较拥挤，可能因为方便，不管是早上、中午还是晚上，客人都比较多。各种口味的肠粉、粥都做的不错
30035,离单位不远，每天中午午饭，就在附近觅食吃，去年很喜欢在那吃，味道很好，价格实惠，今年一个劲儿的涨价，涨了好几次，最喜欢吃的圆白菜烧肉饭从14.5涨到貌似是18，吃不起了
30066,胡同里的餐馆总是偏贵，这里也是一样，而且味道一般；虾丸涮完了还是白嘟嘟的，感觉是加了其他的碎肉；香牛肉很好吃，牛肉是经过前期秘制腌制过的，经过大锅的蒸煮，已经很烂了，而且各种香料都浸入到牛肉里，口感很好。其他的诸如扇贝、香菜肉丸也还可以，但没有觉得过人之处
30067,算是工大附近性价比 较高的 饭店了 同学聚餐 过生日 什么的都可以去 味道 裁量 还是可以的 环境也不错 服务也可以 呵呵
30069,以前的同事从苏州赶了个早班车过来，认准了这家店，她烫个小卷发，我顺带洗头还修了下。。。\n虽然才9点半，已经有些许顾客登门了，生意不错哦~\n造型完毕：我嘛基本看不出发型师水准，因为根本没变化。。。同事烫的短发干练清爽，小白领的职业腔调完全体现出来了。。。\n同事有买卡消费的，还算可以，如果没有优惠券货卡，那价格就有些小贵了~
30082,河南的朋友请吃饭，所以去了。\n朋友强烈推荐宫廷烧饼，就是外面有白芝麻的烧饼，闻着挺香，吃起来还OK，但不知道为什么他们那么喜欢吃，看到很多人都打包了一大包烧饼走，不明白。\n小酥肉，好好吃啊，据说肉是先糊了面粉去炸，然后再煮的，味道很好，喜欢。\n凉拌茼蒿，就是醋和小红辣椒凉拌茼蒿，味道不错，第一次吃凉拌茼蒿，口感清爽但又不单调。\n羊肉烩面，面条还算劲道，羊肉味道还挺膻的，不过我喜欢，不喜欢羊肉膻味的人可能吃不惯，这个比较清淡。\n炸丸子倒在像胡辣汤的汤里面，不知道叫什么名字，炸丸子外面是粉，里面有白萝卜丝，很特别，汤有点像胡辣汤，里面还有西红柿，就是酸酸的，有点胡椒的辣，觉得很有特色。味道还可以，冬天吃胡椒觉得暖胃又暖和。\n腌蒜苗，是餐前的小菜，没在别的地方吃过，就是腌过的蒜苗配着辣椒，味道像生的葱那种有点冲的辛辣味，吃得很过瘾。\n另外，这里的包子据说和烧饼一样很受欢迎，并且他们的特点都是，很大一个，果然是北方来的，觉得吃一个就饱了。我对包子不感兴趣，没有试。
30089,是宣传单上的32元一人锅，泡菜五花肉锅里有方便面！难道锅底是“辛拉面”吗？一人锅赠送的小菜少得可怜。要是两人吃另外一碗小料单买，小料每碗2元，只给半碗，不可以续。没有发票，说是要三四天之后才有。座位刚好对着后厨，卫生条件真是不敢恭维。
30112,就在国图对面，很方便；\n由于在图书馆看书看多了，下午三四点钟去吃的饭；\n本以为这个点儿会不供应食物了，不过还有2-3桌客人在吃饭，还有一桌工作人员在吃工作餐；\n由于还打算吃晚饭，所以在这里就简单吃点儿；\n要的酿皮（26元），味道很好，但感觉小贵，要是16元嘛还是可以随便吃吃的；\n酸汤面（12小碗），味道很特别，自己在家不会做！\n总体来讲，价格小贵，但味道还是很地道的；\n但是服务，可能是打扰了员工的休息，要求到水——每人给道，还听见他们说“我才不去呢”，气死我啦！\n另外，我是用交行刷卡结帐的，不知道可以打95折；—— 他们也不提示也不告知，最后收到的手机短信，问是否打了95折，打了回Y，没打回N，才知道刷卡可以打折的！
30120,味千倒是味道大同小异的，但是这家店出奇的热啊！soho里的中央空调很爽快，但是进了店里就热得不得了，不知道那天他家是啥问题了，总是吃的很不爽！
30139,这地段够冷门的，感觉不是太好，设施看上去比较旧。常去的会买张卡，比较划算，一般常客 都会在里面开个包房打打麻将什么的，表演实在没什么好看。
30203,"大概万达里头我最期待的就是这家了，终于开张了，这也是南汇地区少有的日本料理店，今天去吃过了，味道和其他回转寿司店一样，最近刚开张，都是88折，希望以后工作日中午也可以寿司半价\n刚开张的时候,还有免费的餐纸，套餐还有水果，后来这些没了，再后来涨价了，再再后来又涨价了。。。随着物价上涨，变化真大啊，不过这里口味还是喜欢的，我家食堂之一，呵呵"
30207,他们家的技师29号长的还凑合 可惜年纪32岁了 但是我把她上了好几次 都是在外面 呵呵 下面还很紧的 暂时这技师由我来搞 呵呵\n11号技师在哪里胸是特别的大 暴乳级别
30225,三个人吃的，鱼片很好吃，但是酸菜有点少，女朋友很喜欢吃里面的酸菜。\n下次吃的时候问问可以加酸菜不。\n蒙古粉条和你好吃。推荐。
30231,去过他家好多次。没有重新装修之前价位还可以，重新装修之后价格就蹭蹭涨上去了。\n农家菜做的还可以。\n最郁闷的是最近那次，本来想去他家吃饭，当时也就是上午十点五十左右吧。他家居然说现在厨师不上班。直接拒绝我们进店。\n汗啊，掉头去了别家。
30233,牛肉饭必点，不过汤汁有些少，吃到一半米饭就干掉了。不过牛肉蛮好吃的。鸡肉饭也不错。土豆泥我很喜欢吃，金枪鱼和胡萝卜都不错。茶碗蒸挺嫩的，里面的蟹螃不错。爱吃！！！！！！！！！！
30254,其实对冰麒麟感情不温不火，不过相对于偶尔消费的小哈\nDQ还是比较亲民的，想起来买一杯吃几口剩下的被同行MM统统干掉\n小杯的拿起来没手感，大杯的又太大，中杯刚刚好，仍旧是吃不完\n对国际商场这家还蛮有感情，第一杯DQ就是在这吃的，\n这家相对比较安静，中午吃完吉野家聊天到下午买一杯暴风雪继续聊\n貌似DQ跟吉野家联姻怎么的，每次都成双成对的出现，不错我喜欢\n草莓、巧克力、布朗尼…吃下来，最后还是喜欢绿茶的\n双倍绿茶，加上任意的两份坚果，哈哈即使吃不了吃几口也要过过瘾，\n口感绵密又不过分死甜，\n热狗、米花什么的就没爱了\n国际商场这个楼始终也不是人太多的样子，总在装修\n现在5楼又在装修中，所以环境不是太好，噪音挺大，\n原来的小嘟来也没有了，变成了韩舍，貌似是……
30259,华联的东西价位不一，有便宜的真的好便宜，但是贵的也不敢恭维，比起学院南路的来说，品种更多，只是，不知怎的，学校这边的专修好长时间没开门
30271,上大学的时候囊中羞涩觉得他家东西有点小贵，但是后来看算是比较便宜的了，比商业大厦和八佰伴便宜亲民。不喜欢他家买多少送多少的活动，算半天其实便宜不了多少，反而多买了很多东西。
30278,在这里看的锦衣卫，拿着邀请函去，还领了屈臣氏的礼袋，这个不错。看电影之前，还有个抽奖活动，很幸运的抽到了我，得了一块依波表。电影院环境一般，椅子坐着不是很舒服，音响效果也一般，价位适中，跟后建的影院肯定是没的比。但活动很吸引人，还是不错的。
30304,麦当劳新出了两款鸡翅，分别是盐焗风味忘形鸡翅和岩烧风味忘形鸡翅，在官网上还有这两款鸡翅的免费品尝券，不过领的店家只有这一家。。。\n莘庄反正每周送阿KING仔回去都要路过的，所以老婆P484就打了几张免费券了。。。\n唯一麻烦的一点就是，要吃这鸡翅就得出站，本来嘛，1号线换5号线都不用出去了，因为券上写着每人只能用一张券，每张券只能领一份鸡翅，这个鸡翅的价格是7元/对，老婆还在算出站去领格算不格算。。。\n事先跟阿KING仔说好了要去吃这个鸡翅的，对小孩子要信守诺言，所以到了莘庄还是出站了，来到仲盛世界商城B1楼。。。\n原来这里门口也有服务员在发免费券的，而且他们的券不受什么限制，看到那些阿姨妈妈们手里拿了一叠都好去领的。。。\n这个领鸡翅的队伍也蛮壮观的，不过店家方面好像早有准备，所以就算排队也就2分钟的事。。。\n我们带了5张券，这个券果然有限制，不过我们有3个人，最后店家还是都换给我们了，这样当然不过瘾的，之后又去拿了些免费券领，反正最后一共领了13份鸡翅。。。\n这两款鸡翅味道还可以，盐焗风味的是不辣的，口感的话蛮鲜的，而且烤得很不错；岩烧风味是带点小辣的，味道当然要比盐焗风味的更好吃，不过那天我们只领到两份岩烧风味的，其它都是盐焗风味。。。\n我和老婆忙着轮流去领，因为发券的人一般最多就给你两张，所以得一次次地去要，阿KING仔则坐在那里忙着啃他的鸡翅，一个人啃了3个。。。\n我和老婆也吃了几个，剩下的反正都给阿KING仔带回去了，据他外婆说，从地铁站到回家的路上又被他啃掉3个，真能吃啊。。。
30314,今天是一个朋友请客，结账时我的心都在替她滴血，餐费怎是一个贵字了得啊？？？吃的东西还好了，点了一个三文鱼的菜就是太咸了，其他的菜量也都很小， 显然与菜价不成正比。估计也就是一次探险。
30321,看到这家店总点评尽然有三颗半星，忒让我诧异了！　我承认之前刚开的时候是有四颗星的，但是现在，一星也没有！服务差！环境差！机器也差！吃的更差！！！\n昨天我们一行十几人去那唱歌，６点到那的，我们预先订的三个大包，实际我们人比较少就订了一个大和一个中包，我们在前台等了将尽十分钟才被安排到房间。\n进大包后，空调也不帮我们开，还有一股味道，只听到服务员和我们说一人最低消费25元，之后菜单也不能我们。　我们只好拿着盘子出去找自助餐，我想请问现在这叫自助餐吗？自助餐至少也应该有10几样东西给我们挑挑吧！　结果就两排，吃的里面热的两种，一面一鸡块，面还是带焦味的那种！之后两种粥，只看到白粥没看到里面的料！！！之后是两种色拉！味道一样！呵~后一排全饮料机，全加过水的，跟和白水没啥区别，最瓜三就是全是冷的！至少我们六点多一点去喝的时候是冷的！　后来更来气，10：30的时候自助餐就没有了！之前尽量没人和我们说的？！连饮料机也关了，就剩下白开水机了！什么地方啊！收我们那么多钱最后就只能喝白天水？　当天晚上我们一共消费了3816元，就受到这样的待遇。\n我看到有人评价说里面的歌单很新，我很怀疑这样的点评，是不是公司找托来写的！！！！！！\n为什么我找的101排名前几位的歌都没有？我要找的OLIVIA ONG的中文歌都没有？\n更来气的还有，快结账的时候我问服务员，你们能开发票吗？他们说可以，我就把名片给了服务员请他们加台头，开票前我特意问了开什么样的内容，服务员回答餐饮，我说OK。结果开来的却是娱乐？？为什么都之前都不说清楚？当我们空气咯？最关键是拿着名片去台头也会开错！　识字伐？总有个识字的吧，不识字抄一遍也不会啊！浪费大家时间！！！！　结果前台经理还跑来我们理论！！！　算什么意思！　傻子都知道你们税点不一样！！就你们花头多！！我们没你们见识多行了吧！！！！\n肯定绝对以后不会再去那里唱歌了！！！！！气死了！
30325,非常差的餐厅，8点半开始的结果9点半才吃到！很多菜点了都不上！而且10点就说是最后一轮了！大家请注意了，以后千万别来这家餐厅！微薄上宣传的那些人估计都是拖！以后不会来了！第一次做点评希望日后大家别上当了！
30326,因为是6点前下的单，所以除了香烤猪颈肉，其他几个菜都是半价的优惠。。。折后的价格就非常值了，两个人大概130多。。。\n1、点了一个冷菜，泰式木瓜丝沙拉，服务员说是泰国的青木瓜，所以就试了，口味是酸酸辣辣的，和萝卜丝口感差不多。。就是脆脆的那种。。。\n2、因为看到虾饼很受推荐，但是虾饼没有半价，所以点了那个泰式风味大拼盘，里面有虾饼，鱼饼，春卷，粽叶鸡块。。。虾饼很好吃。。鱼饼和看到的点评差不多，还真没怎么吃的出鱼味来。。\n3、绿咖喱鸡。。。和点评的一样，鸡肉很嫩，还是没有骨头的。。。味道很好。。而且鸡肉比我们想象的多。。如果配碗白饭，应该能吃很饱啦。。\n4、香烤猪颈肉，看到点评上好评如潮，所以虽然没有半价优惠，还是点了。。。很香很Q狠嫩。。味道确实不错。。\n5、 凤梨炒饭比想象中要成功。。。里面菠萝很多。。味道也很棒，和同学都很喜欢。。。\n6、最后点了大家都推荐的甜 椰香马蹄糕 。。。真别说，首先卖相很萌。。青葱的绿叶，白嫩嫩的椰汁。。看着就很Q很滑嫩的样子。。味道很清香。。也不腻。。\n总结：就菜品来说，味道还是做的不错的，值得去尝试。。。就价格来说，如果能在工作日6点前下单的话就非常物超所值了。。。可以多点好几个菜。。。
30338,里到饮早茶是好难霸位的~~想饮普通茶啊，六点几就要去的拉~一旦超过6：40就要功夫茶的拉~~我地没甘早的，成9点几先去，要稳好耐先有位的，所以我地好少去的~~里到的食物五算好多，好吃的就是那么几样拉，甜的薄餐，干蒸，没拉~~其他一般拉~~饮茶的价钱相对于外边来讲，算几实惠的拉，所以就甘多人拉~~吃饭呢，没几多人的，我试过有次来吃饭，成个厅先得果3围台，果时我以为入***啊~~里到吃饭味道一般，价钱就五是好抵咯~~如果味道好的，都五算贵，就是味道一般~~
30359,85度C终于开到这里了，至此这块地区几乎所有的面包店都云集了吧。和其他的85度C不同的是这家店的休息区域居然大过产品摆放区域，实在是歇脚聊天的好地方，这点非常喜欢。\n产品方面，面包的种类比较少，而且有次下去去整个产品陈列去居然大半是空的，⊙﹏⊙b 好几次买奶茶都遇上珍珠卖完了的情况，这叫人情何以堪啊……不过还是喜欢它家的奶茶、海岩奶绿和海岩咖啡
30360,在開發區很喜歡去的一家川菜館，並沒有什麽特別出彩的地方，但是在大連這一飲食文化貧瘠的土壤上中規中矩已經算是不錯的了，那些比較有名的川菜做起來還是有模有樣的，而且服務員的狀態也一直不錯，每次去都是同學聚餐，感覺對我們很親切，價格嘛也算不錯，不知不覺的已經成爲了我們平日裡聚餐的首選。
30366,店家推荐招牌猪手，的确是很不错，红色的猪手，看着就挺有食欲的啊\n砂锅花菜，虽然看着清淡，其实还是很有辣味儿的，不愧是湘菜馆\n莴笋干炒肉片，超级的好吃，也是很好的下米饭\n当然他家剁椒鱼头是不能不点的，不过除了鱼头外，最好吃的地方就是他的面啦，因为是是荞麦面，而且不是加热，直接沾上饱满的汤汁既然营养味道又好。
30372,这是我在锦里美食小吃一条街吃的第一个食品，可能因为饿了的缘故吧，觉得非常的好吃，是那种久违了的味道。所谓的军屯锅盔就是有馅的油酥千层饼，只不过平时吃的是猪肉的，这里的是牛肉和鸡肉的。5元一个，外面是三元一个，还大一圈。不过感觉这里的貌似比其他地方的好吃些。
30378,记得以前大洋百货里有家斗牛士，后来不开了，不知道是不是同一家。这家开的相对偏点，用餐人不多，我们点了菲力牛排套餐，他家点套餐可以吃免费的自助沙拉，饮料是免费续杯，每次光是吃沙拉我就吃饱了，牛排口味还行，配的酱汁味道不错。
30389,开在小区这边的，比较面向大众的，票价一般比商业区便宜些，还有阳光卡，电影院的效果什么也还可以，人也不多，有时候去看电影只有一个两个，像包场一样的。
30411,上班路过，顺达便就买个二两，涨价之后明显人少多了，锅贴就那样，汁水是有的，皮是薄的，但那底实在没锅贴样啊~要知道锅贴最好吃的就是底了~\n这家店的豆浆真是不谈了，一股油味~买过一次之后再也不买了。。。
30461,很出众的江浙菜馆，出品的江浙菜不仅卖相精致好看，味道也很经典！\n蟹粉狮子头非常有人气，口感细腻美味，好吃！\n江南船点拼盘的各种点心造型可爱诱人，味道很赞！\n天目湖鱼头很嫩，很入味！\n还有美味的大煮干丝，清炒太湖虾仁！
30465,忘记是在那个站子团了个娘酒鸡的优惠。去888看电影，晚饭想来想去不晓得吃什么。翻翻手机看到短信就奔去吃真功夫了。最近胃口奇差，优惠让给朋友吃，自己点了个红豆沙。\n东西上来看看还不错，馋虫么并牢，占人家便宜偷偷吃了点鸡肉。味道还蛮不错的，鸡肉蒸得很嫩，淡淡的酒酿味道。其他的就普普通通了，汤大概蒸的时间太长，菜都黄黄奄奄的，看着没什么食欲。最差的是那个饭，饭粒很粗糙。\n貌似团完之后是17元一客，随便吃吃的话还不错。
30473,朋友特意开车说去李艾开的小馆子，地方还真是不好找。\n  馆子里的环境很不错，是我很喜欢的类型，当晚坐在天井下的座位，别有一番风味。\n  菜做的中规中矩，没有特别惊艳的东西，唯一有特别印象的是番茄鱼，酸酸甜甜的挺不错。钵钵鸡类似于麻辣烫，但不知是店家本意还是无意，那天的钵钵鸡已经快凉了，难道是个凉菜？囧！\n  本想尝尝他家的抄手怎样，可惜被告知抄手没了，只好要米饭，结果米饭等了大概20分钟，因为说是现焖的，不过好在米不错，等也值得了。
30487,酒店大堂的一边就是这家店，比较简单的日式装修，沿墙一圈是榻榻米，堂中是座位。 看了下菜单，单点海鲜刺参之类的一盘就得40，一盘里面没几片，我们都是大胃王，没个十盘八盘的怎么打发--!!! 盘算了下还是自助比较划算，自助每位是128元，恩，就这么定了，我预备把本儿吃回来，嘿嘿。     服务员开始满热情的，我们要了三文鱼、金枪鱼、海胆的刺参拼盘，烤牛舌，酱汁豆腐、三文鱼纳豆 、大酱汤、烤秋刀鱼，店家还送了一小碟水煮毛豆。  这是我们要的第一批菜，刺参满新鲜的，牛舌也不错，其他小菜也中规中矩，就是烤秋刀鱼实在太咸了，盐巴成片的粘在鱼上，我只好把鱼皮撕下来再吃，真是可惜了。 由于都是小盘小碟的，第一批很快吃完了，于是又要了生蚝火锅，这时被告知，生蚝是限量的，每人只能点一只，还有先前的海胆刺参也时限量的，只能点一次，还有一些菜也是限量的，记不清了。 火锅上来了，好大一锅，充满了白菜、豆腐，点缀些金针菇等，看来要白菜豆腐保平安了。 问服务员，要的是小火锅，怎么上来那么大锅，服务员说没听清，就上大锅了，郁闷，看来是系统默认大锅，而且火锅隐隐有股煤油味，白菜、豆腐都染上了，又郁闷一下下，生蚝是死的，据说是早上进货放到晚上肯定活不了了，必须要好好煮煮才能吃。  期间又要了两次不限量的刺参和烤牛舌，最后要了主食 荞麦冷面和 茶泡饭，但是失败，这两样都很难吃。 最后可以点一次水果和冰淇淋，水果是几片苹果，冰淇淋是个巧克力味道的淇淋球。  说到服务员，开始还满热情的，可后来大概发现我们太能吃了，每次走过都被我们叫住加菜，后来就索性不往我们这边走了，呵呵。  总的来说，吃刺参 烤肉之类的味道不错还是划算的，自助比单点划算。
30489,和同学一起过去吃的，水煮牛肉很不错，锅包肉有点偏甜但是分量很足，酸辣白菜醋有点多，水饺只有菜没有肉的感觉。。但是总体来说味道很好哦，比周边的店好很多
30507,同学要去的，可以做着吃，就是腿会麻，东西还不错，五花肉给的挺少的，鱿鱼给很多，俩个人花七十几已经很饱了，打糕很不错，还有把牛肉汤，肉很多，泡菜饼有点咸
30548,跟一个MM一起去吃的\n她灰常不满意 因为人很多 店也不大 显得挤 她还觉得味道不好\n我觉得还行吧 价格好像比我以前吃的都要贵一些 不知道是不是通货膨胀了
30560,来过两次。\n都是自助的。\n酸梅汤不错。\n寿司不错。\n拌海螺不错。\n第一次吃得很不爽，七个朋友一起来，点菜时，服务员一个劲提醒我们不要点太多，我们戏谑说都是大肚量肯定不会剩的。结果噩梦开始，点五份就上一份，而且有的菜到最后也没上来，一遍遍催，但就是不上，最后大家都没吃饱。太可恶的小日本了，狡诈，奸商！\n第二次中午去的，人少点，酒足饭饱~~
30576,对我来说还是一个高消费的地方  所以第一次是请妈妈去吃的 两个人就吃了一张饼  但是很快乐 慢慢的也学会自己做了 也会做给妈妈吃  后来朋友在那里工作 也跟着吃了好几次 比较喜欢的是奶酪土豆泥  还有奶布丁
30579,这家店的定位服务有点问题 不过后来补救的还算不错 包房环境可以 鱼腥草茶味道很特别 红烧肉据说不错 我没吃 但是同去的都说好 板鸭太贵了 几乎浪费了半盆 其他菜都不错 尤其碳烤鸡
30596,我们全家都很喜欢吃他家的羊排，非常好吃，烤的味道很入味，量也很足，价格也不是很贵，比较的实惠，所以我们全家经常光顾。
30601,其实是去年小年夜吃的 之前在三家环境及味道俱佳的地方选 后来由于我们更钟情于老上海风格 还是选择了锦梅 事实证明这个选择是明智的 今年GGPP的结婚纪念日也准备在这里吃了\n哈哈点评有追加评论吗？\n现在但凡有聚会或宴请都办在这 HOLD住哦 \n过几天还要再来
30614,以前下班路过总会看到店门前排大队，有一次好奇就跟着排队打算买点回家当夜宵。一起排队的大叔很热情的给我推荐了蝴蝶酥，我自己很爱吃的蛋挞和泡芙也买了，付钱的时候还以为人家算错帐了，好便宜啊，买了一堆的说。服务员的动作也很快，所以虽然排大队，但是不会等很久。\n虽然价格便宜，但是口味绝对的赞，物超所值的代表！！！
30636,吃味千之前，去买了杯蛋糕奶茶，半糖的正好，配牛肉拉面实在是太爽了。不过因为没搅均匀的缘故，吃到最后太腻了。不过不管怎么样，每次看到快乐柠檬我总会买杯蛋糕奶茶，搪不牢啊，哈哈
30639,用大众的券是三免一净价，大堂里另有三免一+15%的，所以还是比较实惠的。\n环境没的说，适合小规模的商务宴请，有些地方食料丰富但是环境乱糟糟的。\n食材都是很新鲜的，品种和规模适中。\n热菜中的牛肉金针菇和OX酱扇贝个人很喜欢。\n甜点中的芝士蛋糕和慕斯蛋糕中规中矩。\n黑巧克力冰激凌口感很正，很是惊喜。
30646,FOODCD\n首先，我得很感谢这家店！！\n某日与朋友在这里用餐，走得太急，太阳镜和化妆包落在了这里的卡座，过了半个小时才突然想起来是有东东丢失了，急忙打电话去询问，服务员在确认了化妆包里面的东东后，让我放心，说东西他们已经收起来了，放心去认领便是。又因为有其他事情耽误了一个小时，再回去的时候，东西全都齐活的，感激之情油然而生，拾金不昧的精神让人感动。\n再来说这里的主业吧。\n首先环境选在桐梓林高档社区，环境也比其他店显得宽敞不少，门口的露台很多老外在用餐，天热选在有空调的内屋，光线暗哑，旁边的CUTE BOY在和同伴逗乐十分开，让人突然有想生一个混血儿的冲动（打住），搞得整体氛围似乎换了国界一般，顿时新奇感就来了。\n根据自身的偏好，点的烤土豆皮、塔可、主厨沙拉和焗烤蔬菜串，这些分量二人吃足矣，且热量够高，不用怀疑。\n烤土豆皮芝士浓郁，肉末留香，馅儿口感足够，但酥皮微老，此唯一的不足。\n焗烤蔬菜串性价比不高，但选择蔬菜很有技巧，西兰花、香菇、口蘑都是增鲜的蔬菜，再配一点芦笋和BELL PEPPER，营养搭配只是一级棒，要知道这些菜都是世界蔬菜营养排名的TOP10啊，烤制后虽然会损失一点营养，但微瑕不掩白玉之璀璨，能想到这样的搭配方式，本身就是用心的体现。\n德州塔可肉卷(牛肉丝)49大洋，似乎涨价了一点，内有红豆泥，米饭，番茄块，莲白丝和红椒圈，牛肉丝稍显有些咸，配米饭口感有些干涩，塔克皮较薄，微脆，比较填胃。\n我每次必点的当然是主厨特推沙拉，29大洋的小份，各种火腿各种鸡肉各种鸡蛋各种黄瓜，外加一点芝士条，搭配油醋汁，十分可口，无法不爱，外柔和的蔬菜和微脆的面包渣，清爽的口感是其诱人的主因。\n总体说来，这家店算是几家彼德店中规模最大的，环境最舒适的，老外最多的，服务虽然不好说一定是最好的，却是拾金不昧，最可爱的。
30648,觉得非常干净，辣油都是现场整包拆封的，不够辣还可以免费加辣，不像其它地方还要额外收费。服务不用我说去过的人都知道，现在还可以免费帮忙照顾小孩，照顾宠物，真是不错。不过没有任何卡类打折，要有有点优惠活动就好了。
30659,诉说是古玩街。但知情的人都知道这条街上没什么真货，你要真想在这里淘宝我也没办法。不过看着那些“古玩”也蛮好玩的，一般正常人都不会上当的。
30660,万匯菱匯酷鍋吃出小強有圖有真相，店員還囂張地一點悔意都沒有，素質差到無朋友，以后都唔再幫襯呢間野。哼
30661,那家可以说是龙柏地区比较便宜的烤肉店了\n2个人也吃不多，\n68元的点了一半都不到，\n被那块羊排害死。\n招牌的那个牛肉还不错。\n不知道为什么店里人气不怎么旺？
30664,晚上在珍妮花拍完婚纱照出来，饿的要死，厚味排队就走到这来了。。\n点了份韩国豆腐锅套餐，LG点了炸鸡排面，还叫了份煎饺，超迷你 \n豆腐锅很好吃，豆腐很嫩。。。也可能是我饿的半死半活，吃啥都好吃\nLG的炸鸡排的酱很好吃，哈哈\n煎饺还行吧，就是个头太小太小了。。。吃进去都没尝到啥味道就没啦。。\n服务真的不怎么样，我问他套餐里面有啥，她就指指边上说“跟他一样”\n。。。。。。无语\n其他暂时还没吃过。。有待考证。。。
30735,因为在附近上班，中午难得能找到一个环境还不错的地方。可能也是因为这个原因，午饭时间生意很好，服务员都忙不过来了，等一份菜要好久。虽然老板娘一直在致歉，但是中午大家不太等得起啊。\n东西的味道还不错，价钱有点小贵.特别是如果套餐外再加小食、饮料什么的。\n套餐有送咖啡，不过上次同事没点套餐，也送了咖啡了。服务员阿姨很客气，说多送了也没关系。\n总之，服务态度很好，速度有点慢，东西的性价比还需提高。
30740,声名远播啊～头一天我下午五点去，结果被告知已经全部卖完，明天请早。。。旅游淡季啊～可见旺季的时候要火成啥样子啊～\n第二天我上午赶去，没想到旺季里只卖到9点的2.5元的火烧也有，于是直接来10个，全部礼品装！包装很不错哦～～\n味道很香很酥，冷的热的都好吃～果然名不虚传～
30756,地方感觉有点旧旧的，肯能是灯暗的关系吧？？\n  价格倒不算贵，过年难得去洗一次，还满好玩的：）
30788,不地道的一家店，但是生意还不错，都是游客来得比较多！外面居然卖包子，买了个大号菜包吃吃，皮是!的，馅是冷的，肯定是回锅的l
30791,每次逛完翠微都在这吃饭。他家以鲁菜为主，糟溜鱼片很不错，也很实在；赛螃蟹姜醋味不足，但还算好吃；干炸丸子，好慢的，等了半小时，不过说明是现炸的，味道和口感都很一般。爆三样也就那么回事吧，不是很好吃
30799,和同事一起的，我不吃辣的，同事们说还不错，我只能说说不辣的菜。点了超大盆的剁椒鱼头，鱼头里的面条没下的时候已经黏在一起了，在我们的要求下服务员很快给我们换了一碗。糖水南瓜炖得挺酥的，糖粑粑也挺好吃的，不粘牙。莲藕排骨汤里的莲藕很酥，是这里不常见的红藕。
30803,超喜欢这家店，特别喜欢吃他们家的铁板炒饭，好好吃哦！\n这家店的环境也挺不错的额，很干净！\n不过有些菜做的还是不怎么样的，而且有些菜相对于其他店来说性价比也不怎么高！
30820,店面挺大的，经常有婚礼在这里举行，最喜欢吃那里的水煮鱼，还有宫爆鸡丁，味道很不错，是家庭聚餐不错的选择。
30821,味道还可以了 锅贴也算是陕西本地特色了 牛肉韭黄好吃还可以吧但是太油腻了！中午吃了之后一定要多喝些汤或是下午多喝些茶水了！炒菜没有点了吃不完两个人 要了一份疙瘩汤恩还不错了喜欢这个味道了！总体来说一般了！服务员态度一般额！
30825,住了15层的行政楼层，其实也没什么特别。唯一让人欣喜的是房间里有大大的绿萝，整个房间很新鲜的感觉。房间还不算很旧，床算是舒适。整个酒店的外部环境有些不敢恭维，出门十字路口正在大兴土木，没办法，搞得很是脏乱。酒店的早点有大名鼎鼎的胡辣汤。其他的就很一般，大同小异。这家酒店旅游团无数，一到早餐时间，接待工作很乱，有待提高。
30829,潮人或者年轻仔女喜欢逛的地方吧，铺太小，又密集拥挤，一般不会选择去，很偶尔陪人去逛逛。\n地方虽说有几层楼，但是不大，一下就一圈了，称之为“广场”有点夸。\n东西就是那些小东西，价钱便宜，质量就见仁见智了，各买所好。买些小玩意也不错。
30835,从东直门地铁站出来就能看见银座和来福士相邻 已过还是喜欢遛来福士 偶尔来这~也就是吃饭 这里的吃的可不少~衣服没什么特别 所以很少来
30912,无锡休闲之旅 9\n看好DP，做好功课去的无锡，把这家也记在笔记本上，“磨洋工”，多有意思的名字啊…… :)\n沿着南禅寺外面的那条路一直走下去，就能找到紫金广场，过了广场门口的桥，就能瞧见磨洋工坊的招牌~ :)\n店面好小，一眼就看遍了全局，走的是小资路线，就是桌子和桌子间的距离太小，以致有点吵……\n从南禅寺过来的这一路，被打造成水乡风格，伴着小河，特别地古色古香的地儿…… 在这儿开这么家小资的店，颇有混搭的感觉……\n记录一下，以示到此一游~ :)
30919,由于家离搜秀不是很远 所以经常会去这里淘点东西，比如公仔，钱包，各种小饰品什么的，还有买些电脑游戏啊，由于认识那里一家psp店的老板 所以还经常去那帮朋友修机器或者是刷机什么的！~
30932,天兴百货感觉很是年代感。而且这个商城居然是没有女鞋专柜的。但楼上的衣服价格都很实惠。而且很适合和爸爸妈妈一起来逛~
30944,2010.04.04，跟姥爷克扫墓，回克滴时候坐舅舅开滴老A6，空间就是大。一车子开到他屋里，我点了个牛肉面，吃到汗直冒，确实还不错，推荐~
30958,价格还是蛮贵的 我们两个人去吃点了担担面、担仔面、香辣鸡腿丁、菠菜、西瓜汁、椰汁就花掉218（包括10%服务费） 味道还是很不错的\n  担仔面建议就不要点了 味道很淡而且才一小杯 \n  还不如点担担面 很好吃 味道很浓 \n  香辣鸡腿丁 每个鸡腿丁都有软骨（不知道是怎么做出来的）\n  菠菜挺嫩的\n  西瓜汁和椰汁应该是鲜榨的 去别的饭店点惯馆装椰奶 突然来份纯浓椰汁还喝不习惯了。。\n  服务不错 换盘子挺勤快的 大堂环境蛮好 厕所没去\n  招牌很朴素，我们还以为是什么小店的，走进去一看那么富丽堂皇。。。。不适合平时吃饭 商宴啊年夜饭啊倒挺合适
30966,这里有4种煲，包括排骨煲、鸡肉煲，还有2种忘记了。。和其他鸡公煲店不同在于这里只有中煲、大煲、特大煲，缺少了小煲。中煲是28元、大煲是38元。配菜由2-10元不等。。10元的通常都是肥牛之类的肉类，2元是冬瓜、豆芽之类的。3元是青菜类，期间还有好几个等级的配菜。\n吃过鸡公煲的都应该知道鸡公煲好吃呀，重点是在他的配料，可惜我不会做，要不自己也可以在家弄来吃啦。哈哈。。没吃过的可以去试哦。因为不贵哦。。\n这家店吃饭的人不多，可能是因为我2次去都是非假日吧。环境还好啦，干净咯，人也不多，不算吵的。\n服务是一般般，因为就只有店主和他老婆两个人，他老婆在厨房做菜，他负责门面，有时候他也进厨房帮手，所以来这里吃就不要太强求服务啦，我都是自己动手的。自己动手，风衣足吃。哈哈。。\n通常一个人叫个中煲，再叫一个饭就能很饱了。上次我们4个女生去吃，要了一个大煲，再点其他一些配菜，买单是70元左右。2个人的话50元足够啦。
30968,有几天不去就会流口水，去过之后很少去吃烤鱼和水煮鱼了，最爱冷锅鲶鱼，不能吃辣的建议点微辣就好，还有个建议就是。。。点条大点儿的，小的吃的不过瘾，呵呵~
30980,虽然就在香山脚下，但想一天内就把鬼见愁和樱桃沟都去一趟-显然是不现实的。樱桃沟在香山植物园北边，去的路上要经过卧佛寺，值得好好看看，继续往西北，顺河边一直走即可找到著名的水源头，北京有不少人专门从这里接水回家泡茶，就是用那种5L的塑料桶。风景如画啊。。。
30991,"虽然公司就在这幢楼里,但只来过2次,都是老板请客来的.价格要比一般的日本料理贵.\n整体装修环境到是不错,但暖气不行,挺冷的.\n因为是午饭,坐下后先上了份茶碗蒸,味道不错.我是点的三文雨西京烤定食,三文鱼挺大块的,味道也好.但配菜的酱瓜不怎么好吃,他家的味囎也不好喝.不过饭后的布丁倒真不错啊."
31004,我减肥，两个人才点了一个鸡汤1个折耳根1个小苦菜。由于鸡汤太大了完全没点饮料，如果是两个人正常吃人均估计要7、80了。\n点鸡汤送了两包三七粉，包的和武侠小说的解药一样，我说是不是为了证明真材实料？不过鸡汤太寡淡了，清晃晃的汤水根本就不浓，半个鸡烧了那么大锅水，所谓招牌让人失望。我觉得鸡汤太咸了，吃过正宗土鸡汤的都知道这里的鸡汤味道是味精吊出来的。\n小苦菜还不错，还有折耳根是为了皮肤好才吃的，当是药了。菜单很有趣，写了很多菌菇名字功效，小小阅读了一番。店堂小华丽，一楼右边吸烟区有一大块落地玻璃旁边是马路上的竹林，景致不错。服务员长得够寒颤，童工似的，服务更寒颤，感觉普通话也听不太懂说不太来，沟通有点撒度。\n可能期待太高，路过随便次次吧，专门过去吃云南菜的话，不值！
31007,味道还不错，算正宗。不过老板似乎不太会做生意，对优惠券的消费有诸多限制，显得小家子气，既然发优惠券，就要大大方方让人用！最过分的是香辣虾严重不够份量，要1斤，估计只有半斤
31018,喜欢和这里的奶茶，味道还算不错，价格5到6元吧。\n来五道口逛街的时候经常喝，后来模仿街客的小店越来越多了，但是还是觉得街客的奶茶好喝。
31029,这家的服务态度不是很好，外卖送了两次都发生意外。很是失望呀~\n除了奶茶3兄弟还行，别的奶茶没有别家的COCO好喝。
31055,茶很好喝。\n至于味道，只能说慕名而往，扫兴而归，可能期望太大了。不辣不香，很一般。外观看起来倒蛮有火锅店的特点
31095,读作「Gùabāo」；有时写作「刈包」---百度上来的；类似肉夹馍的做法...\n外面是白白胖胖的馒头外皮，当中夹卤好的肉；这里可以有多种选择：肥肉、综合偏肥、综合、综合偏瘦、瘦肉等..up to you...\n除了肉之外，还会加上香菜，酸菜，还会撒上带糖的花生粉...包在一起咬一大口绝对心满意足...\n我们要了偏瘦的，带一点点油，吃起来真真肥而不膩...排队的人很多，因为动作快，老板做起来还是忙而不乱~......
31105,味道么确实还不错的。不过这个价格确实辣手喔。。\n不太值。。难得吃吃还好。\n主要是我吃龙虾太过份。。一个人要吃掉两三斤的。。
31138,这里也是看的多，最好不别买 看着都不怎么样，去过一次，太恐怖了\n垃圾市场差不多~~~唉 多的就不说了 大家自己决定吧
31148,原来的天原公园，现在的长宁老年公园，记得小时候在周末的时候和外公一直来的，那时候草地是那么绿，树是那么枝繁叶茂，可是十几年过去了，物是人非了。。。还记得那些坐在小凉亭里下棋的老头，还记得拿BB弹打枪战的小屁孩，还记得舞剑的阿姨，还记得和几个小伙伴翻墙进公园。。。。太多的回忆。。
31159,环境唔错  服务几好  火锅底比较清淡  肥牛好好味 可惜分量较少  大家在正佳逛完街不防可以来呢度试下  都几安静 价钱稍贵
31163,一般般吧。没什么大的逛头。\n商场楼层也不高。也没什么大牌子。其实我是顺便路过的。\n不过买的B+AB不知道是这还是在中港城。
31165,1.不是换设计师，也不是神马，你看看四川北路店之后所有新开的店铺都是采用的新结构装修- -货品其实都还是一样的\n2.应该没有一个品牌或者神马愿意一个顾客在收银台走来走去，这个是常识，好伐？\n3.价格方面，可以同价位比质量，同质量比价位，也别奢求太高，您可以选择移步七浦
31178,也不知道这个时间写会不会有好多小花来同情我下…\n点评团还接这种213商户……\n这是一家反正俺真心不想再去的店，如果有哪位吧，心情特殊不好索性想再来点油啥的发泄一下那就去此店吧，顺便帮俺报个仇什么的\n进店起，离店止，我要是带着紫手环的话，那环估计都被我鼓捣坏了\n怎么说呢，综一下就是，服务员她凶我，服务员她气我，服务员她没有理都吼我~~\n服务员太不要13face了！！！\n进店起我就觉得我进了狼窝……怎么一个个服务员都那个样子\n怨脸驴尾女吼俺去那边验证，正常程序\n此女给俺摔上了锅，也不怕把汤撒喽\n刚要把东西统统撇锅里，俺及时制止了她，俺友人有不食之物，俺得拦着点儿\n此女啪火一关，甩手而去，留下我一个人独自YY这啥那啥\n这个时候来了个她滴祖宗，诶呀那态度真心好的哇…我这怎么吃啥的都是从那桌窃听来地…\n等人之时，套餐里不还有点儿嘎吧嘴儿的不是？啪一盘花生米粗现了，这个所谓的老醋花生，挺甜的，凉菜吧，洋葱是生的但是觉得辣椒是熟的，花生皮是苦的汁儿是重甜轻酸的，挺好，挺脆还，就是那个苦不咋和谐…\n啪甩来蔬菜拼盘=多生菜叶一柳蔫吧茼蒿几根老油麦菜梗\n饭都凉凉了，都听见后来的另一桌儿团购的牛肉都上来能有20分钟了，我不淡定了，我弱弱的举起了手问了一短发女\n“酱牛肉咋还没上呢…”\n“还没好呢！！等会儿上！！”又吼我。。满脸的不乐意还。。\n然后可以说是马上给俺端来一个温的呼的…\n你这也不是现做的咋还得让俺催呢……\n酱牛肉，死硬，塞牙，老牛，惊奇于还有筋，但总体还是咬不动嚼不烂呢\n我催个别桌上来好久的菜咋你还不乐意了呢……\n在我心灵反复受到创伤之时友人终于粗现了，顿时觉得有了依靠…\n自己动手开炉子吧，要不不一定又有啥幺蛾子了，好在炉子没啥技术含量特别大的地方\n挑挑往里一倒，俺去祸害调料去了，回来一看盖儿没了\n去过此店的亲都知道，此锅出沫拿盖儿盖3分钟沫自消（从怨脸女与别桌对话得出结论。），但俺们木有盖儿了，短发女过来弱弱的来了句不好意思什么把盖儿拿走了再去给俺们拿盖儿回来之类的话。这是知道错了底气不足了呗…但等了她5分钟了也没见带盖儿过来。好吧好吧我们自己撇沫子…\n汤，味精汤，其实我不挑这个味精，就是觉得要是打个什么骨汤噱头弄出个这味儿的没啥意思\n下里的料吃不明白是啥，抛掉肝以外，大概就是咬得动的腥，不腥的咬不动…所谓滴鸭血给人感觉就是市场上已经木有卖了滴那种血豆腐哦~~那俺也没少吃，俺越气越能吃的主儿\n总体来说直接吃底料无味，就得靠自助小料有爱了，除了正常火锅店会有的麻酱腐乳啥的还有什么口水酱密制酱这俩稀里光当超级难吃……\n期间加了几次汤，发现短发女其实还是一个正常女子，但是怨脸女就真是很极品了，某桌吃的差不多的时候突然冒出来一句“你这什么服务态度！”遗憾的是下文我听不清了。\n当俺奋战滴时候锅里要汤有汤要料有料驴尾女与俺擦肩而过滴时候啪给我关了……\n俺明明还没吃完呢……你关火你说一声也行呀……一声不吭的给我闭了……当时我一心想把你给毙了……\n本人因今日受气颇重…话已经说不明白了…本想好好的黑一下此店…没想到一气之下把脑袋里那点墨水都还给了语文老师…情况就是这么个情况大家意会意会吧…\n看到俺拍的图片挺好看的俺自己都不乐意！！！
31195,里面蛮大的，货比较全。离家近走过去也就十多分钟的样子！每次去都大包小包出来，不过上次过年买的糖果盒太贵了！是不是过年用的东西都那么贵啊！？唉~这物价···
31199,古玩城大学的时候经常来，一说下学期要缴书费了大家都不缴，要么在学校里买高年级学姐学长的书，要么组队去古玩城淘书。。。有的实在是淘不到了就在门口书店里订，起码还可以打个折，反正就是不买学校的就对了。古玩城进门那都能看到很多玩意，大花瓶啊，字画啊。。。这个我真的不懂。\n朋友还在这里买过表，看起来可不错，才五十块，还有很多大牌的表也有，也就是几百块钱，没事可以去淘淘。
31209,每一次经过都只见其二楼不见其入口，终于在最后一天下午发现了进去的方法。。\n价格在凤凰的诸多咖啡店内属于适中，有时候会有套餐搭配，清咖配芝士蛋糕或者梨汁配三明治神马的。我点了个梨汁三明治的套餐。味道只能算普通。但在凤凰这类劈情操的小地方总是少不了的，而且不管价格再高口味再差生意也总是差不了的。古镇定理。。
31227,很久没吃豆捞，昨天和家人在大宁玩，就又去了\n点了一些以前没吃过的，像是海鲜小拼（个人觉得味道一般，后来吃不下了打包回家准备今天做海鲜粥）、海鲜丸子拼盘（有个里面包鱼籽的，味道好好）\n味道还是原先那个味道，挺美味的，但也没其他惊喜
31236,坐落在阜新市的东门外，外表看着还行，里边的设施也行，人也不少，但是味道太大，不知道是因为做菜排油烟不好还是什么原因，在里边就觉得很呛，而且这样的公共场所不禁止吸烟也没有无烟区，这个跟他的档次很不匹配，约朋友喝茶，还好没有最低消费
31237,以前聚会的首选，很久没有去了，前天去了次真是怀念啊。只有一摞华的银鳕鱼最好吃！吃过好几家日是烧烤都没有他家的好吃 还有牛尾汤可以喝下两碗，就是清酒有些参水的迹象。。。但是吃的味道还是很赞~
31309,去年刚开张就进去转过，还陪同学试了好多某台湾品牌的衣服，不过试来试去，同学还是觉得不太合适，于是放弃。里面环境真的不错，人也不多给人一种敞亮的感觉吧，没像现在八佰伴和大厦，有点大牌到压抑的感觉。该有的一些商场的常规品牌也都有，特色就是台湾商品和日本商品吧。今天看完电影，又进去晃荡了一圈，感觉还可以的，门口那个某牌子的按摩器材，很搭配现在养生的大潮流，不过我没去尝试，只是随便坐了下
31393,逛万达广场的时候和女朋友去吃的，感觉饭菜质量一般，分量也不是很足，吃下来没什么有印象的菜，牛排做的还凑合，性价比不高
31423,以前经常在绿宝楼下美食广场吃，这家应该是同一家，味道都是一样的。\n可以自己配菜，素菜都做得很入味，木桶肥牛很好吃。\n就是菜里味精放太多了吧。
31428,"以前常跟这边来,早餐晚餐就这么解决了。 \n好几年也米什么变化.  上上周过去三楼不知道为什么不让上去了.  貌似服务员不够呢. 原来座位上的垃圾,等好久也米服务员收,只好自己动手了.  \n卫生方面的确是不如以前了."
31485,金泉广场新开业的时候去过几次。\n第一次去味道不错，第二次去味道还行，第三次去就……\n总之，发挥不稳定，同一菜品两次味道不一样。\n小吃还OK。
31486,去吃过几次，也带家人朋友去过几次，大家一致认为他家的菜式的口味绝对是ok的。\n而且环境也不错哦，上次去居然看到了他们自己养的好多动物，很吃惊呢！\n小孩子玩的荡秋千啊滑滑梯啊什么都有，ms露天还可以烧烤，反正大家都很喜欢呢。
31519,这个真的不怎么样，记得以前还好，昨天买的简直是难吃！\n米像没熟的那样，一粒粒，硬硬的！再也不会去买了！\n三文鱼的也不新鲜~闻着有股味道，扔掉了~
31538,忘记了，当时是参加一个什么团购活动150多吧好像。离市区人民广场是比较近拉，打车过去10几块就到。可 是房间实在太小。还有什么味道不是很喜欢。不过好在服务员的服务还好了
31544,刚开始还以为是韩都烧烤呢，就进去了！\n进里面才知道不是，不过总体感觉也挺好的！里面现在各种烤肉类的食品都是7.8折，很实惠，用餐环境非常好，赠送的小菜也很好吃，里面的沙发也很舒服！\n座位很多，基本不用等位！\n不足在于服务员不够热情，进门走进去到坐下没有服务员招呼，烤肉的蘸料叫了几次都没有上，快吃完时才上来，有些晚了！\n比较适合朋友聚餐家庭聚会
31574,前一段突然很馋火锅，刚好在网上看到郑州也有麻辣香锅，而且地点对我来说很便利，就兴冲冲的去了。到了之后发现环境不错，听从网上建议，两个人点了五份菜。当才端上来的时候，看着那个盆子很兴奋，但吃的时候才发现菜的分量不大，也就刚刚够吃。挺喜欢红薯的没感觉吃起来很有味。
31615,"2008年的6月份来过一次,西海大峡谷前山索道上,后山全程爬下.\n人说黄山归来不看山,果然如此.风景如画啊.而且我们去的那次,遇上我这辈子到现在为止,最大的一场雨.雨水像瀑布一般倒下来.背着很重的包在那样的气候条件里爬山,那叫一个累!现在回想起来,都不知道当时是怎么撑过来的.黄山的险峻主要是都是陡峭的路,基本没有缓冲的地方,所以爬起来很累.不过有失就有得,因为下雨,让风景变的更美,云雾更大了,仿佛到了仙境.\n山上的宾馆辣贵,我们住的是团队房,8-9个人住上下铺的标房,轮流洗澡用洗手间,真是艰苦.\n山上所有用的东西都是挑夫挑上去的,我很崇拜他们,如履平地啊!\n因为下雨,在光明顶没有看到日出,有点遗憾.翡翠谷也没有去.\n好怀念啊,下次还要再去!!!"
31622,吃饭了我总喜欢喝点奶茶什么的，我比较喜欢喝珍珠奶茶，我老婆喜欢喝柠檬的，茶疯子的奶茶做的比较好喝而且都是大杯子哦嘿嘿，又便宜。店老板做的速度快不用等太久的。做的味道跟质量那那是没话说的。
31630,hoho~哥哥三十大寿去吃的，就在家门口，地方方便就去吃了\n环境真的不咋地，感觉不好\n很多菜都不太记得了，吃了有段时间了\n记得是不给我点臭豆腐吃，说是过生日不好吃豆腐\n玉米烙没有炸好\n那个番茄手擀面蛮好吃的，里面还放洋葱的~美味\n虾仁也可以\n色拉感觉是酱比较有特色，忘记是什么酱了\n点的都是家常菜，味道一般\n酒店的感觉太旧，希望能装修下
31631,办的季卡，任选三种舞蹈\n舞种很多呢\n老师也很热心，教的挺仔细的\n不过人实在是太多了\n去了晚站在后面看也看不到\n人挤人手也甩不开\n只能打发打发一时的激情
31632,中午帮同事一道来吃工作餐，价格很实惠，还有自助的小食撒的。。。人么么多，到的时候毛一点了，还是黑压压一瓶，好多人排队拿自助额。。。最爱青咖喱呀。。。每个人一份咖喱，然后再点了猪颈肉和烤鸡什么share。。。感觉味道不如以前，品质有所下降。。。。
31665,公司请客，环境还行。因为是晚饭吃不了多少，没什么特别的菜式留下深刻影响，在北京呆久了，这家店的菜比其他店没有被北京化，不是那么咸，比较清淡。价格是比较小贵的。包间服务不错的。
31672,薄利多销的一家饭馆，六点到的没有等位服务员安排我们四人一个火车坐挺不错。\n餐单有照片介绍和个级别的推荐标示，我们口味都比较清淡但也点了些餐单上推荐的小菜。\n金桔茶很划算只要9元一杯，点一壶菊花茶药29元感觉有些小贵，黑椒牛仔骨很好吃铁板上有八大块，咕唠肉算是推荐菜了但是很糟糕和油条虾仁一起炒，我迟到的咕唠肉都是面粉多不好吃。醋溜包菜味道很好，非常入味。\n大饭堂很适合家庭，价格很实惠。\n不能刷卡有点小缺点。
31676,茶味一人5元，上次10人聚餐，茶位就去了50了。菜牌上菜基本都是4开头，实际上就是吃潮州菜，连盘子都是经典的潮州花盘，撞到我这种正宗潮州人，负责任的说，做的还可以，正宗谈不上。有点挂羊头卖狗肉的感觉了，潮州菜吃得多的，这些菜就不能拿来比，骗下外地人了，套个香港就卖更贵的感觉。
31689,服务太到位了，味道也不错，等位置的时候会有小吃和水，喝酒也会给小吃，还有咸菜和水果，喜欢他家的肉肉，锅底，虾滑，人多吃很合适
31693,去工体看球之前来这儿填饱肚子。正值下午4点多，不是饭点儿，一个人也没有。餐厅里只开了靠墙的一片区域的灯。两个人，点了火腿鸡肉皮蛋粥，麻酱白菜心，宫保鸡丁，猪肉茴香的锅贴，还有一碗炸酱面。上菜速度还可以，只是最后的锅贴稍催了下。\n粥——很清淡，基本没咸味，又单加了点盐。食材种类挺多，就是数量有限。火腿切得跟纸一样薄，佩服厨师的刀工！\n麻将白菜心——没什么特别之处，还是某某坊的乾隆白菜好吃！\n宫保鸡丁——味道还不错，鸡肉量有点少。花椒量到是挺足。花生米有的脆有的皮，不解！\n锅贴——8个一份，似乎是用荞麦面做的，颜色发黑。馅儿貌似酱油放多了，也发黑。不是特别好吃。\n炸酱面——朋友吃的，据说酱很咸。
31706,价格是便宜，比上海的台湾夜市牛排便宜，但好像没有提供玉米奶油汤，上海多了个前汤，这里的台湾夜市牛排双拼才18元，味道就这样，价格便宜。
31709,人气很旺，是一家集吃饭，购物，休闲于一体的综合性商场，这家商场经常来逛的，店面很大，搞了不好很容易迷路的，呵呵呵呵
31730,自从迷上写真，已经拍过不少，但是古苑家的这个团算是我所有团购写真里面最贵的一个啦~所以不免期望稍高一点~\n顺利预约之后，有空就开始研究造型。初步选定了敦煌，点绛唇和东方印象，后来感觉自己的形象气质拍点绛唇很可能会败，所以放弃；又感觉东方印象会显胖，也放弃~越剧的红楼梦感觉不错，但是刚拍过大观园的林妹妹；唉~选择困难症又犯啦~各种纠结·~\n前台一个瘦瘦的帅哥，也就是咱今天的摄影师鹏飞。我说我来早啦~他挺和气的问我是否选好了造型，我把我的想法跟他说了一下，鹏飞建议我拍蓝色的贵妃秘史，我同意了，一个叫娇娇的美女过来帮忙填单子。登记了姓名电话验证码之后就把三个造型名称写在单子上，其余的都没写~\n本以为我来的够早了，可是往化妆间一看才发现已经有两对在化妆啦，据说是准备出外景的，其中一对是拍婚纱照的，另一对是拍的799~\n看化妆师们都在忙，我就在一边候着，到处看看，顺便抽空把指甲涂了~涂指甲时才发现上次买的那个粉色的指甲油忘带啦，包里只有一瓶大红的。大红就大红吧~涂好了之后感觉跟那个清新的蓝色贵妃造型比较不太合适。反正也要再等一会，就过去翻样册~他们家的样册做的真的很不错，很新很干净。\n看了几遍，我决定把蓝贵妃（他们都这么叫的）换成红贵妃，但是发型是小新娘的样式。真是麻烦娇娇MM啦~本来已经给我准备好了服装，我要求换她又要重新去找衣服~\n给我化妆造型的是文文，瘦瘦高高的美女。以前无论拍写真还是拍古装都是基本都是先换衣服再化妆然后做头发或者是先化妆再换服装最后做头发。这次文文的顺序很特别，先做头发，做好了基本发型再换衣服，最后打底上妆。文文动作很麻利，没用多久就上好妆啦~而且很好的运用色差给我打造了一个高鼻梁~还贴了两层睫毛~\n鹏飞拍的还是挺专业的，指导POSE相当妩媚，助理在旁边打光喷烟飘纱也很辛苦~\n拍完之后化妆师会帮助卸妆，我自带的卸妆液所以基本是自己卸的~\n前期一切都还比较满意，两天后去选片，发现原片数量不够，本应不少于100张，但是只要96张；我是非周末拍的本应多送5张精修一共30张精修，但是那个助理娇娇当时告诉我送5张之后是25张~\n虽然后来少的5张精修给补啦，但是原片的数量却没法弥补啦~\n可能是之前期待太高了所以这2个小插曲让我心里挺不开心的~期待他们的精修能给我惊喜吧~
31763,北师大里面一处不错的吃饭的地方。旁边还有个咖啡座，有点小资的味道，但是不做。喜欢。\n饭菜实惠。鱼香肉丝之类的大众菜味道不错。一些凉菜，比如山药，蘸酱怪怪的，但是不难吃。\n可惜和食堂一样，两点多大厨下班就不能加菜了。
31765,就算是逛累了休息的地方，没有几个位子，算不上是咖啡厅，也就算是个水吧，点了知道是什么的柚子茶，口味还行，主要是找个地休息。
31771,普通老百姓的最佳选择啊，就是好吃，没别的，等队伍真叫一个烦，为了好吃的，值了。馅饼做的，煎出来时那叫一个让人忍不住啊。
31779,旁边的风景还不错，就餐环境蛮理想的。店内的摆设也很有民族味道，在所有菜品中，茶树菇蛮嫩蛮鲜的，咖喱蟹也很有味道，能更辣一点就更好了，另外，海鲜泡饭还不错，能吃饱。
31810,对装修什么的完全觉得OK\n很符合唐会这个名字的说\n场地很大，也感觉很有档次\n但是对服务一点也不敢恭维\n让我觉得和这个地方一点都不匹配\n单位去吃年夜饭\n印象中没吃到一个好吃的菜\n但是价格却贵得离谱\n估计不是商务宴请\n不会再去第二次了
31832,跟朋友去那边烧烤过一次，玩得还挺开心你的，还把鸡翅烧糊了哈哈\n里面的景色很漂亮，夏天在那边赏赏荷花还是不错的选择
31845,这家的生煎跟锅贴都是，一咬就一包汤水，很大，很实惠，天天早上排队的哦，放学后也是。路过买上一两，很实惠的哦。
31865,免费体验了一次纤体（大腿），用了一个多小时，是手工+仪器，感觉效果是挺好的，而且服务态度很好，很有亲切感，就办了张卡，2888使用2个月，任意课程选做，当然不是自己乱选，那里会根据情况安排的，希望2个月以后能有明显的效果咯。
31899,在点评上打了优惠券去吃的，很小的一家店，不过布置的很温馨，但是东西口味实在是很一般，看大家推荐的那个披萨去吃的，结果就是一块饼上面有点火腿的感觉，意面还可以，也就图个环境不错和东西便宜吧。
31903,真的是很好逛的地方啊，一整天都逛不完！需要的品牌这里几乎都有，就是有点找不到方向啊！实在是很大，但是也不是那种很空旷的感觉，下次有机会去一定要仔细的逛一逛！
31907,点餐服务也是跪着的，让我受宠若惊啊，服务员们的日语说的也很到位，环境也很安逸，也没有大声讲话的。 菜品那就更不用说了，非常好吃
31915,实惠，以前吃过一次，觉得味道不错，特地走过来吃，鲁肉饭，炖蛋，酸白菜，胃十分妥帖，一共23元，心里也十分妥帖
31949,我只去过一次滴水湖，是心情不好的时候朋友带我去的。虽然水不是蓝的，风景也不是特别好，但是留下了很美好的回忆。当天还有自行车环湖比赛。好像这边的活动很丰富的样子。附近有家餐馆的野兔肉很好吃。
31987,新开张的，今天特地过去吃了下，基本都在16元，点了招牌的牛肉面，味道还行，就是量感觉不是很多，所以吃了一点觉得好吃。对于男的来说感觉一碗面不太饱。
31989,去生活区的时候会经常过去逛逛，不过看到这里的产品，\n款式比较一般，有些呆板，但是价格就没那么便宜，\n可能是真皮的多吧。\n男女鞋都有，不过选择的余地少，款式不是特别喜欢。
31994,去过一次，和同事们一起桌游的。游戏内容不少，但遇到有时连店员都不知道怎么玩的就比较尴尬了。记得那时去的时候是饮料畅饮的
31996,带家人去洗温泉，经不住诱惑办了一张金卡，还在考虑是否值得时，吃到了自助餐。他们对于会员特价自助餐，所以感觉非常值，这样还是会员好。
32002,有次哥们泡地大的小姑娘，被拉去玩了次。\n正好手头紧，还研究了半天宝石馆的摄像头位置，玻璃是否防弹等技术性问题。\n结论是，可以搞。\n不过还是没有搞。\n这博物馆是个好地方，\n多带姑娘来，她就会视钻石如粪土了。
32009,小时候总在交道口十字路口的一家店里吃杏仁豆腐……时过境迁已经不复存在了，但脑海里总是在回味着杏仁豆腐的味道。\n可能是对小时候的味道越怀念，就越扩大他的口味。\n总感觉三元梅园味道不够浓郁，可能他用的并不是杏儿，而是杏仁粉……\n奶酪不够浓，不够滑\n价格！！真是死贵死贵的！\n真没有文宇的好喝，更没有香港的双皮奶好喝！自此以后再没关顾过~
32012,貌似第一次吃呷哺是在这里？？？自己也记不清啦，哈哈，貌似是和好多朋友一起来的，当时就一个感受，为啥那么多人啊，吃个火锅还要等位，真受不了。不过现在有点儿爱上呷哺啦，尤其是咖喱锅，哇咔咔，配上豆皮儿和肥牛，当然还有金针菇和土豆，哇咔咔，爽歪歪啦
32024,以前在点评上看到过开菲尔的评价，一直很想尝试却没机会，没想到这里居然有一家，当然不能错过，虽然天气很冷。\n中午11点，好像小店刚开始营业，点了推荐的红豆酸奶，大概200g，给了好多红豆啊，搅拌之后感觉酸奶味变淡很多了，满嘴的豆子呵呵。本来有活动的，买两杯送一杯原味的，但是我估计喝不了就没要，下次去试试别的口味的。\n店很小，只有一张桌子两把小椅子，老板好像是一对小夫妻，态度很好的。
32063,点了这家店里据说是招牌菜的船夫海螺，是个凉拌菜，68元/份，我吃着味道还可以，肉质很有弹性；失策的是黑石斑鱼，148元/斤，2个人吃的就选了个小的，要1斤6量，清蒸的做法，味道没什么太特别的；活海肠饺子50元/份，还蛮鲜的，皮薄馅大。不过性价比不是很高。
32066,性价比还算高的一个湘菜，小，适合附近上班的解决午餐晚餐。\n最喜欢他们家的鱼头，不是剁椒，是白辣椒的那种。遗憾的就是菜的分量不算太多，但能把青菜炒得那么好吃的小馆子不多，手撕包菜、炒空心菜，很有点味道
32070,朋友聚餐经常就去牡丹园，到牡丹园几乎就到面香来吃，因为它家有面，有菜，有烧烤，我非常的喜欢！最喜欢吃它家的烤鸡翅了，但是朋友不喜欢吃，呵呵！~我觉得干干的特别的有原味！~去它家朋友经常点豆角炒面，我也特别的爱吃，昨天我吃的是牛肉面，味道特别的好！~它家还有好多好吃的呢，我是百吃不厌！
32083,里面的店内环境不是很大，清洁，干净。但是感觉很温馨，工作人员态度都很好，较为热情，去了感受心情相当的大好！另外美容师的服务质量也很优秀的！！\n 美容师说多不多，少也是不少的，好几个吧有，给我做刷刷瘦的是叫小琴的美容师！植物纤体刷刷瘦，做的时候不知道是力度大还是身体受不了，刷下来又热又痛的，就差没呲牙咧嘴了的难受！小琴美容老师不断的叫我放松放松在放松，刷的痛，难受是比较正常的，做完休息会才会感觉身体舒服！还好能坚持下去这一两个小时时间的！做完回到家了身体还在感觉热热痛痛的，晚上睡了一觉，第二天起来都消失了，身体感觉比以前轻松舒服多了！
32088,自助火锅，不错。味道挺好的，菜挺齐全的，不过肉不怎么好，感觉不是很新鲜。环境也不怎么的，挺差的，看上去不是很干净。价格自然就便宜了。以后估计再不回来了吧。
32107,觉得还是不错的，就是有时候会遇到有的种类没有的状况，酱包什么的有三种可以选择，价格觉得还好吧，可以接受的，一般也就买最普通的那个，贵的我也吃不出来
32111,看电视知道的这家店，去了才知道好小呀而且不好找，有的包包还带着包装呢和全新的一样，也有的很旧虽然是二手的但价钱依然小贵，不过和专柜比起来便宜很多了
32155,"口味及环境都还说的过去,没有出彩的东西.\n服务员的服务很差,没有服务意识,也不专业,貌似是新招来的,还没怎么培训的样子.包括领班也不够职业.比原来那个北七家店要差.\n因为是过年去吃的,加上周围也没有太多合适的店.所以,客人还是很多的."
32161,味道是不错的，但就是环境简陋了点。在网上搜厦门不得不吃找到了，以为是环境也不错的餐厅，没想到......幸亏味道还行，朋友聚餐什么的OK啦
32169,服务意识真心差啊！什么都要和不同的服务员说好几次才行，哎。。。菜色也贵，性价比不行！这个餐厅估计再来第二次啦！
32225,很久没去原单位了，临近中午时候到了，相约2位同事在附近吃饭。\n    请客的同事在池记串吧和老岳家之间徘徊，我和另外一位女同事坚决要求中午吃炒菜，于是到了老岳家。\n    进去一看，是老北京家常菜馆的打扮。还没到12点，临窗的座位还有空着的，我们点了：酱牛肉、松花蛋、酸菜鱼、炖腔骨和砂锅白菜。\n    松花蛋是鹌鹑蛋，味道不错，只是量太小了。\n    酱牛肉中规中矩，无功无过。\n    酸菜鱼量很大，味道还行，很实惠的一道菜。\n    炖腔骨做的还行，肉很烂，除了量小外，很有东北菜馆的风范。\n    砂锅白菜这样一道最家常的菜，竟然很好吃，汤也很好喝，真是意外的惊喜。\n    最后结账：105元，问服务员要发票，回答：没有。刚才看了之前的点评，敢情他家自开业后就没开过发票啊，典型的偷漏税啊！\n    作为家常菜，不挑剔的朋友可以吃一吃。
32229,小小的店，位子不多，略显拥挤，两个人点了凉拌菠菜，炸年糕，乌冬面还有炸鸡排套餐，味道都还不错，能填饱肚子，为啥叫“瓢六”呢？
32248,我点的是咖喱鸡扒饭\n除了上面的鸡扒是热的以外\n其它配料和饭都是冷的\n味道也很普通\n后来让服务生帮我重新加热完\n依然很难吃\n点了个58的牛肉什么的具体名字记不清了\n这个味道还不错\n配的面饼和番茄蒜蓉酱和美乃滋\n土豆泥署味道很淡也不好吃\n鸡翅味道一般\n这边点评卡可以打9折
32250,下午4点多去的，人不少，但还有位置。进店就是大厅，所有菜品实物都在大厅里直接点，菜品上有价格标签。因为没有菜单，所以餐中再点菜不太方便。环境非常别致，本来二层的门市被改造成三层，店里到处都是特色的装饰，影楼级别的布景。我和老婆点多了，共花了104元，撑得要死。\n1、“嘎巴锅丰收菜”，高压锅系列，38元，量很大，里面有三小块玉米棒，排骨、南瓜、豆角若干，虽然爱吃肉，但这个排骨吃多了会腻，玉米、南瓜味道可以，但豆角太老，嚼了一会儿就得吐出来。\n2、“高压肉筋豆腐”，高压锅系列，18元，量不少，味道不错，几乎每桌必点。\n3、“巧拌窜心莲”，凉菜类，18元，这个菜最失败，本来窜心莲不错，蘸酱应该很好吃，但厨师虽然用大量的浓缩橙汁来拌此菜，刚吃几口还行，吃到最后甜到死。\n4、“玉米羹”，果汁类，26元，就是玉米汁一扎，热饮，玉米固体成份很多，如同奶昔一样稠，不错。\n5、一二楼餐位费2元。\n总体来说菜价确实不低，没有看到别人所说的十几元的菜，如果18元也算十几元的话，大多数的菜都是18元和38元，笨鸡88元，鱼也不便宜。
32252,"就是圖便宜吧, 服務一般, 質一般量挺足, 但外賣的量很少, 口味還好\n座位舒適, 人不多不擠, 但就是位置設計有點怪, 總覺得不是坐在商場的路邊就是後門角落"
32255,朋友说他家还可以 \n就跑他家吃的 \n点菜叫了半天也没有人过来\n练嗓子大大声叫 才慢慢地走过来\n水煮活鱼 做的还可以 \n小炒拆骨肉 好咸 一点也不辣 餐具到是很大个\n红菜苔 有点老\n肚条还可以\n服务态度太差 叫加茶水看到了 就不过来 再叫
32260,十里堡店环境一般，点了几个平时吃的，味道一般，太极汤视觉感观不错。喝起来味道不怎么样，去的时候很晚了，人家都要打洋了，服务没有感觉
32306,"去过几次,最大体验就是骗酒小姐太多了,一些年轻的少女冒充是大学生,然后借机接近你,和你喝酒划拳抽烟,然后你会发现,你的酒和烟消耗的速度绝对是惊人的,这就是为了让你再去点酒买烟......然后拉着你去跳舞,在那个非常狭小舞池里面,对你真的是热情万分呀,有些甚至会主动和你调情.这个现象我在其他酒吧还没有发现这么严重的.最后在你走的时候还会提出要小费......这个才是最囧的......但是整体来讲,这里还算是个不错的酒吧,老外很多,楼上比较安静,适合聊天,楼下音乐声很大,也就只能喝酒划拳跳跳舞了."
32339,和爸妈一起吃的，餐厅很少，环境比较拥挤，而且整体受光线影响，感觉不是很干净。\n水晶烤肉的底盘倒是比较卫生，一个水晶玻璃板，肉也不是很好吃，水晶烤肉还有一个意义就在于肉跟水晶一样透明。送的小菜倒是挺多，但我认为只有南瓜粥好喝。
32364,"前两年去的,当时是和同学一起办卡游的,叫我一个人是不高兴去的.天热的时候人实在太多,我们一般会6点前到,游一个小时也差不多了,泳池比较小,水位不深,冲淋那个太麻烦了"
32386,朋友介绍来吃的，以前的时候不知道，没有来过，吃了一次觉得挺新鲜的，鱼汤里面涮羊肉吃，挺不错，鲜美的滋味，鲫鱼锅不错，很新鲜，羊肉也比较新鲜，吃起来不觉得很有不觉得腻，山药也挺好吃的。
32394,甜甜圈，很Nice，不过太甜，有点受不鸟，但是还是觉得很喜欢，偶尔吃一下还是可以滴，嘿嘿，至少赏心悦目。绿茶杏仁饼干，不喜欢，像是潮了一样的味道……
32421,胜在品种丰富，早上的粥类还蛮喜欢的。\n中午晚上的小菜味道谈不上多好吃，一个人或者懒得烧饭的时候的选择，随便吃吃吧。
32434,新开张没多久，就在潭村地铁站出口旁边，楼下是发展银行，很容易找。但停车比较麻烦，在小区内停，上来要坐专门的电梯。装修很有特色。菜式有粤菜、潮州菜和川菜。都试了一款，做得都挺好。价钱肯定不菲。元宝形的点心是红枣糕，不错。
32459,无锡第一家zara哦，卖场和HM，CA的差不多，价位也差不多，都是自助购物，所以号码要自己选，有时候人还是很多的。。
32479,必胜客的披萨好像都差不多，都很好吃~提拉米苏实在是太喜欢的，跟别家店不太一样，是杯子装的，软软的甜甜的，也不是很腻，
32483,哎。。搬了新公司。。中午找吃的，看到老娘舅就进去了，没办法黄金地段中午人山人海~~服务不周到在所难免。。只是味道上面比以前逊色很多。。
32493,可以说是这辈子目前为止去过次数最多的一家饭店～开在中山北路西藏北路路口～很不起眼的一家小饭店～\n由于在那里做了一年半时间的项目～这家便成了项目吃喝的聚集地～跟各种各样形形色色的人都去过～这家小店，那段时间里几乎每天都会看到它～说真的，它也见证了我这一年多的工作经历和成长～\n这家以农家菜为主～价格比较实惠～呵呵～菜单上百分之八十的菜都吃过～很多次都是我点的～\n去得太多很多都记不起来了～冷菜里记得一个走地鸡和一个烤麸相当好吃～\n热菜里好吃的也蛮多的，上汤草头蚌肉、京酱肉丝夹饼、杭椒牛柳、面筋煲、茄子煲、毛血旺、农家小牛肉、很多很多......都还满好吃的～还有一个咸肉菜泡饭，也很美味～\n不过这家得服务不咋地～上菜也很慢～每次都要催～只有一个小伙子给我的印象很好～憨厚老实的模样～只是那里经常换服务员～后来就不看到了～老板可真是没眼光～Shit！\n不过以后，可能再也没机会去那里了～呵呵～祝它生意兴隆～以后有机会去怀旧一下～
32496,好中意来百塔果吃野，品种大，价格又平，性格比高啊，文明路呢间分店环境几好啊，倾计一流，五会太吵，服务又好。\n榴莲班戟是我最爱，先10蚊，有两大条，榴莲好多，未吃就已经闻到香味，加埋CREAM，简直绝配！吃落又软又滑，回味无穷！\n炸猪扒饭是我另一个推荐，猪扒五会煎得干，咬落有汁，碟头有大，仲有汤或者果汁送，20蚊超值！
32514,最早的时候 貌似一张票是10块 曾经用了下午的时间跟当时的bf现在的lg去消磨\n很多水上的项目 可是我很怕掉下去 因为掉到网上也很疼很尴尬很没面子的 \n现在最喜欢的还是吊桥 觉得不危险 抓紧跳很好玩\n其实最棒的还是烧烤 有租的炉子什么的 买点吃的自己带去也很舒服 几个好朋友一起 实在是太幸福了
32534,一次请朋友吃饭去的，也是本人第一次吃韩式烤肉，点了不少肉，感觉分量还蛮足的，我本是不太能吃肉的那种，所以对肉没有什么特别的感觉，觉得味道还好，服务员的态度也很好，频繁地给我们换烤肉的篦子，环境也很好，透明的玻璃，但是离玻璃不是很近，留了个过道，即考虑了视野，也考虑了外界对用餐者的干扰，很细心的考虑。
32553,前两个礼拜刚去那喝过同事的喜酒，感觉上环境在宝山这边来说挺不错的！门口放了棵很漂亮的圣诞树，很有节日气氛！进入婚宴大厅很不错，厅很大没有柱子挡主舞台的现象出现，灯光打的很不错，整体来说，场地布置的很有规划很好！至于菜就一般吃吃吧！比较传统的如蹄髈、脆皮鸭、八宝饭等等，我认为结婚重要是气氛，大宾馆的菜都差不多吧！除非加钱！
32600,晚上去的 人还是很多 要的是香辣味的 突然就特别想吃辣 没想到真的很辣 要了热水涮一下在吃还是有些辣 配菜我觉得还带很好 不吸辣而且烤的很软很好吃 上次吃过一次鱼香味的 也不错 就是因为是偏甜的 所以吃完了有点腻 但是偶尔吃一回还是很好的 尤其适合不能太吃辣的
32609,VIPLUS主要是经验Q版公仔的。\n这个Q版公仔么。可以不是什么卡通明星，可以为自己度身定做，\n也就是做自己的Q版公仔，还蛮有特色吧。\n就是价格么很贵，一个小的就要388元。\n结婚啊，纪念日什么的，做一个，也算有纪念意义。
32610,技师水平不错，去过几次都有优惠券还是挺合算的，每次去都是不同的技师，那里的女技师水平也高，以前一直觉得按脚是男技师好，有个女技师真的忍不住额外给了2元可惜给忘了工号，好像是领队兮兮的。办了张卡，妈妈说这家店比新丰路另头的足浴水平高。
32616,这附近丰茂兴算是生意很好的一家饭店了，因为主打上海本帮菜，生意深受着附近上海本地人的喜欢，我也经常去吃味道什么的都还是不错的，因为在这开了很长时间了所有每天晚上爆满！
32641,安阳来的少，总觉得缺少粉条或猪血的安阳菜就没有灵魂\n安阳烩菜，分量很足，配菜很多，用料实在，比较下米饭\n炸血糕我想所有第一次吃的人都不会非常激动，除非从小吃有感情。\n皮渣其实是素的，一点荤腥都么有。\n遗憾的是粉浆鱼没有点。
32661,炸糕贵，2块钱一个呢。不过白魁老号现在也是2块钱一个，不过白魁老号的那个好吃，外面酥脆的，里面都是多多的红豆馅。这里的吧，豆馅也多，不过吃起来口感感觉一般，也说不出来哪里一般，反正没有白魁老号的吃的好
32696,因为在附近巾帼园读书的关系，才有机会跑到这家店里吃面。\n别的饭啊，面啊，不好说。但是他们家的辣肉面我觉得真的很好吃啊，味道很浓，虽然我从来不吃辣肉的（个人不喜欢肉类），但是沾着汤汁的拌面真的很美味。所以小推荐一下。
32708,以前去亲味千，都系去东站同岗顶果间。\n星期五有事要到北京路，晚餐就系名盛噶味千解决。等餐时间比较耐！\n位置都系好窄，好似间间味千都系甘。\n点左猪软骨拉面、和风泡饭仲有芒果冰。落单果时同服务员讲唔要纸巾，点知果服务员话纸巾同茶位一齐，收1蚊，甘都得？强制消费啊！\n猪软骨OK，好软！不过D拉面就好硬！唔好食！其它分店D拉面都唔会甘硬！\n和风泡饭，份量系味千来讲算多啦，我个人中意食！\n芒果冰太甜了！\n埋单果时问服务员拿发票，果服务员讲左句“现在没有发票”就转身走人了！今时今日甘噶服务态度绝对唔得啊！开得间店居然会无发票？！\n下次都唔会来呢间食！
32740,环境绝对是好的，服务也很好，洗头的时候 ，按摩的非常舒\n去的时候，都是乘着体验去的，做发膜，不来那里的价格真的太贵了
32748,根本没有诚意 积攒了这么多年的名气 干脆就吃老本了 现在貌似就是等一些慕名而去的头回客了 价钱涨了没长心啊！唉~
32755,我是看了点评网才慕名去的 结果太失望了  环境差 感觉店好烂了 坐下来点了餐后发现竟然有蟑螂 而且不只一只 ==！ 一个餐饮店连基本的卫生都这样 真让人倒味口 炒面一上来 我就无语了 一团团的都粘在一起了 看起白惨惨的 就让人没食欲 朋友点的盖浇饭又太咸  炒的西兰花洗都没洗 上面都是小虫 让人怎么吃嘛 太太恶心太太失望
32772,由于星巴克我喜欢上了咖啡，香浓的美式加香滑的牛奶，味道好极了。早餐或下午茶，可以加多一个三文治或芝士蛋糕，免费WI-FI，上网喝咖啡，我爱上了这种有限惬意的放松时光。每次北京出差，进office之前都在这边带上一杯加奶不加糖的美式。\n拿铁很香，奶味很重，无论是绿茶拿铁还是香草拿铁，都有些腻腻的香。最近推出的冲调咖啡，25元3包，可以在家随时随地享受星巴克的品质。\n很喜欢，很常去。。。
32793,老字号值得信赖，很喜欢里面的手表，喜欢他的样式和做工，小巧玲珑，很别致，当准备买个的时候才发现身上并没有那么多钱，好像有点承担不起了
32794,应该是2000年以后才有的建筑，当时那叫个气派；\n 加上启功老先生的提名，着实让人喜欢，他的字很有亲和力。\n 曾经里面有个KTV，超级便宜，不知道现在还有没有。
32797,跟包图在一起嗒，旁边种了许多树，还有那种很漂亮的长椅，阳光很好的时候拍照啊什么的真的不错哦，那边还有个小广场，适合野餐之类的。。不过这想法有点傻吧
32801,79的价钱，合理。环境不错，够大，明朗。食物新鲜！配料非常多，服务细心。饮品差点，但BF却很喜欢，总体来说这个套餐应该值140元左右的。
32841,餐厅漂亮，品种丰富味道也不错，服务生态度不卑不亢看得出受过良好培训，就是餐费不便宜啊！\n打浦桥一带现在成了新地标了。
32855,這麼可怕的店怎麼生意還這麼好\n年前家庭聚會去的 人多菜也點得多 但沒有幾個能吃的\n冷菜 一個熏魚血血紅 甜到死 海蜇裡面超多大蒜 見所未見\n熱菜 我遇見了有史以來最難吃的清蒸魚 比家裡都差遠了 杭椒牛柳 也是紅通通的不敢吃 雞湯 我可以接受不夠濃 但不可以是一股油hao味 太倒胃口了 唯一還過得去的就只有白灼蝦和酒香草頭了\n包房小姑娘服務還是不錯的 可惜有個領班太糟糕\n最惡心的是通風极差 整個二樓是煙霧騰騰的 出去之後一身油煙味 打死我也不會再去了
32858,元宝虾和醉虾都不错，值得推荐，鸦片鱼头太咸了，大概是厨师盐罐头翻掉了吧，不咸的话应该挺好吃的，咸猪手不错，我能吃两个吧，哈哈
32877,快餐店。不过他家的牛肉真的味道很不错，而且很实成。牛肉面里面看着没有几块，不过吃着特别饱。有几道小的单点配菜，我每次都会点豆腐丝，感觉还行。环境一般，服务也一般。
32909,元祖的雪月饼很好吃哦，夏天吃又凉快又美味，还有很多口味可以选择，很赞！还有披萨饼也很好吃啊，不贵而且放的奶酪很多！
32913,新长发是老字号了。栗子味道真的不错。\n天气一冷就想吃栗子了。\n吃来吃去还是喜欢新长发的栗子.\n虽然贵了点但是好吃也就值了。
32934,怎么说也是全国闻名的医院 可是里面还是有乱收费的状况 自己没有用的东西也给加了上去 只能妥协了 医院的设备真的很差 应该更新了吧 还有就是住院在这里面更是比较困难 不是一般人就能住的啊
32954,记得和同学去过两次，印象深刻的一次是在高一临近会考的紧张时分，我们几个穷孩子到那边解决了午餐问题，（真是量多又实惠，我半份蒸饺没吃完就饱饱了）然后冒着大雨赶回学校补地理。现在想来，当时真是认真到不行，不过现在。。。。。
32960,东西很好吃，就是觉得价格有些贵，要比外面小店里贵一倍，不知道有啥区别\n不过人还很多，有时候还要排队，偶尔去奢侈一下
32971,吃不了辣的人来点评湘菜貌似没什么发言权，呵呵……看看身边的两只吃得不亦乐乎，所以应该是不错的吧，不辣的一道汤味道很好，口味清淡入口很舒服~
33007,体检完，就随便吃了点。\n没点太辣的菜，就点了酸汤肥牛，除了番茄的味道，没有其他任何味道，很怀疑大厨是否忘记放盐了。\n还有撒豆腐的，不是一般的甜啊。\n旁边吃完了，一桌子的餐具，杯具，也没人收拾。\n看到一个服务员拿着桌布，在那擦玻璃杯\n好吧，姐不会再光顾了。
33012,拍孕妇写真出来，lg快饿死了，刚好看到小肥羊，把他激动的。。。还是鸳鸯锅。。羊肉牛肉绝对不错，羊肉串比耶里夏利的还好吃。。。百叶感觉米刘一手好吃，新的那个香菇丸子腻了，但是宽粉，冬瓜什么的都很便宜好吃
33028,深圳的许留山为什么和香港的差别这么大啊！\n芒果就是没有香港的品质好，可是价格都比香港贵了，为什么不用好一点的水果呢？
33036,"已经去过好几次了,最主要是离家近,那一片吃的地方可选择的余地不大.个人觉得那里的环境还是可以的,自助品种也还算多,价位合适"
33044,开了很多年了，就开在好又多，现在的沃尔玛边上\n以前和贝贝去逛好又多后偶尔会去吃饭\n但是现在基本都去欧尚不去沃尔玛了，所以也不吃了\n偶尔路过感觉现在有种很老旧的感觉了\n也多了很多衰败感\n觉得比较招牌也就是白斩鸡了\n实话说口味好不到哪里去的，离随便吃吃也档次也差一点
33052,听说那里的蚵仔煎很好吃很正宗，这次就去尝了一下，虽说是大过年的，不过这里生意平平，蚵仔煎上面淋上了甜甜的番茄酱，里面包了蔬菜和鸡蛋还有所谓的蚵仔，分量不大，当中带馅的那段还比较好吃。那天还推荐墨鱼丸，很实在的丸子，里面包了鱿鱼须，很有嚼劲，味道也不错。那里美食城其他的东西就比较一般了，看了没啥冲动。
33059,以前过生日去过两次，点餐可以免房费，还可以。办了她的会员卡，但是一年有效期不太方便，过期还要从新办··周围坐车也还算方便
33062,可能是校内最贵的咖啡厅？\n在古老的岭南大学老房子里面，非常有情调\n里面还有油压电梯，可以去试一下，真的很怀旧\n食物呢，价钱就不用说了，一个字，贵\n味道呢，算是可以的，我觉得他家公司三文治特别好吃，里面的酸青瓜和烧鸡搭配是一流的！
33079,海鲜是他们旁边商户提供的，基本上所有海鲜都需要外买，他们带加工，服务有点乱，味道很一般，，最后结帐的时候都会有点争论，主要就是加工费的问题，老板的态度也很拽，作为消费者有权和大家说一下，以免发生纠纷和我一样，亚麻吃黄莲，给商家有机可乘的机会。我们就是听见其它包间在争论加工费，长了个心眼，谁知真的我们的账单也有点问题。\n他们家旁边的海鲜店是十全海鲜大礼包，大家要擦亮眼睛，他们之间有不正当交易。首先在海鲜店挑选货的大螃蟹，60块一只，到了餐桌上摇身一变就换成一只没有蟹黄还发臭的螃蟹，试问活的螃蟹能臭吗？买了30块的香螺，一盘不过20个左右，就吃出5个臭的，剩下的气得吃不下。奥龙虾，鲜活的，但是肉质还是非常有问题，怀疑掉包过，拿冰冻的龙虾糊弄我们~~~总之花了600块买的海鲜吃得非常郁闷。到底是酒店还是海鲜店动了手脚，我们也不知道，反正他们都是暗地勾结的。\n推荐菜: 铜川市场想吃什么买什么
33101,最近见到好多人讲到华宴噶团购，而且都系评价唔搞，不过，我就无团购过，唔知系咪团购噶质量严重下降左，上一年未有团购之前，华宴岩岩开始搞港式火锅噶时候去过两次，虽然觉得唔系好抵，但系，整体还是可以噶。\n第一次去，因为朋友好中意芝士，所以要左个芝士锅底，个锅底就已经唔平啦，要好似58定系68，配左一碟面包噶。我第一食芝士锅底无咩研究，个朋友就话呢度噶芝士锅底做得几好，够浓郁，比距之前去另外一家主推芝士锅底噶好，果时点左d芝心牛肉丸之类噶，感觉都唔错，不过生菜之类噶就超级唔抵啦，好似插花咁噶条菜就要十几蚊啦，果时仲贪过瘾咁点左D年糕，点知，超容易痴底。食到后来，用面包点芝士汤底黎食，其实正系几唔错。\n第二次去，点噶系清汤汤底，好普通，不过，价钱亦都较芝士汤底平好多，果时因为潮汕牛肉丸，牛展肉有特价，就点左，仲点左我大爱噶芝心牛肉丸同鱼腐，可能因为汤底无上次有特色，所以，食落感觉同其他地方都无咩区别，唯一最大噶区别就系价钱。两次去都系两个人噶，每次价钱都大概系150左右。呢个价钱，系其他地方食，大概会多好多野食咯。当然，可以食多好多野食噶地方环境同服务就自然差得远啦。\n讲下呢度噶环境，个人觉得都比较可以啦，几阔落下，几干净下啦。讲到服务，食火锅基本上都系自己动手噶多噶啦，不过，可能我去果时人多好少，D服务员都比较得闲，就偶尔咁过黎帮手整开个锅底里面噶泡之类噶，还算可以吧。
33115,貌似这家店现在已经关掉了。。。吧。。。\n有阵子经常去吃面的 喜欢他们家价廉物美的辣肉面 面条不容易涨开 适合我这种吃的慢的人
33120,总体来说还行\n人不多 比较清静\n上次去看《哈利波特》了 效果还不错 \n效果还不错 毕竟是新开的嘛\n有优惠券就更好啦\n有点小贵
33121,"帮同学改论文就选在了costa,\n友谊商城人真的不是一般的少，在那里坐一个下午到是件很舒服的事情\n桌子的比星巴克大\n电源插座倒是蛮多的，可是不能上网就让人有点小小的郁闷"
33159,太阳岛还是夏天去最好，当然冬天的雪博会也很不错！看看那的花草树木，逛逛有趣的小松鼠，是个放松身心的好去处，就是离着远些，不能总去！
33161,拉手的58套餐团购，昨晚去吃了，感觉很不错。\n到店顺利入座，就是座位有点挤，跑堂只有小妹一个人，明显人手不够，以至于后来连后厨大爷和胖哥也出来端菜了。\n老板娘态度很好，客客气气的，完全没有给团购区别对待的特殊待遇。四下一看，团购和平常食客对半开。\n上菜速度还算可以，毕竟是团购的，菜可能都是预先配好了的，唰一下全齐了。\n顶级肥牛：堆得挺高一盘，原以为跟其他火锅店一样，就表面一层肉，没想到一层层扒开，仍然是肉...吃到最后的最后，终于露出真面目，是一个中等个头的“油面筋”躲在里面，煞是可爱！也体现出商家的诚意。赞一个！\n撒尿牛丸：味道不错，挺新鲜嫩滑的。\n香菇贡丸：表扬，吃得到大颗粒的香菇，很香很糯。\n大骨汤锅底：感觉真的是骨头汤哦，鲜鲜的。\n金针菇：量不少\n鲜山药：一盘\n平菇：一盘\n蔬菜拼盘：有不少新鲜菠菜、生菜叶和黄芽菜片，份量挺实诚的，而且新鲜干净，没有黄叶子。\n东北黑木耳；满满一碗，量大惊人，出乎意料。\n厚百叶：一盘\n龙须面 ：一盘，到后头实在吃不下了...\n调料：3碗任选。推荐花生酱、花生腐乳酱，很稠\n餐具：2套\n免费赠送鲜豆浆畅饮：虽然是淡味的，但问服务员要来一小碗白砂糖就OK了，口味不错。\n看到邻桌有肉骨头啃，我们也要了2根五香大肉骨，15块一根，超级大的肉骨头，上面长满了肉和筋，大呼过瘾啊，绝对划算的，要不是它们，我们也不会吃得那么撑的！表扬！\n这个骨头，估计隔三岔五我都会怀念的。
33168,店名用上海话读起来蛮吉利的 估计也是老板开店的美好愿望吧\n聚会时去吃的 点菜的不是我 吃饭时也是以聊天为主 所以对菜品没有太大的关注\n个人感觉和和记差不多 走的是大众路线 \n菜品味道中庸 不惊艳也不会出错 作为家里吃饭或者朋友聚会还是不错的选择\n店在莘庄开了有些年头了 不论是外观还是内部装饰看上去都有些陈旧了 包房里面没有卫生间 整个2楼好像就一个公共洗手间 从包房走过去还是有段路的\n个人感觉不是很适合婚宴 不够气派的说 店门口停车位也不算多
33171,这家店是新开的，但生意令人瞠目。一进入这家店，就爱上了这家店。店面环境很好，服务员态度十分热情。主厨在当面做铁板烧，还有一个喷火活动，太刺激啦！开胃汤很甜很好喝，牛排鸡排十分嫩滑，生蚝的味道一点都不腥。总之一个词，perfect！
33202,晚上吃饭，有跳舞有唱歌，气氛还是不错的。\n羊肉串、羊排味道还是不错的，虽然谈不上是什么美味\n关键是酒太贵了，特别是啤酒，这种饭馆卖小瓶的啤酒，感觉很异样。
33208,叫的外卖 味道还可以\n我点的是热补丁可可8元\n喝了几口就没了···冏\n打电话 貌似店主是东南一带的人 讲了半天才把大家都外卖点好\n喝饱了···热···
33209,婚礼是订的这家婚庆公司\n我们订了四大金刚，订了化妆师，订了司仪，订了喜糖，订了车子\n都是在这里订的，本来没有订化妆师的\n我在其他家已经约好去订化妆师\n可是去她家试妆试的很不满意，所以就黄了\n爱情果酱的化妆师也可以试妆\n试完了觉得还不错，就订了\n在说四大金刚，老公有一朋友就是学摄影的\n本来想麻烦一下老公的朋友，后来想想还是直接在爱情果酱预订\n价格还很实惠，就不用麻烦朋友\n司仪是我一眼就看中的，人看起来显得很稳重\n但是一说话就很会调气氛，聊了一下，已经笑的我啊\n说话很搞笑，长的也帅气的，叫周斌\n周斌，谢谢你啊，婚礼现场你的功劳最大\n化妆师是娜娜，换衣服的时候，化妆很快\n爱情果酱给我的印象很好，不光光说我说的这些\n门市的工作人员，包括一些没有在婚礼上看到的工作人员\n还有给我们做喜糖包装盒子的师傅\n你们都有功劳，谢谢爱情果酱。
33213,看杂志介绍才知道，原来我每天路过的这家小的不能再小的“沙县小吃”居然是非常正宗的福建小吃连锁店，所以中午特地拉上妈妈一起去尝一尝喽！\n   先点了一个蒸汤，因为是特色吗，不过看那些汤的原材料都蛮恐怖的，什么猪脑之类的，但是我妈说让我补补脑，于是就点了个天麻猪脑汤，味道有点苦苦的，有中药材的感觉！\n   他那里馄饨和蒸饺都是有名的，所以一样点了一个，蒸饺真的很棒，和别的地方的味道不太一样，馅儿里面的肉很香甜的感觉，造型像小刺猬，很可爱！馄饨的汤还不错，我们点了一个排骨馄饨，本来以为馄饨馅儿使用排骨做的，上来才知道只不过是普通馄饨碗里加了排骨……价格嘛，比普通馄饨贵7块，建议去的话点普通馄饨就好了！\n   还有卤肉饭，因为很喜欢台湾的卤肉饭所以这个说什么也要点了，可是完全和那个不一样，台湾卤肉饭是肉末，味道甜甜酱酱的，可是这个福建卤肉饭是大片的卤五花肉，味道虽然不是很突出，但是也很香！而且卤肉饭里还有卤蛋和蔬菜、花生米，还不错！\n   下次去想尝一尝拌面，对这个有兴趣！
33218,或许是由于雨天的关系，人气没有往常那么旺，坐到了靠窗的沙发位。\n餐具大多是有一定“残疾”的，店家没有必要省这个钱。\n“一品虾”果如点评上所说，虾壳脆脆，虾肉QQ，蒜泥较多，很入味；“掌中宝”过于咸了；“水煮鱼”不知道放了什么，特别嫩滑；麻婆豆腐、手撕包菜口味如常。\n价格果然亲民，五个菜118元。但是量不多。不可以刷卡。\n特别适合家庭就餐。
33236,工作餐，挺火的。\n稍显小资，店面装饰简洁。\n说说包子，吃了三样：\n鲜肉的：认为一级棒，汤水多多，这是关键，没有汤就没意思了。\n虾肉的：挺鲜美，挺Q的感觉。\n万恶的蟹粉的：别说偶在南翔吃过小笼，也算是正宗的，就是没吃过，也不觉得好\n到哪里去，还要万恶的30米一笼，早知道，可以要两笼鲜肉的带回去好了，\n当然现点现蒸，热乎乎的，确实不错，\n说说馄饨，乖乖的馅料，汤很鲜美，配上开洋，还是不错滴。\n饭食：吃了份排骨饭，真材实料，口味咸甜，挺海派的。\n还会去，还会去，至少要去拿回发票…
33251,贵，真贵~这些钱还不如去唱歌，我们6个人，周六晚上9点不到到那的，46还是49一个人玩到0点~\n坑人哦~，酒比歌城的还贵，妈呀~~\n不过，装修的样子，气氛，都是我喜欢的风格，所以才会订这家桌游店的~\n位置有点难找~\n在不考虑价格的前提下，以后说不定还会再去的，老板，服务员都还算，其中有位男孩挺可爱的，哈哈~
33272,蟹味豆。每天起码一包 现在设计的不错 一小包小包的 帮我控制量\n牛肉味的豆 没有蟹味好吃 我喜欢很脆的 牛肉味的优点酥 可是那个味道很好
33278,不知道他家还有酸辣粉，中午特意跑去和朋友试试，价钱不便宜的讲，分小碗、中碗、大腕，开始服务员帮我们点的小碗，看她比划的不像能让我俩吃滋了~所以换中碗的，等上了才发现好后悔没有要大腕的！那个小啊~朋友感觉很辣了，可我没感觉辣，倒是醋很重比较香~葱油饼偏偏那个葱最多的让我夹到了小闷下！口水鸡感觉没有老转村的好吃。服务员开始点菜时候非常之热情，我们点完菜后他也不点我们了，等半天还是自己要的水~
33281,我是拿了200元的代金券去换的礼盒，木有想到除了礼盒外表还不错外，里面的东西这么简易。一个塑料袋装的羊肉切片，据说有3斤，我没有称不知道具体分量，另有4盒东来顺的小料，都是一模一样的“鲜香”口味。或许对礼盒有了不恰当的期待？好吧，自己涮涮吃还是可以的，但是个人觉得礼盒总应该精致一些~\n前台接待的服务态度还不错，不过切肉的大师傅貌似很烦躁
33312,平安夜，去完崇一堂经过这家店，本来打算喝星巴克的，怕人太多，就决定就近进了这家店。虽然是节日，但是里面很空，只有两桌。坐在比较舒服的沙发位上。咖啡大约是100-150一壶，单点的话是50-70一杯，我们点了一壶。这里的咖啡都是清咖，不加奶不加糖的，喝不大惯。不过可以问服务员要奶和糖。但是服务员一般都不推荐你加，让你品尝其中的原味。服务员还送了一人一盘龟苓膏，还有一份水果，虽然味道一般般，不过也是意外的惊喜。\n咖啡壶很特别，烧的过程很有趣。
33323,最喜欢的当属章鱼五花肉石锅拌饭了。每次去的必点！这家店在弘基的二楼，女老板很热情的。吃完饭还有免费的南瓜粥或冰淇淋。只是店面有点小了。
33350,去的时候很多泰国人在聚会。也有泰国的服务生。\n最喜欢的是椰汁鱼汤，酸甜口味，里面有类似菇类的东西，很好吃\n黄咖喱牛肉，有点偏甜了，不过配白饭应该满好吃\n菠萝炒饭，挺实在的，也是有点甜\n沙爹串，沾的酱也有点偏甜\n香茅水，还是有点甜\n最后的甜品，西米露，马蹄椰奶冻，西米露里面有椰子果肉~\n这家的椰味还是很重的~喜欢~不过第一次吃泰国菜吃出偏甜。。。
33362,五颗星到底打哪儿来哒？是有多少水军啊！三碗米饭催半天才送来，更经典的是最后的结账，结错一次就算了还结错两次！服务员小学没毕业么？菜的味道一般啊。。。
33386,去央美找姐们\n她请我在这里吃的饭\n北京的猫眼真是多啊\n这家猫眼不算大\n不过里面还是挺有特色的\n墙壁的涂鸦还是韩文偏多\n而且韩国人也不少\n因为刚刚看过冬奥会\n所以很讨厌那个物种\n食物的味道比巴贝拉次点儿\n不过哪家的鸡翅的不错\n披萨我觉得一般\n奶茶很难喝\n薯饼很腻\n嗯~总体就是不会再去第二次了
33389,比较便宜了！上次不知怎么回事的头疼，还晕倒了！去医院一查，好像是一氧化碳有点超标！做了个血的化验，做的CT，后来又吸的氧，一共花了50多远。出来后，老公说，还真便宜呢！服务也还是不错的！就是人多，环境不怎么好！
33391,没吃成，但是也必须得给个差。\n昨天下班之后和某男一起去中街，本来想去吃团的龙人家的那两个菜，结果到了我才想起来，忘记是在大悦城还是恒隆来着。。本来想打电话问，首选肯定是板砖，但是我不想他总心里暗暗的损我像个白痴，每次都犯同样的错误。。也对，没那本事过目不忘，还装啥，之前也不看看地址就去？\n因为忘了具体在哪，而且是很少有的步行，在恒隆找了一圈，发现恒隆最高是4楼，疯了，那一定是大悦城，不爱动了，A馆B馆的还是要乱转，算了，随便吃点什么吧。本来打算去兴隆下面吃小吃，结果到了又变了，囧。。我真善变。直接进了这家，兴隆川菜馆。\n进去之后，就像放鞭炮一样，一群的活鱼乱蹦跶，服务员不用干别的了，就满屋子抓鱼玩了，一共好像就2、3个服务员，那么多桌，理解，进屋没人搭理我们俩，我们俩自己找了座位，然后自己喊服务员拿个菜牌，服务员把菜牌往这一扔就走了，行，看菜吧，等我们确定下来要点一个鱼香肉丝、上汤娃娃菜和煎饼盒子之后，喊服务员点菜，服务员答应的倒是很快，就是不动，一直忙那些鱼，虽然我们是人，活鱼也是活的，我们也是活的，好歹你分清楚个主次，谁是给你送钱的，谁是可以转变成钱的。。\n半天没来，我说，走。。就这样我们就走了，看菜牌期间那鱼一直到处乱跑，他们又用塑料桶又用过盖子的，弄的叮当乱响，本身吃饭心情就受影响，速度再慢，更没耐心等他们了。。\n看了菜牌感觉，菜的种类很少，不存在创新类的东西，以这个环境和规模，娃娃菜22鱼香肉丝20，是不是有点高了？或者真的好吃吧，不幸，没机会尝试了，不会再去，转身出去进了牛巴店。
33399,冬天面好热。比家里煮的汤 热好多。量好足。因为有材料比塑料包装的味千拉面好吃。就是人多的几次，都在汤里吃到了塑料纸！
33400,千家粗粮王，我是从18元吃到了58元，在感叹物价飞涨的同时，也感到在这里消费越来越不如意了，喜欢的烧烤很难如己所愿能痛快的吃到了……
33407,魔石赠的票，去看了戏逍堂的《狮子座》，首先是第一次看戏逍堂家的作品，以前只有耳闻，印象中全是搞笑剧，一直认为不符合话剧的精神理念，不屑于观看，这次的观剧经历倒是颠覆了之前的想法，他家这个星座主题的想法还是值得称赞的，毕竟不同星座有不同星座的特点，好定位，剧本比较好写，受众定位也比较清晰；其次，这部剧里的新人，没想到表演功底都不错，个人认为比那个《天生我怂》系列的表演要好的多；最后，觉得枫蓝的地理位置比较好，填补了西城没有小剧场的空白。
33410,面线软塌塌又烂糟糟，麻油鸡好像白水煮鸡，卤肉饭连永和都不如，蚵仔煎烂成一滩且生的很，泡沫红茶居然是街边豆浆摊式的塑封，一股香精味，整体水准还不如大食代，以后打死也不会去了
33413,15：30，为了等电影，所以觉得吃点饭去~下了一层，就在电梯口，而且自己很爱吃日料嘛~于是乎选择了这家~之前没有提前看点评。\n发现有自助，￥198/位，但是我们就1个小时不到的时间，吃自助很亏。但是看看菜单价格有挺贵的，就说先单点看看。\n点了￥48的烤牛肉，日式红烧肉，烤鳗鱼，炸鱿鱼，松竹梅￥25，大蒜炒饭，彩蝶寿司半份。俩人没吃了，花了￥254.\n总体感觉，可能是就餐时间不对，服务不到位。\n吃的嘛，一般一般，真的只能说一般，而且对着这样的价格，所以说很一般。\n不过有机会还是愿意尝试下自助滴~
33459,就是快乐柠檬啊~\n不过我还是喜欢和奶茶，水果茶什么不太喝~金桔刚出来的时候喝过一杯，没什么特别好喝的~\n比其他一些现在新出来的奶茶铺好~
33474,吃过港汇的，人民广场的，味道服务都还是可以的，结果有一次去了淮海中路一家，发现菜非常不新鲜，服务员叫上去也没反应。不知道是不是分店开的多了，不同的店水平就不一样了。
33487,经典的澳门双皮奶，尝到了当真靠谱的。\n奶香味很足，奶皮有点韧性，感觉很多脂的样子。\n走走累了的时候进来吃的，很老式的店面，很老式简单的菜单。\n清清爽爽一份下肚，很满足的感觉。
33493,误打误撞来到了这家‘老字号’。\n环境相当落伍陈旧了，一副的破败相儿。\n菜做得很粗放，但味道还不错。\n【烧鹅】40 ：挺香的。3分。\n【酸菜炒猪肚】48 ：酸菜脆嫩、开胃、下饭，比猪肚好吃。3分。\n【斋菜煲】30 ：内容丰富，营养味美。3分。
33508,上学的时候就有了，算起来也是个10年以上的“老店”了。这么多年也没啥改变，味道和装修都是国际统一的，没什么特别。现在只有等人的时候会去买个冷饮。
33539,一直去的火锅店，菜式和其它火锅店没什么区别但是调料却非常多，很合我的口味哈哈哈几乎每星期都去过过念头
33550,老实说环境大大好过食物，咖喱鸡色拉40元，价格不贵，可是吃了太腻！\n原味鸡（60half，118一只）真不如KFC，那个推荐的墨西哥酱料真难吃，还不如配老干妈吃！\n椰果西米露还不错，但是最后吃出一根睫毛（怎么看不像头发）哎：不堪回首！
33551,"因为家住附近,所以经常带宝宝去逛这个玩具店,虽然产品价格不便宜,但是质量确实不错,我们家都买他们的产品,孩子可以玩很久也不坏,总之喜欢这里的环境和产品质量,售货MM服务也不错"
33558,这个地方呢怎么说呢。算不错的嘛。因为呢这里的环境给人的感觉就是杂的呀\n是姐过生的时候叫我们在这里来玩的嘛呵呵。感觉还不错。里面的酒味还有烟味很浓的呀。哎\n不过呢还是蛮不错的嘛。音乐很好的哟、态度还是不错的嘛\n还聊天呢。第一次来这里还行吧。\n音乐很DJ的哟。好久没有这样疯狂过了啦。和姐妹一起在那里聊天。但是我不喝酒的呀。只有喝茶了啦。\n嘿嘿。味道还是蛮不错的嘛。看着那些人影动来动去的。没有什么好大的动力呀。\n哎。。。。玩了一会我们就离开了。\n有机会在来光顾了。
33561,这家SASA的位置很偏 一般从东荟城很难走到这里 相对来说生意也一般 货品也不是很全 其他SASA都有的东东这里经常目有
33581,环境很一般~装修后好了很多，服务一般，老板就是典型天津人。但是砂锅很好吃，烤串也还算不错~家里可以随便一起来吃吃
33589,西北的饮食 价格实惠 味道也很不错\n服务员推荐了白条手抓和羊脖子  这个在我们南方吃不到的\n羊脖子其实是羊肉  我们要了红烧的  拿土豆蔬菜红烧一切 半斤只要10多块 ，满满一碟子   基本上2个人吃这一个菜就够了\n直到现在 我还每每回忆起那大口吃肉的美事
33610,已经去了2次了，热情的服务让人感觉很好。要的是拼盘很实惠，麻将随便吃，呵呵。让你不用担心普通火锅店的2元一份的小料了。
33613,还是在和老头装修房子的时候去登发装饰城的时候，因为是下午三点了，中午饭没有吃就在这里凑合了\n不过味道还是真说的过去，价格和价值相比较的话，也算是小超一些了\n牛肉凉面的味道很好，不过量挺大的，女孩子的话，可能够呛能吃完一大碗呢！\n辣椒很香……
33618,一直惊呼这家店的剁椒鱼头是广州性价比最高的，分量比较足还送清水面呢，正好伴着鱼汤超级美味。去得早的时候还能赶上送的豆腐花，挺嫩的，口感不错。这间店感觉还是比较洋气的湘菜，装修也比较大方精美，就是每次去晚了都要等位涅
33636,好久以前去的了，想想现在有好几年没去过了吧，以前在七宝那边住的\n所以有时间就会和朋友们一起去那玩，记得一般我们都是走着去那的\n好像进去是不要钱的吧，时间太长记不清了，只知道里面好大好大哦\n在里面租过两次车骑过，骑着车去兜一圈也要很长时间的，草地，花\n水，环境好，空气好，到下午时候有好多小朋友都穿着溜冰鞋在溜冰呢\n有老师带领的，好多打羽毛球的，好多情侣，还有些健身的，玩的等\n这些我都还记得，下回有时间的话，一定要在去看看，好怀念哦！！！
33648,上海名牌！也算是老字号！上海有很多分店！\n是卖南货的地方。但是现在好像很多都已经柜台出租给人家了。\n春节期间生意很一般。
33668,"台湾人开的店,一个台湾阿婆坐镇店里,仔细一看,就是桌子面板下压着的某杂志介绍这个饭店上的那个阿婆.\n一个三十岁左右的台湾女子招呼点菜,蛮热情的.\n点了几个算是特色的菜吧,因为基本都是图片上,墙上介绍的几个菜.还有面.\n菜量都不大,味道属于吃过的台湾菜里中等水平吧,好在这个店干干净净,给人感觉比较舒服.\n最后吃完,问了下,店名应该怎么念,长知识了,原来这店名字的地方还是台湾的旅游景点呢."
33670,路过簋街，特意去看一样有没有北冰洋汽水，去晚了就没了，我买了点糕点\n千层酥、椰子角面包——三角形，很多层有点像三角面包里面是椰子夹心的，不过只有中间部分有。千层酥，不知道叫什么袋子扔了，没有馅但是有很多层，口感松软。\n奶黄酥——有点像酥皮的奶香小号老婆饼，中间有奶香味道的陷，34元/kg\n红豆夹心蛋糕——中间夹了红豆沙，感觉很新鲜的红豆沙没有酸味，豆沙很细，31元/kg\n总体相比稻香村的味道不会那么甜，会更软和一点，在结账的时候听见分别有2个人来买咸菜好像，但是卖完了，貌似很受欢迎的样子。
33681,去西塘从南站换长途车，路过这个店。东西挺一般，都是糯米做的一些东西，粘粘的里面有陷儿，和天津的一些店做得没有什么区别，和在北京吃的也差不多，估计这种粘品可能全国都类似吧，也可能是现在做得都不用心了，把本来各有特色的食品都做的趋同化了。
33691,有时候吃好饭会过来买点吃。\n一直吃，已经不知道该怎么评价了，吃多了就觉得也一般，感觉太甜了。\n基本每次都是点有巧克力的东西，感觉还不错。现在不喜欢那些加很多东西的，反而比较喜欢巧克力甜筒，简简单单味道也不错。\n店太小了，只有几个位子，不过一般都是买了带走的。
33696,平时晚上自助只要68，这个还是非常超值的，离家很近，宝山地区的自助实在少，这个平时吃吃价格实惠，质量也还过得去。住得近的可以去尝试，我觉得还是有比较高的性价比的。
33707,就商家的环境而言，这里的价位并不算高，但论及总体性价比一般吧。\n这里并不好定位子，通常要提前两三天。餐厅好像有四层，我们在三楼包间就餐。\n海鲜要在楼下选，价格不是太贵。\n炒菜价格也不算很便宜，家常菜偏多，但似乎没什么特别招牌的菜。热菜量比较大，凉菜也还好，味道不失不过，没有让人印象深刻的菜品。\n点菜时服务员根本不管你点多少，也不提醒是不是点多了，搞得最后剩了不少。\n服务真的不敢恭维，除了上菜，其他时间基本找不到人，需要找人都要自己出去叫；杯里没水就不说了，连壶里没水都是我们自己去添；还有好多举手之劳就可以帮的忙也是推三阻四的，特别费劲，比如我们想给一个电池充电，但房间里的电源没电，我们就请服务员帮忙找个地方充一下，可那个小姑娘想也不想就一口回绝，后来说可以充，不过丢了不管……真是没见过这么办事儿的地方。\n当天家人过生日，所以好多小细节我们都不愿意深究，但作为一个饭店来说，服务还是有待提高。
33738,请朋友吃饭的时候想吃本帮菜~有人推荐了新农村~晚餐时段要预约的~不然等位时间会比较长~\n店家装修很有特色~更像以前的茶馆~非常的热闹还有评弹~\n相比之下菜的特色就没想象的那么优秀~酱油白米虾也好蛋饺也好马桥豆腐也好~汤汁都是差不多一个味道的~\n倒是马兰头炒香干很清口的说~总之味道偏甜~更想江苏菜系啦~
33748,看看大家的人均都好低啊，我们太浪费了……老公第一次跟我回家，家人领他来这里吃的。点了一桌子大同特色，都是我喜欢的，怀念啊，在外面根本吃不到。不过粗粮做起来都会和肉在一起，有点油，吃多了会腻。酒水比较贵，这也是为什么我们人均消费这么高，单间的环境还可以，就是有点小。好想回去继续吃一次呢……还有就是不好停车
33763,老北京涮肉，介绍的人很多，说得很好，离家很近，但还是找了半天。。。比较失望，肉挺一般的，没想象的那么好，小料不会调，还是回归我的南门吧
33772,万达就在家附近，还记得在那看的第一部电影就是甄子丹演的《叶问》，曾经很美好的记忆就在那啊，爆米花挺好吃的，一大桶电影没看完我就吃完了，呵呵，整体环境还是不错的，那次还做活动给了旁边大玩家的游戏币，看完电影还去玩了会
33777,法式西餐厅 环境优雅 特别适合情侣约会或是商务会谈 菜的分量都比较小 好在味道不错 品相精致  牛柳和墨西哥饼味道不错
33779,之前同事一直说这家店好吃，正好中饭就在这里吃了\n要了一份大家推荐的灌汤小笼\n有点让我失望，皮太厚了，吃上去还有点粘牙，还没有我家菜市场上小笼店里的小笼皮薄呢\n汤也不是很多\n还点了一碗小馄饨，汤有点咸了，让阿姨又兑了点水
33795,"多年前就因黄珂大哥的号召力和一帮媒体圈的朋友吃饭,并在此相识.\n当时真的是深深感到黄家私宴的魅力.\n前段时间再去,下午5点刚至,就人潮涌动,看来很多人都是慕名而去啊.\n鱼锅依旧美味,不过少了从前宾客满堂天下一家的气氛.\n服务很一般很一般,环境也不再有别出心裁的惊喜,甚至让人担心卫生问题.\n也许是开了多年,或是重心移到另家分店的缘故,不得而知."
33796,有多么难吃就能多么难吃..\n酸菜锅..什么了个东西哦 青玉很不新鲜的感觉 不喜欢绝对不喜欢\n牛肉羊肉也不新鲜感觉又点味道\n啤酒.假的一刚 喝上就上头!!
33837,稻香蛙的味道还不错的，大家吃过的朋友肯定都觉得，本人还觉得那里的手工面不错，老板娘说是她家点击率比较高的菜，咬上去很有劲头，汤汁也很鲜美，朋友们可以去尝试以下~
33847,前几天和好朋友一起去的，和朋友逛了鼓楼才去吃的。一进门环境非常好，干净整洁，老板很热情。点了腊排骨火锅，锅子是不锈钢的非常漂亮也先得很干净，比较现代。排骨炖的火候很好，有好多块，里面的芹菜，西红柿煮过后也很好吃，最值得一提的是小料，很有云南味道，还点了蘑菇，宽粉儿，茼蒿什么的。主食点的竹筒饭，很有竹香，糯米软软诺诺的，味道非常好。服务也非常好，服务员都笑嘻嘻的很和蔼。就是价钱有点小贵，有点小情调。
33848,大年初三午餐，和牛桑去万达溜溜，寻寻觅觅吃饭的地儿，大多数店都已吃过了，突然发现这家东北风，一看生意还不错，那就这家了，谁叫阿拉牛也算半个东北人呢！两个人也吃不多，拉皮，尖椒炒干豆皮，地三鲜和炸酱面！菜的量都不大，味道还算正宗。拉皮很Q很滑；地三鲜的土豆很好吃啊，茄子感觉还很生；豆皮嘛就是百叶嘛，豆子味更重些，更干硬些；出色的就是炸酱面了，炸酱倒一般，面条非常有嚼头，简直可以说弹牙啊，粗细适中，软硬合度，韧性十足。
33860,东西很好喝，杯杯现做现摇，材料很新鲜，多多可以说是上海最好喝的一家，特别这家店因为总店嘛，老板在里面老是调新品种可以一直尝鲜，加的料品种也多，每天会喝，老板人不错
33862,吃海鲜的店 经同学介绍后去小试牛刀\n很不错诶~哈哈\n金针菇，蒜苗，生蚝，海带子，牛肉滑蛋粥\n每个都或多或少惊艳到我了\n哈哈 而且锅贴也可以带进来吃的~~
33864,华侨城片区的一个广场，面积不大，周围商铺很多，在华侨城寸土寸金的地方有这么一个公共娱乐广场还是很难得的，每次都是到这里的餐厅吃饭才去的，不太好停车，一般的休闲是肯定不去的，附近居民来这里休闲纳凉应该还不错。
33874,这家绝对是记忆中童年的味道啊~~\n小时候去崇文门菜市场跟爸妈买完菜之后，老爸就会开车拐个弯带我来买面包。\n我喜欢那个奶油面包，老爸喜欢豆沙包~~\n每次买了都要在回家路上先吃一个~拿破仑饼也很好吃~~\n不知道现在味道是不是还和以前一样好~~
33878,附近没什么好吃的，感觉这个连锁的可能干净点吧 \n中午人多的时候很忙，服务员都忙不过来\n菜的口味一般般，面条不好吃不入味，原来5.8的鸡骨酱面加一块素鸡涨到了8块，有次素鸡发霉了！！！恶心\n还可以的估计就排骨年糕了，排骨挺大的
33882,就在四川路的“口口头”- -\n地理位置不错\n东西还算是多 现在比以前更多了\n马路外面的铺头也是越来越多了\n综合来说还是不错的
33886,"在工体附近,比较正宗的新疆口味餐厅,重新装修过的!看上去也比较干净.服务员应该都是老板家的亲戚.口味也还不错. 饭点的时候人比较多.下午的时候可以做在外面,像是大排挡,还有很多外国人!"
33914,每次说到这个偶都想哭啦。。。小新 你干嘛浪费钱呀。。。还不如把钱给我呢 真心贵呀\n好吧既然已经花钱了，那就海吃吧 吃的是自助的。每人将近200呀，为了把这些钱给吃回来，我是吃到嗓子眼了 = =撑死老娘我拉 说说菜吧\n爱吃日本料理的 会觉得很好吃的饿 我就很爱吃呢\n上菜的速度有点小慢 不过我嘴巴甜，服务员的态度也就蛮好啦\n牛舌 三文鱼 牛小排 还有刺身（量比较少）很好吃的
33925,算是在四川路上有些年头的商店了 相比新造的那些商场 购物环境相对拥挤了些 品牌也更加亲民些 高档品牌是没的 中低档的品牌到也不少\n反正离家近 护肤品基本都是去那里买的 妈妈是欧莱雅的FAN。。。
33964,以前这家店在九江路的时候经常路过，却从来没进去吃过，这次在353闲逛，偶然发现搬家了，于是就和老婆进去试试了。\n人气不是很旺，这大概是353广场所有店的共同特点吧，我们进去的时候大概只有1，2桌人。服务员到是很热情，对菜单也很熟悉，2人点了4个菜：叫花牛肉，重庆烤鱼，米椒芥兰，酸豆角炒鸡杂。\n上菜速度也很快，大概是人少吧。\n叫花牛肉感觉是最好吃的，用一个不太大的石锅盛的，上来的时候很烫，下面是豆腐，上面是牛肉，牛肉真的很嫩，豆腐更嫩，很入味，里面还放了孜然，吃起来很香，稍微有点辣。\n烤鱼吃起来没想象那么好，味道很普通，其他两个菜也没什么可圈可点之处。\n总的来说还是不错，改良川菜，不是很辣，适合大众口味。\n环境很好，人少清净，我们坐的靠窗位子还可以看看南京路的街景。\n交行的卡可以打8折。
33977,朋友推荐去的，吃了麻辣鲶鱼和豉汁耗儿鱼，耗儿鱼很新鲜，口感不错，鲶鱼辣的很爽，但是感觉不出鱼是否新鲜，好像被面之类的包装过，芝麻泡饼挺好吃的。
33985,单位组织去的，一般吧。温泉水很脏很混，不是很热，池子小，没什么可玩的。唯一好玩的就是那个滑梯还好吧，泳池也还好，可惜作为泳池水又太热。总体来说，一般。如果自己去，要好好的想想。
33986,路过喝了一杯，长岛冰茶和玛格丽特，还不错，玛格丽特杯子外面涂一圈盐。。。口感恨特别\n外面拉窗帘的，根本看不到里面，点上烛光，气氛不错\n9点多开始表演了，三个外国人上去唱歌跳舞，蛮high的\n坐了一小时就回去了，音乐有点吵，偶尔来放松下不错
33988,环境不错  也许是因为价格的原因 平常来这里的人比别的地方要少很多 又是一个人来这里坐坐 点一杯黑咖啡也是不错的选择 个人比较喜欢黑咖啡 无添加最纯天然的咖啡香 会弥漫整个口腔……
34005,这家店买的菜品根本就吃不吃泰国菜的味道，不知道厨师是怎么做的。餐厅开在四川北路商圈，装修环境倒还可以，但服务水平还有待提高。
34015,我去这个地方是因为在报纸上看了广告，模特都是自己的员工，感觉很真实很亲切。到那印象最深的是给妈妈和我买了两条仔裤，不贵，单价八九十元。买了一件毛衣，要190元，160拿下。有一样的东西，摊位不同价不同，一定多比较。尤其童装，感觉不算便宜。但总体来说还好了。
34018,上山顶的时候正好是晚餐时间，肚子有点饿了，只好先在这里应付点，然后下山再吃。\n价格比上海的贵一点，味道没什么多说的，差不多。。。
34035,可能是周末去的，环境挺嘈杂的\n食物没有想象中的种类多\n我唯一爱吃的就是这家的甜品\n有人还说有佛跳墙\n我根本没找到\n可能这个价格也就是这样档次的自助餐\n中午是78，晚餐时88\n郁闷的是我都结完账了忽然发现是点评卡的优惠商户\n貌似可以88折呢\n算了下次记得用卡吧，呵呵
34070,我现在，到哪个城市，必喝当地的酸奶或是牛奶，现在最爱的就是在丽江喝的，感觉不错。\n在广州，这家店我肯定去了，在同事家附近，好像还是新开的，我同事家在哪我也不是很清楚，就是离民航家属区不太远吧。\n简简单单的屋子，很亮堂，晚上去的，没啥人，感觉有意思的是，同事买东西竟然和店主聊了好一会，店主也挺热情，后来看到其他人也是，买点东西就和店主说几句，广州人真是客气，我们北方可就没那么热情了，爱买不买了。\n酸奶，还行吧，当天有些撑，纯属为了喝而喝。
34083,第一次吃是在南京，原来无锡也有分店。\n10块钱很大一碗。里面的料很足，鸭肠、鸭血、鸭肝都给得很多。味道也很好，比较清淡。\n他家的绿茶饼味道也还不错。
34101,下午快2点到这里吃的饭，人不多，环境不错，上菜速度也很快，毛家红烧肉还比较有特色，其余的几样感觉味道一般，不过分量给的还是很足的，总体还是不错的
34103,偶尔经过这里，环境跟其他一般的综合商场没有差别，商品自然没有大悦城、新光天地一类的时尚、潮流性强，但是东西也挺全的，对购物要求不高的人在这里也算正规、买的放心，屈臣氏这里的分店总有一俩样特价比别的分店要便宜些...服务一般，不好也不差，算是中等的综合商场。
34155,麻辣烫么其实都差不多的，不过这家还是算比较好吃的，我要放花生酱的\n这家店为什么生意这么好，是我一直以来的小问号，只是记得传说中是兄弟两开的，后来崩掉了，其中一个就在附近又开了个
34190,作为中餐快餐而言算挺好的，速度味道都行，尤其是它家的外卖服务挺好的，在山大的时候吃了一次，很方便，如果要选外卖的话当然要选这里
34195,"中午來吃飯，離公司最近的一家川菜，公司一伙人過來吃飯，進來環境不錯，坐的挺舒服，點了口水鸡,传承沸腾鱼,馋嘴牛蛙,酸汤肥牛和一些蔬菜，馋嘴牛蛙和酸汤肥牛太失敗了，口水鸡和传承沸腾鱼都是很一般的川菜館的水平，口水鸡還沒底下的黃瓜多...服務員沒有一個會笑的，反對慢一拍，除非朋友約不然不會再主動來吃了。"
34206,环境还是很好的，给人感觉比较高贵，当然里面的货品也是和环境一样啦，比较高，比较贵。下班后偶尔会去逛逛，不过不会特地去，离家有点远。
34209,沁潆茶苑——位于南汇富客斯豪布斯卡名品村外街，对其印象挺好，环境清雅、服务热情、价格合理、口味也不错……
34219,很喜欢这家店，价格很适中的，一般我就只是做个护甲还有单涂色，偶然来几个小钻，所以觉得还是真接受的。这家的指甲油不知道什么牌子的，但是用得蛮好，涂色很均匀，不容易掉。
34233,昨天路过让他们梳了下，效果不错，只是这推销手段实在是。。。\n一个尽的叫你看怎么怎么好看，也不按照我想要的发型梳。。\n夹子一个比一个贵，样子都很土。。\n店面都没个，东西还那么贵。。\n说的倒是很好，买一个夹子，免费换发型\n看了上面mm评价，还好没上当\n还不如在网上搜搜简单易学的
34235,原来的青悦轩关门改名为三晋人家，不几天又给改成麻辣人家了。看样子生意不好做啊。最喜欢的还是当年的青悦轩的菜品。就是不喜欢歌舞。太闹，一周桌人吃饭没法说话。现在的麻辣人家倒是安静了，菜品保持了较高的价格，为了吸引回头客，吃到100以上会返券。但是您可注意，返券不能在周末用。 这规定在人家的券后面以很小的字印着呢。你要是周末去了，嘿嘿，下次您再来用吧。\n菜品味道还不错。但是有些菜调料加的太多。那天吃饭点的西湖牛肉羹，那牛肉怎么是粉红的，服务员坚持说是牛肉，是牛肉拌了什么粉。我喜欢原汁原味儿。这牛肉加那么多粉为何？都是化学品啊。那颜色还让我老是联想到其他动物。但愿他不是。没敢吃。
34255,羊肉汤膻味不重，羊肉很好吃，有肥有瘦，我们点的小碗羊肉汤和小碗羊头汤，都是先称肉后加汤，自己加盐胡椒粉等作料。羊头肉没有羊肉好吃，加了一份羊肝，四块钱。羊肝比猪肝老一点，不过味道还行，冬天吃挺暖和的，红庙吃的挺多，以后可以常在附近转转
34259,提前了两天预约的，才预约上位置，简直就爆满。\n要了橄榄油菌汤锅底（锅中锅），先上了清水红辣椒的锅，然后单独到了一瓶橄榄油，和一袋辣椒油。中间的菌汤蛮不错的，我们喝了好几锅。辣味分微辣、中辣和特辣，我们要的特辣，但是都不怎么辣。\n料碗有香辣，干蒜泥，麻酱，还要了香菜，豆腐乳，香辣碗还不错，蛮香的。\n涮菜还好，宽粉和拉条子很劲道，进口肥牛不错。菜量不是很大，但是也够了，我们7个人，要了13个菜，吃完刚刚好。\n由于人太多了，我们那个包间的服务员态度不好。
34262,超爱杨枝甘露和丝袜奶茶，尤其推荐丝袜奶茶，茶味很重，真心爱。\n其他我喜欢杨枝甘露了，嗲的。\n芒果鸳鸯黑糯米，不大爱，因为下午茶吃这个有点饱了。
34263,地址从通达街口往里移了移，现在在中间的位置，扩大一部分占面，现在等于是有两处，一处半地下，一处一层。\n十个人，男3女7，点了六个菜，一个汤，加上主食，一共才花了220多，真便宜，就目前的消费水准来说，应该是便宜死了，倒是比之前的菜码有个别的缩水了，但依然大得惊人。\n味道依然很好。赞一个。
34265,广场建设的爱是比较的不错的就是这里的人气什么的不是太高啊，这里的东西价格也都不便宜，所以自己也都不是经常的会来这里。
34273,一家台湾人经营的餐厅，环境很优雅，没有想到铁板烧也能做得这么精致，大厨是台湾人，开胃菜蛙鱼味道灰常的好，搭配番茄山药沙司味道不是一般的赞，口感很好，还有这里的牛肉非常的嫩，吃得很过瘾，还有大明虾也是我的最爱，还有这里的玉米甜汤非常的好喝，吃完之后还可以去休闲区喝咖啡品甜点，非常满足的一餐饭，不错
34296,参加朋友的婚宴去的，听着这个名字就觉得蛮高档的~\n是在张杨路上，地段还是蛮好的~\n在2楼参加婚礼，门口有很大的一块地方休息的，还有服务员给你送饮料~ 服务还真不是盖的~\n楼上的厅也很大，视觉不错~\n菜式也是相当给力啊，该有的都有了，什么虾啊，什么海鲜啊，都有的，而且量还挺多的~\n里面设施还挺给力的，放了20+桌也完全不觉得很挤~\n服务也很到位，吃饭的时候服务员随叫随到~\n搞笑的就是在吃饭的时候，觉得这个虾里面的汁拌饭很好吃，我们一桌还叫了一大碗饭，哈哈~ 婚宴上面吃饭，真的是头一次~ \n服务员都楞了一下，估计也没有碰上过这个情况~\n味道还可以吧~ 总体来说还不错拉~
34301,公司新搬家的办公楼附近发现的，是被他家的飘香吸引的，哈哈。比Christina 贵，但是看重的是他们家有独立的面包房，现做的新鲜。
34307,我这个人一般不生气，但是喜欢用粗语\nTM的，我和朋友进去坐了十多分钟，居然没有服务员过来点菜，反正我们不叫他们，他们是不会点我们的。而且先交钱后吃饭，这个倒是无所谓了，可是不明白为什么，冲着我来了，问我是不是把餐费付了，我长得像有钱的吗？为什么不先问问对面的那位男士是否要买单。愁死了。\n交完钱不到2分钟，上了第一个菜 ，木须肉，侯死我了，炒的水平和我这个P民差不多，一共不到3块肉片。\n啤酒不给打开，还要我们再次要求，才想起来给我起开。\n我估计是生意火爆的，加收了新的服务员，没有培训好。\n如果光为了锅贴的话，确实是值得经常去的美食店。我真的很喜欢三鲜锅贴。\n妈妈也特别喜欢，她老人家平时很节约，从来不让我们请客去贵的地方，唯独去锅贴店，还比较痛快
34311,总和同事去，店员都认识我们了，周四有特价，不过指定两个口味，每个味道的我都吃过，抹茶是我钟爱的，朗姆酒也不错，不太喜欢水果味儿的，会员的话100积分是可以换一个单球的，冰淇淋蛋糕不推荐
34331,这家店的奶茶味道确实不错，奶香、茶浓、里面的料也很多，当然了，价格也不菲。\n不过这个东西没什么营养，所以还是少喝点比较好。
34333,元旦 的时候OPA有打折和限时特卖，买好衣服么过了2点了，麦麦的15元的午餐是吃不了了。长乐路瞎逛逛，就看到这家小店了。\n进去时不知道是微博上比较红的那种店，也不知道以卤肉饭出名的。挺小的地方，顾客还蛮多，老板娘也挺热情。\n都是周围上班的人，估计是经常来吃饭的，都是讲上海闲话的，蛮亲切的。\n看了一下价目表，有炖蛋，卤肉饭，还有一些炒菜什么的，一个人么，简单的填饱肚子就行了，点了卤肉饭。\n上菜的速度蛮快，碗就是那种台湾牛肉面的大碗，餐具是不锈钢的调羹。桌椅就像以前读书时学校里的那种，桌子下面空间蛮大，适合扔餐巾纸之类的垃圾。\n对面是一个爸爸带着小孩子来吃饭，我穿着一身黑衣服，又戴着口罩进去的，小朋友好像有点害怕我，我边吃饭边对他做鬼脸。
34343,年会定在这里，吃了两顿晚饭，让我领略了崇明美食的魅力，哈哈~真开心！\n冷菜里有肉质紧实、香喷喷的草鸡，鲜鲜的小螃qi，清爽的金瓜丝，脆脆的醋得够味的海蜇头。。。。。。\n热菜里我喜欢鱼米之乡里的小鱼，好吃极了；白米虾尝起来很鲜美；还有那崇明羊肉，浓油酱赤的，味道好极了；现在的崇明蟹尽管不是很肥美，但是尝起来甜甜的。。。。。。\n崇明糕无论是清蒸还是做成酒酿甜羹都很美味哪！\n呵呵~菜的不错哪，不过罐装饮料味道都不咋地！
34347,这的消费不低，但是档次一般！吃起来没什么特别的，只有一个苦瓜刺身还不错。带盈方的人来着吃饭，一顿饭花了750元，总共七个人
34354,味道很不错，麻辣的让人很舒服。环境一般，就是那种民房改的临街铺面。锅里面的东西挺多的，应该值你花出去的银子，现在很多店都是减量减得厉害，这家还没怎么变化
34363,不要指望下班的时候还会有蛋塔！这家店的生意一直是附近较好的。营业员的态度一般般，不太甩你。随便吃吃了。
34386,和朋友去了几次，主要是去喝汤的，汤的品种也比较多，味道都很好\n其他菜没什么特点，木瓜雪蛤还不错\n门口可以停车，很方便
34388,从小对于这一类的就是大爱\n总是认为他甜甜的，可以让我忘记一切不开心的事情\n一直都不知道还拥有了这么一个好的地方，而自己也是在一次无意中在网上看到了这个地方，感觉名字还是蛮好的，就自己来看了看。\n呵呵，很是不错的，特别是当你一去的时候可以很好的看见这里的环境，很安静。\n而且也是蛮有特色的，特别是这里的WC那个装修很搞笑的呢，呵呵\n空气中充斥的是一种浓浓的甜品味儿，很好闻。\n听说他家的巧克力也不错，但是我不是怎么喜欢吃那个。呵呵
34399,我很喜欢的一个购物场所。不过很久没去，昨天去的时候很多专柜不熟悉了。喜欢这里是因为有一些不太贵的专柜比较适合我，而且新光经常搞活动，会员卡的积分比别的商场优惠，而且人总是不多。
34476,"路过,服务小姐很热情地让我试吃他家的羊角面包,尝了一口杏仁羊角,很松脆,奶味很足,很香浓,回来一看,原来是做甜点的, 虽然不太可能会去买,但冲着这试吃的好口味,给个高分"
34528,经常去的一家火锅店。好吃喔，走到附近就能闻到属于蜀福来的味道咯。现在大厅不订位咯，只限订房。所以是早到才有位咯
34572,每周四晚的Lady's nite，免费向女士供应mojito。\n楼下是面包店，lounge在三楼，装修很新，也很大方，不是乱七八糟的地方。\n一人来一杯酒，坐在宽大的沙发上聊天，色意啊。\n非常喜欢这里的轻松的氛围，下回多带几个朋友来捧场~
34578,如果火炉火排不上队可以选择这里，肉质不错，整个感觉都和火炉火很像，只不过环境好些，小菜也很多，铺的桌子全都是，但是肉量不如火炉火，可能跟所处地段有关
34580,"我发自内心的说,他家其实没传说的那么好吃,我感觉挺一般的....我吃完之后,深刻的感觉,是TVB救了它家啊....TVB上各种满记啊...."
34584,总的来说这家店不错的，装修的很好，店面也蛮大的。\n里面的鞋子款式很多，式样也不错。不过大部份都不是真皮的为主/\n价也很实惠，适合只想买款式，对于皮质方面要求不高的。
34596,人特多 还排号 很便宜 点的大部分菜都挺好吃 喜欢辣椒炒肉 但是鱼香茄子很失望 不进味儿 服务还不错 下次尝尝茶香鸡~
34602,买过仿古的大象钟、大象案头摆件、一个仿鳄鱼皮的红色漆皮首饰盒、还有些小装饰品。。。做工、质量真的是不错，东西的价格都也还可以。只是有些物品的价格为什么贵得有点离谱呢？讲品牌的话，也没听说过这些。反正TX们擦亮眼睛挑，别买太贵的就行了。
34605,这是我经常去淘书的地方，去那基本上我只带10元，不要求书整齐，但要求有内容，正经书店的书，好多都不好看，只是个噱头，具体内容都用塑料封住了，看不到，不像这里，书虽然破旧，但不影响他本来的价值，我超级爱看奇闻异事的东西，在这里我总能找到好料
34607,下班以后和同学来这里剪头发，下午五点吧，人不是很多，我约了小强老师剪，小强老师和我沟通了一下便开始剪了，剪的过程当中他也会认真和你交流对发型的要求，我本来要剪斜刘海，小强老师说可以尝试一下齐刘海，虽说剪完了我不太习惯，但还是很满意。尤其是一周以后再看，太好看了！从没觉得自己的头发这莫好看过，小强老师剪的非常非常认真，还告诉我怎莫样吹头发。。。以后就找他了！谢谢小强老师让我重新找回自信哦~~~
34611,这家店除了三大炮还有其他的甜品卖。三大炮（我感觉就是糯米团）比我想象中的好吃，是热的，吃的时候可以蘸着有红糖浆，芝麻粉，黄豆粉调成的酱汁。作为吃完小吃后的饭后甜点非常的爽。
34621,一开始以为搬走了，看到橱窗玻璃上的纸片上写着“良木缘”，才知道它现在改名叫汉娜了，环境挺好的，可以接笔记本的电源和上网，这两点同时具备，让我们选择了这里。\n点了红豆冰山和芒果什么冰，具体名字忘了，其实我很喜欢喝免费的柠檬水。\n门口停车收费很贵，第一个小时10块，第二个小时以后15，一共收了55。。。
34632,去他家吃过一次，不过印象很好，虽然环境有些乱，可能是因为人太多了吧，不过东西倒真是好吃，价钱也很便宜，很适合一大群人在那边大吃大喝。
34665,团购去的，因为是一元钱，所以团了好几张，给朋友们用，周六去的，人很多，好在我们进去后没多久就等到了，给我剪发的师傅忘了叫什么名字，挺瘦的戴个眼镜，剪得还算不错，一元钱算是值了，不过剪头过程中一直给我推荐做这个做那个，好在我意志坚定，都给拒绝了，总提来说还算挺值的
34674,其实我觉得最赞的就是鸭肠，每回必点，很脆，总体味道还行，就是人多啊人多啊，有木有，晚上饭点去都要排队
34684,冲着网上介绍说他家陕西风味做得不错才去的。\n特别想吃羊肉泡馍，看了介绍之后晚上就过去了吃了。\n真是找不到词来形容羊肉泡馍的难吃，是吃过那么多家里最难吃的一家。\n而且，陕西风味的面食种类并不算多，而是其它菜品到是挺全。连烤串都有。\n味道嘛，也都马马虎虎。\n而且是点完餐就结账。\n总体感觉挺失望的，不会再去第二次了。
34685,"昨天回姥姥家，特意做了一回房山线，家门口坐车477,451到大葆台地铁站。地铁是10分钟来一趟，上车以后我觉得房山线是北京地铁中，人最少的地铁了，偌大个车厢里就3个人。要是晚上做的话感觉有些不安全。由于房山线的建成，迫使9号线建成时间提前至2011年年底，从而实现两条轨道交通融会贯通。"
34704,此家星巴克开在办公楼下……\n话说创新大厦里有个楼层就是星巴克总部，星巴克店铺开在创新大厦理所应当……\n环境不错，顾客不多，不是很吵；但店面有点小，旁边是家罗森……\n服务方面不错，毕竟总部在楼上，店内服务当然好……\n总体蛮好，基本上都是附近办公楼工作人员去光顾……\n【本点评未经本人允许，任何网站任何人不得转载】
34710,冬天吃还可以，夏天很热，里边空调不怎么好，吃一身汗，觉得那里比较偏，不过有时也是需要等号，味道都差不多.服务人员也是很忙很忙
34731,听几个华工的同事说不错，所以顺便进去试了下。\n算是合口味的湘菜馆吧，牛肉不错，能炒出湘菜的味道，比一般吃的牛肉有层次，蒜蓉粉丝娃娃菜太油，还好而已。最想批的是饭，难吃，有点象是煮坏的粥，还是习惯湘菜配个东北米的饭，这种软绵绵的似乎真的不搭。价格倒不贵，就是服务跟不上，很慢，上菜慢，要找个服务生也不容易。
34754,呷哺到处都是啊，光东直门马路两边就两个！这个很好找，交通枢纽唯一一个公厕边上。。。。那个门进去最里面就是了，哈哈哈\n比起东直门对面那个xiabu，这里貌似排队的人少点，而且维络城的打折券基本都包含这家，对面银座那家就不包含！
34761,无意间发现他们家\n有个叫 奶盖的 真的超级赞！~我赞\n老公点的那个 摩卡咖啡冰沙，咖啡豆都没有嚼碎，吃到嘴里苦苦了\n总体来说 赞一个
34783,朋友带我去吃，奶昔很划算啊，打碎1个球+top 1个球才卖22元。\nGelato双球的要32元，我选了淳鲜牛奶+奶茶的组合。奶茶的好吃，牛奶的一般。\n周日排队好长哦。
34798,刚开不久。楼下最近的2个店之一，另一家已经领教过，就不岔开说了...\n当食堂吃工作餐的话，大智慧还是可以的，进去先自助取菜，然后付钱。价格略贵一些，但保证能吃饱，弄得也挺干净的，还不错。
34802,价格便宜　生意好　这年头都公共的地方解决这种问题　还有连同住房的　男人去的比较多　比较实惠　综合素质不高　
34803,开会后在这里吃的午饭，由于大家来自各个单位彼此都不认识，所以气氛有点僵，但貌似吃起来就可以无所顾忌了，哈哈。\n冷盘——比较让我咋舌的是面酱黄瓜，说实话实在是没什么心意的，面酱的感觉和路边摊煎饼配的酱差不多啊，但是水晶羊肉获得了普遍的好评，其实口味一般般拉，只是外形比较吸引人而已，蘸的是醋还是什么的，忘记了，反正部蘸更好吃。\n海蜇比较好，脆爽脆爽的，烟熏鲳鱼我一块没来得及吃就么了，三黄鸡之类的鸡菜我一向不看的，色面还蛮好的，皮薄薄的。\n热炒——水晶虾仁，貌似只要店里有这个菜请吃饭是必点的，我吃下来么，没有亮点也没有差错，中规中矩吧，我还是部喜欢蘸醋，完全掩盖掉了虾仁的鲜味哦，不过貌似也没啥鲜味，唉，现在的食材啊。\n后来上来两个巨无霸——\n1、大螃蟹，烧的比较清淡，比较合我胃口，而且色面清亮，肉好多的，这么大的蟹脚居然一点都不硬哦；\n2、赛熊掌，我是很真切的听到服务员说这里面有熊掌的，虽然所有人一开始都以为是蹄髈，我反正是没吃，总觉得下不了嘴啊。\n清蒸笋壳鱼，我也一口没吃，理由同上。\n茶树菇烧肉，我喜欢的，尤其喜欢茶树菇，肉汁浸泡出来的茶树菇很堪称完美。\n干锅羊肉，冬天吃这个很应景，带皮的尤其好吃，也部怎么辣，喜欢的。\n最失败的是香酥牛排，外表看这蛮诱人的，吃起来一点肉感都么的，我也蛮佩服怎么弄出来的，这菜很多店里都有的，这家算比较失败的。\n塔菜冬笋么，很好的且很普遍的蔬菜炒菜，我一直觉得奇怪塔菜那么一般的，大概是和冬笋这种高级蔬菜混搭身价也上去了，上得了酒店的台面了，烧的比较家常，不过这菜么也就这样了，清清口很不错的。\n鲍参翅肚羹，味道没想象中来得鲜，这还是其次，关键是用来装这个羹的容器，很难引起食欲啊，就像食堂大锅汤的瓷汤碗，比较震撼我的。\n点心麻球是油里炸德，我不关注德，那隔貌似冰激凌德糯米团子蛮讨人喜欢德，我吃了两隔呢，里面是淡奶油和黄桃果粒，甜而不腻，喜欢。\n吃到这里我也先告退了，前面已经走了两批了，貌似没有水果送德，因为我出门前上了洗手间出来，所有人都准备耀走德样子，呵呵，么吃亏啊。\n总结下来，我海是最喜欢那道点心，未免本末倒置了，呵呵
34814,.\n  总在报纸上，能看到有关气味图书馆的介绍。对里面说的各种气味非常好奇。\n  遍寻不着，这天在恒隆溜达，一下就看到了。真是相逢不如偶遇。拉着朋友，满足好奇心去了。一个很狐媚的小伙，没错就是狐媚。亲切的招呼我们，声音温柔的我都很羡慕。“我们家是天然的原料采集，没有任何勾兑，都是自然的味道。”什么下雨的味道，雨后花园的味道，雪的味道，爆米花味，壁炉味，蒸汽味等等，还有些什么约会的味道，圣水的味道等，据说都是概念的。我觉得气味都偏浓烈，也许是不习惯用香水吧。但还是觉得，如果用这样的香水，估计闻上去会怪怪的。\n  “狐媚”没有逼我们买，也没有很喋喋不休的说。基本上属于我喜欢的一种服务方式。后来也进来两个顾客，他给他们试香水，样子更妩媚了。哈。后来朋友打听有薰衣草味道吗？说都卖了了。怪哉。问多钱，据说三百元十毫升。哇呀呀，吓死我了。\n   一下就把我吓跑了。
34860,在大宁的，本身地段就很好，靠近1号线，离人民广场什么都很近。这次是朋友来看我，所以安排离我比较近的这家。环境还是很不错的，房间布置的也很干净。总之还是很值的说
34862,曾经最喜欢这家店\n因为人少 清净\n但当越来越多的人选择这里之后 \n还是拿着巧克力碎星冰乐早点回家吧~
34890,起的来的话可以去吃吃早餐\n有太阳的时候 杭城的早晨还是很不一样的\n对于我这样的人来的 总比大早起来去爬宝俶山好 -. -!!
34915,呢间系几间银记里比较少人的一间了，系中图附近。\n我就最中意食牛肉肠同及第粥啦，好好味架~~\n但系滴服务态度就真的不是一般的差，即使系少人都系甘，唉~~~
34931,当时去吃的时候都不知道原来这么好吃，不过就是离我家太远了。东西不是浪得虚名的，不过确实有些贵，经常去的话是需要别人请才行
34940,我就喜欢干干净净的店\n二楼是剪发的 洗头在三楼\n我同事介绍INABA桑 她剪出来的效果很好。。她也是朋友介绍的\n然后我就约了INABA桑\n去的时候迟到了 已经有客人在做了\n首先 INABA桑会和客人沟通，询问期望的发型 他也很了解顾客的需求\n用简单的中文说了下等下剪的造型 和客人达成一致后 先去楼上洗头\n洗发水很好 还有洗头的手势很舒服 不喜欢那种野蛮的抓啊抓\n还有。。店里有翻译 沟通上有问题 她会帮忙的\n洗完 温柔的INABA桑就来剪头啦~\n他超仔细的~~因为我之前是中分 刘海会分开\n他教我洗完头怎么吹 还有后面的头发怎么打理 平时怎样保养头发\n找翻译帮忙 我问他我这个头多久需要修剪一下 他说刘海的话一个月 下面头发如果长到肩膀往外翘的话 可以来找他 没什么问题就留着好了\n剪完瞬间感觉哈好。。感觉学生妹了。。LOL\n结束后他会陪你下楼 一直很温柔很有礼貌 \n还送了我会员卡和小礼物\n总之这次剪发很愉快啦\n以后也跟着INABA桑啦
34950,川菜馆，名字好听亲切，那个红色剪纸的老太太logo也特别可爱。菜做的不错，还是挺地道的，水煮鱼够香，香辣蟹够辣，馋嘴蛙真的很馋嘴~ 尤其是水煮鱼，吃到最后连底下的蔬菜也捞的一点都不剩。馋嘴蛙分量很足，牛蛙肉很嫩，口感非常好。只是航天桥这家店环境比较糟糕，进去里面黑乎乎的，而且乱七八糟的。至于服务员，生意忙的时候找不到，闲的时候不理你，让人比较郁闷
34955,猪排饭好啊~好猪排饭，这个套餐价格的话性价比太高了，我一定还会再去吃的。\n咖喱是酸甜的，配上饮料味道正正好好，猪排现炸的香嫩松脆，不过不是猪排骨而好像是一块里脊肉吧~没关系啦，味道好就行了，这个价格也不指望吃高级肉了。
34983,团的。妈妈说想吃香酥鸭就团了。\n地方还是好找的。坐公交车105下车走不到5分钟就到。门脸看着还不错。挺有老北京的感觉。\n三个人去的。两人的套餐。但是在点评做了功课看三个人也差不多够。\n套餐包括2副餐具。和服务员说麻烦您给拿一双免费筷子。服务员很横的说没有。我说我这筷子要掉地上您不是也得有给我换的么。服务员就特别不乐意说那也没有。我说要筷子掉地上了也没有？她说这筷子不是没掉地上么。我说工商法规定了商家有义务为消费者提供免费的干净餐具。她说又不是我订的。我不管。结果弄的我这个郁闷啊。其实1双筷子也就1块钱的事。她这个态度弄的我很不爽。她完全可以客客气气的说对不起，我们这只有这种的。我能说别的么。可悲的服务。\n下面说菜品。\n芥末堆。原价12元。这个不错。 芥末味道很浓。让白菜吸收的很均匀。喜欢。\n蓑衣黄瓜。原价8元。雪碧的味道太浓了。1口就吃出了雪碧的味道。感觉怪怪的。还是少放点雪碧比较好。\n炒麻豆腐。原价12元。中规中矩。要了素油炒的。没有什么特别的感觉。只是感觉有点酸。原来吃过的没有这么酸的。\n炸灌肠。原价12元。这个超级喜欢。灌肠炸的外焦里嫩。但是站在传统的角度。灌肠不应该是切的。应该是削的。但是站在个人角度上。还是觉得切的看着舒服点。\n炸咯吱。原价12元。咯吱炸的一点都不脆。那叫1个软。本来应该外皮稍微有点脆的嘛。然后沾的汁不是醋。有香油。不知道还有其它什么调料。味道有点淡。\n京味香酥鸭。原价88元。相当不错。只是鸭子有点小。整只鸭子。没切没片。带着骨头。有饼有酱。外片酥的不得了。肉肉嫩的不得了。脑袋和脖子是挝过去的。塞在肚子里。基本上骨头都酥了。我们基本都是蘸酱白嘴吃了。没裹几张饼。味道好极了。 恩恩。\n驴打滚。原价9元。小小的。豆馅有点少。味道淡淡的。\n红薯烙。原价6元。挺甜。年糕的质感。感觉很普通。\n什锦切糕。原价9元。长个是放在粽叶里面的。一小块。看着不怎么诱人。吃起来确实不错。果料很足实。\n最后仨人吃的很撑。没吃过香酥鸭的确实值得尝试下。
34991,2012年12月7日，突然很想吃辣翅\n中午一点的时候打了的4008517517订餐电话，报了地址，东西也点了，对方45分钟就会到了。我就一直在家里等！\n等到14：20分的时候，实在觉得有问题，又打了4008517517电话，居然告诉我不能送了，因为我的地址不在送餐范围！ \n当时就火了，不在送餐范围为什么我点餐的时候不告诉我还让我等了一个多小时。\n对方还狡辩说已经有给我打过电话了，说我的电话一直在通话中！可是我这个手机自从怀孕后就没怎么接打电话，都是只固定电话来着！更不用说在通话了！更火了！！ \n冷静！！冷静！！气的我肚子都不舒服！！差点气出好歹来…………\n麦当劳，你们的服务态度真的不敢恭维。错了就错了，为什么还要狡辩呢？？？
35011,一群人中午爬山，在山下吃了烧烤，继续转战外婆家。1点半来的，里面已经空荡荡，看点评上说这家店是一朵奇葩，人一直很少？\n店面装修的很豪华啊，环境感觉相当不错。\n茶香鸡又烂又如味，价格也不贵，相当的赞。\n麻婆豆腐3块钱也就这样了吧\n青豆泥很不错，滑滑糯糯的\n水果芦荟养颜佳品，味道也很好\n酱萝卜我没吃到，据说不错\n酸菜鱼里面酸菜味道不错，主要看这个，鱼的位置和量也过得去\n笑脸土豆样子很讨喜，很多女孩子很喜欢吃\n生煎抬江鲈味道还行，不过这个菜应该不适合一群人去吃，蒜瓣肉太碎不好夹\n某某牛蛙味道一般，还有个什么川菜也不好。\n所以在里面不要点川菜，都是不行的。其他的记不清了\n冬瓜汁的味道很独特，里面好像还有枣？值得推荐。还有两个热饮燕麦奶和一个什么也都说很好。冷饮28热饮38价格不算宰人。\n自助的茶水也不错，杯子是竹子掏空了的，很有特色\n因为已经吃过一顿，所以点的不多，如果是正经吃饭的话因为菜量还是有点少所以要多点点，应该要六七十吧。
35020,其实是想过来吃广式点心的，没想到没有。\n老公点了云吞面，味道不错，云吞里面的虾仁还是很饱满的。就是汤的味道稍有点淡。\n我点了净云吞，量很坑爹啊，一碗6个，20米。汤有点咸。\n还点了蜜汁叉烧，有点咸咸甜甜的感觉，还不错。量也不算少了。\n再要了杯冻奶茶，好喝！味道很浓呢，入口就是很正宗的港式奶茶，收口的时候有点涩涩的感觉，超喜欢！\n我们到的时候已经快7点了，人还是爆满，稍微等了几分钟。服务员的反应速度还是满快的。
35028,看这招牌做得挺牛，像老字号，最近就在搜刮面店了，这家也算名声在外，必须尝尝。\n点了辣肉汤面，端上来，果然浇头不是很多，清清的汤，看着挺舒服。面是很细的那种，有点像苏氏面，虽然很细，但吃口不烂，下的不错，喜欢的。辣肉微甜，口感也算不错。面的话评价可以。\n另外点了块猪排，这个叫难吃哦.....外面这层面粉炸的那叫什么啊，太敷衍了吧，肉又干嚼着噎！千万别点。\n看人家吃拌面的吃的挺香，可能下次会去试试。
35033,这里环境不错。喝茶点心很好吃，价格不算贵。但吃饭就很贵，量少。所以他家基本上点菜吃饭的位置不用等，喝茶就排很长队。
35041,今天吃好四如春的小笼之后 闲逛到华池路的呷普呷普想探探那边情况\n一看还有20几号人，已经是7点20左右，其实也比较饱了，也无所谓今天一定要吃到\n所以就去商场逛了一下~\n现在买300送200券，活动力度挺大，进来的品牌也不错的，在普陀这一块算比较好的商场了。\n商场人气还不是很高~营业员超级热情~\n最后买了内衣回来~
35050,都多少年了 每次想起炸鸡 脑海里蹦出的第一个词儿就是上帝炸鸡 \n排队人很多 每次去都让我给我好几包辣椒粉 越吃越香啊
35052,晚上去的98块钱一位，要啦一瓶红酒218.我觉得根本就不值啊，花啦100块钱，大爷我就吃到了几根烤肠还有几片没有滋味的牛肉，这是坑爹吗？实在受不了这家烤肉马马虎虎的态度，东西做的超差，上菜的速度慢不说，菜的味道也是如同嚼蜡，我抱着侥幸的态度想去看看室内自助有什么可吃的，结果发现室内的自助区只有单一的沙拉和少的可怜的几样热菜。属于不会去第二次的那种。\n     感觉这里唯一的亮点是音乐，属于那种巴萨诺瓦风格的，我比较喜欢。算啦，就当是花钱去听音乐啦。环境还是比较适合泡MM的
35082,环境确实不错，我们定了一个榻榻米的包房，6个大人，2个宝宝，很宽敞，虽然没有看到夜景，但是房间够大，比有夜景的榻榻米要大很多，小孩子玩的很欢乐。\n刺身不是很新鲜，但是牛舌很好吃，布丁和杏仁豆腐也好吃，海胆很不错，只是限量了\n服务么和很多人说的一样，有一个女孩长得有点甜，他的态度还是很好的，但是还有一个板着脸的，苦瓜脸
35105,烧仙草还是不错的，就是贵了点。各种糕点什么的其实味道差不多，比较有名所以可以去去，不实惠啦。环境很小资，昏昏暗暗的
35107,和朋友一起去传媒大学办事，出了西门，小街很热闹，但基本没有像样的饭馆，这家还算整洁，人也不少，年轻学生比较多，就进去了。看菜单是湘菜，价格不贵，4个人要了2个凉菜，一个干锅，一个汤，一份炒饭。\n      先上的芥末鸭掌，我没吃，朋友反映不太好。正说着，居然炒饭上来了，浅浅一盘，难怪刚才服务员问我们是不是要4份。尝了一口，很咸，味精也没少放，还放了胡椒粉，看来厨师口重得很。盐水鸭肝上桌，颜色灰绿，也很咸，明显不新鲜。干锅虾还好，我不太能吃辣，尝了两个，算是正常吧。最后上的排骨海带汤，摆上桌看不见肉，打捞一下，发现不到两厘米见方的肉骨头7、8块，应该是腔骨，不是排骨，味道也是盐、味精、胡椒粉的高浓度混合版。此时，东西吃光，3人还在喊饿，又加了3碗饭、一个宫爆鸡丁。饭是小钵的，宫爆鸡丁居然满眼绿油油的黄瓜丁，味道真是很食堂。最后结帐110。\n      出门特意看了一下他家的牌子，是仁和餐厅的北厅，南厅在隔壁，貌似刚倒闭。回家上网一查，主要是周围的学生来吃，所以价格低廉，但这味道实在和食堂差不多，难不成现在大学食堂的饭更难吃了？
35113,随便路过喝喝小饮料就这家啦 基本就只喝冬天双拼 夏天喜欢那个芒果什么的 名字忘记了 茉香奶茶是同学推荐的 也是冷的好喝 不过这种甜的少喝点好
35115,今天路过越洋广场，下去点了一些小吃，在这里点一份酱肠粉，貌似没什么特别的，就是一般的肠粉淋了一些芝麻酱和海鲜酱，马马虎虎吧，由于其他东西点多了，所以这个没吃完。对了，等餐时发的飞碟很有创意，会震动的。
35157,以中餐份饭为主，常年有的是各种炒饭、红烩鸡丁、红烩牛肉、咖喱鸡丁、咖喱牛肉，但都不太推荐。一般不是每个时段都有的，包括鸡腿饭、麻辣牛肉饭、鸡丁笼仔饭、丸子汤饭等，比较好吃。还有一两种面条出售。一般的饭都可以单买或者搭配饮料和小菜的套餐。可以打包带走。
35177,拉茶就像奶茶，不过味道比较淡，喝上去不会觉得腻，还行\n飞饼沾着咖喱，味道还是不错的\n竹筒鸡，太油腻了啊\n铁板豆腐，吃多了觉得腻\n环境还行，很昏暗，空调很给力，吹得冷死了。。。
35179,这个店是新开的，原先好像是卖衣服的，被王记鸭给盘下来了\n我很喜欢金陵的鸭血粉丝汤\n他家的怎么说呢，可能刚入这行，吃起来并没有惊艳的感觉，虽不如老牌红皮鸭子做得好，但也不差，可以一吃的
35195,我喜欢这里的格调和氛围，有‘家’的感觉。品一杯淡淡的咖啡却有着浓浓的亲情，人世间有着太多的‘杯’‘洗’具，只要来这里一切都烟消云散
35203,"朋友结婚选择了在这里摆婚宴,据说送了现场布置,虽然不算十分隆重,但是还是挺温馨的.自带酒水\n婚宴现场状况百出,服务员态度很好,有什么要求都尽量满足.\n菜的味道还不错,样子客人.新人说,踩场的时候,觉得性价比OK,就定下来了"
35220,套餐定食那种的，有卤肉饭各种牛肉饭之类，也有很少几款粥。米饭和蔬菜是可以添的，但没有添过，不知道添上来的数量和质量以及服务态度。米饭本身很好吃，选用的米很不错。配的荤菜也算肉质可以。素菜的土豆丝和油菜也还行。整体是够水准的。自己打的饮料很甜，太甜了。\n座里位置很窄，进位置不方便。服务员不甚热情，看上去是鼠标垫脸。。。
35227,方便了周边的居民的店，都是些老上海阿姨阿公喜欢去买，东西不太实惠，主要是个牌子么。里面的小吃一条街东西很一般，小杨生煎明显比市区的小一圈啊，锅贴到是非常大。
35233,我有个习惯，特别好的店，我是一定要来点评网上点评支持一下的！\n昨天团购了一张，尝试了一下，真的不错，技师的手法很不错，而且环境很好，很安静。。全程不会有人给你推销办卡。可以尽情享受这种安静。强烈推荐大家去试一下。\n做完了，很满意，看了一下卡，2000元的卡可以享受68元一次的按摩，168元的精油。挺不错的价格。环境页不错，很干净。装修和大班有点类似，毕竟地方小了一点，所以是迷你大班。呵呵。\n强烈推荐！给予5星评价
35251,今天唯一的一顿饭就在这里完成的。依然选择了茄子蛋饭和北菇蒸滑鸡。这里的服务员待培训，坐下之后N久都不给菜单，也不过来，梦呢吧！
35255,之前跟台湾人聊过的，说到鸡排店，特地说了一下这个豪大大，上海貌似有种，一个叫豪大大鸡排店，一个叫豪大大香鸡排店，这家店应该是叫“豪大大香鸡排”的，当中有一个香字的.so 你懂的...
35262,今天路过，看看价格似乎还行，双球的22，三球的30，四球似乎是38吧，性价比似乎比爱西西里高点。选了三球的，自选3种口味，抹茶、香草、芒果。抹茶和香草都是甜味的，芒果是酸味的。配在一起吃还可以。下面可以配蛋筒和花篮状的蛋皮做的碗。感觉那个花篮选的人多，因为配勺子的，不过吃到最后那个花篮很难咬，里面还有很多冰淇淋会粘在脸上，所以我建议选蛋筒哦。三球的量很大，可以两个人一起吃~
35268,这家店前段时间还是一不知名的包子铺，现在成知名的了。\n看上去干净整洁好多。\n较喜欢鲜肉汤包（1.2元/个），比一般的包子贵二角，但是汁多而且很鲜美，也算物有所值了。
35281,9寸匹萨不错卡哇伊吃2种口味，牛排做得有点老，蘑菇汤不错，香蕉派很好吃。空调开的不足，很热。装修一般，人手不够，点菜自己写
35283,这家分店在天河路广百中怡分店的侧后边，吃饭时间很多人过来吃快餐。\n我经常是下班经过那里。买个套餐，里面有白切鸡、澳门烧肉、米饭，加上一个凉瓜黄豆炖排骨，19元。套餐的分量还是较多，汤的味道谈不上老火汤，但是比其他一些快餐的味精汤强。\n不过，打包加收五角。\n毕竟是快餐，满足填饱肚子就行了，不能要求太高。
35288,饮料种类多\n不过还是最爱喝奶茶\n青岛本土的奶茶店，分店不如沫沫茶饮多\n喝够了默默茶饮，喝魔力柠檬……觉得清爽一些~哈哈
35303,中午跟同事去吃地方蛮大的，12点左右不用预定，七八个人，点了大概10道菜，味道都还不错\n最喜欢吃鹅肝和水煮鱼了\n口味偏上海点，所以还是满接受的\n没人一个蟹粉盅，盛放在挖空的橙子里，味道还不错，就是我吃了两盅有点腻，呵呵\n还有一条什么鱼，肉吃起来槽槽烂烂的，清蒸的好像，口感不错。\n还有草头，家里也经常烧，放点白酒真的好吃
35342,不是双休日的时候去的，没有等位。还有牛肉不错，点的牛肉不是很老，蛮嫩的。里面的蔬菜蛮好吃的。冰淇淋做得不错的，喜欢吃冰淇淋的朋友可以多拿些吃吃！
35355,下班后去愚园路附近办事，就想随便找家店把晚餐打发了。\n大概是6点多，路过这家店，发现里面坐的人不少，我一直相信店要有人气才会好吃。推门进去，一共也就五张桌子，已经坐了4张了。要了酸辣笋尖8元+1个卤店1元，价钱还是蛮公道的。米粉上得蛮快的，很大个碗，里面装得满满的。笋尖很多，尝了一下，很嫩，酸酸的，不是很辣。卤蛋感觉不是很入味，里面的蛋白还是白白的，花生米蛮脆的，就是少了点。米粉感觉可能泡得久了点，嚼劲差了点。总体来说9元的东西，性价比很不错，笋尖给得很大方，味道也好。刚上来的时候我感觉我吃不完，结果不知不觉中已经见底了。下次有机会还会再去尝尝其他品种的。
35361,学生族常去\n那个叉烧云吞面很好吃~\n还有茶树菇鲜肉馄饨也不错！\n在一进门的地方买好然后在地下室吃。。这个环境非常一般\n上菜有些慢\n那些馄饨的汤不怎么样
35364,吃过2次，每天限量的鱼肚很好吃（菜单上没有的），毛血旺一般，什么香锅肉段不好，硬，没怎么吃，他家的串挺好吃的，涮肚也挺好吃，捞拌很一般，他家量也不是很大，不过还可以，什么香芋那个好吃，就是太少，一盘4个，好像是10元吧。
35372,等了好久终于开了！趁着晚上没事跟妈妈溜达过去~~拿了张优惠券，免费送一斤梭边鱼~~~鱼的味道我和妈妈都觉得一般，不过挺嫩的。我们俩个人只点了什锦拼盘和鸭血。鸭血不错，量很大~~~拼盘一般，建议大家还是点蔬菜自助，9块一个人，吃到饱~~~小料种类没有海底捞多。。。不过西瓜很好吃啊哈哈！\n环境还不错，不过有点儿小贵啊。。。
35380,"这里的环境还是很好的,比较适合商务宴请什么的~!服务就感觉一般般,有点显得不太专业了.上菜速度还不赖~!毛蟹炒年糕推荐给大家~!"
35393,总体评价说实话，真的是非常一般，炒肝味道其实还可以，可是肝呢？好少啊，真的没有图片上那么多。\n卤煮火烧，大肠味道还行，至少不是很臭，火烧吗还可以，总体来说还行，不过因为吃不太惯，所以不知道是不是真的那么正\n包子倒是比较不错，好吃，很像以前吃的那个味\n爆肚也还不错，中规中矩吧。\n总之，个人感觉最好吃的反而是包子啊。人那叫一个多，估计绝大多数都跟我一样是慕名而来。至少我旁边一桌就是。所以大家基本都是点的样比较多
35419,从正大晃到滨江~~顺道陪闺蜜来喝咖啡。。。\n在露天位吹着江风，喝着冰咖啡（吹冰的）。。某人觉得很有感觉。。我快冷SHI了。。\n我劝你早点归去 你说你不想归去 只叫我陪着你 悠悠海风轻轻吹~\n风继续吹~~~
35428,定位比较高端的商场吧 但是牌子真不是很全 人倒是不多 地方挺宽敞\n吃饭的选择性也不是很高 \n装修的比较高档 不过可逛性实在低了点
35431,由于个人的英国情节，特别喜欢costa，咖啡的口味和英国的一样。。芒果沙冰什么的是我们本地制造的，感觉总也喝不完，我的最爱milk shake希望可以赶快出。。店员的水准就很差了。。明显的对外国友人态度谄媚。。唉。。可悲。\n外国人点一杯，他们也殷勤的给送到座位上。。我们点三杯，还让我等着自取。。有一次次怒了，强烈的谴责了他们的崇洋媚外。。环境上，不如来福士的那家costa
35435,喜欢老鸭粉丝汤，这家的吃过一次，位子很挤的。记得那天正好降温，吃了浑身热乎乎的，很舒服，味道也很好，以后再去试试别的。
35469,吃了晚餐，又逛了昌里路小摊，没地方去了，就去了三钢里喝茶。\n点了冰拿铁，味道~~不咋地。\n总觉得拿铁不该是这样的，上面大半杯的沫。是我不懂咖啡，还是他们搞错了？\n地方满宽敞的，沙发够软，人不多。够安静。\n没事来这里坐坐，聊聊天喝杯咖啡，还算不错。
35484,点的干锅牛蛙，没有三顾的脆，土豆和莴笋都湿湿的，大概是季节关系牛蛙都蛮大的，肉很多。口味偏咸偏辣\n后来发现在罗宾森对面有个四季牛蛙，68元，从价格上战胜了88元的田季！味道不知道哪个比较胜出？！有待考察...\n加汤后泡了青菜，四川精致粉条（很赞）金针菇，山药。\n总体感觉一般。性价比不高。
35495,妈妈老爱吃他家的鸡仔饼的 买了好多次我都没有吃过\n今天去四川路上面买了点回来 我就吃了一个 确实挺香的\n里面还有一点猪油 难怪那么香呢\n烤的颜色也很均匀 也又增添了香味呢\n其他的我觉得也应该不错吧 有机会也尝尝味道\n10块钱一袋 也很多了 当当零食吃吃也足够了呢
35516,我们是周日去唱的，由于是下午5点进去的，欢唱3小时按人头算的一个人35，还可以吧价格，唱三小时已经很HAPPY了；还送了会员卡，下次去就会员价了，周一到周五比较划算些。
35517,昨天晚上又赶上北京的晚高峰大堵车，正好路过那里，把车往胡同一放，走着！\n凉菜6元—15元不等，卤煮小碗14、大碗15，估计大碗也就多个烧饼吧。味道很不错！\n看见旁边桌有吃卤煮火锅的，点个锅底，再加点菜，也挺好的！
35519,"知道这家店上过人气美食,所以没抱啥期望,属于随便对付一顿的聚餐.\n冲烤鱼而来,菊花烤鱼,就是一盘普通标准的烤鱼里撒上若干朵干菊花,再闻闻汤里有没有另加菊花,只闻一股酸酸的气味悠悠飘来,姑且认为这里面放了山喳吧.\n号称4斤的一条鱼,看看也不过如此,味道么....没村夫家的好吃,不过也还行拉. 倒是镇店的肥牛米线,真的是不咋地,肥牛没有肥牛味道,汤也并非传闻中那样鲜美,相比之下,烤鱼算很好了."
35537,味道还是不错的，还算有自身的特色。我们当时要的鸳鸯锅，感觉红锅比白锅味道更好，但是红锅辣味太强劲，吃了又受不了，那餐吃得很纠结啊
35540,昨天原本想去买C多多，结果一看原本的爱可以似乎改头换面了，绿色的店面给人一股小清新~~听LP说这家的老板还是原来爱可以的那个老板，不过里面的东西变化蛮大的，丰富了很多，有酸奶，奶昔，奶茶，果汁，甜品，咖啡。由于东西太多，不知道挑哪个，那个男服务生态度超好，推荐我喝他们的蒙古飘香奶茶。好吧，那就听他一回。\n蒙古飘香奶茶（9米）：要了半糖的，第一口就觉得奶香味和半糖的甜度搭配得正好，而且应该是鲜奶泡出来的，没有那股奶精的味道。再吸一口，咦？什么有吃到什么东西，嚼了两下，有点粘牙。再吸一下，更多了。看看没人看到，从嘴里吐出一粒看看，原来是小米，难怪很香。小米很有嚼劲，建议泡一会儿再喝，小米的软硬度会更好。\n那个男服务生还给了我好多优惠券，单笔消费抵扣3元，很划算，可惜到2月28号就结束了。。。\n当然也有不足的地方啦，热饮很烫，根本没法握着杯身，所以建议店家给买热饮的增加一个杯托哦，效果应该很好~~\n满20元可以外卖\n长草：法式醇奶布丁，抹茶奶冻，松饼派，禾玺露，比利时黑巧克力
35547,算是比较便宜的一家乒乓球馆，台子也比较多，不管什么时候去几乎都不太需要等就可以打了，唯一的缺点是没有空调设施，下面的羽毛球是几乎不提前预定就不可能有位置。
35566,跟一大帮人去过一次，饭点总是很多人，我们在最里面的那个房间，挤得满满当当的，人多最大的好处就是可以多点些菜，坏处就是不能挑自己喜欢的点，要考虑大众口味，所以这次，吃的不是很满意。
35600,吃完对面团购的鱼\n知道对面的驴肉蛮有名的 但太热没胃口 就只要了个火烧带走\n六块一个 长方形切两半  河间的做法\n毕竟不是陕西的小吃 味道还是可以吧  外面蛮脆的 里面肉真的不很够  吃不太出那种感觉  就是就是肉少了点...\n下次再去吃吃火锅 \n看见做活动 好像吃干锅还送个其他什么养生汤锅
35606,地处中山陵，环境没的说。虽然是晚上去的，坐在车里，看不太清楚，依稀看到小桥流水的园林。\n包间不大，服务员配了2个人，服务质量蛮高。\n菜做的比较精致，小米炖海参很滋补，霸王别姬的汤很鲜，相信炖了好几个小时，骨酥肉烂。
35609,特别特别爱吃这的香炸鹌鹑 \n很嫩很香 入味很好\n还有手抓大排也很棒 很好吃\n不过环境真的好嘈杂啊 \n说话都费劲\n很火的店
35644,湖南路闹市区的狮王府，名字听起来就很有气势，亲戚在这家办的婚宴，店堂看上去比较气派，服务还行，菜色没有留下深刻印象的，点评上大家推荐的特色菜几乎一个没有，看来是菜单的问题，也没有特别不好的，反正中规中矩，如果是自己来吃要点些特色菜了，否则价格不菲
35677,喜欢港式的感觉，那些虾饺啊还有小吃啊，听到就会流口水，所以真的尝试起来还是很享受的。\n虾饺很王道，整整一直虾啊~口感很好。\n还有港式奶茶也值得一试啦~~
35694,朋友请吃饭离得进就去了，就是一般烤肉的味道吧 ，肉挺新鲜的，吃的挺好，但是没什么特点，不知道是不是自己点的东西不对，没觉得不好，但是也没什么打算再去了
35695,一直非常热衷于参与点评网的活动，看到这个免费拍照的就投了一下，没想到真的得到通知中了！哎，真是惊喜阿，这两年都没中过什么奖！\n17号上午接到幸福王国短信，下午接到电话，是策划部的松洁打过来的，跟我聊时间安排，因为我个人原因，没法4月5日拍摄，截止日期快到了，只剩下19日上午一个空档，就帮我安排了。第二天应松洁的要求发了几张生活照，并聊了一会儿，主要是沟通一下，做做准备，他们拿到照片也可以先有个印象，大概想一下拍什么风格。\n19日上午拍摄：实际上从早上9点开始，一直到下午4点才收工，真是辛苦他们了--谢谢松洁，化妆师洪超和摄影师小杰（摄影总监来的，真的很满意）。\n一共拍三组：一套婚纱，两套便装；在松洁的帮助下，我选的是一套齐地白纱，一件白色短连衣裙，自带的一套T恤短裙。\n从选衣服到化妆，发型，拍摄，全程沟通都很顺利，达到了我想要的妆容简单干净，画面清新自然。：）拍摄过程中小杰总能找到自然的角度，适合我的表情来抓，虽然我这表情单一刻板的家伙让他很头痛，但是仍然不遗余力地发掘，照片非常满意，基本上原片不用修就可以用，碰到这样的摄影师真是太难得了！LG也很喜欢，说比我去年别家拍的那组好太多了。\n考虑婚纱照。。。\n发几张照片供后来者参考，其中两张是原片，只有一张稍微有修整，最喜欢这种不需要修的照片了，因本人不习惯太高调，但是照片很满意，不发几张有点儿不厚道，就挑了几张低头，侧脸的，嘿嘿。。。
35698,据说是很正宗的云南过桥米线，云南的朋友推荐的。去过好多次，以前味道超级好，虽然比昆明价格贵，性价比也算高。最近一次去是工作日的中午，人特别多，外边是米饭炒菜，里边是米线。可能是人多的关系，米线的汤好像煮的不是很开，因此烫完之后的味道也很一般，比以前差远了。服务员也太忙，上菜的时候不小心撒到她的托盘里，结果收收还是放我们桌儿上了，有点囧。最近一次去的体验不是特别好，不知道是真的水平下降了，还是因为人多所以偶尔出现的情况。
35747,吃过两三次了吧，性价比其实还算可以的，里头的老板满多才多艺的，吃饭的时候，会自己上台表演吹拉弹唱之类的……貌似以前有个小乐队表演的，现在没了。饭店里除了海鲜主打外，宁波口味的菜蛮多的，不过不是很合我的口味。菜的味道一般，不差，但也乏善可陈。因为离单位近，所以估计以后还会去的
35794,元旦前几天和家里人一起来这个吃自助餐~\n主打火锅，一人一小锅，有蟹、虾、鱿鱼、鱼片、肥牛、肥羊、猪脑、猪肝、牛百叶、黄喉、鳝片等等很多选择，主要是够新鲜，吃得放心~~酱料自调~~\n还有熟食区，PIZZA不错，三文鱼生不错，我爸喜欢吃的羊腩煲、猪脚也说不错，还有各种水果、糖水、热菜、炖汤等等，虽然场子不是很大，当然不能和四海一家比，哈哈，不过味道都做得比较好，环境很舒服，人也不多，服务员挺NICE的。\n总的来说还不错。
35795,很不起眼的店，里面3个立着的冰柜，下午去的，有些貌似没有了，每样都放着一两个，提拉米苏，13.5元，切片波士顿派，10.9元，奇怪的价格。\n提拉米苏的盖子没有密封，一路在撒提拉米苏的粉o(╯□╰)o\n两样东西里面的奶吃起来都有冰砂的感觉，凉凉的不错，如果在外面放久了也就没这口感了。提拉米苏是完全没形状的那种，粉挺苦的，奶也不会特别甜，不腻，好吃。\n波士顿派只是派的样子，内容是蛋糕，也是不错。\n这家店的态度还真是不怎么样哈，好在东西不错。
35798,那天去的时候已经是凌晨一点左右了，店里就两桌客人。就是那地点不是很好找，在一条小路里面。服务员态度很热情，我们边吃他边给我们烤。烤炉是上下两层的，是电的，所以感觉比较卫生。菜的分量不是很多，两人我们点了三盘肉，夜宵嘛所以也就是吃了个七分饱。总体口味还是不错的，下次还会去。
35824,总坚定的地方，walk in不要指望有位子的，门口排队的居然都是book好位的，⊙﹏⊙b汗\n店比较小，里面拐弯进去还有地方，坐的吧台可以吃些回转寿司\n回转的品种好少。。。基本上就4样寿司在转来转去。。。\n选的sashimi platter，138，送饭跟汤，汤很好喝，甩开平常寿司店几条街，sashimi也很新鲜，salmon超级肥厚\n总监吃的碎鱼生饭，送的小菜看起来不错的样子，不过我不能接受生的蛋，所以不like\n寿司价格从20-50，不是太贵，就是品种太少了。。。
35826,东西还是可以的，就是服务员比较懒散，在靠窗那边也能听到服务员在厨房里聊天，每次去都没什么人，但是上菜还是很慢，饮料不推荐点的，看上去比较脏，上面还飘了层油
35858,早年前就看到我同学跟她老公买的情侣装，很好看啊，很特别，好羡慕啊。只是那时我没有男朋友，想想自己穿也没啥意思。哈哈，我和我老公的第一件情侣装就是在这买的，我很喜欢，只是男人一般都认为这很幼稚，不过还好，他虽然嘴上说说但是还是穿的 ，每次路过都会进来看看。
35889,商品太老，并且折扣力度并不大。甚至还不如商场。\n年轻人在这挑不到什么好东西。\n我看了一件运动服，才给88折，在商场里打8折，并且还满200减40。\n这里并没有想象的好，以后不会去了~
35896,宅急送好似系肯德基必胜客都可以叫的，叫得就无小得全家桶，听讲呢家每日都有一款半价，感觉服务系几好噶，不过新奥尔良烤翅感觉越黎越细只
35917,如今各种提鲜的调味品当道 想找一家不放味精的汤罐很少 而这家店就是出名在汤罐里什么调料都不加 所以你可以喝到食材最原始的味道 非常值得称赞哦\n店有两层 确实不大 一会儿就会在门口排起队伍 所以每次我早早就去 免得等位 每张桌子上都有调料 比如盐 胡椒粉 鱼露等 你可以根据自己的口味加料 \n我印象很深的是第一次喝的木瓜凤爪汤 什么料都没有添加 而在喝完之后 留下满嘴甘甜 味觉体会到的是清新 身体得到的是健康 于是从那时起我就爱上了这家店的汤\n说说其他菜肴 也很错的 当时推出诸多九元菜 冷菜和蔬菜很多都便宜 所以性价比挺高的 \n多年来 菜单也换了几次 价格也涨了些许 算得上合情合理 \n推荐的店 值得去
35931,这家好像是张记包子总店，时间很长了，味道非常好，尤其是刚出锅的时候吃，那叫个美味。现在中山门整修后，环境卫生比以前还好些。
35947,典型的家常鲁菜，做的比较干净、地道，因为在小区里，环境不太好、饭点时间很吵。特色是海参汤，还不错。菜做得不错，但吃完也记不起哪道菜有独特的味道，总之是，中规中矩。
35951,很具有东南亚风情的一家店，店员会邀请你跳舞的，真心搞笑，因为是东南亚菜系，所以他家的东西并不是所有的人都能接受的，我就觉得蛮好吃的，特别是他家的咖喱皇炒蟹，蟹非常的肥美，大个，蟹盖里面都是肉，很好吃，咖喱的味道也很不错，很浓郁，都是蟹膏，吃下去非常满足，吃完咖喱酱汁配上白饭那是大大的好吃，猪颈肉也相当给力，嫩嫩的，QQ的，很有嚼头，蛮好吃的，其他的像什么咖喱牛腩就还可以，中规中矩的，来此处吃饭主要还是冲着蟹来的，光光这个蟹就值回票价了，很不错的一家吃咖喱的店，希望大家有机会可以去试试。
35992,周六去湖墅南路的浙艺看演出，路过这家店，想想吃面包比较方便，就去光顾了下。\n由于是傍晚了，有些面包已经卖完了，看到有多种口味的蛋糕卷，有巧克力、草莓、原味等等，口味比较多；看看法式三明治还不错，里面夹了火腿、肉松、玉米粒、芝士；店虽不大，但有桌椅可以在店里休息，买了直接吃。
35995,对这家饭店实在很无语啊，幸亏可以打五折，否则原价去吃，真的是冤大头了，价钱倒在其次，关键是菜的味道实在不敢恭维，好好的鸡头米炒百合，咸得要死，真是糟蹋食材啊，外婆红烧肉和玉米烙还可以，但是大多菜烧得都不好，不知厨师哪里请来的，烧的都是江北菜，一个味，跟我们单位的食堂师傅一样一样的，哈
35997,上次到上班的地方因为考八级的缘故就乘了一次4号线\n真的是有生以来第一次乘的轨交\n说来有点搞，因为它和地铁三号线是同个地方的\n所以很容易搞错\n地铁4号线是环线\n开过的地方也很长，都是些平时不大耳闻的地方\n乘的时候一定要看清楚色带，看清楚是几号线\n否则很容易很三号线搞混
36001,环境美的说，坐落在临海的一个小山头上，非常安静。\n第一次去，是朋友介绍的，去了以后发现确实名不虚传的有点小贵啊。这次是好好的腐败了一把。\n印象最深的是燕窝杂粮粥，很不错的一道甜品，甜而不腻，燕窝口感细腻，和黑米红枣等作料搭配以来，粗中有细，很赞！\n鹅掌扣辽参：感觉一般，没什么特别。\n水晶鸡：还是不错的。\n金枪鱼和三文鱼拼刺身：始终还是最爱我的三文鱼啊，金枪鱼还真是贵，据服务小姐说是最好的部位，仅仅9片卖了600多。\n鹅肝：心水之物，就是吃了负罪感较大哈，尤其是晚上。\n总体来说，环境占了上风，口味并不算是十分有特色。
36004,买了仙草奶茶，标准杯5元。仙草给的蛮多的。味道不错，奶味浓郁。有些品种的价格也比快乐柠檬便宜，以后还会买他家的奶茶的~
36010,也许是上海周围古镇太多的关系，已经有点审美疲劳了，感觉没有周庄乌镇那些古镇大，半天就能全部逛完了，而且风景和吃的特色小吃都大同小异。
36011,辣的菜很油，不辣的菜很甜，但是猪肝和沸腾鱼实在太嫩了，口感很不错。红烧的菜吃上去总有那种烤鳗鱼酱的味道。口水鸡挺香嫩，夫妻肺片一般性。这里主要吃怀旧感觉，搪瓷盆装菜，装修还带车床零件之类，标语很醒目，服务员都穿工装裤。
36034,环境很清新自然，服务比较到位。作为很地道的青岛菜另同去的几个朋友都大呼亲切！菜量很足！海鲜吃着都很新鲜，味道也很可口。特别是佛跳墙，汤汁浓郁，用料很足！而且价格才六十多，算是超值了！\n总之以后会常光顾的~~
36050,儿子喜欢自助餐，喜欢三文鱼，所以一般都带他来这儿吃。菜品不多，但昧道都还可以，特别是甜点，这点五星级的酒店是绝对有优势的。
36060,"门口有穿着燕尾服的爷叔,蛮有意思,本来要到巴国布衣,没停车位了,到地下库停好,就来这了,很有味道的一家店,适合辟情操啊地方"
36068,晃一圈太大了  好吃力的啊  环境嘛也就那样了 就是公园的样子嘛  说实话自己家小区也这样 呵呵 感觉对我来说还是没撒好玩的
36076,怎么说呢，为了来重新品尝上次让我神魂颠倒的班戟，我才来的，因为上次在家自己做了一次榴莲班戟，是过来比拼一下的！！hohoho！！！结果是，我觉得满家的太甜了，我的奶太扁，形没有满家的好看，但是口感觉得还是我家的好啊。。。哈哈哈哈
36086,差，非常差！！！ 就是看了点评才把年夜饭订在这的，以为味道很好，所以哪怕只是第2批的大堂了，还是订了。结果非常失望，菜量非常少，而且端上来没几道是热的，羊肉煲，我们6个人，还分不到一人一块！！！！而且明显菜不是很新鲜，下次再也不会去了。
36127,这里每天无论什么季节都很多人等位，但是有时早点过来吃饭，会点个酸菜鱼，但是不能经常吃，因为广州人不是太适应辣的东西
36210,第一次来金科是来修理我的ipod，虽然这里是酒店，但是也有很多公司的写字间；\n后来G少爷的妹妹来沈阳的时候再这里住过几晚，当时是冬天；\n房间算是整洁的，屋里挺暖和的；\n毗邻医大二院和三好街，交通很方便。
36219,这里是考真饭出名的。由于我老公很喜欢吃不油腻的东西。和喝汤。我们拍拖的时候就经常来这里吃饭。基本上真功夫的饭豆吃遍了。。例如卤肉饭。。肥牛饭。。鸡腿饭等。这里的豆浆很好喝。如果早上来吃早餐还可以享受6元一分的糯米鸡和稀饭。
36225,去了他家新开的店，环境不错的，\n点了22号的修脚，手法不错的，把我的小脚修得挺美的\n足疗的手法也不错的，而已我点的2号话不多，让我挺放松的
36246,总体来说，还行，因为这个价格想要太多的要求也不大现实。由于中午去较赶时间，没有来得及吃烤的菜式。三文鱼较少，并且我自己觉得一般。水果特别丰富，还有我喜欢的水果沙拉！
36252,聚餐去的。点菜的。味道还可以啦   部分菜有些偏辣  不过我本来就喜欢吃辣   所以我喜欢的  牛仔骨还是很ok的哦  嫩嫩的   好好吃哦 O(∩_∩)O哈哈~
36254,好给力啊，辣的过瘾，在这里吃过多次了，环境挺不错，菜绝对够味，口味重的朋友可以去试试，经常排队的，去的话最好提前来。
36257,经常去紫燕百味鸡买熟菜，挺干净挺新鲜的。夫妻肺片是常吃的，味道很正，辣辣的。牛筋牛百叶，牛肚，每次必加。还有虎皮凤爪灰常好吃。有时候去晚了就没有了。他们家每天晚上7点多就全部卖完准备关门了。想买还得趁早的
36270,酒席定送了间新娘房，里面有新娘专用化妆间\n好大的阳台，对着湖，有音乐喷泉，有桑拿和露天的浴池\n晚上可以在浴缸里看星星～～ 很浪漫，很温馨，很漂亮，很满意
36275,东西真的很好吃，希望价格可以再优惠点。喜欢的是连米饭也煮的很好，当然如果火车头的价格可以好的就好多了毕竞一碗火车头要近50实在是太贵了吧。
36286,有套餐，也可以单点，口味种类挺多，味道也行，赠送的萝卜泡菜挺爽口，鱼的麻辣味道也够重，不过我们大家一直觉得里面的小香肠很到位，哈哈。\n点套餐的话会赠送米饭和啤酒，这倒是让人感觉不错。\n其它也没什么可点评的了，基本除了味道，没吃出什么特色。
36301,纯正的清真口味，牛羊肉很纯正。菜码大，价格便宜，吃起来非常爽！烤羊排，大盘鸡，干煸茧蛹，铁板鲈鱼，馕，麻辣牛筋，……都非常好吃！老板还送了红酒醉雪梨，很贴心，很好吃！
36323,是家性价比超级高的花店啊~~\n虽然店小了点，但是丝毫不影响他们家的东西~\n觉得还是物超所值的~~\n很喜欢他们家的花~~
36324,点了一个西红柿牛肉面，吃了一半就吃不动了，不知道是味不好还是我吃不惯这个口味，总之，第一次来康师傅吃，印象全没了，同样的价格，我宁愿去吃味千或者北海道拉面。
36334,服务真的很懒散啊~\n我们进去看到空位坐下了，让服务员来收桌子，他居然收一半，还说以为我们没吃完，太不用心啦\n茶餐厅吃太多也就这样。\n饭量倒是非常足\n一份海鲜焗饭巨多啊！
36335,这里以前不是这家店，因为经常去旁边的意府吃，突然发现开了间新店。\n于是和好友就进去了。\n很特别的店，环境超好，有种西餐厅的感觉。\n菜是自助式的，并且现场称重。\n味道也不错。
36345,还行吧。\n馄饨个大。\n都是包好的。速冻起来。\n虾仁的好吃。\n素三鲜的也不错。\n免费的酸梅汤。千万别喝。巨难喝。。。\n还是喝馄饨汤吧。。\n味道不错
36361,生意很冷清\n红豆紫薯椰奶很浓郁，推荐；禾玺璐味道可以，就是西米露太多，改成牛奶稀释一点反而更好；酸奶无功无过，上面加水果倒是真材实料的；下次去尝尝芒果奶昔~\n他家红豆煮的很好，几乎所以甜品的基调是椰浆~
36362,这是一家可以送外卖的土耳其烤肉店哦，只要每次點餐满11.9欧，就可以免费快捷的享受到送餐上门哦，足不出户可以享受美食了。\n我叫的是kebap，类似肉夹馍的，里面有青菜、蕃茄、鸡肉、牛肉，还有酱汁。那个肉类可以mix的，也可以只要鸡肉或者牛肉的，吃一个就很饱的了，比上馆子好多了呀！
36405,开在了不起眼的一个角落里，这家好小，不过生意还是很好的，要个发票还有去5楼，好麻烦呀。口味是千篇一律的所以没有好评价的
36455,不知道在哪里弄到了什么\n胳膊很痒\n就到这里来看了一下\n医生跟我说是由于心理压力太大了，精神紧张，引起的，当时听过就有些郁闷了，这些也会引起皮肤过敏\n然后给开了一些药回去涂抹一下\n调节一下自己的情绪
36476,第一次去就办了会员卡，吃下来感觉一般，冷菜的选择面很少，菜价也偏贵，一开始是觉得这家算附近比较高档的，吃下来很失望！
36485,天天去天天翻台子天天等位子。刘胖子的生意真是越来越好了，我觉得他家的菜其实一般，主要是地理位置好，离酒吧近，所以很多人都是吃了饭直奔酒吧赶下一场的。他家的菜味道有点偏辣，最喜欢干锅牛蛙，那叫一个到位！作料真的很多很爽！
36494,没找到天娱点，点评写在这里吧\n有一段时间没去吃了，现在也学KFC定期出一些新产品。这起的全家福年菜，觉得油太多，一般般。\n总体来说，菜的质量基本保持了原来的水平，分量渐少呀，特别是看肉饼很明显，以前都是和盘子差不多大的，现在只有盘子中间一点了，至少缩水了一半吧。\n带宝宝出去，这个吃算是不错的，儿童套餐，水蛋拌饭吃。红豆汤圆也不错，宝宝很喜欢。
36500,这是个老店了，但离家较远一直没去，头些天母亲过生日去了一次，正直中午，人很多，服务员态度不错，还找来了宝宝坐的椅子给我的孩子，感觉很亲切，我们点了三种馅的饺子，点了土豆松，铁板茄盒、烀饼、杭椒牛柳，都很不错，最喜欢土豆松了，味道超棒！
36508,不记得甜点的名称了，但是是菜单上的第一个，服务员的推荐品。真的很美味！！\n建议大家都尝尝，里面有新鲜芒果，牛奶冰还有紫米丸子，好吃哟~~
36510,牛油果眼霜是没的说啊~~很好用的~~小黄瓜水还是期待中~~就是国内的价格有点高，实在不怎么划算~~还是代购比较合适，但是国内的店也给了我们正品的示范，呵呵，作假货的要小心了
36535,没事就逛进去了，朋友很喜欢打，我不会的，我就陪他们了。环境是很不错的，呵呵，还看了一下她们表演的舞蹈，就是太乱了点
36540,手霜不错，很润，适合冬天用或是做手部SPA\n也不贵，一只好大呢，别的产品还没用过，有个什么喷雾小有点长草，想败来试试
36588,綦江北渡鱼算得上一家比较出名的鱼餐饮店了，在重庆各地都有分店，很有名气。自己和朋友们也经常去吃，位置不错，很当道，每天吃的人还挺多的，味道感觉特别好，店面的装修环境也不错，给一个好评！！
36590,和朋友是中午的时候去的，点心是打7折味道不错就是品种比以前少好多，还有就是他们家非常抠门，一杯白开水也要收3元钱，这是我在其他餐厅从来没有碰到过的
36591,就在丈母娘家附近， 但是到现在还没去吃过。 这个礼拜一定要去吃一吃。 开始关了一阵子，说是某政府部门查封，现在又开了。
36624,早上看完变3，兜了一圈，发现有伊秀，就进去了。人不多，两个人在转台坐下了。\n可能新开的关系，转台都是空的，没有东西选，难道是怕做太多卖不掉？只能点单了。\n三文鱼寿司性价比高，只要13元一叠，海鲜粥料很足很美味。大众点评优惠券送土豆沙律，居然说没货，送了和风豆腐，味道一般般。\n服务是周到的没话讲，一直主动换碟，倒水，收盘。最后服务人员推荐了鹅肝寿司，就尝试了一下，美味啊，本以为一定很腻，一人一块刚刚好，过瘾。
36625,"元宵节聚餐选在了这里, 以前没有来吃过, 第一次来感觉很不错. 环境仿照老北京风格设计, 食材也很新鲜, 特别推荐麻酱小料, 非常好吃."
36633,在西班牙，哈根达斯就是在小商店门前冰柜里冻着，相当于和路雪吧，而且时不时的还有买二送一买，三送二的活动。不过平心而论味道确实还不错。
36640,汤圆不管是哪种馅料的味道都很好，经常喝完之后还会要半碗汤~多少年的老店了，确实口味不错，环境嘛…吃小吃就是那样的…而且毕竟还露天，每次人也不少的，很少有空位啊…连汤圆都要自己端…对了，他家馄饨也蛮好吃的~
36642,家庭聚会首选地 因为近\n过年的时候也会去\n他们家的菜量比较少\n盆子很大\n到了过年过节那个量更不敢恭维了\n只能偶尔去吃吃
36651,看着店面比较亮堂就进去了。上来就推荐238/斤的XX鱼。。。看了菜谱，贵的离谱。事后知道肯定是给我们高价的那种菜谱了。看了半天点了水煮牦牛68、宫保鸡丁38、野山菌30、青稞饼20、一个绿叶菜16。米饭加茶水，5/人。你说价钱贵味道好些也就算了，可是上来的除了野山菌比较好吃外，牛肉又少又老，鸡丁比平时的盒饭都不如。。。青稞饼就普通的面饼，而且第二天在景点门口才卖5块！
36656,德国人的处事风格比较刻板 ，为啥么不在地铁口开设出口呢？\n里面东西蛮多的\n大批采购的好去处\n停车免费，这点还是很不错的
36679,开完会之后哄老大请客吃饭。大家强烈要求吃肉，于是就来的这里\n位置很好找，在妇联东边的胡同里。\n进去之后坐电梯上了4楼，进了大包房。从环境能看出来确实开了有些年头了\n印象最深的烤羊肉串、肉筋。真的很大一串，而且味道非常棒！！一点都不油腻\n硬菜烤羊背也不错，有的肉比较肥，瘦一些的肉蘸着配的4种小料，味道不错\n拔丝奶皮和血肠有些吃不习惯，但在场的男士们都说好吃= =\n有一个鱼特别特别嫩，可别特别好吃，菜名不知道是不是叫蒙古炖鱼。老大说鱼是黄河鲤鱼~\n老酸奶没有新疆办事处做的好喝，有点不成型。奶茶像是伊利冲的奶茶粉那个味道，不喜欢\n总体来讲还不错吧
36702,西点这个东西各有所爱，我一般是取各家所长，爱吃她家的面包，松软可口，保质期内放一放还是很软，口感是我挑面包的第一原则，真的很不错~
36733,去吃了两次面，实在不咋滴~~\n量很少，浇头少就算了，连面都很少！像我这样的女孩子都没吃饱！\n所谓的大排面，那个排骨小得应该叫小排！还被敲得狠薄，烧得也不好吃\n不推荐
36767,很喜欢地瓜薯条，甜中带点咸味，有点话梅的感觉，然后地瓜甘甜，很糯，口感很好，不足的地方就是外面裹着厚厚的面粉，油炸的，所以热量很高
36789,舅妈在他家办的生日宴，很不错，上菜速度快，服务员态度好，装修后的风格本人很喜欢。菜品也很好，家人都吃的很开心。下次还会去。性价比高！
36792,其实我觉得这里还不错，偶尔去玩玩泥巴是很好的感觉，尤其是做出一个歪歪扭扭的杯子的时候，虽然看着很差劲，但是心情特别号
36845,住的酒店就在这家米粉店的对面，所以来桂林的第一顿米粉就是在这里吃的。\n很便宜，论两卖，两个人都花不了十块钱，不过个人对于米粉实在是没有什么兴趣，只是来到桂林，一定要尝尝当地的特色，味道就不做评价了。
36847,以前在民晏路上的时候去吃过两次，味道还行，最主要价廉物美，不过就是油了点，吃好还在想这个油干不干净呢，因为环境看上去怎么地。。。搬到延长路上之后就没去过啦，改天去怀旧一下。
36853,菜的质量还不错，味道也蛮好的，环境比较一般，服务更一般。价格不算便宜吧，肉肉比较新鲜，份量也足。我对火锅兴趣一般了，所以没什么特别的感觉哈
36855,好朋友家就住贬潮汕海鲜粥咐近.她约上我们几人上她家玩.她我们外面吃.经过该店.我说这点不错就在这里吃吧那海鲜粥咪道不错.又鲜又嫩又稠.老板娘又热情.价格又不贵....
36863,这里是一个不需要门票的好地方，但是我到这个地方来的次数可以算得上是很少了，也许没有5次吧，嘿嘿\n来这里的人蛮少的，可以处得上是比桂林公园的人还要少了，本来说是桂花开了，至这个地方来看看，但是没有想到桂林公园的人还真的少，说到这个地方来看看吧，这里的人还要少上些多，哎……\n大草坪上 有一些父母和孩子 在放着风筝，感觉蛮不错的，只是从我放风筝起，我就没有一次是自己把他们给放上去了呢，哎……\n娱乐休闲项目还算多的，其中踩踏船；还蛮有趣的，不过，我没有玩，对于这个地方，就只是来看看，里面的所有玩乐的东西，一样都没有去玩。不想动……
36873,年前的某天去的，还看错了地方，以为是南湖大路店，结果到了后发现那里都不营业了，也是赶紧联系同学，才知道是去卫星路店。\n卫星路店也太小了吧，而且环境不好，我觉得整个一小饭馆的水平，和南湖大路店差的很多。\n同学们去点的菜，说种类很少，他们把除了几个非常素的菜排除出去后，其他的菜都点了一遍。\n感觉没有很高档的菜，但是味道也还尚可吧。\n16、7个人才花了600多，菜还剩了不少，的确便宜。\n但是发生了一件不愉快的事，我们点的其中一瓶雪碧打开后，发现居然是白水，而且里面还有絮状的不明物体，店家的解决结果居然就是给换一瓶，完全没有一点道歉的意思，让我们很愤怒，但是一想要过年了，也就不想把事情闹大，虽然这饮料的问题不是商家的问题，但是我严重怀疑他们进货的渠道了。现在在外面喝饮料也得注意了？
36889,长虹家具城可算是有年头的一个地方了 里面的家居品种全 种类多 各种档次的都有  我们家的有套沙发就在这买的 还算不错
36905,和同事去那里吃午饭。\n环境一般性，店面比较小。\n服务还可以，虽然叉烧酥晚了很久，但服务员还是比较抱歉的。\n东西味道层次不及。\n叉烧酥非常好吃。推荐！
36931,经常到这里解决午餐，店门面不大，但上面还挺大的，还有一圈包房。菜式只能算可以，味道普通。价格适中，比较中档消费。中午停车是个问题，但门童会帮你解决。
36933,一直想知道他们里面的芯子到底是什么做的，因为有几家吃到过很有弹性的，根本不像猪肉做出来的感觉\n汤底也很鲜不知道什么东西调出来的，价格还挺实惠 ，当当早饭不错哈哈
36938,感觉没有网上说得那么好 上菜的时候 居然先上披萨 披萨吃完又催了一下 才上的色拉 不知道怎么培训的 太不正宗了
36942,由于地处比较偏僻的角落，那里人比较少，所以在万达里发放免费赠饮的票子，是丝袜奶茶，喝了感觉一般呀。其实主要是想吃蛋挞，所以去看看的，就买了4个，原价4.5一个，优惠装10元4个，觉得也一般呀，不能跟莉莲蛋挞比的呀~~~
36965,我们是顺路去沙河粉村喝早茶的。没想到闲日的早上会这么多人，不过当然是老人家居多，坐得满满当当的，还要搭台。9点30--10点30会有一个空档，有些空台。\n仗着名声在外，仗着在白云山脚下，沙河粉村的出品越来越差。排队等了半天的炒河粉干巴巴的，不够味，不够镬气，也没炒透，还不如自家炒的呢！其他点心也一般，没有任何出彩之处。品种也较少。\n2元一茶位，特点7元，顶点9元。\n消费100元以上才送停车票，好象是2小时吧。
36988,去参加同学的婚宴，从外面看着装潢不是很好，门口马路也很窄，不方便停车，菜品倒是挺硬可的，都是大鱼大肉大肘子，味道也是很传统的，吃着还不错
36990,虽然场地比较简陋，但是生意还是一样的好，打的人还是比较多的，每次过去都要定位子，爱打羽毛球的人还是很多的，随便运动运动的号地方。
36997,挺好吃的……囧，反正我不是东北人，吃不出正宗不正宗，但是我还挺喜欢的。大骨头大肉肉！！吼吼！！酸菜好酸呀！不过我喜欢！！血肠也好吃。呃
37037,中饭加晚饭一起结局的 地三鲜今天特价好像是12 平时是18 终于又一次的吃出了地三鲜的味道 自从几年前在学校附近的东北餐馆吃到过一次我认为比较正宗的第三先后就没有吃出这种味道来了 土豆和茄子 还有莴苣都是切成了条块状的 这样比价有口感了 用坩埚煮的 热乎乎的 吃起来 \n豆花鱼片 有点咸 不过分量还慢多的 下面是嫩豆腐 不至于嫩到提不起筷子 鱼是活鱼的说 很嫩 除了汤汁咸点外 其他都很好 这个32 这个地方还不错
37041,取餐区有一股臭臭的味道，好像是鱿鱼坏了，肉类都流汤儿了，看来都放了很久~蔬菜烤得很好吃，鸡心也不错，不只是热还是吃咸了，喝了n杯饮料，果汁比碳酸饮料好喝，可乐都没汽儿了的味道~而且45一位，贵了点~不值，还没有排烟系统和空调~
37075,猪骨煲一般吧，没有传说中的那么好，骨髓也不多，比起在其他地方吃的骨头汤要失望很多，吃到最后菜都下进汤里，汤滚后我们关了火，服务员过来问了句还要不要加菜，我们说不用了，居然径自拿着单去跟我们结账，还没吃完就拿了单子来叫我们给钱。\n番薯太甜，墨鱼滑一般，觉得建设路的那家港式火锅味要好很多，其他配菜很普通不过价格在火锅类相对较贵，唯一觉得绿茶芋茸包还可以，不会太甜，皮比较有韧性~但会腻，下次不会再来了~
37098,总是想吃小炒时候会去，价格不高味道也不错。\n冬笋肉丝很不错，很鲜的感觉。不过惊艳这里就算了，毕竟就是一个小餐厅，办成这样也不容易了。\n另外环境一般，还算干净。不过经常要上二楼坐，楼梯又黑又脏。。。\n不过随便吃吃还是挺好的。
37121,为虾米是打8折呀，看了TX额点评不是应该对折的嘛…\n奶茶，偶要的冷的，端上来额是温的，个么也就算了，给了包白砂糖~偶要求糖油，服务员也帮偶换了，可惜换来的糖油杯底沉淀了好多垃圾，黑乎乎的，这怎么用啊~卫生状况及其不理想…让服务员换掉，到是蛮有礼貌的连忙打招呼~~~奶茶很难喝…这也能算是港式奶茶？？？\n雪媚娘，哇靠，外皮噶硬额，不晓得放了多久了，里面的奶油很少，没有味道\n核桃酥，不脆，里面不晓得是什么料，甜到恶心\n咖喱鸡肉饭，说了咖喱不要辣，还是辣到偶没法吃~姑娘偶不食辣！！！跟饭分开给的~~~好难吃的咖喱鸡肉饭…\n杨枝甘露，也就这个还能吃吃，颜色偏红，开始以为味道会不好，喝着还可以，奶味算重的了，服务员端上来的时候说是芒果西米露，偶晕，后来问了其他店员，才确定是杨枝甘露…\n珍珠糯米鸡，糯米饭很油，太软，没有嚼劲~鸡肉少の可怜~照例难切…\n环境一般，可以无线上网~~~服务态度还可以，只是木有培训好，不能刷卡…\nOVER…
37148,新开的店 从外面看很气派 应该算是高档餐厅了\n里面靠窗的沙发坐很舒服 软软的\n人不算多 晚上饭点的时候加起来不到5桌 要是这么开下去那还能赚钱啊 担心\n可能是价位偏高的原因 在这边这样的餐厅和周边的比 价位偏高了 \n点的牛排配水果 38元 牛排都凉了 味道还不错\n松仁玉米炒鸡丁 26元 味道不错 量也很大\n排骨 酸酸甜甜的 中间配的菜丝 可能是解腻的吧 吃多了就比较腻了 1 2块吃着还可以 多了就不成了\n九阳苹果豆浆 新榨的都这样吗？上面是一堆沫子 实话 不好喝 15元 \n米饭 很小的碗 这样额餐厅米饭量都不大 2元\n总体感觉 环境很好 人很少 味道我觉得是一般啦 不值这个价位 \n现在满100送30的卷 一个月内有效
37170,没选对时间 端午假期去的 人叫一个多呀\n好多菜都没有 比如芝士生蚝 粉丝扇贝 \n或者就是等候时间特别长 比如 铁板烧 炭烤生蚝 牛排等\n价格嘛 因为是节日 比平时上浮了10元 138一位\n三文鱼倒是不错 可惜刀工太差 切的不好 \n生的生蚝也很不错 青口还凑活 \n其实里面的火锅烫出来的菜还不错 就是不值钱 吃多了不划算\n还是应该平时去 人少一点反而能保证质量
37176,因为住那边，以前经常去吃，价格很便宜，味道也还不错，不过总觉得他们家的油怪怪的，每次实在没东西吃了去点几个菜，总与朋友笑称去吃地沟油了- -，曾经在烤鱼里面吃到虫子，发现我经常在菜里面吃到惊喜，汗
37186,在这里买过不少的东西，不过都是些小东西。大件的不太敢在这里买。\n环境毕竟乱，有次在这里修笔记本花了不少钱。\n走进去，每个人都像拉客一样。
37242,今日经过忍5住试左个榴莲派，一般般啦，5会话太好食，个皮无乜味噶，D榴莲系冻的，细细个甘。印象中有几个卖类似品种的地方，比距好食啊，5记得边间的榴莲班戟几好食啊，系江南西唧，又5贵。
37244,每次必点奥利奥的暴风雪，口感非常好，可以加点配料，创造不同的口感。标准杯足够吃到满足了。地动心摇也不错。店里有座位，环境很好，适合情侣去。
37246,档次和口味都是不错的一家~貌似是和俏江南一家的~这里更家私人一些~俏江南更加的大众一点~里面的河豚据说不错~因为我胆子小不敢吃啊~
37250,"萝卜糕味道很好,我吃了好多个,都不会觉得很腻哦.值得推介的是这里的点心,做的很精致,很好看.出品真是“赏心悦目”,值得推荐的是虾饺!!"
37260,今天去拜拜回来时候从延长路走回家\n就是想看看有什么好吃\n路过这家店的时候 想要不就吃这家吧\n一直想吃的 就是没吃过\n我大概是1点进去的 没什么人了\n我拿了有12元的东西 再拿了一瓶汽水\n一共14.5 把我上个月发的工资全部用完了\n我觉得味道也不是很好的丫 \n不是让人吃了还想吃的味道 而且他们的服务也不是很好\n哎～　反正以后不会去吃就是了\n------------------------------------------------------------------------\n一年多没吃过麻辣烫了\n今天带宝宝打完针 叫外婆带回家\n我和老公去吃麻辣烫了 \n老实说不是很想吃这家\n因为没有特别印象\n不过近呀 出来就到了\n10点15到的 刚开门 还在做准备工作\n我们就进去了 这次两个人吃了37.5\n味道还是没什么惊艳的\n人气美食还说好 哎~~
37267,他们家的生意还不错，不过东西不好吃，味道一般，如果套餐是15块的话，我还觉得不错，要是double的话，就算了，我觉得不值，还是绕过去在后面的食堂吃好一点，因为味道一样不好吃，可以便宜很多，嘿嘿
37277,涮热气羊肉，蘸酱是北方的麻将，肉很新鲜，味道好。环境一般，是定西路上的老馆子了，没有朋友介绍，真不敢去，去过以后就会喜欢。
37295,味道非常好，菜量不小，不过菜都油大，吃不多就饱了。猪尾炖的非常烂非常粘，不愧当家菜。\n便宜的啤酒一律没有冰的，这比较恨人。
37307,薯条很棒，很好吃，尤其是他家的，炸的很到位啊，\n汉堡很大，一个就可以吃饱了，\n平时很喜欢吃炒洋葱，没想到洋葱圈也不错，\n地理位置也不错，所以生意很好
37323,优点：服务态度热情，上肉很快。\n缺点：肉偏咸，食材个别不是很新鲜。饮料有点档次偏低，肉的种类个别时段过少。
37340,环境和服务，真的非常非常好。\n虽然是冲着168的特价去的，所以没有打算办卡。\n只觉得做美容的手法。。。。很一般，和自己在家里做的一样 -，-当然除了开背。\n所以不觉得会办卡。。。。。也不能因为环境好而再去吧。。
37341,鱼头没有让我失望，辣的很爽，配上菠菜面，怎一个好吃了得！但是其他的菜分量都好小，价钱也不便宜，味道还可以，基本上每一道都很辣！
37349,"公司年会在这里开的,单位人少,只包了一个包厢,没去的时间想一个包厢,二个桌子估计不大,到了那里才知道,装修真的不错的,蛮能花钱的呀.听说老板装修就用六千多万吧.包厢里有卡拉OK沙发，还有个小圆桌可以打牌。我们一行早到，大家自娱自乐，蛮不错的。还是要说一下菜的口味，总体来说味道不错，因为是粤菜原因都比较清淡，乳鸽个子真小像鹌鹑哈哈。那个山药排骨很好吃，还有芙蓉雪蛤也不错的。值得一提的是服务员态度也很好，在这里赞一下。"
37354,比普通火锅环境好一点。但是比西郊百联那家的豆捞坊差多了。\n卫生状况不是很好，碗筷上都有残留物没有洗干净，有点恶心。\n上来的锅底乍一看啥都没有，一盆清水，沸腾之后，看到漂了两片菌菇。\n空调正对着座位，很不舒服。我是肯定不会再去这家乐
37358,我汗啊。。。我每周都逛金源，经常上5楼吃饭，居然都不知道开了个好伦哥，可见这家店有多隐蔽。。。\n可惜马上就搬离这个单位了，没机会去了
37387,没觉得有多好！菜量不大 味道不好 还挺贵的 不知道怎么那么多的人！环境也吵 要是好吃也行 出了一个杂粮鸭肉 其他都不怎么样！牛蛙就慢一点 估计也就一两只 要价58 其他都是蒜和姜 真够蒙人的 菜端上来 还以为是吃剩下一半的呢  不是一般的差！！！很难吃 以后不会再去 有种上当的感觉  还不可以刷卡！
37399,公款吃喝商务宴请的地儿么。。就那种风格 你们都懂的 菜味都不错 可是最后能让你记得住 留下美好印象的没几个 一扎西瓜汁都一百多元 抢钱啊
37408,小吃什么的还算可以 菜一般 环境还好 有时人不算多 可以在这里和朋友边吃边聊 感觉还行 叉烧饭味道还行 比想象中的要好
37432,本来是准备在Ktv里面吃自助的，不过被告知下午2点前厨师不上班，绝倒。只好跑到这家店来点点外卖。\n送上一张单店优惠卡，说第一次不能用。这种规定最恶心了，难道我不能先买个色拉，然后第二次消费就用了？完全没有道理的，再说了给折扣设定了七七八八的规矩就摆明了没诚意给这个折扣，想给有不舍得还不如别给，看着都别扭。\n食物么，每个必胜客都一样。今天点了色拉、鸡翅、皮萨、虾什么的，味道和其他差不多的。\n动作很慢，而且这家店居然不在必胜宅急送的范围之内，受不了啊。外送要加5元的，我们自嘲说我们其实就是送外卖的。哈～～
37458,只要来大理丽江，肯定要一车人被拉到这里来，偶猜测司机跟导游都有回扣可拿\n建筑很有特色，两层小楼（偶上了二楼，具体到底几层倒是没注意诶），雕花木窗，以及旁边的雕花都很漂亮，很有民族特色。\n从院落里往外看到一角天空湛蓝湛蓝的，感觉很好。\n进严家大院就能体验白族三道茶，看白族人的歌舞表演，挺热闹的。
37467,这家的特色就是在五花肉哦。。\n我听过周围无数个人在痴迷于他家的五花肉了。。其实我吃起赶脚差不多。。\n这家比较好的地方就是板凳儿啊环境啊比周围几家烧烤要好一点，我赶脚味道比新开的共和村那边的要好些。。\n只是有一盘我们两个人在不是很饿的情况下居然吃了六十多块钱。。而且还没有喝酒。。。肿么可能嘛。。\n所以我脚的遭烧了。。。。于是我对这家就有了成见=。=\n现在小北门外面在改造，玛丽珍都搬到对门去了，所以茶居烧烤还开不开都不晓得了。。
37470,原来在东北的时候看到过向阳屯，感觉很有特色，在北京竟然也有！去吃过，发现这家店装修很有特色，很有意思，菜的味道也很好。
37472,2010-12-10 fri\n日子是记得很清楚的，那天正好是宝宝100天，约好了拍摄百日照的。知道倾城宝贝其实是在某次团购上面偶遇的，花5元买了一张100元的抵用券，回去之后网上一查，发现拍摄效果还是很不错的，蛮有创意的～\n没想到到了那里发现很多同学都是美团网上团购的，更加划算哦！！！\n停车很方便，对面地下室10一小时。\n摄影棚在地下室这是我们没有预料到的（不过后来查询了一下大多数儿童摄影都在地下室），那个时候是冬天，房里开了空调又不透气，一会儿就有点觉得闷了，再加上用小太阳照在宝宝身上换装，宝宝非常不愉快的哭了，而且怎么骗都骗不开心。。。。。\n诶，本来一共是四套服装最后也只能中途放弃了。。。。\n后来商量了一下用自己家里拍的照片填到相册中去，也从原来的套系升级到798的套系（原来12张入册实在是太少了。。。）然后又加了两个相框，一共800+（已经扣除抵用券了），远远超出了我们的预算哦～～\n第一次看样片竟然是过完年了。。。等了整整两个多月，照片处理的还可以把（没办法，宝宝的表情少的可怜）～～～说还要在等两个礼拜，取片的时候匆匆忙忙也没有仔细对，后来回家才发现少了一个12寸的照片（单子上面写的很清楚的），于是给他们打电话，接电话的小姑娘说我会反映的，结果又是一个礼拜过去了，再打电话去没有人接。。。。。后来听见有人说倾城宝贝关门了，也不知道是不是真的，篱笆上面原来第一名的现在也变成了另外一家。。。。
37474,"和老婆吃饭偶然路过这家店，老婆死活要进去看看， 我头魂~~婚也结了还要看婚纱,吃不消啊！！！不过进去看了后发现这边的婚纱还是很特别的，不像之前去过的地方，款式都差不多！老板也很热情，知道我们已经结过婚了，还是非常耐心的为我们介绍了几款她也非常喜欢的婚纱~据说店里有一件还是镇店之宝 绝对的非卖品！！！小聊了之后才知道这纯粹是老板的兴趣爱好，不为赚钱（原来不差钱 哈哈）!!! 临走时老婆说了句就我结婚时穿的婚纱最难看... ... 无语！！！"
37488,876经过的时候一直看到，进去尝试下\n发型师没有等级之分，剪头发都是一样的价位，这个好，省去选择的纠结~\n洗头发的 小弟很有礼貌，流程是洗头15分钟按摩15分钟，然后是安排剪头发，无意中只有店长有空，8过效果一般，我摸着良心说的。\n据说办卡以后是20元每次（洗剪吹），不过我不知道下次什么时候才能有兴趣去这家店就放弃了，整过过程洗头小弟和店长各推销了一次会员卡，再我拒绝后倒也没有喋喋不休的纠缠，这点还不错\n店里的大家伙都很热情，值得赞许和鼓励！！！
37499,呵呵，一周去一次，当工作餐吃，每次就点二样，比萨和意面，四个同事，大概消费60元左右，人均15-18块，还是划算的，比萨没啥印象，不知道哪个好吃，面我喜欢吃菠菜面，同事喜欢松子面
37510,装修得很漂亮，毕竟是开在爱建这种地方，很久以前去吃的，只是记得服务员的态度很好，菜品肉质很嫩，很好吃，蘸料有个金牌蘸料不错，价格真是贵啊，适合情侣小浪漫下吧，吃火锅可是不要来这里~
37528,这是去三亚第一顿晚餐\n很不错\n嗲！\n环境也很好！中餐，西餐，麻辣烫，烧烤都有\n还有饮料，冷饮好多吃的\n那晚真的吃的好饱好饱\n不错不错
37531,口味还凑活吧，但数量比较少，一碗米线分量很少，感觉没怎么吃饱，那个香菇炖鸡米线里面鸡肉好少啊，相比这个量，一碗的价格还是有点高了，总的来说感觉一般
37549,呢度招牌系豆腐花，，，\n不过我系度就系试过花生杏仁糊，吃左几啖就停啦，因为实在太甜，甜到漏喉果枳！\n下次有机会试过其他。。。
37579,最爱面包 苹果花苑的面包挺便宜的 而且都是新鲜出炉的\n以前我和妈妈都喜欢吃里面的樱花吐司 六米好大一个，而且奶味很浓的，但是现在做的没以前好了，只吃到一股面粉的味道 哎~可能是物价涨了就偷工减料了吧\n墨西哥蜜豆也不错 而且也便宜 以前2元现在2.5 里面蜜豆好多的 可能会有人觉得甜 但是对于酷爱甜食的我来说正好~~\n奶香片一元一个 奶味超浓的~~\n杏仁椰丝也好吃 ，椰丝放很多的，还有抹茶起士棒 芝士蛮多的啊\n上次买了他们的蛋卷  吃多了感觉好甜好腻啊~~\n总体还是不错的~~
37580,没有想到丽江居然有个洋快餐（肯德基），\n地儿很好，古城边上；\n店铺不是很大，人很多；\n不是很好吃，也许是因为是水质的问题吧~\n因为那天正好赶路，所以就进选择了这里，\n其他的东西不敢吃，因为不是很了解，\n这里是了解但是。。。无语。。。\n要知道，应该提前做功课，；\n了解一下这里的美食，\n就算赶路也要选择好。\n这是我的失误。
37604,中饭没地方吃饭，附近溜了下，感觉这家不错，挺干净也符合心理希望的热闹。\n我吃东西喜欢热闹，一定的食客量能让我感觉这家店的东西是受欢迎的是好吃的。\n我叫了一个盖浇饭。鱼香肉丝饭，12元。\n我是先问服务员，你们盖浇饭哪个好吃啊，服务员说，那要看你的口味了。我想这话道理是不错，可你怎么得也能推荐个一二吧。\n然后饭饭来了，我打包带走。\n鱼香肉丝饭，亲们可以看下我拍的照片，里面百分之八十的是茭白。这个茭白多也就算了，我权当减肥，吃了回素。可你茭白能不能不要这么老啊。都老得姐我咀嚼后能吐出渣渣来。\n太扯了，难道说他们家的菜都这样么。\n不过看其他食客有点鱼片的，看上去料足量多的，或者下回再路过。点份试试？\n哎，我就是好奇啊。
37625,如果有课到教四上的话，都是在这里吃饭的。\n喜欢这里的三楼，有煲仔粉，还有铁板饭。\n味道不错，通常都是吃煲仔粉，可惜有时候要排很长的队。
37628,10年秋天某日下班后跟同事一起去的，三个人，点了条肥硕的烤鱼，啥鱼名儿不记得了。肉很嫩，也超级辣，过瘾啊，店家很体贴的提供了菊花茶，\n还点了三个凉菜，两个热菜，敞开了肚皮吃。\n吃到最后都走不动道儿了。\n有空还要再去。
37638,金牌餐厅这个品牌已经很多年了，老板年轻时可能搞过体育，以前在\n保定道附近有店的，就在和平区体育馆隔壁，墙上尽是和体育\n娱乐圈名人（都是有年纪的）的合影。每年初二晚上舅舅家都在\n那里订桌，他家平常的聚会也定在这家。2009年春节舅舅又跑来订\n餐，才发现那间分店关门了，让他措手不及，老人家表示不痛快不乐意\n不习惯。今年初二聚餐，居然又让他找到了金牌餐厅，不知是原来那家挪到\n了营口道呢，还是本来就在这里有分店。营口道这间金牌餐厅位\n置挺好，旁边便是香槟小镇酒店，也是机场大巴的上车地点，吃\n饭时注意到有酒店的住客进来，看来春节期间金牌仍然提供单点\n服务。\n要说起这间餐厅的出品，早先几年觉得金牌豆腐和花生糊还有些意思，以\n后每年在这里聚餐，早没了新鲜感，只能说量大实惠，适合家庭聚会，味道真\n没有太多可回味的。\n尤其是舅舅每年点的菜都差不多，基本上十道菜有九道是大肉大鱼。老人家可能越老越爱回忆年轻时过的苦日子，唯恐大过年的兄弟姐妹孙男弟女们吃不饱，可劲儿的上肉，而且年年必点炸肉排，比如昨天吧，三道菜里面是虾仁，吃起来一个味儿，蚕豆炒腊肉勉强算绿色蔬菜，余下只有紫薯加豆馅做的沙拉权充粗粮了。一顿饭吃完，我的胃难受到半夜。\n我舅舅马上八十了，什么事情一旦变成习惯万难更改。不出意外，明年聚会仍免不了是老地方老菜式。呜呼(╯﹏╰)
37665,还不错，这里环境还不错，上次我在网上看到过，感觉很不错，周末的时候就来这里看了看，环境还不错，菜不是很多，但是味道都很不错，很喜欢吃这里的牛舌，牛舌很嫩，口感也特别的好，真让人回味无穷，还有三文鱼，寿司都很不错，值得一尝，这里的服务态度也还不错，很热情，价格方面也都很实惠。
37680,刚从那儿回来，我这一天啊，公司好像一到周一就要买东西似的，今天要采购会议室用的茶杯；\n因为时间紧急，一点四十五到的，还得赶回去，因为三点就要开会了；\n最开始领导选的是蓝色牡丹花儿的，50元一个，讲价到35元一个，可惜我们要二十个，他家只有不几个，态度我觉得还不好，正好我觉得那杯子实在是太难看了，蓝白相间太古老了；\n转战下一家，选中了乳白色金花的，在会议室的灯光下照的非常柔和，好像40多元一个，依我真不如上超市去买了，而且超市配货多，他们这儿一般都没有那么多，只有六个，后来先买了这六个，着急今天开会用，以后的以后再说吧；\n一楼二楼只稍带着看了看，一楼二楼卖茶叶的，普洱、铁观音、金骏眉、安吉白茶什么的；\n我决定过一阵子来买套功夫茶的茶具，基本都是南方人在卖的，有的茶具特别的好看，风格很淡雅。
37694,我们是十月底刚去的，景色很漂亮，但是我们赶上了大雾，只有转天早上有一两个小时是晴天可以看到云海的，其它的时候都是大雾，所以就索道下了，景色很美，但天都峰给封上了，不让去，西海大峡谷也没去成是个遗憾，留到下次去吧！到光明顶的缆车明年就修好了，不想爬山的人可以去哦！
37720,住的行政房，景观很不错2面都是超大的落地玻璃，夜景也满漂亮，弥补了房间稍小的不足，中央空调不知是提供热还是冷...总之开了好干燥，后来关了第二天觉得闷得很。装修风格是万豪型，地毯墙壁花花的嘿嘿，2月才开张还很新很干净，小肥皂讨人喜欢。\n餐饮弱了点，1楼Lounge自助早餐216/人的价格跟食物以及味道比起来令人无语...还好含在行政房里否则很没意思。
37791,食堂啊！二楼新开的拉面馆不错～卤蛋很好吃！至于盖饭就一般了！清真不错～味道还好～一楼刚有豆浆是还不错，现在喝起来跟白开水似的～很一般了！不过偶尔看到美女还是不错的选择～
37796,这家店吃了很多次，一直都没写点评就是希望能够有改进，我才可以不给差评，可惜越来越糟，以后不会再去，今天才来点评。\n首先，食材肯定都是冰冻的，不存在新鲜的，这就是为什么厨师拼命撒盐撒料的原因，我算口味重的，但是做出来的全是很咸的，特意关照不要太咸，厨师就干脆给我吃淡的了，够极端！！！\n其次，厨师制作过程偷空减料，以前培根卷心菜还能吃到点培根，现在是奇货可居。蛋炒饭要10元一小碗，也是潦草的把蛋和饭拌一起就好了，有很多米饭还是结块的。如果客人多，他们会几份一起做，有一次俩外国人坐我们旁边，结果两份牛排，厨师明显多给他们，少给我们，气人！\n最后，厨师的服务态度很差，板着脸不说，你跟他说话他也没反应的，什么玩意！叫他厨师真是玷污了其他的厨师。而且不是一个两个态度不好，都是这种态度，估计老板给的薪酬不满意还是他根本就不想做这份工作呢？可以不做的呀！
37800,这家店是在我买COCO的时候无意中看到的，抱着试试的心情买了一份，都是现做的，个头还算可以，6块钱6个，看到店员在那里放的菜菜和鱿鱼，料真的很足啊！店员装盒的时候，会在盒子下面和丸子上面各刷一层酱，然后放海苔条和木鱼须，都放的好多的，盖子都盖不上。打开盖子，还能看到木鱼须粘在盖子上，盒子里还有好多，拿到手以后迫不及待的吃了一口，满足啊，皮脆脆的，里面的蔬菜好多，鱿鱼也很大块！\n    自从吃了他家丸子，每次路过都会缠着男朋友帮我买上一份！真心觉得比前面的那家玖博的好吃不知道多少倍哦！
37805,一直很爱火锅，跟妹妹一起去吃的。\n喜欢坐在吧台吃火锅的感觉，更喜欢两个人围着小火锅吃的感觉\n最喜欢的还算是他们的酱料\n如此丰富多选！耶！\n跟朋友去那里坐坐，慢慢的烫着吃，很不错~\n不过麻辣锅的汤底味道很一般。
37831,每次都喜欢吃蛋包饭。\n比其他店的味道都要纯正很多。\n吃过一次胡萝卜包，没什么胡萝卜味道。我喜欢这样的。\n猪排炸得正好。但是偏淡的。口味淡的过去。应该正好。
37832,很不错的一这店呀，生意老好， 价钱便宜不说了，菜做得也很好吃。唯一不好的是地面总是不干不净的，没办法，人多就是这样了。
37842,去得比较早，人多了以后也不是很嘈杂，很好~最怕金鼎*那种环境！还好还好！\n孙氏蔬香鸭确实不错，没有鸭臊味，皮很酥，不过还是另点的黄瓜条和葱丝。。。\n大酱包不好吃，没特色；烧卖性价比也不高，馅太普通了；\n其他没出彩也没啥不好，就不点评了，下次试试别的再说~
37874,不喜欢这家肯德基 而且不通宵营业 12点就关门了\n人超级多 服务也跟不上\n经常没有位置\n不过地理位置摆在那里 没办法了
37876,在安全局后面 很气派 适合商务宴请 和白堤路的 差不多 适合婚宴 有大厅和包间 可以分开 去的时候招商银行活动室打折
37877,这家店就在家附近，去了蛮多次的。\n彩色和其他的茶餐厅都差不多，叉烧和煎鱼蛮有特色的。\n环境因为重新装修过，好不错。但是服务不是很到位，服务员上菜的时候很随意的用手拿着，还在和别人说话，手指也会扣住碗的边，留下印子。给人的感觉不是很好。服务员对彩色也不是很清楚。\n菜方面，口味蛮好的，价格也适中，适合随便吃吃。\n叉烧的味道很独特，不是很薄的一片片，蛮厚的，很好吃，不过肠粉的味道没有港丽的好吃。
37894,蒙奇奇的娃娃 还是很可爱 很别致的 送礼不错的选择\n买过送给同学~\n价钱也是辣手的~\n香港的款式更多~稍微便宜点~还有八达通的公仔呢
37916,"苏式爆鳝面是我的最爱,以前上高中那会儿经常吃,好吃的不得了,感觉现在味道也\n                                    \n没变,还是原来的老味道,这里地理位置好,唯一美中不足就是在地下室,有那么点压\n                                    \n抑,不过没有那么完美的事情的,地理位置好,东西又好吃,价格还便宜,环境有那么\n                                    \n点小瑕疵绝对是可以接受的,逛逛南京路来这里吃饭歇歇脚,真是相当不错的选择,\n                                \n再来上一碗爆鳝面,真是快活似神仙阿."
37928,真贵的饭店\n环境真不错 包房里有人弹古筝 很好听 小姑娘也长的甜甜的 \n菜嘛 摆盘都很漂亮 味道也不是很惊艳啊 \n菜量也真是小啊 不过谁也不是图实惠去的 \n他家有一个美容饺子 挺好吃的 应该是黄瓜和别的做的 很清淡\n蝶鱼头很地道
37949,很久没吃香辣的，憋不住拉朋友去搓了一顿。\n当天真是各种不顺利唉！主要是服务方面的！\n首先，这家店服务员好少，而且分工好细。。。\n点菜叫了快5分多钟才来个点菜的服务员，\n点个饮料吧，说果汁只有一扎的没有一杯的。。。\n这是什么道理？好吧~那么就点一壶茶吧！\n点了大麦茶，过会儿说大麦茶也没有了。。。\n好歹领班还算会做人，送了一壶苦荞茶。\n再来，上菜的时候让服务员把一个空盘撤了，\n他直接说让找别的服务员，这不归他管。。。\n水煮鲶鱼上来有点生，让重新热了一下，\n服务员好像也见怪不怪，估计是太常见了？\n最后结账的时候说拉卡的机器坏了只收现金。\n味道确实还不错，不过这个服务态度么。。。\n不晓得是所有分店都这样，还是就这家有问题。
37985,其实还蛮喜欢COCO的 因为每周一都去雷允上 所以每次都经过这里\n一家快乐柠檬 一家COCO 两家总是换着吃\n买的薏仁燕麦\n前面有2个女生外带\n14:50买完单 等啊等\n外送的4杯 3杯 双拼单杯的 2个人 还有我后面买巧克力燕麦的女生（也是女生催了又催 有点光火了 说快好了）\n知道那个女生拿了走了 已经只剩我一个人在等了 看了看墙上的钟 不偏不倚 指向15点\n怒火中烧啊\n以后不去了\n而且广场几家店的盖章活动 这里也不能参加
37990,玩了好长时间才来点评，汗！\n好吧还是个很贴心的地方，价格也不贵，6元/小时/人。办理会员卡12元封顶（辣子！）。\n一直在里面玩篮球，人气还是蛮旺的。\n经常是周六上午，白天来打一会儿球。晚上去过一两次陪练，灯光不行，我近视看不太清楚，有待改进。\n还有足球和台球，没试过。
38006,上次吃饭坐好了发现只能打印，棒约翰是我吃过的最难吃的披萨，不过有些东西就是越正宗越难吃，它们家应该很正宗吧。
38016,青露馒头似乎开了很多家分店，这家在学校附近经常会路过\n因为是连锁看起来总是干净放心一点，经常见到排队\n黑米糕卖的很快，经常去的时候已经没有了\n个人爱好咖喱，另外这家总有奇奇怪怪的馅，有点意思
38033,味道一般吧 环境一般 至少不算太差 服务也一般 等了半天才有服务员来给收拾桌子 烤盘也等了半天 肉嘛 老是一大堆肥肉的 瘦肉的太少了 也就每次最多见到一两盘吧 东西种类不算太多 要是喝饮料 就踏实喝盒装的果汁吧 也就这还算行吧
38045,"晚市真心的没多少人, 一开始就我们跟另外一桌, 后来陆续来了2桌人. 真是清净啊. 味道一般般啦, 不过那个冰真是巨大无比的说"
38058,的确是华丽版的泡面，不过牛肉炖的很烂，汤也很好喝。感觉面的价钱没涨很多，但牛肉可是确确实实的少了，每碗面就三片。有次点了一碗最辣的那个，真的很辣噢～小菜的量太小了，两筷子就没了。辣面太辣了，就要了一份芒果西米，还不如自己做的好吃呢。对了，现在店里不让拍照，好奇怪，他们有什么好顾虑的，拍照不也是帮他们宣传么～费解
38078,品种非常非常多，我们也非常非常贪心，点了一大桌放都放不下，九个都吃趴下了。味道都很好，喜欢吃虾饺，可以吃到整只虾仁，口感很好。还喜欢吃凤爪，个人推荐，很入味，不是很酥，有点嚼劲。叉烧包什么的比较一般，可能比较地道吧，但这个吃了真的很撑啊~~萝卜糕上来的时候我已经实在吃不下了，样子挺好看，同事说还不错。粥的话也还行。\n我们住的酒店离这里不远，走过来很近，不难找。左右两桌都充斥着上海话，来香港的上海人真的很多呢，呵呵~~服务员的态度有点冷，但是都是年纪比较大的阿姨，也许听不太懂普通话吧。
38079,超级烂的一个店\n我是他们家三年的会员了，我只想说，到期了我坚决不续卡了，坚决 要换一家健身。\n服务差就不用说了，总之他们就是把人销售进来，其他的都不管了\n设施越来越差，洗澡，游泳池，那是一个脏\n没有买他们家卡的朋友们，在买之前，一定睁大眼睛，多问问已经在里面的会员，千万不要被忽悠啊 \n没有买他们家的卡的朋友，恭喜你们，
38081,点了卤水拼盘和云吞面。味道十分一般。卤水拼盘不太香，只是有咸味。云吞面闻起来很香，吃起来没什么感觉。仅仅填饱肚子而已，没有再想吃的感觉
38104,首先要说这里的环境超好啊！我们要的是单间，公司搞聚餐\n感觉吃的真的很爽，没有我不爱吃的菜，尤其是海鲜，不过不适合自己去吃，因为有点贵，单位聚餐最适合不过了。
38111,中午发现这家店，就去尝尝，价格相对比较便宜，味道也不错，以面食为主，也有些饭，还有饼什么的，环境也都还行。吃了卤肉饭，同学吃的辣牛肉面味道也还不错，上菜很快。
38119,这家店是新开不久的，原来这里是巴贝拉。其实巴贝拉、果留仙、竹家庄避风塘和阿童木是属于一家公司旗下的。我和lg在巴贝拉办了张巴达会卡，在这几家店都可以买半价产品，还是蛮合算的。\n因为可以点半价的菜，所以在万达看完电影，就和lg来这家吃晚饭了。\n点了推荐的海蟹粥、虾饺皇、鲜虾云吞面，还有半价的芒果糯米糍和炒鸡脆骨，本来想点半价里的鲜虾贡菜饺，但已经卖完了，再加了个白灼芥兰。\n量不少，味道么，可以吃吃的。海蟹粥里的蟹还是有点肉的，29的价格也蛮合理。\n看了看菜单，有些菜的价格并不便宜。用巴达卡可以点两个半价的菜，每月都会更新，这个活动还是比较不错滴。\n现在吃满一百送一百的券，其实是五张20元的抵用券。但每次只能用一张，而且要满一百才能用一张。活动到12月19日就结束了。有点坑爹啊。
38131,很小就吃过了，下班时候出来，有牛，羊肉，鸡翅，软骨鸡腿小铁丝串的，真的很古老，\n因为外面要冲摊所以会在崂山新村的弄堂里面。\n味道和十年前的一样，天天都有很多人光顾。\n最原始的烧烤。\n大爱
38165,中国非常老的老字号了，羽绒服的质量是没话说的，但是感觉款式稍微差一点，如果再精致点就更好了，希望国货能够越做越好。
38174,一直长草的一家，最近在附近活动，就来拔草了\n在东樱花苑里头，这个群房有点会所的感觉，从边门进去的，先是一个进口超市，后来出来时候逛了下买了点东西，觉得价格还好。\n去的时候等了会位，很多日本人，有点食堂的感觉\n布置很清爽，也有榻榻米的包房\n蛮多都是全家来吃的，带着BABY，有BABY专座，还会有BABY用的餐具\n中午到这里来的，多是吃定食，选择还是很多的\n日式定食，亚洲特选，还有盖饭和面食\n头回来，还是选了定食，烤银鳕鱼和炸猪排的\n定食里头配有刺身，蛋羹，色拉，水果，味增汤，还有饮料，饮料品种蛮多的，很多人点现磨的咖啡的，可惜偶不能吃。\n烤银鳕鱼，不是很厚，但是蛮入味，不会很甜腻，鱼肉也很嫩，炸猪排很厚实，但是很嫩，蘸酱不错\n蛋羹做的很嫩，拌饭好吃的。\n这个米饭比较特别，撒了点芝麻海苔，米饭不会很硬，软软的带点甜，好吃的\n下次再来试试别的\n喜欢这样静静的环境
38211,朋友有票子，来这里看了个不知名的韩国歌星的演唱会，音效一般，现场气氛也一般，因为韩语听不懂，主办方不知道哪里找了一堆学韩语的女孩子过来当粉丝，还满有趣的
38227,一直很喜欢他家的味道，尤其是臊子面确实挺正宗的，可是最近实在是让人不爽，不得不发个处女贴说道说道。半年时间，价格从13一碗涨到15又涨到18，面的量大概只有原来的2/3，硕大的碗只有个碗底，汤头味道越来淡，我只能对马华说sorry了，哥吃不起了
38236,妈妈生日，喜欢海鲜，我喜欢吃大虾牯，就选这里。\n海鲜都蛮新鲜的，椒盐大虾牯68一只，好大好大，也很壮。海瓜子新鲜，但没炒入味，望潮也切太大块了，不好嚼。沙棘雪菜汤蛮鲜的，但沙棘吃不惯，烂烂滑滑的。梅鱼非常新鲜，蒸的很入味。米鱼籽也不错，红烧的。血蛤不敢吃，我爸吃的很欢，应该是新鲜的。膏蟹很壮很肥，黄很多，吃了半个就撑死我了。\n最后点了米馒头当点心，我最喜欢酸甜的米馒头了。\n总的来说，食材新鲜，但做法粗糙，大排档就是这样了~~
38251,菜单上都是湖北人非常熟悉的食物，一旦搬到这个装修别致的店里来，就变得价格不菲。\n炕蒸菱角，是采用的野生小菱角。\n泥蒿炒腊肉，春天吃正好。\n豆皮，在湖北比较有名的是老通城、蔡林记、户部巷这几个地方的。\n不管怎么说，来这里吃饭会回忆、怀念家乡的味道。
38255,深圳老字号的自助餐 个人感觉比四海一家的性价比高\n周末很多香港人\n早点去排队 人还蛮多的\n鱼翅汤很抵食\n而且不限量 加了鸡丝 香菇勾芡\n挺香的\n难得的是三文鱼不像别的自助餐一次只能拿一份\n这家是真正的随便拿\n哈根达斯一人限领一份 因为只有一个金币\n片皮鸭很香甜 不过人太多了 一次只能拿2个\n甜品的话 杨枝甘露很不错\n提拉米苏太腻
38277,"又可以吃火锅,又可以吃烧烤,还能吃烤鱼的一家店,看着菜单,真的是觉得自己眼大肚小,好吃的想吃的实在太多了.\n一落座就有人很热情的招呼,端上盐水黄豆,卤花生,居然还有一盘刚爆出来的味道不错的爆米花,还有免费的酸梅汤,柠檬水任你饮.\n朋友还没到,就先点了凉菜川北凉粉和麻辣猪肚,水准不错,很正宗的川味,特别那个猪肚,麻辣够劲,拌着大葱,香菜,很有嚼头,味道很好.\n烧烤叫了半打生蚝和2条茄子,生蚝还比较新鲜,味道嘛,一般,觉得偏淡了点,不过咱就着火锅一起吃,还是满不错的.\n火锅的锅底要的是红汤,看着就很有食欲,汤开的时候,服务员很热心地帮忙捞辣椒,下菜,换骨碟,添饮料也都很勤快,被这么周到的服务着,真是很开心,一桌4个人吃得不亦乐乎.觉得下火锅最好吃的是那个梅林午餐肉,土豆也不错,肥牛也好吃.感觉点的菜也不算多吧,但居然没吃完,分量实在是太足了,最后的一份白菜几乎都没动,豆腐也没吃完.下次再去吃就有经验啦."
38303,味道真的真的很不错，材食都非常新鲜非常好，环境不错，服务也很好，各式鱼丸虾丸的吃不够。算是正宗的港式火锅了。很推荐
38311,这周来这里看过一次，药拿好味道实在难喝....\n这里有几位医生都是在岳阳医院坐诊的。据说都是名医。\n这里还有周日上午林真寿教授的特需。治肝胆胃肠的。
38321,没有在这个店吃过正餐，因为住在莫泰168，所以早餐基本上都在这个店吃的，自助早餐的味道什么就不提了，特别提一点，卫生还有待提高，竟然在炒面里面吃到过蟑螂，并且跟服务员说，服务员说给你换一盆吧，哎，那个晕啊，最基本的卫生还是要注意的
38357,味道一般，没有想象中的好。\n有点贵，性价比不怎么高。\n但是他家的特色蛋包饭还是可以尝一下的。\n咖喱牛肉饭不错。\n要是种类再多点就好了。
38368,这家店，到饭点生意都非常的好，价格偏贵，但是食物味道还是不错的，但是服务态度就是很一般了。店家的地理位置也算好找。
38380,海底捞的服务不给很好是真不行，可问题是，这种服务我是真不喜欢，总是来送着送那的，没完没了，朋友一起聊天都被打断，很烦的说，有不有……价格偏贵
38394,虽然和必胜客比起来名气小了些，但是味道还是不错的，例如意大利肉酱面就比必胜客的好吃！还有可以有随便吃的沙拉，和畅饮的饮料，总之还是挺好的！披萨也挺好吃的！我最喜欢墨西哥辣椒！
38401,中午带着老妈一起去吃的。三个人一共花了400零一点，包含服务费在内。不过感到服务一般，主要针对外国客人。厨师和服务生都只对他们很热情，招呼注意台阶啥的，俺妈就没有人招呼。有点不爽。\n东西还不错吧。吃了很多长脚蟹。红毛丹。还有鳗鱼饭。鱼生不敢吃了，看了蔡澜的日记，觉得太脏。\n千层面不错，日式冷面不错。皮皮虾不够新鲜。败笔。\n咖啡没有帮我们续杯，龙井加开水次数太多。。。。\n推销了一通会员卡，不厌其烦。打折只能按照原价打折，和现在的促销价格无异几乎，干嘛要办呢？\n有点失望吧。观景窗户都没有擦干净，不应该。\n碰见了高晓松，一个人吃了好多东西，也没有人陪他，可怜，还不如我们一家三口，其乐融融。
38405,很早就是去这里唱歌的。\n延安西路走过去。\n总体来说，钱柜的音效在上海的ktv里面算是比较好的。\n而且有套餐，价格也不贵/
38419,陪同学去买裤子，本来说在网上买的，她非说要在官鑫挑。\n衣服在楼，很多款式可以挑，质量一般，反正一分钱，一分货的。\n挑了快两小时了，她才挑了合意的，杂牌的牛仔裤，面料还不错，\n价格便宜。但那里小偷很多，去的时候要注意。
38420,"環境好一般,魚生冰太久了,缺乏口感,不過鐵板燒之類的食物都不錯,可以推介一下,服務生太少了,要等好久才找到人下單,如果是以食為目的,那都是可以去的."
38422,很喜欢带上宝宝来这里玩，宝宝最喜欢的就是旋转木马，这里很多年轻人来打游戏，环境很好，而且又是在市中心的位子，打完游戏再去逛街吃饭，很不错。
38443,我觉得是广州最好的机动游戏游乐场，不过我坐了垂直过山车、十环过山车，也没觉得很刺激，大摆锤还不错，U型滑板没坐，以后有机会再去，3D影院也还行，不过博的片子都是小朋友看的，最重要的是要看表演，留意表演时间
38447,不知道为什么他不是真的水晶还要这么贵，可能就是工艺比较好。所以拉拉叫的贵啊。上次同学的生日就过去挑了一个爱心的吊坠。很小的一颗，就是500多啊。不过造型还是很好的。
38467,朋友带着来吃的，广式的快餐，米饭和配菜还算精致，偶尔吃一次还好，总是感觉吃不惯广式的风味，还是喜欢东北的饭菜啊
38474,不是住在沙园的居民还是比较难找到这间面店的，不过他家的云吞面还是几好吃的，是传统的那种手跺肉云吞，不是用绞肉机绞的，也不用鲜虾做，几好，汤底和面都做得几好，而且对于这种传统的小吃店来讲，他家的服务真是非常好。
38486,公司年中会议来的这儿，环境不错，很清净，远离了城市的喧哗，路边都是卖西瓜的农户，游泳馆，卡拉OK，健身房，台球厅都不错，早午餐自助，种类也很丰富。
38493,应该是模仿玩具反斗城开的店，各大品牌基本齐全，有时搞活动时优惠力度还可以。凭会员卡可以免费坐门口的旋转马车，这个挺不错的
38495,装修很雅致，环境很好，适合聊天。\n服务很周到，感觉很好。\n一品大排不错，很香酥。\n锅包肉里的勾芡汁调得很好，酸甜可口。
38497,这里的铁板烧比较火啊，来这的人比较多了，\n上菜的速度就比较慢了，而且价格比较小贵了，\n但是饮料果汁的味道真的不错，很新鲜的，烤鳗鱼\n不错的。
38510,门脸部大，但是进去以后还是个小二层，提前说下没地方放车，很是部方便，简约的装饰，显得很粗糙，挂点照片就想搞得跟文艺气息似的，在说说菜吧，招牌发财方，我还是挺喜欢这个的，但是希望老板量可以给大点，虽然盘子大但是量不是很好，我们四个人去的吃的很尴尬哟，别的很一般把 辣菜挺多的，因为我部能一一把菜全点了，点了几个都是辣的，那天我们去的时候人部多，叫服务员 服务员还是从楼下跑上来的 很辛苦！！！！不过也希望老板加油哟！
38565,1.环境\n盐水鸭过去一点，就是吃老鸭粉丝汤的店面，就在那边吃的晚餐，环境的话，算是比较干净的，有空调，有冷气，虽然地方不大，但是也不拥挤，因为人的确是不多。\n2.服务\n说到这个服务，真是可惜了这老牌子。\n在等食物的过程中，有听到收银员对顾客说，1毛钱硬币，我们这里不收的，找不出去的，然后好像还和顾客吵了几句，反正就是打死不收1毛钱。\n一个个子不高的女服务员，外地人，态度也很差，问她一句话么，像踩到她尾巴一样“急什么啦”，就这个样子，好像是长期受气，然后把气出在顾客身上的感觉。\n真是搞不懂了，为什么这样的老字号和好的服务，就是关联不上呢？\n3.食物\n排除以上很差的服务因素，食物还是很好的。\n蟹粉汤包：鲜，有汤水，皮不算太薄，但是味道还是不错的。热气腾腾呀。\n鲜肉汤包：咬下去，也是有汤水的，其实为什么不叫小笼，要叫汤包呢？有点搞不明白。汤水也不算很多很多，还没到汤包的感觉吧。\n老鸭粉丝汤：端上来很大一碗，里面有鸭血，鸭珍，还有个什么，香菜。汤的口感，比较鲜美，而且不是那种味精的鲜味，没有腥味，我最怕腥味了。\n粉丝是粗粗的那种，有弹性，看上去很透明，不知道这个透明算好还是不好。反正蛮好吃的。\n重要的是，吃完了，完全没有口干的感觉。\n4.总结\n服务应该改善下，顾客会多一点。食物也算不错。一大碗粉丝汤一个吃就已经会蛮饱了，不过粉丝不多，汤比较多。再叫盒盐水鸭吃吃，也蛮好。去点的时候，吃多少点多少，别浪费才好。
38580,夏天晚上来这家，因为离家近而且安静有无线网，适合休息聊天，上网，但因为一个人均消费15元的事情和这家闹的很不愉快！刚刚点完餐服务员也没提醒人均的事情！到最后让我们付钱，很是不开心！最后闹了好久因为也是晚上很晚了！把多出来的钱给了他们！气死人了！就当捐贫困山区了！从此就很少来这家啦！总体来说！无论多上档次多好环境的地点也要有称职的服务员才行！
38595,性价比高的烤肉店，去过几次，每次都会叫五花肉，而且有时人不多，店员会帮 你烤，关键是前菜，一碟碟的，喜欢吃泡菜和萝卜，每次吃完都会加，而且服务员都很耐心帮你加，不会话吃完就无，紫菜包饭都5错，几乎每次去都点，加埋烤肉两个人都够饱了。\n环境当然就比较平民咯，呵呵，反正去吃也不是吃环境嘛！！
38616,"TVB看多了,最近疯狂迷恋港式茶餐厅中.很喜欢他家的奶茶,完全是真真正正的港式奶茶.强烈推荐.另外咖喱牛肉也不错滴.\n因为上下班都会路过,所以隔三差五就会去整杯奶茶喝喝,本人是奶茶控,并且对外面用奶精调出来的奶茶非常反感."
38626,还没有去过襄阳南路那一家。黄鱼煨面和三丝煨面比较一般，没有吴越人家的好吃，关键面没有煮透。炸猪排倒是不错，10块钱一大块，有小时候的味道，拿过来给我们加的泰康辣酱油也很久没在外面看到了。
38629,因为喜欢吃火锅，这家店也常去\n现在菜便宜了，锅底做的量很足，两个人通常点少量的菜就能吃饱了，\n感觉很实惠也不贵\n烧烤味道有点淡，没有傣妹的号
38645,离家近，吃过几次，印象截然不同。第一次去吃，是他们家第一天开业，还是个夏天。点了小炒肉之类的家常菜，上菜极慢。碗筷也不太干净，吃出头发来，也不打个折。后来去吃，都是和朋友一块，朋友办了他们家的储值卡，可以打折。其实赣菜做的还可以，有一次刚从江西回来，去他们家吃炒米粉，恩，还不错。
38660,炒花甲，好多空壳，而且量很少。窝蛋牛肉粥，一般，粥底太差，豉汁凤爪，很奇怪的香精味儿，西米露龟苓膏，完全是甜的么……朋友的云吞面的面完全就是方便面么，听他说啥味儿都没有，难为他还吃完了，炒牛河也许还不错，没见剩下，不知道是不是去太早了，店里昏暗的啊，态度也一般，实在是稀烂的一家店……
38671,部门聚会，包了一个包房。 环境尚可，性价比还算高。 \n但是菜色也没有给人留下太多的印象，也可能是年关将至，最近吃的太多了，呵呵\n让人不爽的是， 号称pos机坏了。 只能现金消费。实在太不方便了。
38707,很早就开始在他们家吃牛肉粉，牛肉面了，妈妈喜欢吃炒面。现在牛肉粉很多，他们家味道算是还不错的。推荐大家去试试。哈！
38750,面包能赶上刚出炉的那再好不过了\n不然还是带回家烤箱热了再吃\n带肉的面包冷着吃实在不香\n有个咖哩鸡肉包不错\n这家的切块蛋糕 外裹那层透明纸还用胶带粘上 不知道怎么想的\n人家吃蛋糕的时候撕着多费劲哪！\n现在满28送明年138的券\n一看都是买指定款才能用的优惠 不实惠\n店里有小桌 就是环境实在不怎么样
38781,味道还是不错滴~~\n只是热量真的是好吓人\n和爸妈一起分享\n两位老人家认为比自己家里炸得好吃\n但是我反而觉得还是麦当劳的扭扭薯条比较入味……
38795,早饭店~\n每天早上来不及买早饭的话，\n就在公司旁边的麦当劳解决。\n因为可以拉饭卡……\n6块一份的超值早饭在新客站这里还是属于中等价位的，\n性价比也比较高，\n起码有个主食加一份咖啡……\n一样买两个包子现在也要5、6块了
38836,今天终于把小7买回来了哈哈\n纠结了很久呢\n一开始是想买IPHONE4的但是了解原来是港版的而且价格和行的差不了多少就放弃了\nHTC第一次用我还在慢慢研究ING\n还买了4S服务卡帮我介绍的女的蛮好的还帮我下载很多软件\n不错希望机子质量OK
38885,198的自助，实在的，一般吧，点的菜，有没上的，有点可惜，刺身不错，新鲜，怎么吃都不够。马肉，牛肉，生蚝都是生吃的，冰鲜，还成。玉米不错，别怕自助吃它不合适，好吃为主，可以点尝尝。大虾好吃，别客气了，螃蟹也行，就是小点，跟菜单上差好多。
38943,好久之前去过了，都忘了是多久，只是觉得那里的肉分量蛮多。说是买一盘送一盘，我还以为会是很小的盘子，结果上来发现盘子很大，我们人多，十多人，最后点了9盘，还没有吃完。但是酒水的价格很贵，我们最后吃了1000多，光酒水就花了400多块。草原红酒加到汤里，味道很独特，汤很好喝。地理位置不太好，在军区大院里面，一般人都不会知道那个地方的。
38967,自从有了同济戴斯后，就不住这边了。\n主楼环境还好，副楼环境会比较让人郁闷，房间有一种灰沉沉的感觉。淋雨的水温随着时间变化而不停波动，早上会很热，晚上会很凉。主楼副楼情况都一样。\n专家楼这边貌似还有些教授级别的教师楼，虽然怀疑房间和副楼的情况差不到哪去，但是楼下停着的各种跑车名车，还是在告诉我们他们是专家。\n春天楼下有一排橘子树，看着很舒服，有一种想暖洋洋晒太阳的心情。\n网速很悲剧，以为同济戴斯会好点的，结果发现戴斯更悲剧。这边网速只有晚上挂QQ会掉线的。
38971,要不是机缘巧合，我也不会知道原来这里还有家眼镜博物馆呢~\n甚是冷清，还蛮大的一个场馆内，就我和妈妈两个人~一进去可以看一个4分钟不到的短片，放映设备有点年代了，所以立体大屏幕看起来还没有看电视感觉好~然后里面就是一些模型啊图片啊，互动的环节很少，有些互动设备还有点呆，估计幼儿园的小朋友可能还会觉得新奇点~\n稍微有趣点的就是以前的眼镜展示了，一个材质的演进过程~还有用玳瑁壳做的眼镜架呢，要是现在谁拥有的话一定可以算是潮人了~
38974,刚从toscany回来，想看看北京哪里有T骨，所以就来到了这家\nT骨（400g）178，菲力220G 128。我觉得骨头大概得有100g吧，所以看起来T骨比菲力大不了多少。\n感觉T骨还是挺贵的，比我在意大利当地吃还要贵。而且酱汁还要10块钱一份，菜单里也没写，比较奸商！！\n口味还是不错的，我要的3成，不过都说T骨是外焦里嫩，这次的好像外边不够焦。我们去的时候刚开门，没什么人，所以坐了个临街的位子。不过因为公司就在东方广场，吃饭时候看长安街反而没什么感觉了，呵呵。\n很出色的一点是在门口有菜单，事先可以看看价格再选择是不是进去吃，这点很欧洲。
38998,老久没有吃过麦当劳了，最近新出了照烧鸡腿堡，号称0油，我吃了，不错哟。但是韩国的酱料口味太重了太咸了，鸡腿肉太小了。。\n麦旋风还是太甜，怎么吃都是这样，还是哈密瓜味道的甜筒靠谱。。\n舔来舔去很滑溜~\n人是贼多瓦，真是开对地方了~
38999,首都剧场是历史悠久的剧场，这里的建筑虽然已经有些年头，但是依然很有韵味，在大家边上很是养眼！话剧也很不错，喜欢在这里看演出。推荐大家来这里！
39007,很喜欢这家咖啡馆，环境很不错，楼层很高的。唯一的缺点就是比较难找，不过也因为这个特别安静吧。很喜欢店里的那只猫~咖啡和茶味道都不错，没事可以看看明信片，还有代寄服务哦~
39043,这家分店，桌子很大，桌子上有内置电磁炉，每人一个锅，很干净。菜品和其他店都一样，金汤非常喝，算肉前喝一碗，很增加食欲。
39061,广播里介绍的很起劲，碰巧最近狂想吃海鲜。订了位子就去了。\n这里的小海鲜口味偏清淡，做的比较清爽。看个人喜欢吧，我还是偏爱汁多浓稠的。\n活海鲜活海鲜，是活的吗？ 点了一份濑尿虾，一吃到嘴里就是死的，软趴趴的。\n旁边一桌的客人也在吵着退货，像是东西不太新鲜。最后店家承认了那天的虾是不太好。不新鲜的食材压根不该端到客人的餐桌上，这不是蒙混过关嘛？？\n希望幻灭，下次不会去了。还是老老实实的去莆田吧
39074,第一次去吃他家的招牌牛肉面觉得特别好吃，但是后来去就一般了。灌汤包也不错，就是好小。。。豆浆也挺好喝的，偶尔吃吃还是不错的。
39085,里面环境很好，大包厢很宽敞，适合朋友聚会。可以容纳15-20人左右，里面的餐饮有点贵啦，不过每个KTV都是这样的，点餐都很贵的，服务也很好，音质不错的
39087,都说和合谷的创建人是原来吉野家的员工，2家风格还真雷同！支持国货！鸡肉牛肉套餐味道都无限接近于吉野家，种类比吉野家多。我爱吃麻婆豆腐的！鱼香肉丝也不错。
39088,天香楼没饱的角落用他们家的牛杂汤填补了（6元），料切的很小块，分量也不多，汤头道是蛮鲜的，加了辣椒酱后我觉得很好喝，客流不少，服务员比较和善，汤里加面或者粉丝比较实惠，只有8元，不过应该可以管饱了！
39102,点的鱼太大咯 4斤多 鱼丸还给包了回来\n饮料是畅饮的，拿几瓶都可以\n点了一份羊蝎子 28\n放在鱼汤里煮 鱼羊鲜嘛！\n肥牛还算嫩 再点了一点蔬菜\n吃吃还可以吧\n服务员态度不错
39103,吉臣酒店路过好几次了，也进去过，是到里面的柔日本料理吃饭。柔日料就在吉臣酒店里面，其他他们家这个酒店，如果不留意很容易就走过了，在外面看看很一般，给人的感觉就是这个酒店小小，不显眼。但进去一看环境还是不错的，毕竟也是五星级的，而且开在这边更有闹中取静的感觉，毕竟离静安寺比较近，而且比静安寺安静多了，这边的人流量还不是很足，比较僻静，这样也好，如果想去静安寺的话也就10多分钟的事，个人推荐前来上海旅游的亲前去入住，蛮不错的~
39109,其实我总感觉神龟的馅饼不如多禾的合适啊，多禾那里比较大一些啦\n不过也是陪同学过去的，我同学比较喜欢吃这里的
39113,菜做的味道很不错，很适合大众的口味，环境和服务都不错，是我们聚会经常去的地方，就是酒的价钱有点偏高，门口停车也方便。
39127,他家饭不好吃，强烈不推荐。麻辣烫不错，每次都去他家吃麻辣烫，不过有一次在放菜品架子下面穿过去一只老鼠…唉…算了…在外面吃难免这样的…
39129,之前看到评价很高所以就和朋友去试试，结果还是发现没有想象当中那么好，招牌菜很明显是打着港式的旗号，不过实际上并不港。\n就拿西多士来说，french toast也算是香港茶餐厅的名菜了。他们家的西多司也就是模仿这个，创意倒是很足，把原本加在西多士里面的花生酱炼奶蜜糖什么的换成了菜，包菜和肉丝，感觉这个mix很奇怪，里面的味道有点跟鱼香肉丝类似，外面又炸得有点像玉兰饼，叫西多士实在是有点尴尬。好在这也是他们家的特色，外面学来的东西本地化，看起来还比较符合无锡人口味==\n至于沙茶鱿鱼羹也算是粤菜吧，台北也有，不过人家都是拿五花肉的高汤来煮的，味道更纯正一点，加的内容也有所不同，他们家又是创新，加了鸡蛋金针菇木耳，鱿鱼倒是很大根，不过沙茶酱味道不够浓，勾芡有点过，吃起来不太清爽。加上店里冷气又不足，那天真是吃的我满头大汗，没吃出啥特别味道==\n后来还和朋友点了庙口炒河粉，相比前面两个菜，这个真是有点差。以前我也吃过别的茶餐厅，这个河粉不够筋道，加的水又不是很够，端上来没几分钟就结成一块块的，缠在一起扯都扯不开，形状也不够正，像面窜条==所以后来这个菜我和朋友就几乎没怎么吃。\n再说说他们家的服务，主要是店面实在太小了，桌子摆了很多，走动超不方便，还不如一些街口的馄饨店。冷气又不够，只能靠几个电风扇吹吹，老板娘忙得根本没空招呼客人，水都要自己倒，实在有点尴尬。其实他们家生意这么好，完全可以弄个大点的店面做做嘛，也好扩大影响力。
39131,鸿运大包也是老字号了，喜欢吃它的素包是青菜香菇油面筋陷的，陷多吃着实在，菜猪油包，肉包子都卖的不错，排队人蛮多的 ，现在价格都涨了，去市里的话还是会去买个吃吃的。
39156,顺风真是风的速度啊，超级的快，基本上最慢，最远的东西，也就是2天也就到了，很多都是隔天到，所以价格贵点也能接受，主要是还可以当面验货，真的很不错，许多地方根本就不让验货
39171,在上谷商业区。从天塔过去的第一个路口进去，然后在地下。里面的环境还不错。案子分不同价位。球杆觉得都不是很好。案子都很新。工作人员比较少，忙不过来摆球。都是自己要摆。价位不算便宜的，但是有会员卡可以打折。
39211,由于姥姥家就在这旁边，小时候经常来，没事干就去这里逛，看看各种稀奇古怪的东西，还有一个个算命先生给人算命，现在好像成了殡葬一条街了。
39214,外卖已经叫到里头买单的人都知道我是谁了。。。\n那天跑去说了几句话就问是不是22楼的，汗\n东西满干净的，送来也很快，适合平时懒人外卖\n选择也挺多。\n泡饭和炒乌冬都很不错
39223,旁边有格林豪泰和如家，如家态度最好，格林一般，速八那前台态度巨差，差点跟她吵起来。烦。也不知道所以的速八都这样，还是就他们家的。恶心
39245,家里的大人都比较喜欢这家的烤鸭\n这店也开了好多年了\n自从上了电视 生意更是好了\n每到双休日就会排队 更别说逢年过节了\n烤鸭还是比较香的 配上蘸料还是属于比较清爽的\n烤鸭吃多了现在比较喜欢他家的鸭翅膀和叉烧，很入味
39324,这家的鞋子尤以板鞋最好了，不仅每季出的样子多而且价格来讲要比耐克和阿达的价钱要便宜，样子也比前两家要多，如果经常穿板鞋买匡威还蛮好的，有时候会打折那就更好了。
39328,都说这家是最早开的炸鸡腿店，但我说绝对不是最好吃的。\n或许是生意做大了，口味大不如从前了，炸鸡腿绝对没有门口那个摊子的好吃。服务态度也不是很好。
39330,环境不错，位置也好，只不过给我留下的印象除了贵和难吃就没什么别的了，不光我这样感觉，身边好多朋友都是这样认为的，不断的给机会，可惜是不断的失望。除了把服务和环境搞上去，最关键的口味可不要损失了口碑哦，建议一统飘香的领导改善一下。
39334,男朋友建议去的，点了乌江鱼，酸菜锅底，冻豆腐和萝卜（感觉这两样东西和鱼一起吃比较搭），一桶米酒，还有一个什么肠米粉，小料要的是腐乳和微辣。\n男朋友原来建议要酸汤的，因为我觉得番茄锅底煮鱼很怪，所以还是要了酸菜的。味道果然一级棒！酸辣酸辣的非常适合我的口味，乌江鱼特别鲜嫩，不过要赶紧吃，因为煮老了鱼肉就容易化了。\n萝卜豆腐就比较一般啦，感觉光吃鱼也可以吃得很好了！\n小料也很鸡肋，因为汤本来就有味儿了~\n米酒味儿比较淡。\n另外点的那个什么肠米粉，哎。。。有一股味儿。。。吃了两口就没吃了，浪费啊。下回不要点了。
39341,"对老东家是长草已久了，总算找到机会和一群朋友探了这家店：\n 老东虾饺皇：招牌啊，皮QQ的，里面有整颗的虾仁，每桌必点。\n 皮蛋瘦肉粥：很浓稠的粥，8块钱一碗，用料绝对不含糊，皮蛋一大块一大块的，机器熬出来的果然不一样啊。\n 荔湾艇仔粥：港式经典的一款粥品，料超级丰富的，除了很明显看到的油条、花生米、蛋丝、葱花，还有虾仁、肉皮、叉烧、鱿鱼须等等，真是一个字鲜！\n 蜜汁叉烧：叉烧切得很薄，嫩嫩的，带一点甜味，味道不错，但不哈肉的我也只吃了一片浅尝辄止。\n 泰汁茄粒豆腐：色彩鲜艳，卖相可是一级棒啊，一看就有食欲。豆腐嫩嫩的，配料也丰富，有茄子、黄瓜、玉米。吃起来酸酸甜甜，让人忍不住一口接着一口 \n 白灼菜心：很嫩的菜心，以前在别处吃到的菜心都粗粗的，硬硬的，咬得很费劲，这次却一点都不会，满意！\n 越南春卷：里面是芹菜、胡萝卜、生菜等，蔬菜的甘甜清爽中和了炸物本身的油腻，喜欢!\n 川味凉粉：辣的我没吃，但经过三人鉴定都觉得不好吃，味道怪怪的，和一般的凉粉吃起来口感不一样。\n 烤秋刀鱼：同桌MM点的，我没吃，但另两位吃得很欢，味道应该不错吧\n 香辣豆花鱼：江西的MM点的，太辣了，连她也受不了啦，最后剩了好多，浪费了\n 白糖银耳炖雪梨：同组的MM点的，里面有银耳、雪梨，对女生很好哦，我尝了几口，甜度适中，适合吃了烧腊之后解腻。\n 红豆双皮奶：很正宗的双皮奶，奶味十足，红豆给的量也足，就是甜了一些，吃到后面实在腻得慌。\n  老东粥皇的服务不错,上茶很及时，用餐过程中又多次询问我们要不要加水。\n 在环境方面，老东粥皇呈现出的是茶餐厅的氛围，比较大众化，座位显得拥挤了些，而且一个包厢都没有，私密性的确是不够强啊。\n 总体上来说，对他家还是比较满意的，以后有亲想喝个粥吃个小点心不妨去他家坐坐，应该不会让你失望的。\n-------------------------------\n糯米网上有老东的优惠券，凭券享受原价10元的皮蛋瘦肉粥优惠价3元还送一份盐水花生，这么好的事情我怎么能错过呢，今晚就去吃了。\n  单点皮蛋粥只要3元怕被服务员鄙视，就又加了一份点心，原本想要的椰汁糕没有了，就要了鳗鱼烧卖，结果就杯具了。\n  皮蛋粥还是一如既往的好吃，用机器熬煮，米粒已经完全看不见了，皮蛋的量很多，肉丝都是精肉，入口即化，香气袭人。3元就可以享用这样一碗皮蛋瘦肉粥真是美哉妙哉。送的盐水花生也不含糊，份量也出乎我意料的足，我吃了很多，还是剩下了些。\n  另点的鳗鱼烧卖就糟糕了，神马鳗鱼烧卖啊，只是名字取得好听罢了，实际上就只有最上面很小一块鳗鱼，味道都没尝出来就没了，烧卖的皮子也怪怪的不好嚼，里面的肉也是硬邦邦的，都结块了，吃不出是什么肉，就这么四个要18米，纯粹是坑爹啊。\n 去他们家还是 点个粥 加个甜点好了，双皮奶、银耳羹什么的还能吃吃，其他名字取得很精贵的食物都会让你失望的"
39342,是无烟餐厅，可是我一进门就闻到了烟的味道。除此之外，其他都挺好的~\n饭菜的味道还可以，干果零食也比较多。\n服务员都很热情~
39357,我最喜欢吃沙拉 我很满意 披萨口味也不错 总体来说是相当不错的 环境也好 服务态度什么都挺好的 嘿嘿 下次有时间还是会回顾的 我还会推荐给朋友的
39361,饺子馅儿大皮儿薄。\n室内八张四人桌。\n饺子要了羊肉大葱的，一两5个，4元钱。\n没有什么好也没有什么不好，就中关村这边来说，要吃饺子还是到这里比较好。反正我在中关村要是想吃饺子就去这里。
39366,我外婆家就在昌里路这边的上南三村 所以那边是我从小光到大的地方 现在的浦东商场以前是叫三钢商店的 从洪山路这里一直到长清路这段是非常热闹的 ，马路边上的商店 地摊 各种各样的小吃 烧烤 麻辣烫 奶茶 真是应有尽有啊，而且人也是非常多 逢年过节那真是人山人海 最能体现过节的气氛了可惜现在由于世博的关系都没什么地摊了 只有一排排整齐的店面 再也找不到往日的夜市风景线了
39369,2元的价格实在公道\n比我家那边的便宜\n买上2个 边走边吃\n外皮很酥 一碰就掉皮儿\n金黄的金黄的 油汪汪的\n看着就有食欲\n馅料混上了花椒粉 吃起来麻香的\n牛肉馅的很好吃 不是很咸
39380,这几天不知道为什么就特别喜欢吃辣的，本来今天晚饭已经在万达的一楼麦当劳吃好了，但是兜伐兜伐兜到它家，看到里面环境蛮有特色，都是木制的黑色长板凳，而且晚餐时间里面人气也挺旺的，就进去随便再吃点。 \n一进去，就马上感觉服务很热情，这点不错。\n由于我和朋友就两个人，所以也只点了一个18元的辣妹子特色夫妻肺片和8元的龙抄手。。。\n其实我心里是这样想的，既然是说成都名小吃，那这两样要是做的好吃就很能说明水准了。\n果然没有失望，夫妻肺片量不多，但够麻辣，吃的我真开心哝！！！至于龙抄手，其实就是馄饨或者更准确说就是鲜肉云吞，汤底不错，口感很清淡，配合夫妻肺片这样辣的菜吃正好！\n另外，感觉它家其他的东西也都很便宜的，下次如果机会再尝尝其他的好了！
39383,今天吃的，点了六个菜一瓶红酒。服务员服务很好，时不时帮你换骨碟，倒酒。菜的味道也不错，马来风味的，推荐金香酱炒蟹。
39387,最近经常去kkmall踩点，这家新开的星巴克让给人的双重感觉很明显。\n产品不做评价\n正面的： 门店的装修是sb去年开始采取的粗犷型，也就是派克市场的风格。这是我本人非常非常喜欢的范儿。\n侧面的：去的时候门店的生意很好，也因此感觉不到员工的服务与热情。有一点一直在琢磨，为什么sb选在了kk mall的这个位置。\n负面的：整个店面的混响回声特别大，一进去就仿佛置身于仓库般吵闹。
39395,这个地图的地方标错了呢- -\n学校对面的赛百味刚开的时候都没有什么人呢。。如今人多了。\n每天的15元优惠永远是卖的最快的。。可以经常盯着一点维络城。会有买赠活动。
39403,同学在那办了张会员卡，挺好看的，全黑上面有个皇冠。\n蛮喜欢他5层（貌似是5层，我也记不清了）大厅的沙发，个人感觉包间太小，麦克风只有两个，根本不够，点歌系统有够失败，有歌却找不到歌星，必须用拼音找，空调也很失败，夏天在里面怎么调都降不下温，门旁的服务呼叫，总是自己亮，服务员来，总说没事别瞎摁。隔音不好，总能听见对门的大妈唱青藏高原这类歌。每次去自助餐都是剩的，没盛两下，服务员就催着要收，打水时，服务员会突然很闲的盯着你。
39433,昨天中午跑去那里吃饭\n吃了一肚子气回来\n其他的菜味道都一般，就汤的味道还不错\n当时定位的时候要定包间，服务员直接说没有，后来去楼上看好几个包间都是空的。\n茶水也不倒，都不问要不要茶水的，直接就把茶杯都收走了\n菜上来不到十几分钟，服务员就在那说你们还要加米饭的加菜的赶紧了，等会饭菜都没有了，这饭还刚刚吃，就说没米饭了，什么饭店啊\n不到一点半，一大帮工作人员刷刷的拿着饭盒端着饭菜从厨房出来坐到大厅的角落吃饭去了。。。服务员也不理人了。。。\n点的汤，半天都没人拿碗过来盛汤的，叫人都不理的\n那个服务态度真叫一个差劲啊\n菜的味道也不好\n下次再也不会去了\n看到这个贴的人可别说我，这是真实感受。
39435,奶奶生日，味道不错，服务态度好，有很大的草坪。绿化非常好\n地理环境优雅，就是交通部怎么便利，10号线出来或走或打车\n10月份弟弟的哥哥要在那里结婚，值得期待
39481,"我不知道,是不是我想点评的那家店,因为火车站附近,KFC实在太多了,我说的,是新亚大包旁边的那家,对面有四海游龙的那家;\n一次去买甜筒,居然要4元一个,就算在南京路,也只有3元,这里怎么会4元了,问了服务员,干脆的回答你说,我们这里是高价餐厅,这也是理由?\n众所周知,KFC是个国际化的连锁餐厅,连价格都要搞特殊化,而且是在火车站这里,实在是有点欺骗外地人的嫌疑,不厚道"
39505,去京客隆的时候发现的！栗子十元一斤，味道相对来讲八错了！同时还有其它些坚果，杏干很是稀饭！只是瓜子不是很香，觉得差点意思！总体还很好啦！
39506,因为在溜冰场旁边，整个餐馆的环境比较嘈杂，而且店面不大，想找个安静的角落边吃边聊还真不太可能。\n  上菜的速度真的很慢，我隔壁桌的点了个炒饭不仅上得慢还弄错了，搞得那个女的的心情糟的很。\n  我的朋友点了个鸡蛋布丁，那东西在餐牌上还挺好看，一上桌就完全不是那个样了，像一块快融掉的冰一样，炖蛋不像炖蛋，味道还没有布丁味。所以我朋友说“没吃过这么难吃的布丁”。\n  我们的结论是——如果以后行过，都唔想再来第二次。\nPS：服务员的态度还挺好，不过就是动作慢了点。
39510,人气很高的汤包店~~5块钱一笼，8个汁水多多的汤包，现在这样的世道，显得好合算啊~~~胃口不大的小姑娘这样就可以解决一顿中饭了呢~~
39535,天太冷，要了一个砂锅豆腐，叫砂锅白水还差不多。锅贴等了半天，还算可以。最可气的就是餐具，很脏，叫老板过来看，她告诉我自己擦擦吧，有这样的吗？
39539,话说ONLY比新东方便宜很多啊\n一般听力老师比较会调动气氛，口语标准。阅读老师嘛，就。。。\n不过也有例外刘丹就很好，很搞笑的，WOW
39544,"送的婚房,当初决定在这里办婚宴就是觉得交通方便,对面就是日月光广场和田子坊\n天诚是锦江集团的下属酒店,虽然设施有些旧但维护的不错,装修的格调还是不错的\n房间也比较大,在这地段性价比挺高的"
39565,"私房菜.\n因为在住宅区里开餐厅,或多或少印象到邻居,墙壁上电梯里写的话有些难听.\n适合部门或小团体聚餐.\n菜品没有特别大的挑选,主人做什么我们吃什么,吃的也是个自由随意.\n吃完了可以在房间里随便嬉笑走动,挺好."
39567,这里最好吃的不仅是玉兰饼，一大包肉和汤汁，生煎馒头也很好吃，各有各的好，配上一碗酸辣汤，就是常常要排队，但是真的很好吃，真是人间美味啊
39574,"年初三沒事, 開車行大運。沒有目的地, 隨意走走。\n              \n途經江門禮東美食街, 看到農莊飯店不少。\n              \n隨意進了和苑美食坊。主打農家菜, 新鮮的魚、雞、鵝、鴨和鴿。\n              \n幾個地下的大魚池, 有鴨嘴魚、鯇魚等等。當然吃鴨嘴魚了, 鴨嘴魚肉滑甜美, 而且全都是軟骨, 全魚可吃。特別是魚頭, 魚骨爽脆, 十分好吃。三十多元一斤, 每條三至五左右。這家是清湯火鍋上, 如果用粥水火鍋, 更美味嫩滑。\n              \n這家是用炭爐打火鍋, 特別適合當天氣溫只有三四度的天氣。\n              \n還點了半隻炆鵝, 鵝比較大隻, 半隻份量也不少。味道比較清, 不會太濃味, 不錯。因為是用炭爐, 火力不好控制, 越吃味越濃, 正好最後煮菜。\n              \n鹽油飯, 一小煲大約三碗左右, 味道很好。火候控制得很好, 略帶金黃色的鍋巴。\n              \n農莊飯店, 環境當然不錯。遠離巿區, 綠樹環繞, 附近沒有其他建築物。戶外還有一片地方設有不少露天位。旁邊是一大片水池, 看來, 夏天來吃飯也不錯。\n              \n服務員好像都是本地人, 服務態度不錯。\n              \n生意不錯, 人氣不弱。\n              \n門口有停車場, 停車很方便。"
39591,看了点评网上的评价去的。\n以前也经常路过，但昨天还是第一次去。\n店名字叫“小院”，原来进来店门之后，真的是有一个露天小院。现在在露天小院里吃火锅还可以，不冷了，估计冬天的时候就不行了。\n服务真是热情洋溢啊，但着实有些过份了：我们两个人，刚坐下翻开菜单的第一页，服务员就开始推荐菜了（推荐的都是最贵的），没过一分钟又来了一位穿黑衣服的（可能是领班一类的）服务员也推荐上了，两个人一起推荐，真够烦的。终于忍不了了就对穿黑衣服的说：“我们自己看吧”。 这样，穿黑衣服的才恋恋不舍地离开。然后剩下写菜单的服务员又开始推荐上了，而且还很不合实际地推荐，我们只有两个人，推荐给我们的都是这个拼盘，那个拼盘的。拼盘的菜量都比普通盘的量要大，当然价格也就更高了，我们就两个人，怎么可能吃得了呢？ 商家这样的经营着实不敢恭维。\n点了两盘最贵的肉：羊瓜条和上脑，都是比较瘦的肉，没有什么特别出众的，普普通通了。\n虾滑还不错吧。\n鲜鸭血也可以，挺嫩的。\n小烧饼一般，还特别小。\n还有烤羊肉串，还可以。\n铜锅的火挺冲的。\n现在打78折，不包括酒水和凉菜。我们两个人打完78折，花了124元。
39597,姥姥在这儿扎针治疗，\n一般的普通病房，2人一间，\n有彩电和空调，窗户挺大，挺舒服的\n护士还算温和，\n就是在一个小胡同里，停车不太方便，\n坐车下了车还得走挺远，\n能看见4中的天文台，\n全是老年人..
39608,这是公司宴请客户最常来的饭店了。鱼翅也是整个苏州最好吃的。装修挺中式，不算豪华，但是符合苏州的小家碧玉形象。龙虾也非提不可，泡饭做的真是棒。想想都流口水。
39615,刚开业满100送50的券，现在是全单68折。两次点的都是梭边鱼，78一锅好像是，大约2斤的鱼，还有四种配菜，挺值的。
39618,好多年前请在地税的同学吃饭，附近就看到了这家，还要自己点菜，没菜单的，味道很一般，价钱还挺贵，看别人点评说和大宅门有一拼，觉得环境差远了吧
39623,名字记不清了，不是很常去。\n蛋糕我喜欢那个四方形，白色的，好像12块钱，不是很甜，但是和其他蛋糕比，性价比蛮高的。\n面包，喜欢那个上面有黄色酱的，柠檬还是橙味的，酸酸甜甜的，超好吃。5块钱吧
39647,结婚找酒店可真是件头痛的事情，既要符合心理价位，场面上还要过得去，品牌要有星级保障。虹桥这带找了几家都没能非常满意。听朋友说他的朋友今年10月份结婚定在君丽，三楼的“歌剧院”超赞。全上海唯一的剧场式的宴会厅。周末去看了场地，震撼了，有种达人秀的感觉哦。我们21桌，楼下放15桌，楼上放6桌。站在场地中央幻想着婚礼上台上台下楼上楼下的互动，哎呦喂，我是婚礼达人了，这下不要拉风死的啊。见过了千篇一律的婚礼，哈哈，我这个达人婚礼肯定叫来参加的宾客们弹眼落睛。新开的酒店四星级的，硬件没话说，服务又贴心，真心赞啊。10月份先去朋友的婚礼现场看看哪能弄，取取经。君丽哦，真的和别的酒店有不一样的地方，像我这样的刁民都觉得满意，定在这里结婚，^_^ ，太开心了。
39657,和朋友约了在这里看《变形金刚3》。这里感觉和虹口的星美国际影院一样，一整栋楼都是影院，相信是以前这里应该是工人俱乐部。\n电影院的大厅也算很大了，售票厅在大厅的左手边，一共有3个窗口，不过在休息日这样的人流量比较大的日子里，他们也只开了一个窗口而已。而售票窗口边的电子取票机器也排着长队，说明现在人么大多已经习惯在网络上订票了。\n天山影院的电影厅也分为好几层，最大的一号厅在一楼，不过现在因为整修空调，一号厅暂时不开放。\n我们看的《变形金刚3》在3楼的4号厅反映，这个厅有点小，屏幕也就不是很大了，所以对于看像《变3》这样3D、高视觉强度的大片，视觉感上稍许有些欠缺。\n在天山电影院现在看3D影片，现在还需要先窗口花100元换一张押金单子，然后再在每层的影厅前用押金单换取3D眼镜，看完了之后再反过来重复一边，多少觉得有些麻烦。
39669,自制酸奶有点酸 呵呵可能喝不惯吧 羊肉串是那种很大串的 吃起来感觉超级爽 去吃的人也很多 经常需要等位才能去吃
39705,离家最近的周黑鸭分店，东西很新鲜，都是当天的。比翠微华联的东西新鲜，而且不会改包装盒的日期(翠微华联那家会在包装盒上改日期，我同学见过）\n经常来
39732,用点评券去的，选的鸳鸯锅，喜欢辣的，清汤还可以喝，两全其美\n最喜欢小肥羊的芝麻火烧，要的普通的和油炸的，要趁热吃哦，冷了就不好吃了\n最喜欢手切羊肉，有嚼头，大口喝酒大口吃肉的畅快啊，蔬菜拼还可以吧\n麻酱小料也很给力
39735,以前是叫苹果园，现在统一风格，叫苹果花园了，离吉买盛超市近，每次逛好后，都会停下来坐一会。东西品种很多，可以选择不同口味的面包。
39738,"晚上经过店门口看到里面大大的屏幕放着live show, 柔柔的光照在窗边的沙发上~就不由自主的和朋友进去了~\n没有吃东西~不过看了菜单是以意式简餐为主~联想到店名中的意大利文BELLO是帅哥的意思~环顾了下店里的工作人员~果然在吧台里发现了帅哥~嘻嘻~\n和朋友点了两杯鸡尾酒~我的最爱Mojito~不负我望~味道不输五星级酒店和外滩边的酒吧~\n不过可能是新开的关系~以前进过没有发现过~所以没什么人气~不过正好是个可以和朋友聊聊天的地方~\n很棒~"
39745,几个朋友一起去的，要的是两打啤酒，那种小玻璃瓶的，因为是男士买的单，我也不知道多少钱。外面是静吧，大家可以聊聊天，打开另一扇门里面就是闹吧了，有唱歌跳舞的，我们参加了一个踢毽游戏还赢取了一件礼品。
39765,今天同学带我去吃的，我要的土鸡的　她要的鳝鱼的\n感觉还挺好的　不知道米线为什么事发红色的\n汤也挺好喝　要是种类再多点就更好了呢　你说是吧～哈哈
39788,这里为什么一直都是人山人海呢 其实也就是KFC旗下的嘛 快餐有啥好吃的 但是就是每次人多的来 反正我是不喜欢吃这种快餐的 上次姐姐带我去吃过一次 真的很一般般 随便吃吃吧~
39796,非常美！好喜欢！看朋友在那拍摄的婚纱照才知道有这么一个地方！开始还以为是朝阳公园！\n宫廷的感觉、很有气势、等我上照片和大家分享啊！那酒窖进去好像时光穿梭到了英式宫廷
39799,就这水平而已，比很多老字号好不了多少，价格确实人家的3倍！一碗平平无奇的小馄饨卖9元，发神经啊！\n顾客大多是医院出来用餐的父母带孩子，或老人。\n靠近医院，感觉总不太好，新华医院里出来的从各地看病者有很多在这里吃饭的，好像细菌到处都是……\n从来都不太喜欢台湾人的东西，尤其那些仗着地段好的“永和”，新华医院门口这家，和西藏路延安路那家，都品质很次，消费很贵，台湾人素质更差！
39827,一个很不错的地主了哦。来这里的时候心情会变得很好的，虽说我也就只是在无意中看到了这里，但是就是很喜欢这里，虽说我只是到这里去了一次，但是还是很喜欢这里。虽说这里面不是很大，但是那么一次我却是真有在里面玩了很久的哦。\n这里是一个很不错的地方，反正我是这样认为的哟。有些人在那里放风筝！而且还有很多小朋友在上面玩、、看着他们玩乐就想到了以前小的时候，真的是很开心的哦。如果可以选择，我才不要长大呢， 但是我知道这只是我自己的逃避，只是自己不够坚强而已。\n夏天到这里来玩还是蛮不错的嘛，可以很好的乘凉呢。呵呵、、、但是就那一次后，我就没有到这里去过了，呵呵
39833,同学聚会，订的包间。菜水吧中规中矩，量也不是很大。包间很宽敞，就是过了九点，服务员就进来收盘子，一直在旁边守着。一副要赶人走的样子，很不舒服。
39842,中午和同事去喝粥，维络城的优惠，点大锅粥才能享受，也不给积分。点了小鲍鱼干贝粥，小鲍鱼单买是18元一个，比厦门的小眼镜大排档贵一半，个头是小眼镜的一半。同事点了基围虾干贝粥，比我的鲜，内容也多。
39857,上来写点评才知道这家店居然是I DO的旗舰店了\n店面有两层，门口有好几个营业员迎在门口\n进门我说想看看吊坠或耳环\n结果直接迎我上二楼了\n因为一楼全是卖结婚对戒咯这种的\n去了二楼，没看到LP心仪的东西\n因为他家铂金吊坠只有一款，其他都是K金的，K金的不考虑\n然后看到有人在看裸钻的\n然后我们也迎上去看了看\n发现钻石真的涨了好多好多。。。\nK色SI2净度3EX切工的都要7万多了。。。哎
39862,每天早上在哪儿买早饭等公车的说！其他就没啥说的了 天天早上都是包子加豆浆\n每天早上在哪儿买早饭等公车的说！其他就没啥说的了 天天早上都是包子加豆浆
39905,入夜，酒精的作用已经让我记不起太原街的潮汇在什么地方\n还笑呵呵得告诉司机我没去过，你载我到潮汇附近，海底捞还是海里捞我自己找\n嗖嗖的冷风吹过，酒劲稍稍减退，哦，记起来了 笑笑居酒屋\n卖场已经打烊，侧面的门 直梯到顶 海底捞的小伙儿笑脸相迎\n听说我找人，和我说，您直接进去找吧，现在剩下没几桌了\n走进一瞧，小伙儿你就谦虚吧，是没空几桌吧 \n入席，火锅配红酒\n服务生忙前忙后，又是毛巾擦手，又是倒酸梅汤\n价格决定着服务，上上个公司的BOSS常说，羊毛出在羊身上^_^
39906,"上周刚去过,本以为去晚了会没有位置,不过来好.到我们吃完还有几桌空着呢.\n环境很一般,像是七八十年代小饭馆的感觉.\n狮子头挺大的一个,肉质比较松,儿子不怎么喜欢.猪爪9元半个,点了三个半个的,结果上来好大的一盆,原来半个也斩成了两块炸的.肉很酥很香,就是吃不了多少.有点油腻.椒盐茶树菇很好吃,估计是拌好调料再炸的,香香脆脆的,这个全被消灭了.鱼唇烧鱼泡有点咸,鱼唇没多少好肉,鱼泡有些硬,色面也不怎么样.黏乎的,不推荐.螺丝很入味.\n农家大杂烩很大的一盆,汤很鲜,里面料很多.三个人也没吃掉多少,后来都打包带回家了.\n应该说这家店的菜还是不错的,价廉物美量又足,就是之前点的两个冷菜有点闹心.一个金针菇拌荷兰豆,没什么滋味.另一个猪鼻冲,从里面挑出两小粒黑色椭圆的东西.厨房说是花椒子.我看着怎么也不像呢.有些郁闷了."
39935,第一食品商店内开放式的小吃，有小杨生煎 盛记锅贴 无锡汤包 还有粉丝汤等。自己吃哪家几两自助拿牌子然后去收银结账。人永远很多，上周跟老妈逛商场累了就想随便吃点，生煎锅贴汤包都买了。感觉还是汤包最好吃，典型的无锡口味很甜我喜欢，小杨生煎真是太失望了。牌子都做坍掉了，汤不鲜肉是松的没口感都是肥肉多吧，还是锅贴稍微好点。诶  怀念以前的吴江路小杨生煎啊。
39940,这家店的名字还有菜名都蛮好玩的，尤其是在弘基那么多店不好选择的时候，来一句“就这家了！”\n还有菜名也是，什么刘备张飞的全出来了，比远处那家号称风波庄的武侠餐厅要用心多了，去风波庄的时候，我问他们怎么菜名这么普通的，他们很不以为然，既然不以为然，你搞什么武侠主题嘛。\n以上是优点。也只有这些噱头优点。\n别的，菜一般，价不便宜。。。。
39975,有几个味道还是不错的，披萨除了上面菜料比较少之外，芝士还不少呢，大部分的一般般，因为也就这个价吧，服务员使劲给你塞土豆、过了很厚面粉的洋葱圈，要叫他给你好东西却很难叫到他。。。大家一定要有魄力，努力争取自己要吃的！少吃点他那些容易撑饱肚子的菜！其实有些还是蛮好吃的，如果能盯着自己喜欢吃的吃很多，这价就真的值回来了，毕竟还算便宜的
39978,平时这里还是算有点小贵的。自从推出午市套餐后这里就成为了我们食堂。毕竟在中山公园这种地方吃中饭，随随便便都得二三十块了。\n中午套餐里的烤鱼、紫苏鱼汤、水库青鱼都满好的。配菜味道也还不错的。就是中午等待的时间会比较长。不过还有有免费的小食可以拿。虽然菜量不算多，不过我们因为都是女孩子，三四个人吃也刚刚好差不多。还是挺划算的。
39979,北京攻略，以前去，现在去西单一般都去中友和君太。去华威都绕着北京攻略走。不喜欢各家的导购，一个个打扮的像坐台小姐，狗眼看人，不喜欢和她们说话，你要是砍价她们就斜眼看你。一直想和不同她们不热情卖货，天天化得像鬼一样，尤其夏天，穿那么少跟不穿衣服没什么区别。她们靠什么挣钱？家家都说自己的衣服是瑞丽上的，开价很贵，质量就那么回事。现在去的估计都是年轻的90后，我们80一代早不追那时髦了。。。
39995,越来越差，据说快被法老王兼并了，从最初的大红大紫，到现在至少我是很少光顾，说明徐州在发展，徐州人的口味也越来越调，二线品牌也越来越不好糊弄徐州人了
40015,昨天一帮朋友去聚会，上午提前订了位子。晚上有的人到的有点晚了，位子也一直给留着，还给我打过电话，还不错。\n味道比想象的好，凉菜很不错，凉粉的味道让同行的几个四川朋友都觉得很赞。\n肉还挺多的，质量也还好。篦子很容易粘东西，不过只要你叫服务员，基本上都能马上给你换。\n饮料选择挺好，也不山寨。啤酒是雪花，比较淡。\n总之是个不错的聚会的地方，只可惜没有大桌子。
40021,中午有套餐，单点一个主食后再点份蔬菜沙拉+蔬菜汤只要5元，性价比很高呀，主要是这个蔬菜沙拉很好吃哦，那个酱汁不错，蔬菜也蛮新鲜滴，主食也不错，胜在性价比高，呵呵中午饭随便吃吃还不错
40036,中式点心居多嘛，小笼汤汁挺多的，不过不失的口味。葱油拌面么我嫌葱不够焦香。黄金猪排有点老，不够厚不够水嫩，我好像要求太高了。其实还是能随便吃吃的。\n进门没人理睬，不过就餐中的服务还行。
40047,以前和朋友们聚会首选之地。唱累了在这里吃完接着唱，呵呵。环境还不错，曲目更新也还蛮快的。服务OK。地理位置坐公交是不太方便啦。
40088,【霸气的羊肉串】\n到了云南路地界，直奔这家，顿时被门口的×××镇住了，霸气。\n点小况要了10串，正好是前一波卖光，后一波开始的时候，也就是排在第一了。\n顿时一股油烟起……扑鼻而来的肉串美味。。。倘不劳的感觉，就是附近居民估计是熏大的。\n大概10来分钟，2.5米左右的肉串架上的肉串都ok了，天气冷，这玩意儿冷了快，得趁热吃，点小况说不比以前好吃了，我没有吃过之前的，所以也评论不出，但从这一口下去，我觉得一般般。可能是最近家里羊肉吃多了缘故，感觉味道还是有点不同的。
40116,饭店的装修很吸引人，天天人都很多，去过一次，那面真的太普通了，普通的不能再普通了，不过华苑缺饭店，人们不大挑味道好不好
40134,枣对女人还是很有好处的，以前老妈就经常让吃，养成习惯了，这家的枣还不错，过节回家也会给老妈带好几包回去，果然还是挺多的。
40145,开车到平谷玩，沿着山路开了好几个小时，终于找到个吃饭的地方，就是这里，乐和。这里环境还不错，风景秀丽，小院落装修的也还挺有情调，特别是院内两颗超级大的核桃树，阴凉遍地，很诱人。只在这里吃了饭，没有住宿，但是有机会一定会来，这里有标间，和大炕，但是大炕是两间房一个独院，要500，标间120，看了看，还不错。饭饭很好吃，尤其是猪棒骨，和一锅出，疙瘩汤，受到全家的好评。
40148,连接杨浦和张江的一条线路，但是每次坐车都是人超多，而且每次都要等上好长的时间，希望能够缩短间隔时间。
40163,可能是旅游景区的关系，上菜速度十足的慢。服务员的态度自然也很冷淡。上来的汤面是温的，煎饺还可以，吃得出是刚煎完的。
40166,服务太差，跟她商量换个手拎的纸袋，硬说是规定的不行，一副爱理不理的。集点的章也没贴，可她说已经贴过了，也不想跟她多争了。
40172,以前很喜欢他家一种泡芙似的产品，在我眼中是集全椒江面包店之精华。后来开着开着就不做了，真是伤心。偶尔去，没什么购买的欲望
40181,吃过宫保鸡丁和红烧肉的盖饭。味道倒是可以，就是里面的材料比较少，尤其是宫保鸡丁，里面的鸡肉很少，而且里面的汁比较甜，感觉不太像宫保鸡丁，不过红烧肉倒是还可以
40194,"路过龙之梦,然后就顺便在那里找地方吃午饭了,点了个带培根的意面,那个培根肥的哟,叫来服务员一开始态度还很不好,后来叫了经理来竟然说进货就是这样,说'要么给你再来一份,不过肉还是这样的',nnd怒了，最后给打了个小折，反正是不打算再去这家店了"
40195,中午去，有优惠。吃的种类很少。烧烤档永远要等很长时间，以至于我怀疑是去现买了。。。刺身什么的中午基本看不到。热菜么，随便吃吃还可以。蛋糕味道一般。冰激凌不好吃。水果还算新鲜。有点心，但是种类很少。总之性价比真的不高。环境是不错的，服务基本也没有。换盘子也要叫的。
40196,東西還是可以的。\n昨天入了個皮夾。打對折。\n原價230左右。\n對着就115嗎\n可以最後服務員說：袋子要發。。1個大洋。。\n擦！！！！！！！！！！你們有毛病的要麼。從來没有在ca和hm遇到過這種情況。
40206,真是有史以来最恶劣的就餐体验！在该店就餐，饺子馅里竟然暗藏骨头，把牙硌掉了一块。无良商家坚称菜品没有任何问题，拒绝赔偿，态度极其恶劣，完全不顾及消费者的感受，这样的奸商要坚决抵制！！！\n为什么最差也要有一颗星？他们家应该是零颗星！！！
40208,稻香村现在也有储值卡，拿着卡买东西很方便，省得角分的倒腾。\n买了果酱盒、松仁蛋糕、拿破仑、早餐饼共7块，才11.09元，便宜。问了服务员，拿破仑的奶油是不是天然的乳脂奶油，支支吾吾的说是，不过价格这么便宜，很怕是植物氢化油啊。\n叉烧肉、素丸子、还有带筋的排骨都很不错，尤其是叉烧肉，喜欢啊。
40238,去过两次了，都是中午去的，去的比较早，人不是很多，但出来的时候发现人满了，看来还是比较受欢迎的，家里人感觉都不错，汤真的是很好喝很美味啊，服务态度也很好，以后还会去的。鸡肉嫩嫩的，超好吃，最喜欢金针菇。
40244,家里没饭吃的时候就叫外卖，速度超快，东西么就是那个味道，订餐的菜单和餐厅的菜单差了好多，很多想吃的都没有，以前有一个黄桃色拉都是黄桃的现在也没有了。叫外卖也只是图方便而已，从下单到到货好像30分钟也不到，可能家离的特别近，看到上面“浪漫心动”说得，老板把卖不掉的大饼宁愿冷掉放着也不给他们吃，有点后怕，难道我们花钱买的都是隔夜的？难怪速度那么快啊，真可怕，以后不吃了
40250,在学校周围开的店\n以前馋肉的时候都去的牡丹园店\n算是近了吧\n但是菜式ms少了点\n自助也都那样没什么说的\n去的时候是刚开业 服务员态度都很好\n不知道现在怎么样了
40302,总体还凑合，面包看起来都很有食欲，但好吃的就几个，模仿的痕迹重，但做不出精髓。\n 比较喜欢清淡一点的面包，他家的普遍甜腻，黑谷物核果和那个咖啡的面包还凑合，蔓越莓松饼感觉没熟似的，有点生面的味道。
40304,这里人一直很多，，价格么，，也有一点点小贵，一般都是一碗面或者一份饭二三十的样子\n一些小食味道还是不错的，推荐金针菇牛肉卷，不过有一点点咸~
40313,家里的家具基本都是这里买的 从贵到便宜的都有 我觉得还是买实木的比较好 耐用结实 常擦会越来越亮 这里必需要还价。
40322,跟朋友来的，看大家评论游泳池，健身什么的满多的，我就不多评论了。\n说说它家的SPA服务吧。\n一开始服务还满好的，帮你泡脚，洗脚，什么的。貌似这个是不管你做什么服务都送的。我们选的是精油肩颈按摩，貌似45分钟，280块（这个价格贵的），之后带去给房间，脸朝下躺的时候，会熏个精油灯在下面这个不错的。旁边还有玫瑰花瓣，帮我做按摩的没给我放。然后按摩师会先给你开背。给我做按摩的中年妇女，大概给男的按惯了，下手好重，痛死我了，说了几次，都还是那样，算了，自认了。过了一会，用个仪器给我按摩，这个很舒服啊。期间给偶朋友按摩的那个反正就说偶朋友身体这个不好，那个不好，建议刮痧，以后长期按摩什么的，也不知道是不是真的。反正也就听听吧。悲剧后来开始了，给我按的女的按我的颈部疼的要死，我实在受不了了，叫了几次，说算了不要按了，我说拜托你不要按了，按摩师貌似不高兴了，说我痛是因为颈椎有病，经络堵住了，我再不要按，更加不好，还说我的已经突出了，要去看医生了。（我懒得争辩，明明是你自己手法一塌糊涂，没有一个按在穴位上，在我骨头上按，还这么死命，我能不疼吗？不要你按，还是是我颈椎的毛病，按摩这么多地方了，头一次被颈部被按的疼的要昏过去，为了不必要的矛盾，我只让她不要按了，真不知道谁是享受的，我还得看她的脸色，听她的调头）之后说给那么给我按头吧，一般按头是最享受的，但是偶又是一阵受罪。。终于45分钟结束了，他们还给多按了5分钟。结束以后他们出去了，我跟朋友说，再让他按下去，我要提早见上帝了。。。\n实话实说，我朋友对他那个按摩师评价还是不错的，说很舒服。我对我这个按摩师，只能说，她很卖力，不知道平时是不是按惯胖子跟男人了，按的我很痛苦，感觉用力非常大，而且最难受的是都不在穴位上，按摩这种东西有个好的按摩师最重要了，无关店名的，总之以后都不会去那里做什么SPA了，痛死我了。非常恐怖的一次经历。
40323,这间店去过两次，觉得经济实惠。两次都点了莲藕肉饼，几香脆。铁板黑椒牛仔骨，都几好。芥兰炒老娘叉烧就不行，菜吃完，叉烧不好吃。
40355,价格贵，味道一般。鲫鱼羊汤味道有点怪，喝几口就喝不下去了。红烧羊肉味道还是不错的，不过量太少了，总体感觉有点失望
40367,说实话，去这家店吃火锅，都是因为看见外面很多人排队，路过的时候总是有股香味传出来，原本以为会很好吃，但是吃过之后，觉得味道确实很一般，没有前面那家胖子火锅味道好，服务还行，到现在都没有想明白为什么这么多人还排队去吃。
40372,参加的琥珀网的活动，体验回来汇报下。 \n 他家在华旭大厦的5楼，把一个楼面都包下来了，纯白色的装修，让人觉得很舒服。有会议室 、休息室、 访谈室、治疗室等等功能不同的区域，美容师、医生、护士分工也都不同。前前后后大概看到20多个工作人员，约30个左右的小隔间，有一定的私密性。总之挺专业！填了资料，和我聊聊自己的皮肤状况和日常护理。\n 接着问我要喝豆浆还是玫瑰茶，我选择了豆浆。然后又带我们去吃东西，东西好好吃，品种也很多！有蛋糕，新鲜的火龙果、哈密瓜、砂糖橘，维也纳小香肠，丹麦蓝罐曲奇，饮料也是味全100%的橙汁，百事可乐这样的，总之招待的很好！\n 这次体验仪器项目可以在脸部循环更生活肤或眼部冷冻光学胶原重组里2选1，单价都要上千元一次呢！我体验的是脸部循环更生，药水喷上去感觉刺刺的，时间很短就完成了。基本就是洗脸（贝德玛的卸妆水）——冲水——敷精华（估计有什么酸，有点刺痛）——冲水——应该还有个面膜，不过这次没弄。\n和其他美容院的手法完全不同。医学美容么，在上海好像这样规模的还不多呢！\n 然后盯瞩我要连续3天多补水，不能用美白产品，要注意防晒！
40379,和朋友去过一次。还行吧。不知道为什么骨头里没有骨髓。感觉她家没有吴记好吃。唯一优点就是有锅包肉，吴记没有。
40381,以前的欧罗巴虽说比不上必胜客但是也会在价格上找齐你的落差，但是在今天这个中西简餐遍地开花的中街，欧罗巴都快成昨日黄花了吧，东西还有几个不错的，但是上的太慢了，服务也不如以前了，三催四请，都不知道谁花钱了，点了饭，上来是凉的，还不如我自己回去炒，这两次去，都因为上太慢而退了菜单，不过冰激凌和米兰鸡片还是不错的，但是下次还是不会再去了。门口买了甜筒过下瘾就拉倒了
40420,"现有推出自助火锅39元/人,每次吃完火锅出来身上就有浓浓的味道,不过里面材料选择还行,也挺新鲜的,有时要排队"
40430,朋友万里迢迢过来，一心要尝试西安的各种面食。这家店是他来到西安之后我带着吃的第一餐，但是感想就俩字-----后悔。\n肉夹馍的，馍不酥，更没有刚打出来的馍的香味，感觉就是放了一阵子的馍，里面加的肉分量也不多，干干的，吃到还有五分之一个馍的时候就没肉了，坑爹呢这是？\n腊汁肉面片，肉很少，一点都不香，肥肉很多，完全不是腊汁肉的味道，面片煮的夹生，我们尝了一下就撂下了。油泼棍棍面，面同样煮的夹生，非常非常失望。\n在骡马市那家店买的就是另一个味道，人家虽然态度一般，但是起码品质还能保持，这家店，是不是觉得自己名声在外了就可以欺客了？
40432,环境不太喜欢，感觉有点规范化，很正规的样子，不知道是不是福建那边的特色就是这个样子的。不过口味还是很赞的！\n外面看上去其实是很小的一家店铺，其实还不错吧！石参根排骨汤外形不错，挺好看的，汤也很鲜，对这个特别满意。白斩土鸭味道不错，就是吃多了感觉特别口渴。粉蒸牛肉烧的特别烂，不过。小炒豆角很一般的菜。炸茄夹比较好吃，很松脆。水果是甜橙，摆放的挺好看的。特色泡鸡爪味道确实不同，不是很辣，但是吃起来特别过瘾。
40434,"两个年轻女孩儿开的小店，店面不大却也干净整洁，其中一个是掌勺的，颇为惊叹！有商务套餐，也有下午茶，还有西式小点，一应俱全啊。简单的居家风格，墙壁贴有主人留学时的照片，随处有亲切的小饰物，就是坐下来喝一杯也倍感舒适。\n这家是较低调的店，在外面没有明显的招牌，不注意就走过了。只在店外有个小招牌和特色饮食介绍。大铁门里，是个小院子。地上铺着浅蓝色为主的地砖，养着鱼、花。有两张木桌，配着木条凳，墙上盯着木格。桌椅上方撑着伞。\n培根蛋奶面 ：据店主介绍这个是现做， 用牛奶煮的, 虽有点慢, 但保证品质。米道很奶油，比那什么Rococo的性价比高了多了。面煮的稍有点太软了，以后要问问要几分熟的哈！"
40441,离单位很近，辣的很过瘾，环境也还行，上菜稍微慢了点，但是服务还是可以的。由于个人比较偏好麻味，这的麻味很到位所以较满意。
40444,全国连锁的火锅店，味道肯定没的说。个人感觉德庄的锅底味道更浓，比较辣，但是很过瘾。不知道是不是那天顾客太多了，感觉服务没有传说中的好，不过味道确实不错。
40458,下午要赶着去上课~呆呆由于还木有吃午饭 正好就选了这家~一进去总体感觉还行~盛菜的地方还挺干净的~东西品种也挺多的呢~点了3个菜1个汤~大概30多快的样子吧~①类似于茄汁鸡柳~尝了下下味道还行哦~酸酸的 挺开胃的类~②刀豆 稍微有那么点点咸了 呆呆说比绍兴人吃的口味还中了点点~③麻婆豆腐 我木有尝 怕辣~不过看着还行吧~④乌骨鸡汤 有几块小小的鸡肉~除了稍微有点点小的腥 其他还OK~总的来说是个方便快捷的解决的地方~可能还会继续光顾的~嘿
40462,就在乐山新村的对面。离家很近，玩过好多次了，说实话里面的桌面一般般，球杆在桌球店里算很好的，不像有的店，球杆是弯的，还比较空，里面就是斯诺克的桌子很少只有2个。周末去晚了就只能打美国爆了，哈哈哈。好地方，推荐一下
40480,昨晚和朋友一起去了这里，发现新添了好几种烤鱼，本人及老公不是很能吃辣，所以，一般倾向于不辣的，这次一看加了好几种不辣的口味，就试了试“黑椒蚝油”口味的，鱼嘛，我个人比较喜欢清江鱼，所以就点了黑椒蚝油清江鱼。结果，味道很不错！强烈推荐！不喜欢辣的筒子们可以试试。小菜推荐豆皮、莴笋、海带。黄瓜蘸酱的酱巨咸，还有啥蓝莓冰豆糕，吃起来像豌豆黄
40497,以前老想考进这个学校，但没这个能耐啊\n听说进这所学校的学生都是非常非常聪明的小孩子\n \n哎，没天份啊\n不过估计读出来的都是四眼。。
40519,喜欢地质矿石的不要错过，进去参观很长知识，能看到各种各样的宝石，还有很大的恐龙化石，暑假里带小孩去参观一下，长长见识
40528,其实就是地点方便，味道什么的，也只能说一般性。性价比不高。但是外地来了朋友，带他们去陆家嘴看看，正大广场逛逛，然后就顺路在那里吃饭了。其实钱没少花，也不觉得吃得特别好。\n老鸭煲真的咸啊。。。不知道放了多少味精。。。\n蟹粉豆腐还不错，铁板牛仔骨也还说得过去。
40531,最近接到电话，说是什么《炫动卡通》频道的栏目摄制组，看了以上2位的点评，我算明白了，根本就是早教中心来骗人的。希望其他家长不要上当。\n不排斥早教，但是早教被这些乱七八糟的商家把名声给做坏了。
40567,骗子，招牌上明明写2楼哦，结果走上去发现在4楼！\n不过东西还是一贯的很好吃。去过尖沙咀啊之类的沙嗲王，每样东西味道都很不错！而且经常有新菜式。招牌的白咖喱猪扒很好吃。还有西兰花锅也不错。
40586,很喜欢他们家的生鱼片。前两天跟朋友三人一起去的时候，可惜生鱼片没了，呵呵，没办法点了鸦片鱼中份，很实惠的一家，做的也很好吃，味道不错，可惜的是：那天没用日本的梅子酒，哈哈，搭配的是韩国清酒，不过还可以，混合着黄瓜和柠檬的清香，酒还是不错的，关键是清单呢。
40588,去过两次生意很好，但上菜速度慢，人多的时候要等好久，第二次去吃感觉没有第一次好吃，份量也少了一点，口感也没有以前好吃，第二次吃的时候，感觉没有做了真正味道，味道做的不到位。
40622,老婆饼真的不错不错呢，买了一次之后就收不了手了~\n乳酪蛋糕很爱，蛋挞确实也不错~\n就是店铺小了点，有点憋屈，而且离家乐福近点就好了
40639,新年会在这里举行的，那叫一个寒呀，所有的菜上来都是冷的，弄的我们这些不喝酒的人都喝了白酒，说是暖暖身子吧，哈哈。
40648,参加一个活动，中午在那吃午餐，自助，种类很多，味道一般，比较奢华，喜欢那里的甜点，菜式很精致，鲜榨的果汁十分不错，没兑水，纯的。海鲜不错，很新鲜，适合商务宴请，冰水28一杯，哎~~~
40688,很有趣的博物馆 是之前做奥运志愿者的时候去的  不花钱 里面很多很有趣的动植物标本和造型 适合学习 适合科普 也很适合拍照游玩 一举多得的博物馆
40699,"具体的价格我忘记了，反正是用朋友的会员卡订的商务房,房间内可以上网的，但是网速比较满,而且感觉空调不是很给力的，我们是天冷的时候住的，温度打不热,虽然打了前台几次电话,工程部的态度很好，可惜解决不了问题,总体来说还可以吧~~~"
40703,偶尔会想吃煎饼，就去京客隆买一个吃，5块一个，薄脆很难吃，味道不怎么样，不过买的人还是不少，看来这种煎饼还是不行啊
40720,这家新丰就去过一次，味道和延安路那家差不多，不过还是延安路那家的好，不知道是因为习惯了在延安路吃呢 还是延安路那家本来就好些 呵呵。不过环境还是延安路那家给力些~~~
40723,N年以前和妹妹去过，的确经营人是日本人，好像听说是从意大利从师后来中国的，当时只是觉得地方有点偏，中午是29元1位的自助，真的很便宜，客人好像也还很多，但也真的只有一道荤菜，好像是煎鸡肉，有薄的披萨，味道还不错；免费的咖啡如同水一样没有味道，但真不能要求太高；和妹妹吃的很开心，那时最疯的时候曾经一晚连吃了国贸附近5家餐厅，可惜妹妹现在远在北欧，想再和她到处寻找美食的日子已经一去不返了。
40732,同学结婚就在这个酒店的仕格厅，婚房是酒店送的。酒店的位置还是比较好找的，关键停车的话就有点搞，永远显示么空车位的，事实上是有的，出去的时候还要对车牌号码的，就当是保安措施很好的写照吧。趁着时间还早就上去看了下婚房，简单的布置过了，都还不错，设备什么的也都还是比较配备齐全的，大床很舒服的，不过没好意思去躺，就是坐了坐。毕竟人家的新婚之夜呀。哈哈。酒店的婚宴菜肴量还可以，味道么不是那种价格很高东西暴难吃的那种，不过这个点心实在不怎么好吃。不过服务水平实在很差哦，我说换个骨盆，结果他就给我一个人换，其他同桌的人还是那个堆得跟山一样高的骨盆。然后到走人，还么人换的。昏迷哦，这个叫五星级一刚。
40743,听朋友介绍才知道有这么个巴城星期九生态园，很适合亲朋好友来自驾游。这里可以骑马，很不错，哈哈。水果也很新鲜，不错的农家乐
40819,这家店比来福士的那家人少多了\n但是这家店属于半露天的状态，大热天真是受不了！\n柠檬入会优多是我最近的新宠，味道不错
40850,我是听朋友推荐去的了，\n感觉还是不错的，环境\n干净整洁，服务热情周到\n随叫随到的，感觉很舒服哦，\n海鲜比较新鲜的，鱼的口味\n更好吃，偶特喜欢吃哦，价格\n有点小贵哦。
40853,经过比较nike和NB，最终还是选择了前两者。这家店的货品明显不多，基本都断码了。\n顾客超多，看中的基本没货，样式也不新。
40862,去了大约有二个礼拜了，一直没有空上来点评。\n一帮朋友一起去了，没有大桌子，就用二个桌子拼起来坐在靠窗的位置上，环境还不错，装修得挺漂亮，也很宽敞。坐在窗边晒着暖暖的太阳感觉蛮舒服的\n说实话，没有圆桌，二个长桌子拼起来搞得象长桌会议似的，不太方便。\n菜价不便宜，看菜单照片拍得倒是蛮漂亮的，点了几个菜感觉都很一般，没有什么出彩的地方\n香辣盆盆虾，一吃就知道是冻虾，不鲜的，很多头都掉下来了麻痹，味道很一般，有些失望\n水煮鱼，是鲶鱼，是活的鱼，抓出来秤份量的时候拿出来看的，可是做出来口感不太好，外面粘了太多的淀粉，已经没有鱼肉的口感了，需要改进啊\n潇湘浸腰花，腰花倒是峦嫩的，量太少\n牵肠挂肚，就是一些肠子肚子啥的，味道尚可\n麻香嫩牛肉，吃不出是牛肉，嫩倒蛮嫩的，但不香\n干煸豆王，看起来不错，我没怎么吃\n茄子煲，还可以，记不清了\n时蔬，也还过得去\n吃之前会给每人一片面包，用来吸油的，蛮新鲜的\n总的感觉很一般，菜不仅不咋的而且量还少，基本不会再去了\n服务态度还不错，给他们提了意见，他们很耐心，最后还送了水果
40865,恩，绝对是武汉经典的牛肉粉店！\n优点：\n1.居然连面里面的萝卜都这么好吃！超入味！\n2.牛肉多\n3.吃完了酣畅淋漓。\n4.营业到凌晨\n冒来过的，一定要来试哈子！
40867,气愤！！！竟然法式鸡排套餐里的鸡肉整个就是腐败变质的！端上来服务员转身就走了，我刚在切时就闻到了很浓、很难闻的味道，当时还没想到（也绝对想不到）会发生如此事件，等切完了，味道更大了。我喊服务员来，一男的来了，我说你闻闻，这能吃吗？他把那盘子就端走了，结果等了好久也不见有人来，只好又喊服务员来，那男的来了竟然说这味是正常的、是作料腌制的味，我说你们怎么处理，他说再加工一下。我的天，就这味、令人作呕的味！还再加工一下，难道再端来给我们吃吗？我这时才终于愤怒了：“这时正常的味吗？那你吃一吃，你能吃得下吗？”他转身又走了，后又来了一女的，才说对不起，可能在冰箱摆得时间长了。我说你们怎么解决，她说你们再点个餐吧，我恶心得先前吃的一点面都要突出来了，哪还敢再点了，最后只点了一碗面，匆匆走人。\n不说就餐环境、服务和食品的新鲜程度，就连最基本的安全都不能保证，还为自己狡辩，这样的店，真是无语，质量实在太差！！！
40869,来为春秋正名，没有大家说得那么恐怖。坐了两次，一次正点，一次晚一个小时，两次都没推销。感觉不错，还会再坐，毕竟价格稍微便宜。
40874,常和朋友去这家的蓝湾，个人感觉是所有蓝湾中，环境最好的一家。\n朋友也不错，不过人多的时候，就感觉跟不上了。\n食物味道不怎么样，没有什么特色，价格还高于一般茶社。
40875,每次到中华广场都经过，发现这里的点心都几贵，所以无买过包包。但一次家里人生日，因为有这里的券，所以就去定了一个芝士生日蛋糕，具体价钱不记得了，大概差不多200元吧！但真的好香芝士味！好鬼正啊！现在仍在回味呢！
40892,老牌子了，感觉最好的是以前新客站的那家，这里也不错，生煎总是大爱，老公点的冷面也浇头很多多的，小馄饨便宜又好吃，路过还是会去吃哒。
40900,世博时期消失的时候我很桑感的！！\n还好现在又回来了 哈哈\n初中时候和大家都要兜很久的说\n各种小礼品啊 笔啊 好玩儿的..\n后来才出现衣服的~\n超级便宜的-0-\n质量嘛。懂得。。\n不过偶尔还是会和妈咪去兜兜\n淘几件穿着玩儿~\n爹地每次和我说 散步去？\n就是又去昌里路了~\n我每次都要驻足在卖毛绒玩具的地方。\n爹：这么大了 还喜欢？\n。。\n爹：走啦走啦\n。。\n爹：真想要啊？\n。。\n爹：哎哎哎多少钱..\n哈哈哈每次都能得逞〉 〈\n爱昌里路！！\n标枪=u=
40912,这个是马后炮点评，怎么着也过去几个月了吧……\n第一次去是和杨明明去的，中午；第二次是和我妈来的，晚上。\n一直都想吃这个，每次坐车路过的时候都心想这个一定挺好吃的。\n结果果然挺好吃的，鱼是现杀的可以从电视屏幕里面看，端上来的时候鱼肉还会动呢。\n反正就是特好吃！我词穷！锅底也不错鱼也不错点的其他的菜啊什么的也都不错！\n就是吃到最后觉得有点儿咸了……\n以后还会去的。
40916,这家是比较大众口味的店，比较适合家庭聚餐什么的，就是有点吵，不过有单间还好，要提前预定吧。味道没有什么特别好吃，不过还行过的去，呵呵
40922,在这里  精致=超小  菜单上的图片是实物的两倍大 \n这种自助形式的小弊端就是，客人多的时候，服务员点单就容易漏点和点错。\n追加的香煎鳕鱼直到买单都没上来，要四只大虾盐烧结果上来四份龙虾慕斯。\n铁板牛肉 推荐 就是数量控制的太严格 点两份也是六粒 四份还是六粒\n盐烧三文鱼寿司 很好吃~\n大虾盐烧 推荐~\n以上三种是重复点单最多的菜品\n不爱吃生食所以刺身什么的没点 没有发言权 \n雪蟹脚不新鲜\n香煎鳕鱼 鲜虾土豆沙拉 味道也不错~\n饮品推荐鲜榨橙汁 酸梅汤
40925,一塌糊涂，不是朋友结婚，根本不知道这种性价比的地方也能是五星？？！！！ 烧味拼盘是冷的，鸡汤是淡的，龙虾是不新鲜的，明显用了一些不新鲜的和好的混在一起。。。 唉 这种婚宴丢脸啊
40930,妹妹来上海玩的时候住过这里，房间清爽温馨，感觉还不错。离三号线地铁站很近，附近也有很多公交车站头，适合来上海游玩的人居住，价格还可以，适合外出旅游居住。
40935,我和老公是在幸福视觉摄影工作室拍摄的~~\n最初了解到~幸福视觉~工作室~是因为在婚展上看到的~当是看了很多家的片片，展会上商家太多我们几乎 是进去大概不到5分钟就出来了~快结束的时候才到幸福家看看咨询，聊了大概有1个多小时吧，我和老公 就离开了，因为看了一整天的照片，没什么心情订单了~单是在展会上唯独一家映像深的就是幸福视觉了 ，我好喜欢他们家的外景衡山路和森林公园的拍摄，森林公园很大气很自然~而衡山路简单韩式，比较温 馨，两种感觉~~很符合我的要求~~\n展会结束后每天上班闲暇的时间我都在篱笆网上看各家工作室~对比这对比那的~选了几家性价比比较高的 工作室准备去考察~（其实老公展会那天就说了，要订幸福视觉拍照，老公那天一眼就相中了，可是一般 女生都比较纠结，什么都想最好的，就没有定~~）老公一开始不要去别家看的，但是怮不过我，还是和我 看了好多家~最终以性价比最高的优势定了幸福视觉拍摄~\n我们拍摄是在7月底很棒，外景地点在森林公园和衡山路，拍摄的***我当天晚上就拿到了~效率真是高呀 ~（***我都好喜欢哦，很自然，有好多抓拍的，也有正式传统的，还有好多韩式的，每种风格都有`~） 照片告诉我们，我们的选择是正确的~\n向亲们推荐哦，照片选择一定要慎重哦~~
40941,去过一次水天堂，这里不仅有茶还有热腾朕的糕点。\n  如梅花糕、海棠糕等等\n  水果可以，最喜欢的苹果、小香梨，味道不错。\n  这里的服务生倒是很热情。\n  消费并不是太高。
40990,"超市很大.一层是食品类.二层日用百货.\n商品各类丰富\n每天都有几种特价商品.例如鸡蛋.主食厨房,蔬菜.都排长队购买.\n妈妈经常早上来这里买菜.\n她说这里的菜很新鲜,而且比菜市场还便宜.\n这里停车非常方便.\n门口有很大很大的免费停车场."
40997,爸妈想来这菜吃盐焗鸡就来了 不过也是不错的 主要觉得实惠就来尝尝 停车不太好停 东西还是不错 服务员也很热情 装修别致
40999,感觉湖锦沉寂了很久，这次重装后终于有了些改变，装潢就不必说了，很是富丽堂皇，包房里有沙发，电视，每个包房外都有洗手间，设施也一应俱全。本来去的时候感觉还很好，至于什么自带酒水加收50元酒具使用费，另加10%服务费（应该都是包房的收费了）想到装修这么高档的酒店也就不再计较了。\n但是，最让人受不了的在后面，由于他为了方便包房各自打通，包房与包房之间都是用屏风隔开，我们在吃饭的时候就听到隔壁开始唱歌，带音响的，声音巨大，我们这边连说话都听不见了，唱歌的，起哄的，鼓掌的……问了才知道，湖锦居然有这样的点歌服务，付钱别人就进来唱歌，还用这么大的声音，简直像吉庆街一样，再过会居然还很多包房都开始唱，真是难以想象这是一个相对高档的餐厅所为~！\n因为我们去的晚，吃的比较久，到了晚上10点多才出来，结果居然楼梯间的灯全灭，让我们摸黑下楼，服务员还带着怨气跟我们说因为别人都下班了，所以等开不了，还要强调就他们没有下班，我靠！\n就冲这，我以后真的不想再去这家店了！
41012,很久以前去过，最近又去了一次。最喜欢那里的一点就是每一次去都不需要排队。进去直接坐下来就可以了。\n那里的驻唱老爷爷很可爱的。我想让他给我唱一首英文歌——是我从ICS里面听来的，可惜名字和歌词都忘了——我用英语形容了很久。老爷爷帮我也想了很久，但最后还是没能想起来。最后老爷爷决定帮我唱了另外一首歌。也很不错啊。爱尔兰真的是一个很重视家庭感的民族。\n二楼可以打台球，还有一个可以看英文书的地方。以后有机会找个安静的时间段去看看书，或许也不错哦。
41029,当时发的小广告一看可以送外卖就点了几样吃吃看的，当时想吃的烤鸡没货了就要了很普通的奥尔良口味的，其实很一般甚至有点难吃，但是看在送货上门的份上就算了，老板还是不错的，好像生意一直都不错，毕竟离这么远也送外卖的店不是很多的
41052,还没开业就在小区门口办了卡，但是开业后一直没去购物。为什么捏？因为我们这里没有到那里的公交车，还因为到现在也没见到一辆这家超市的班车，前不久给这家超市打个电话，问有没有到我们小区的班车？回答：有。我又问班车间隔多长时间？回答：三小时一趟。我晕~~~间隔时间这么长，反正我是不会去的了~~~那卡只好留做纪念喽~~~不过听这家工作人员说，班车的车次可能要改了，还不知怎么改呢~~~好在我们小区门口经常有乐购、家乐福、易初莲花的购物车~~~也就无所谓啦~~~
41068,给一个朋友送行的，选了这家牛排，不知道是我要求太高了还是怎么滴，牛排估计厨师也分不清楚几分熟，味道一般。。肉很硬，，自助的这块真的太差了。。。没什么菜。。炒面居然还那么多人吃。。甜点也不行，水果就几样。。。西瓜上的倒很勤快，现磨咖啡也没喝到。。总之吃牛排还是不要涂便宜，，
41070,很失望！以前对川菜印象深刻就是因为十年前的菜根香，今天中午彻底否定！服务员象算盘，拨一下动一下。。。
41071,慕名前去 坐了将近两小时的车 最后感觉很一般 冷冷清清～是我休息肚子两小时后吃的第二家 面和紫菜叉烧卤蛋似乎每家都一样 也就汤的区别～单尝了一口 腻 恶心…整体吃来还行 送了一个煮鸡蛋 日本拉面怎么这么像方便面呢？…店家厨师原来都不是日本人～比较失望…还这么贵！
41085,在这家店买的WII 买的时候花好稻好 跟你说 我们比外面的贵是有原因的 我们的东西比别人好 \n我们原来想买光盘版的 价格还稍微便宜一点 店家强烈推荐你买硬盘版的 跟你说 以后你来拷贝游戏啊什么的都是免费的 拿着他们的会员卡 到所有门店都可以免费拷游戏的 特别是因为我们的徐汇店买的 以后只要来 就可以随时拷贝游戏。\n等我们真正拿着硬盘过去的时候，一个乡下男人眼无子翻伐翻伐的跟我们说“谁说我们可以给你拷游戏的，我们从来就不提供此类服务，之前答应你的那个人属于个人行为，跟我们公司没关系”。\n尼玛东西卖出去了 就跟你们没关系了咯！！！这种没有诚信的门店应该早点倒闭，再也没有回头客，祝你早日关门大吉！
41115,味道还行  价格也还可以  就是远了点    我坐车好麻烦\n嘴好开个分店到我家附近 那样我就可以经常去吃  真开心啊  下次在来
41116,就是奔着虾仁水饺去的 时候已经七点多了 单间没有了 在大厅也不错啊  \n点了九转大肠 腰花 歌乐山辣子鸡 蒜爆羊肉 虾仁水饺 特别喜欢饺子 个大馅多 \n可能是去的时间有点晚了 很多都没有了 没吃到榴莲酥有点遗憾
41127,是冲着人少去的，菜品非常一般，单说口味的话不像这样的店里应该有的。\n菜单上什么风味的菜都有，却什么都不精，性价比很低的。\n不管怎么说，不会再去了。\nPS：大厅里的树是假的
41134,这个饭馆原来有外卖，现在不知道为什么，没了。\n整个饭馆的外观是那种比较中国风的，进去后，整个就是一个纯饭馆。标准的桌椅布局，没有任何装饰，地方倒是挺大，一间套一间的。\n服务的我就不说啥了，老板娘说话很冲很干练，但是冲的让人有点接受不了。\n我和同事，一个人要了一盘宫保鸡丁盖饭，一盘鱼香肉丝盖饭。量很大，饭很多，菜单盛出来也能当盘菜了，这点是很厚道的，味道吗，也就那么回事，盖饭吗，吃不出鲍鱼的味道来～
41137,"据说是区水务局开的，比较大的玻璃暖房，暖洋洋的，进门左手里面有有一个可以购买当地农产品的小超市,一律是有机产品,俺们买了些蔬果禽蛋,价格不低。就是个大花园，小桥流水有人家，包房还不错，俺们还是选定中间大堂的座位，藤椅玻璃台。菜价的确不低，不过胜在新鲜量大，白切羊肉和羊杂一扫而光，特色农家菜味道相当不错。下次春暖花开时节带孩子过来亲子游应该不错。"
41143,"真的被折服了，从进门就一直以笑脸相迎\n真是辛苦这些美女了，每次等位都让我不\n好意思，我最爱吃他家的爆米花了 每次\n都吃好多,所以说吃火锅他家是没得话说\n哦！下次还会继续光顾的哦 ..........."
41170,一直去华山路德，感觉还不错。技师手法很好，最近好像被警察查封了。酒吧的朋友说被淮海路宝庆路那家按摩店老板给搞掉了。现在竞争就是这样，比的是阴险狠毒。
41184,好多菜都很好吃，但是每次去都不是我点菜，至今不知道菜名。价钱也不太清楚。\n绿豆沙很好喝，有个炒的猪蹄也很好吃，鸡杂之类的就不用说了，菜都很下饭，服务也很不错，\n服务员都比较有眼色，人是越来越多了，现在中间夹了桌子，空间小多了，没有预定的话会等位。\n外面路旁停车， 位不多。
41188,外部装修还是不错的，是在沈阳早期使用这种通透大玻璃的KTV。但是内部音效很一般啊~~很一般。但对我这种唱歌不咋地的来说影响不深刻，哈哈！总体消费还算可以，不贵。
41191,地方在东北五环外了...比较偏 \n但是很大很大....看电影前或者看完电影后 时间充裕的话建议去了解下中国电影历史进程\n还有北京最大的IMAX屏幕  办会员卡的话价格很给力哦~~
41192,来这里开过会，房间还可以，明亮干净整洁，个人用品齐全，就是屋子不算大。会议室里还算宽敞，服务一般，不是特别热情。总之开会在这里还可以，不过价格不便宜。
41196,不功不过啦，一日三餐的食物味道不算好吃，而且价格也不算便宜，但是基本的填饱肚子还是可以的，只是如果想吃点小吃的话，那就要花大概30-40咯~我觉得这个就不太划算了。\n不过这间店位置比较大，而且比街道要高呢，感觉有点空落落的，人不太多。
41253,慕名而去的 攻略84白做的啊^_^提拉米苏很喜欢 冰拿铁倒4无功无过 环境很不错 还有个后花园 真想时间在那1刻停留
41260,环境一般，就是个大排档，鸽子味道不错，其他菜量挺大，口味也不错，晚上去的朋友请客，总体来说还行吧~~~
41265,比较合适的折扣店吧。。基本上都有折扣的。。。活动也几乎都参加。。。还算是不错吧。。。以后可以考虑去淘淘。。。也能淘出不错的好东西。。
41279,来这里开会~会议室不错，安静、设施齐全、环境舒适。服务员都很安静，服务及时~\n房间大小适中，装潢不错，周边环境幽静，有花有草有树~
41286,非常好噢！所有的点评都是视频的，不像很多都是文字图片，真实度很高。\n需要看文字、图片的话，站内信息也很齐全。站内会员都非常好。\n好像可以兑换礼品，还有试用活动进行。比较喜欢。
41289,寿司倒是便宜，6元一碟，还加送，味曾汤可续杯，味道一般，布丁倒是还挺好吃的，而且不能刷卡，555555555555.
41296,第一次吃时还是夏天，嘿嘿。\n感觉味道很好。我们要的是什么鱼来着……忘了~~反正是一种刺不多的鱼~~\n服务员很好玩儿，一边儿搅那个酱我一边跟她搭讪。可能是新来的，感觉很热情，不是那种公式化的热情，就是很真诚的感觉。\n第一次去不太懂要了好多，后来浪费了~呜呜。后来再去就知道不要太多了。\n推荐那个蓝莓山药（貌似这个名字），味道很淡，但是感觉很好。嘿嘿。\n等有空了再去吧~~
41297,这家店就在家门口，平常总去那里吃早点，那里的烧饼好的真是没话说，包子也很好吃，适合老天津人，总之，味道很正宗，建议大家去尝一尝
41298,只去过一回，还是和朋友一起去的，原来竟然不知道国瑞城是购物的，OUT了，比起新世界，这里可是清静多了，逛的人比较少。地下一层是吃饭的地方，还有维洛城，购物比较方便吧。
41320,突然很想吃比萨，就这家离我最近就去了这里！看网上说蛋挞不错，平时也总见门口卖9.9一盒。我大约晚5点半就到了，人很少，直至我吃饭这家餐厅人都不是很多！鸡翅盘里基本没有鸡翅，都是翅根。蛋挞一开始并没有摆在台子上，每次都是考好了就有服务员在那里等，等着装盒，还以为只有外卖呢，自助时不能吃的，后来我们都吃完饭了，才开始将蛋挞装在盘子里可供大家食用，可是很少的一盘，大家都去抢！我觉得你再怎么想外卖，也要先可着店内就餐的人啊！这点做的非常不好！盘子里面没有食物了，服务员就大声对厨房喊，声音实在很大，并且也不戴口罩。这样口水会喷到菜里吧？番茄酱和辣酱的标识牌还摆错，弄的我吃了一口辣酱！最后还不能刷卡！
41322,"连烫带减要800左右，价格还是比较贵的，不过现在美发业都这个价了，这个价钱还是有会员卡打6折后的价格，我觉得这点还是挺好的，不像有的理发店，卡里还必须留够余额，充值还只能存，100,200,300，整数倍着走，感觉总有钱压在那，所以也只能总去一个地方，我感觉不好，想比较而言，还是摩卡和德根比较好，卡里有钱就用卡里的，没钱就付现金，卡里有钱也可以付现金，比较有选择性"
41330,很实惠的火锅！一份羊肉20多块，竟然有7两，比起小*羊的实惠多了。虾滑也不错，貌似拌了葱，但是很美味，两个人100块足够了
41334,*伸出双手就能拥抱全世界...相信所有的梦想一定会实现...\n*一切看起来都不会太遥远...转眼之间过了几年...\n*轻浮的语言都已经慢慢沉淀...即使难免会变得更加洗练...\n*我们不曾妥协...那是我们都回不去的从前...幸好还可以坚持当时的信念...\n                                             ——光良&曹格《少年》\n跟某人约在静安寺...正好S也要去静安寺办事...吃饱的我们正好走走...哈哈...\n路过金鹰的星巴克...S说要请我喝咖啡...每次怎么都是你请客的啦...包子不好意思类...嘿嘿...\nS要喝星冰乐...问我要不要...包子还是想喝点热哒...那就摩卡咯...S问我要多大的...我要超大杯哒...哈哈...巧克力酱多放点...包子要甜甜蜜蜜哒...\n找了个角落的位子...亲爱的S你是我的女主人...你来做沙发...包子来做板凳...\n聊天的期间...S接了好几个电话...女人果然忙啊...谁让亲爱的是金牌销售呢...\n我的热摩卡给我不少热量...包子也要努力啦...要把人力资源管理师的证书考出来...要以事业为重...因为女人要靠自己嘛...\n亲爱的S我要以你为目标...好好工作...多多赚钱...加油加油...\nPS：金鹰的星巴克人不多...很适合躲在角落的闺蜜嘎嘎三五...哈哈...
41352,这家店离家很近，LG也很想吃烤肉，俺们就尝试了下，其实只是俺尝试而已啦，人家已经吃过几次了^_^，每个去就餐的人都送6样小菜，还有凉粥，都很可口，很喜欢他们家的泡菜，全部被我吃完了，其实也没多少量啦，呵呵，只是LG舍不得吃，都让我吃了，点了一个超大拼盘，服务员服务很周到，经常过来帮忙换烤肉的架子，还点了一份凉豆腐，我是感觉很难吃啦，还死贵，6样小菜，一份大拼盘，一份凉豆腐，吃的都快撑死了，到最后还是打包了三层肉，哈哈，消费满100送30券，俺们差点满200 ，亏了，少了张30券，哈哈，总体来说，服务不错，菜也还行，就是那个架子要经常换，要不就糊了··
41365,上好课中午去的 生意还不错\n羊肉串好吃哒 要趁热吃\n奶茶用的茶有些膻味不太习惯 奶茶很好喝\n大盘鸡怎么能那么大块的鸡还那么入味呢？\n孜然羊肉有点吃不下了 孜然味道还挺重 还算不错的\n羊肉泡馍太咸啦~\n3个人点这些有点多 是这几天不在状态么
41384,去百盛、万达一带吃饭基本上首选这里，每次都要吃土大力套串、石锅拌饭，再点上一些其他的，吃到撑。套串里面的每一种都很喜欢。
41386,大书架和木头桌子 灯光昏暗\n空旷以及适合装逼\n有人在玩三国杀 有人在看书写字\n有你可以想象到的咖啡店必备的饮料和简餐\n味道也是你可以想象到的\n但是在一只苍蝇君华丽丽地载到我的香蕉牛奶里后\n我无语了\n本来想给一个四星评价\n但是服务员漠不关心的态度。。。我不说什么了\n当时我正在走背字倒是真的
41413,刚开业的时候被销售忽悠办了一张次卡，当时说明不限本人使用，全市通用，去了没几次，忽然被告知不能使用了，卡就这样被没收了，投诉到客服，居然提出的解决办法是让我再花1800办一张年卡！！！\n要健身的同志们在选择健身会所前眼睛要睁睁大啊，销售说的每一个字都要让他写下来签字再敲法人公司章，这种信誉的公司，大家自己衡量！！
41414,等车的时候看见排队就凑个热闹，东西还行，对的起价格，买的少就不划算了。泡芙天底下做的都差不多，不能多吃，很不健康的说。
41434,在阜外医院的东北角，比较偏僻啊，我还说怎么阜成门没有大点的面包房呢，幸亏等车的时候看见了。店面很大，面包种类也多，喜欢。
41456,虽然就在家门口，不过开了这段时间都还没去过呢，上周挑了一天5：30就去占位置了，应该还早，不用等位。\n看了点评，点的都是黑猪肉的，有五花肉，梅花肉，酱排骨，肉质很香，不同的肉用不同的烤盘烤制，但是那个镂空的烤盘，肉肉会烤焦的。\n服务不错，基本都是FWY给我们考的，小菜送的真的很多，南瓜粥很好喝，色拉也不错，反正是我喜欢的味道，土豆泥其实是红薯做的，很甜；不过没有大家说的鱼哦，有点小失望，吃的很撑！\n这个冬天，就把这里当我家的后厨房了，哈。
41461,吃牛羊肉很正宗的地方，一家典型的清真店。我特别喜欢他家的牛肉面，味道正，价格也不高（要知道他家在天府广场旁边），吃清真的话我会选择他家！
41482,我们一行四人去开饭，这家店在吴系茶餐厅的对面，客人相对较少，食品很新鲜，价格就比较贵啦！最好吃的就只有Pizza，其他的都没有什么特别，而且份量出奇的少。本来有免费的Wifi可以使用，但是客人不多的情况下Wifi形同虚设，根本无法使用。应该不会再去。
41496,吃的是那个芒果套餐，很好吃，因为第一次吃，各色的食物都能吃得到，很开心。芒果的味道非常好的。环境还可以，益田那里本身就不错~
41502,周六晚价高的离谱，这季节臭大姐满天飞，还有最不好的是屋太大，空调匹数太小了，冻死了！！不过整体算那边不错的了
41522,岭南后街的商铺之一.冬天的时候是打边炉的地方.其它季节的话会推出一些台湾风味的卤肉饭.味道不错.老板是台湾人.而且人很好.可以免费加饭.在永胜烧腊店的隔壁..
41533,很不错的店，灯光暗暗的，很安静，一阵轻音乐流淌\n有免费的WIFI，信号很强，还可以上网玩游戏\n沙拉很好吃，有好多种可以选择的沙拉配料\nPIZZA也不错，PIZZA薄薄的入味，喜欢的
41554,在杂志上看中了一款旗袍，因为这里的名气很响的，于是过来问了下，说可以做的，不过价格是一千多块，当时被吓退了，哎，俺是穷人呀，哪里消费得起。还是下次再说吧。
41579,之前老是发信息过来说有优惠什么的，所以某次耐不住性子就跑过去沙头一趟\n咯！感觉当然是失望啦！\n  这个也是觉得不可思议的，挂着意大利的头号啊！
41592,是参加朋友的婚礼去的，厅很宽敞很正气，没有柱子，感觉很大气。\n门厅也不错，看出去的视角很好。\n服务员的态度很好，倒饮料蛮勤快的。\n最主要的是菜的分量很足，味道也不错，很值啊！
41607,招牌很霸气，馄饨着实一般。\n就餐环境不错，指着早餐环境还行才去的。\n知道味道必须是坑爹滴。\n安啦安啦。\n菜单很火锅店类似，自己勾填。\n馄饨有注明个数的。\n嗯，鲜肉馄饨是，10个。
41610,"朋友说这家店点评很好，很好吃，吵着嚷着叫我一起去吃披萨，我之前对这家店也没有什么了解就跟着去了。\n交通其实还算满方便的，地铁7号线昌平路站下来走个十分钟就到了。\n同乐坊一排酒吧 这家店靠门口，环境优雅，有免费WIFI，感觉这是一家很有情调的西餐厅酒吧.服务也非常好,价格很实在，西餐厅里算很便宜的，而且便宜有质量，好吃量也很大。以后会经常光顾的。我只想说菜真心好吃啊!\n经典马天尼：听说很多爱喝酒的人都爱点这款，这款酒的味道比较纯，我喝了下还不错。下次过去准备再尝试其他几款。鸡尾酒做出来的样子也很好看，而且对于一些不能喝酒的女士也相当可以尝试下，虽然里面配的酒稍微有点列，但是味道很好吃，象可口的饮料。\n莫吉托：这个是带柠檬味道的鸡尾酒，喝起来有酒也有柠檬的酒的香味，还有薄荷的味道，样子也很好看，很通透看上去，\n油培根意大利面：超级超级好吃本来不喜欢意大利面的我,忽然爱上了!奶油味道很浓,入口香滑,回味无穷,超级和我口味! 还有把匹萨包起来吃的味道简直美味到了极点!而且只要38元，我觉得这个价格能吃到这么好吃的意大利面相当满足。\n墨西哥玉米片：这个必须点，我外面没有吃过，很脆的玉米片，上面有牛肉和芝士，拿起来还有拉丝，可口的不得了，我觉得第一次去的人必须点！他还有配一个辣番茄沙沙和酸奶油，热腾腾的玉米脆饼加上凉凉配料，好喜欢 \n布拉格火腿披萨：这个拉斯披萨要包起来吃，包一个卷，里面有芝培根，还有番茄，还有芝麻菜做配料，芝麻菜的味道我第一次吃，混一起的味道太棒了，下次过来我还要点这个！"
41638,一次不经意来这里，朋友非要喝粥。\n点了皮蛋瘦肉粥和另外一个什么粥记不起来了，粥不是新做好的，也不是太热，喝起来感觉不舒服，饼饼也不是新出锅的，只是温的，好伤心。不过肉丝拌苦苣的味道还是不错的。其它的没尝试。
41650,离家近，如果不去互助路的话，那就去小可以了。老妈很爱吃那个小香鸡，我觉得还好，就都是一般家常菜，生意也挺好的，貌似现在可以拿银行卡打折，可惜我是招行~~~
41654,路过曲靖，很喜欢这家小店，氛围很好，价格也适中。三两个朋友来闲聚，非常惬意，离开曲靖以后常常怀念这里~ 真的~
41675,没照片中看着好吃！但是味道也是不错D~~卖点是新疆清真~~所以感觉很干净~我点的牛肉炒米粉~就是有点像新疆味的炸酱面~那个酸梅汤确实很涩~~酸奶也不错~有蜂蜜~~
41690,就在香格里拉附近，去的比较晚，1点多，已经没什么客人了。\n凉拌核桃： 很好吃，核桃的 皮也剥掉了。\n水煮鱼：正宗的川味，鱼也很新鲜，著的很嫩。\n其他菜就很一般了。 \n不过价格很便宜。 3个冷菜，3个热菜加一个点心才一百多，是在成都性价比很高的一餐。
41701,环境很幽静，给人感觉很舒服，个人觉得很适宜朋友聚会聊天，不过人数不能多，几个就好，谈谈心，而且里面的摆设也令人挺舒服的。
41715,因为父母的结婚纪念日的关系，所以从小每年都会去一次~可是大了就很少去了~\n在记忆里，这家的菜色都很好吃呢~服务也非常非常的周到和专业。\n以后和老公结婚纪念日也要去那里过！哈哈~回忆童年~
41724,去吃过那么多家，这家是最差的，服务态度超差，每次都说没有发票，凶他之后才会给发票的，还有，他们家怎么就没有打折的呢？不是凭卡吗？
41741,环境就是很休闲的地方，有室内有室外，逛了半天饿到不行，最后决定去这家尝尝，好家伙，40多分钟没端上来，饿得已经没劲儿吃了，还点了烤土豆皮，没吃出什么不同，挺贵的，不建议去。
41787,80后主题餐厅，图个回忆，适合同学聚会。吃饭太热闹了，挺有意思的，带个红领巾，要做操啊、唱歌啊，不好好做的还要罚站。有人过生日要一起唱歌，过生日那个人要表演节目。。。所以还是不要说过生日了，哈哈。再说说吃的，就是普通火锅，鱼锅还不错吧。吃饭限时，最后结账是交学费，出门一看好多排队等着的，真火。
41794,中午去的早 人不多 没等位\n吃的双拼饭套餐\n双拼自选了烧鹅和叉烧\n是看大众点评的推荐点的这两个\n叉烧就还可以啦 可能是因为冷掉的关系 好象不是特别的嫩\n烧鹅真心好吃！！！大力推荐噢！！！打耳光都不肯放\n特别提一下那个梅酱  一起去的朋友说太甜了\n而我本来就是喜欢吃甜食的人  所以酱也非常对我胃口 味道非常好\n听朋友说那里的烤鸭也很好吃  下次还去那里吃~
41806,上周六姐姐二婚，在那办的，因为只是请家里的亲戚，就两桌，竟然没有两个大桌在一起的包房以刚，看到楼下正好有人结婚请客的，估计那天的菜就有点水平下降了，本在点评上看好去的，结果有点失望，没几个菜好吃的， 还好环境还不错。
41817,团购的，19元一杯喝的+一块蛋糕。蛋糕雪得太久，有点硬，但味道不错的。喝的我点了热可可，味道不错，不会太腻。我们是去中午饭的，意粉、焗饭和焗脆薯都不错，整体水平佳，价格稍贵。在创展中心楼下，也很好人去。是个适合谈天的地方。
41822,突然之间家里附近就多了好多小的寿司店，“灵感”都是源于haiku by hatsune家 。我的步行范围之内就有江太和宝寿司。 说实话个人喜欢江太多过宝寿司太多了，点的莉莎卷很美味，店员也都很喜庆。店面虽小，但是灯光很暖，装饰也很有爱，不少于10只招财猫，让人怀疑是不是从对面的小店里拿来的。\n长城下面的人气实在是不怎么样，5月底一下子关掉好多，剩下的基本都是快速餐饮店，希望江太可以挺住。\n60块起可外卖，下次试试，看看会不会偷工减料。
41826,以前去过的 感觉人超级多 每次去都像是在下饺子一样的 感觉很不爽 游一下就得停下来 根本不能放开了游 只适合戏水不适合游泳
41855,周末正好路过，里面都是些比较休闲的服装，价格还算是平民吧。\n正好在做限时特价，买了条可拆卸裤腿的两用中裤还有条夏天穿的免烫的休闲裤。性价比还不错，最近出了加勒比海盗系列的印花TEE，看着蛮不错的。
41869,由于赶时间 吃的石锅拌饭。\n不知道是因为点评会员，还是全场都优惠，最后结账时候是菜单上面的88折。\n点评会员卡一直没给我寄到手里，我就把卡号给他们留下了，他们说会添加积分的。。不知道。。能优惠就是好。\n点了2份石锅拌饭，他们送了4碟小菜。买单之后送一果盘（4小片西瓜）和2个小冰棍。吃的饱饱的，冰棍送给新落座的人了。。吃不动了 呵呵
41897,N多年前吃的，那时候还是自助火锅呢！但羊肉永远要排队才能拿到，晚了就没有了，你没看到那些人哦，老年人这时候都是劲，还有烧烤也是，等的时间太长了，不高兴了，还是吃吃火锅吧，听朋友说现在不是自助了，还有干锅，什么时候去尝尝...
41909,公司培训在青少年活动中心\n本来以为午饭要自己解决，没有想到培训中包含午饭\n青少年活动中心自己的食堂\n就是和学校的食堂差不多，一杯酸奶，2个荤菜，2个素菜，一碗饭，一碗汤\n没有什么要求的话，味道还可以\n反正就是例行公事，哈哈
41926,朋友念念几个礼拜，终于在上个周末，阳光美好的下午，驱车N个小时前往，如果时间再久一点，我都担心，我会饿晕在车上。\n下午两点半到的，基本没有别的客人了，很大的院子做停车场，里面是一圈圈的回廊。坐在包间里面，刚擦完地，阴冷阴冷的。\n羊杂。朋友不止一次说好吃的不得了，于是，来着。本来说是两人分一碗，结果我愣是另点了一碗，这味道怎么样，大家应该就知道了。配上香菜辣椒油，吃着香极了，没有一点膻气的味道而且羊杂就是羊杂，不填充其他乱七八糟的东西。\n炸烧饼。吃了两个，好吃，油乎乎的。\n烤烧饼。因为太饿了，这个快，所以先点的这个，其实呢，如果你能等到炸烧饼，那这个就可以不点了。\n糖蒜，很好吃很好吃，要了两份，我自己应该就吃了一头。\n火锅，要的鸳鸯的。锅子很小，弄得很容易就把两个汤混合了。清汤的，味道还好吧。红锅的，味道怪极了，有股柠檬味，而且，一点也不辣，有些失望。\n羊肉。种类蛮多的。羊腿，羊肋，还有拼盘。我还第一次见到了羊油。放到里面涮涮，拿出来跟吃肥油一样，我还是接受不了的。说实话，觉得羊肉质量挺一般的，一涮就碎了，而且口感不是很好。\n要的蟹棒质地是那种最便宜的，连蟹味都忘记了往里面放。。\n其他涮菜也很很一般。\n麻酱调料我觉得不是很正宗，比某门甚至某哺差的有点多，吃不出麻酱的味道，上来的样子是麻酱陀和水，和开了也是没啥味道。\n下次我觉得，我吃城里的涮羊肉就可以满足了哈，为碗羊杂，跑得有点远。\n服务还可以，就是空调只有凉风，屋里仅有的暖气加上开的火锅菜暖和，火一灭，人不得不赶紧结账了，冷得厉害，像地下的屋子。
41932,"我是中午去买的外卖,十二点多的饭馆只有一桌人在吃饭,很奇怪的说~菜价有点小贵,味道也很一般!米饭特别难吃,很硬!干煸豆角被服务员告知是特色菜,就点了,还不如那些不把干煸豆角当特色菜的饭馆做的好吃!服务员态度还可以,出门有帮我开门! 就是菜的味道还是应该加强些!"
41962,3 年前陪一位原籍是黎巴嫩现加入英国籍的客户住过一晚。他慷慨地为我也开了一间房，卫生间的豪华气派，房间的富贵华丽，至今我还记忆尤新，真想再去住一晚。
41978,到绍兴游玩，吃饭总要找特色的店，参观好鲁迅故里，也差不多到吃晚饭的时间了，咸亨酒店总要去吃吃饭的，听朋友说，不到咸亨酒店吃饭，相当于没到过绍兴，就走进饭店，噢，真是人山人海，象个大食堂，基本都是外地客，当地人是不会去，看看菜品一般，即然来了，就点了几个特色菜来吃吃。\n《梅干菜烧肉》肉很入味也很酥，梅干菜嫩而香，美味的，就是摆盘逊色了点；\n《青鱼干》肉质鲜美，口感非常好，吃了不少；\n《清水虾》虾肉较咸，大众化；\n《刀豆梅菜》刀豆较嫩，配着梅菜吃吃较鲜；\n《炒螺丝》很普通的大众菜；\n《茴香豆》（6元）很入味，吃口蛮好，特色的东东总要尝一下；\n《哈蜜瓜》（25元）瓜是蛮甜的，就是价格偏贵了；\n《麻署》就是外面洒上芝麻粉，里面是糯米，喜好糯食，吃了几个，口味一般；\n这家是点菜式的，先要买卡，然后点菜刷卡，吃好后可去退卡，口味没有想象中这么好吃，价格略高了点，就算去过了而已吧。
42002,不错，去过眉州很多分店，这家算不错的。很地道。就是服务有点...需要一个新杯子，被拿来的是刚洗好的，带着水珠的..\n只有小朋友的餐椅，盘子。其他餐具没有除玻璃以外的。
42014,第一次和同学来，和土鳖一样，不知道什么点菜，不知道从何下手，后来经人指点弄了点菜，发现自己拿的好多啊，给我们用最大的碗呈的。这里吃饭真的用等位哦，人特别多，狠多都是周边商场服务员。全是女的吃饭，很少见到男生。不知道为啥，她们都那么爱吃辣！
42018,由于比较近，常常在里面吃饭。药膳鸡不是常常有。限量的，很抢手。\n排骨肉很多，几乎4个人吃，都剩下不少肉。\n还有甘蔗马蹄水喝。太不错了。。。。
42023,三星路街尾的垃圾桶对面 很小一个铺面就一张桌子几个凳子 所以环境不咋地 不过东西很好吃啊 我一般一碗皮蛋瘦肉粥一份鹌鹑蛋 要是每天有这样的早饭 那是相当幸福了 哈哈
42033,很小的一家馆子，但是烧味很棒，10几块的烧味饭还送汤，经常叫这里的外面解决民生。\n烧鸭和豉油鸡是常点的。\n不过因为门面太小一不小心就会错过，而且旁边的富春气场太大
42034,田园蔬菜粥六块钱一大碗，粥熬的很黏糊儿，就是稍稍有一点儿偏咸。\n炒合菜十五块钱一份，分量挺足，用料也实在，肉肉很嫩！\n他们家的服务员训练有素，服务态度很好，办事效率也很高，上菜速度够快～ \n唯一不足的就是店里太冷了，估计是老板比较鸡贼，怕费电，不让开暖气。\nP.S. \n1、他们家可以送外卖。送餐时间为早10：00至晚9：30，起送金额20元，方圆两公里以内免费送餐。\n2、他们家有非一次性的普通筷子。
42040,表哥请客的，一行4人，上菜速度超级慢，服务态度也不好，要瓶清酒等了30分钟，生鱼片都切得很薄，而且三文鱼不新鲜，颜色都发红了；甜虾也有一股腥味，海胆小是小的就跟指甲片那样。\n烤鳗鱼----又甜又咸\n天妇罗----都是面粉，而且炸得很老\n烤三文鱼头----很腥\n烤鸡脆骨-----根本咬不动\n总结1句话，以后有人请客也不去了，超级难吃，差差差！
42052,一共在这里吃了3顿饭，两顿早餐，一般般，品种看着多，选着少，比如说寿司，好像前一天晚上吃剩下的，还好沙拉新鲜。\n面包阿什么的，向来不吃，所以也没注意；面点有5-6个品种，小花卷特别好吃；炒饭炒面一类的，早餐吃太油腻了， 所以每天就是沙拉，面食，水果，喝杯咖啡， 咖啡基本上没有咖啡味道，感觉是浓一点的红茶而已。\n就一个五星级酒店来说，早饭的地点很漂亮，大气，靠窗的地方晒太阳很舒服，但是食物比较寒酸。\n还吃了一顿午饭，各自单点，同事点汉堡，看着料蛮足的，我照旧，意大利通心粉，不过粉一上来我就知道煮过头了，吃着没有嚼劲了。还是比不上自己做的。勉强吃了一半。\n有机会再尝尝自助晚餐，也许会有惊喜吧.
42068,最便宜最好吃的面店了。\n我一般都是吃经典鱼蛋粉，有三种口味的鱼蛋。配上河粉，滑滑的，汤也很鲜美。\n价钱很便宜，一开始是20元，后来涨价了，要23元了。
42088,我们三个人吃的，三个菜，人均40.\n猪蹄，很足量，给力。\n其他的。。。有点忘了，毕竟快两个月了。总体还不错。没让我们失望。\n但是，服务员态度冷冰冰的，后来还因为积分问题死活不认，不欢而散。
42118,开了许多年，居然还是有人吃，我想不明白……\n而且因为我家住在附近，居然有朋友来玩，还是会点这家……\n个人十分不稀饭，又咸又辣，鸡块又硬……\n不推荐不推荐……
42123,由于是订的特价，所以性价比很高，地段也好，就在徐家汇商业区边上，闹中取静，周边晚上停车也不收钱。房间还算比较宽敞。
42145,算五道口周围挺正宗的清真餐了吧，各种新疆的特色菜，味道还挺不错的，环境一般般，每次去人都很多~~\n最让人无语的是服务员，多数情况下听不懂你说话~~
42160,老爸老妈心想好，老清老早跑去吃面。。。个么我自然要他们带菜包回来咯\n看大家都说这是最好吃的菜包，早就心痒了，无奈太远，一直么去\n带回来的菜包。。。色面就弱了，5个包子，3个破的。。。烂无各级的\n马上吃了一个：面粉僵的，都么发好。里面的青菜是青的，但是不脆，还有些豆干，香菇，真心一般。真的只是很一般的菜包，难道是我买到的水平失常？？？哎，罢了罢了，吃过拔草也断了想念了\n老实说还没有美琪旁边的那家菜包好吃，还米有公司楼下食堂的好吃。。\n爸妈说面也不好吃。。。
42166,这天朋友请我到这家店喝咖啡，可能是我不常喝的关系所以没有什么感觉，不过环境到是很好很舒服，是忙里愉闲的好地方
42167,环境很好，好久没去了，但它家的秋千我还是念念不忘的，对秋千大爱啊~又有水又有树的~挺富有生机的~菜没什么特别的，正常吃吃就ok了~~
42174,去吃的午市套餐。凉拌蕨菜，味道不错，貌似有点芥末味，就是分量好少。莲藕炖鸭，味道不错，很下饭，就是里面好多鸭脖子啊。我最期待的紫苏炖鱼，居然是三道菜中最失望的，汤很鲜，可是鱼肉比较老，估计是鱼比较大的缘故吧。而且可能是因为午市套餐的缘故，鱼也比较少。\n总的来说，还是可以的，毕竟套餐才68块钱，那个地段，也值了
42222,与顺义的意大利农场是一家，环境与其也相彷，感觉不错\n提拉米苏蛋糕让人回味，是我吃到的最好的蛋糕了\n比萨也不错\n去的老外可真不少呀\n小贵，喜欢
42232,昨晚去了这家一直都很想试试的向阳屯。却是有东北的架势，不论是装潢、大锅菜、摆设还是舞台。交通还是挺方便的，本还想到站打电话，没想到一下车就映入眼帘。前厅的大锅菜着实让我兴奋了一下，不过可以说北京真的没有特别正宗的东北菜，这家馆子能这么火爆也已经很不容易了。点了酸菜，服务员说是外边买的，遗憾；点了锅包肉，却一点汁都挂不上，像是软炸里脊；点了拉皮，感觉完全没有家的味道；点了韭菜盒子、青椒炒圆白菜和哈尔滨红场，确实还有点东北味，尤其是正宗的哈尔滨红场，不知是不是一手店买的。最后看了一个丑男的蹩脚魔术表演，也就是个气氛，不过饭友确实很多啊，奇怪是不是我没有点到正宗的菜呢……郁闷。
42254,不知道为啥大家都这么爱吃呷哺呢？\n一开始就对这种涮火锅店没有兴趣，后来朋友老是推荐，就下载一堆优惠券去了，结果这是失望呀^\n最郁闷的是，当时还不知道麻酱是可以免费续包的……好省好省的吃……%〉_〈%
42260,闹市中的一片幽静。在这除了借书的基本功能外还是学习的场所，可以自行带着各种学习资料去看，非常安静。旁边的乐乐图书楼一楼提供各种报纸的阅览，二楼是杂志，三楼是上网服务。
42281,一个同事住在附近，和几个朋友去他家。中午饭吃完。不知道那个白痴说要吃生煎的。走了一刻钟。来到这家店。5个人买了2两。口感还不错。煎的火候不错。难得吃一会素馅的。
42284,一个人突然想吃日本菜，就去了这家。一进门没人招呼，直到自己找了个作为坐下来，服务实在是一般。点了一点刺身寿司天妇罗加了点喝的，最后就200多了，也没觉得吃饱了。刺身还算新鲜，但是比起好吃的差太远，天妇罗太硬了，烤串也做得一般
42289,经同事介绍叫了外卖试了试，10元起一份叫，香菜是要另外付费的。汤的确很鲜，但看到前面介绍店面环境不好，所以不敢多喝；里脊肉很好吃，午餐肉不怎么灵光，很厚，感觉都是面粉掺的，鸡胗也不错，东西也没少，就是速度有待提高
42294,前几天办了个享卡，结果可能系统出了问题，没有激活，刚好周末在西单大悦城店看见了给我办卡的那个男生，有点肉肉的，带着眼镜，态度一直很好，像老朋友一样熟稔，虽然不知道彼此的名字，但是还是很热心的告诉我回到枫蓝国际店解决，找他就行了。后来因为他可能倒班的原因吧，是由瘦瘦的店长给我解决的。服务很好，且快。\n之前不知道他是店长 还和他讨论过咖啡豆研磨的问题\n店长给我磨了两杯不一样espresso品尝，讲解咖啡机和法压的具体用法。很感谢他，温馨的感觉。
42306,街很窄，两边都是露天小摊，走路的时候要挤着过去。因为馋焖子了，在肯德基门前的那个摊吃过两回，不加土豆泥的比较好吃。
42316,上海出差回来\n走的时候BF送机在这里等\n要了薯条，玉米沙拉\nBF还要了一个烤鸡腿堡，可乐和雪顶咖啡\n环境说不上好\n只是候机的时候有个去处
42317,在微博上看到推荐的，看着还不错就去了。学生票十元，普通20，不贵。\n地方有点偏，周六人也不多，安逸宁静的感觉。2点20到的那里买票，正好看到热玻璃表演，旁边也有卖玻璃饰品的，价格都还能接受。\n这个博物馆像个艺术馆，艺术气息浓重呀，对玻璃的介绍也很详细，我和朋友开玩笑说今天像是上了艺术课，地理课，历史课和化学课。\n值得推荐，停车免费。
42350,请告诉这家店具体在哪里？？？\n我去找过一次，没找到\n这家店附近有啥店，有没有罗森？\n谢谢大家了\n  \n111111111111
42360,很久的店了，一直很有名气。上学的时候经常去吃，那时候还是一个很小的店，环境有点埋汰，鸡架炸的看起来有黑乎乎的，但是味道真的很绝。最爱吃甜口味的，甜甜的，也很香，但是不要吃的太多，太油腻，不好消化。麻辣烫也还可以，每次都搭配着吃，在点油炸小馒头，饱饱的美美一顿。
42364,恩，他们家相对价钱比较便宜，服务也还成，就是环境不太好，球挺脏的，而且有的球道明显需要保养，机子也有些反应迟钝，其它的就还好吧
42371,在开心上很红火的一家店。\n大家很推荐他家的奶茶跟咖啡。\n扬州也开了一家，周日正好跟朋友在那边碰头，进去逛了逛。\n面包很诱人哦~可惜天太热没心情吃。\n想点推崇的巧克力Q奶，可惜Q糖从开店开始一直没货（店员说的）\n要了85咖啡和巧克力布丁\n忘记说少糖了，齁得不行。咖啡味道还行，比ohmycoffe的好。\n价格便宜，值得推荐。\n就是坐的位置太少。\n服务态度一般，进门的时候店里面比较忙，店员居然还有时间吵架，难以理解。\n出餐的顺序也不按先来后到，谁嗓门大就先给谁╮(╯▽╰)╭
42388,和老公2个人去的，我要了个排骨饭，配的是乌鸡汤，汤很美味，饭硬硬的，粒粒分明，排骨汤汁拌着饭吃不错，排骨量也蛮多的，蔬菜少了点，就一小碟生菜，老公要了什么鸡汤的套餐，汤比我大碗，但是没有另外的荤菜了，汤里面鸡肉倒不少，蔬菜是西兰花\n感觉确实就是汤比较好喝，随便吃口饭的地方吧，没有很喜欢，也不算实惠
42389,肉还是比较嫩的，但是我的有些朋友说这家店的烤肉最好吃我就不敢苟同了，味道不错不假，但是还没上升到高一个档次的水平
42395,在福州路这里办事，肚子饿了，就来吃这个了。早2年，一直在这家吃木桶饭了。\n不过真的就是又涨价了。点的是回锅肉木桶饭。以前是12，后来涨到15，现在已经18了。\n木桶饭的味道还是可以的。里面有肉有菜，饭伴着汁水吃，还是很香的，一会儿就吃完了。是填饱肚子的好地方。
42414,不知道是不是因为连锁大排档形式，菜品难吃的让人无话可说！\n地滑，太油腻了！估计没有再去的可能！\n以上！
42416,油璇是济南小吃，才吃的，感觉有点小然后口味真的很一般很一般。。。没什么特色。。而且，个人觉得完全是卖给外地人吃的，那样的东西在济南一块钱卖三个估计会有人买。。现在他却一块钱一个感觉有点贵
42449,虽然有那里的会员卡，但也没怎么去噢 ，印象中才去过两次，感觉还好吧，但迷你包厢太少了，上次去的时候只有一个，去的满早也没抢到的，，有免费得饮料喝，但没免费开水送，这让我不是很高兴
42450,地理位置比较隐蔽的一家店，并不起眼。据说老板和老板娘都是台湾人，吃饭时候还看到他们了。\n没吃过正宗的卤肉饭，但本能的感觉这个味道比较对路，比鹿港小镇的似乎还好一点。\n香肠是香甜口的，习惯了就会觉得非常好吃。贡丸也是吃过的里面最Q最有咬头的。\n服务也很不错，上菜挺快。\n性价比很高的一家店，印象不错。
42456,这里和朋友去了一次，自已也去了一次，记得当时点了一分什么粥，但是好清，分量也很少，只能配着别的小菜一起吃了，糕点还是蛮好吃的！
42461,最爱他家的老婆饼，不过只有糯米的好吃，紫薯味的不如好利来的好吃。\n他家也有咖啡卖，不过没有尝试，这家店总是人满为患啊，去晚了就没有老婆饼买啦~
42464,在保定上了四年大学，保定的美食文化真的不是盖的，这钟楼排队大面包也是给我留下深刻印象的美食的其中之一，在钟楼旁的一个商场地下一层，具体名字记不清了，整个地下一层都弥漫着面包的香气，每次去都排着长长的队，而且每个人有限制，只能买两个还是三个来着。有点像其他超市里的椰蓉吐司，不过要比普通的椰蓉吐司好吃很多，虽然现在不在保定了，但还是总能想起这个钟楼排队大面包，怀念啊
42478,我爱吃鱼！我爱吃鱼！但不知道为啥就是不喜欢吃那种剁椒口，这家店在天津吃过一次后真的是念念不忘。特别喜欢它家那种加了榨菜末鲜甜口味的鱼头，原汁原味，这才是吃鱼呢。可能也因为天津的缘故，感觉鱼要比北京的新鲜好吃喝很多。最后加点劲道的面片，完美！
42511,小笼包很好吃，比别家的好像也要多几个，有点甜的，冷掉的味道会变差。大排也不错，不管是饭还是面，浇头都很多，店面很小二楼没上去过，餐具有点旧所以会觉得脏脏的感觉。
42517,菜色很齐全，而且菜的味道很好，我是一个喜欢吃辣的女生，在这吃的很过瘾，那感觉呀爽极了，好好吃呀，韭菜螺蛳肉简直就是我的最爱呀，好吃极了，这的菜普遍较辣，很开胃，吃起来很不错，小灶王名字也取得很好，我一个来自农村的大学生，在家的时候妈妈在灶上炒的菜美味极了，很好吃，很好吃，在这感觉很熟悉，让人有一种说不出来的亲切感，那感觉很好，要是你也吃了的话就会明白我说的了，在这吃饭就是一种享受呀，真的很好很好呀。
42518,晚上6点左右到的这个店，呆了一个小时，很郁闷。\n店生意很好，可是服务员完全不够用啊！\n等个粥等半小时。好不容易粥上来了，凉菜却死活等不来来。。。\n凉拌土豆丝，凤爪，需要很长时间吗？\n粥都快喝完了，凉菜才上来！\n收银没有专门的人负责，这边的服务员兼职点菜送菜收银\n我汗。。
42545,每天上班都要路过这家星巴克，很早就开门了哦～\n玻璃房的装修很一般的店家不一样，感觉环境挺不错的\n就是店蛮小的，没有很多位子～
42562,不太好找，金融界购物中心对面，那个门也挺有感觉的\n听说人挺多，就提前预订了个三层有沙发的地方\n到了一看，果然人多，直接上三层，从窗户往外能看见那个传说中的小花园\n三个靠窗位置，就中间的那个最好了，尤其天黑后，底下的灯明晃晃的\n要了两杯红茶，还能免费加热水，看书看报处理文件都行，每个座位底下都有插销座，给带笔记本电脑用的。\n现在去消费，加9元还能买个本，里边有明年一年的半价优惠券，挺直的\n总的来说很不错
42566,还是第一次玩桌游呢  以前BF老师说要带我来玩桌游 一直都没有时间\n昨天晚上在外面吃完晚饭就去了汇佳   没想到人这么多\n我们在包厢里玩的 环境很好  一点也不吵  \n老师教的很认真哦 一会就入门了  挺好玩的 最喜欢三国杀了 以后还要来
42574,十一旅游局放的票，公交943或者849都到，上了高速半个小时东胡林下车就到了，有停车位，一次5元，买票的话好像是80一位，进门门口有旅游车，我没问价格，之后走的南线，南线好像是猴子，狮子等动物，南线快到终点是表现区，每天分时段表演，过了表演区就是散养动物集散地，哪里有观光车，大巴免费的，不可能给动物喂食，笼子车10元一位，可以给动物喂食，我做的大巴车，20分钟左右就可以把散养区转弯，出来直接转北线，北线是鸟类等，在之后中线，我是下午1点坐车去的，下午4点就转弯了，除了散养区都是走着的没坐车，对了如果想给动物喂食的话最后自己买油菜，白菜，鸡架子等吃的带过去，里面有卖的但是很贵，去的多数都是带着孩子的，让孩子看看动物挺好的
42577,呢间响小北都算老字号啦.烧味系呢道的主打菜式.平时一楼的外买点都排晒队买烧味. 炒菜就一般般.茶市直落.好多人.环境较嘈
42588,去双榆树那边办事，从外表看这家小店还蛮有特色。\n没上二楼，感觉一楼好小好窄哦。菜量普遍不大。本来想点鱼，不过鱼都是草鱼和鲶鱼，就没点。\n茄汁里脊，味道居然很不错，茄汁的颜色，茄汁的味道，酸甜刚好，不过就是量小了一点。\n黑三剁，还算不错，不过没有其他云南特色店有味道。\n腌酸菜炒牛肉，还可以炒猪肉，酸菜有够算，味道一般吧。\n香脆豆腐，貌似是这个名字，豌豆粉做的，大家一致赞誉。\n西红柿鸡蛋汤，难得里面是菠菜，不是黄瓜，值得表扬。\n不管是小伙子，还是中年大妈，服务都非常好，非常热情，难得餐具很干净，赞一个！
42602,梦梦就这么悄无声息的搬到三阳路去了，原来在武广时就一直说想去想去也没去，搬到三阳路倒是去了，做做挺简单，就是满累，我讨厌重复的工作，但是做好还是很有成就感的。
42614,看看门面挺好了，结果走进去却让人大跌眼镜。店面非常小，没有几张桌子。中午吃饭时间，店里坐满了人。无奈只好站着等。\n装修得蛮简单的，比较像快餐店。缺少了韩国氛围。服务员一点也不积极。我们坐在位子上很久，都没有人来送菜单。郁闷。催了之后服务员才送过来。餐具不干净，都还能看到泡菜酱，让服务员给换一份结果就是给水洗一下。餐桌比较脏，塑料台板黏黏的。\n整个餐厅感觉乱糟糟的，关键是太小了。位子很拥挤，坐着很不舒服。\n【辣年糕】非常不正点。量极少。年糕不够有弹性。辣酱味不是正宗的韩国辣炒年糕口感。吃不出辣，也不酸。总之不好吃。\n【石锅拌饭】彻底让人无语，量少到不行。鸡蛋是直接就已经煮熟在上面了。味道非常淡，必须加上辣酱才有味道。总之感觉很一般。\n【蛋包饭】很普通，里面的饭粒没有超过，味道偏淡。外面的鸡蛋皮也很一般。\n【大酱汤】基本没有正宗的韩国感觉。里面东西非常少。就当是解渴的。\n【铁板凤爪】味道算是比较好的了，比较入味。但是真的很辣。鸡爪肉蛮多的，很酥很嫩，感觉不错。就是太辣了，吃不惯。\n【炸鸡腿】太让人失望了。鸡腿又干又硬，而且是冷的，怀疑是隔夜的。味道很难吃。撒上杏仁，看着不错。但是口感非常差。\n【霜降牛肉】真是很贵，总共才没几块牛肉，很不划算。牛肉偏老。是看着煎熟的，家伙很大个，看着震撼，吃着无感。牛肉太老，蘸酱味道还行，生菜很老，裹着不好吃。\n总体感觉很一般。太不正宗了，价格还老高。再也不会去了
42648,北京最大的优衣库店！好多层哦！透明的大玻璃和巨大的宣传画，算是三里屯最引人瞩目的建筑之一了！这里的货很全，每隔一段时间都会有限时特惠，很超值哦！这里的童装也是琳琅满目的，本人很瘦，所以有时候会买一些童装大号的，也很合身！服务也很好，优衣库每家店的服务都不错，值得其他商家学习！
42680,家门口有这样一家店，实在是我这类火锅控的人生一大快事。即使不到店里去吃，也可以买他家的羊肉在家吃火锅，味道超级棒！上回去吃洪长兴的热气羊肉，反而味道没乔老爷的好。这家的价格也是极其实惠的！超级推荐！
42687,第一次从国外回家的时候，家里人来接\n爸妈很早就到了，也不吃中午饭就一直等着我\n舅舅就买了汉堡和鸡翅准备让他们吃，就这时候我到了\n见着舅舅手里的麦当劳外卖纸带别提多激动，结果大部分东西都让我吃了。。。。。。不孝啊
42700,原来是庆丰包子，现在换成东方麦玺刀削面了，口味非常好，而且价格不贵，环境相当的不错，看装修风格像是国外的餐厅，但是比起边上的小饭馆显得高雅和卫生，面条口感很好，而且卤做的也特别香
42744,经常去吃，今天才补上作业。\n味道很好的川菜点，而且性价比很高 \n水煮鱼补错，感觉油很透亮，味道也很柔和\n一定会经常去吃的\n环境和服务还是很好的，但因为是家常川菜馆，所以不能和商务的环境比，所以不能给很好。但在川菜馆的团队里，应该是很好的啦，服务也是很好的啦
42763,在附近的农家乐当中酸豪华级的了。三进三出的院子，池塘，仿古的建筑，不是桃花源。\n农家三宝：芋头，红薯，玉米。简单的不能再简单的东西，。很淳朴。\n土鸡汤不知道是不是真的土鸡，味道马马虎虎过得去，薄(╯3╰)薄的黄油也有的，不过这玩意也可以作假的。有个什么糕的还不错，值得吃吃。卫生不怎么样，这也是到崇明的一大特色，到处的“飞机”在轰。
42769,近两年一直在这里染发和烫发，韩国店的服务特别好，确实把顾客当上帝来服务。使用的产品正宗，而且，理发师和小工都不会推荐你做这个那个项目。\n韩国发型师做发型很认真，但比较保守，不会做出很新潮的发型，但也不会弄得太难看，just so so 吧。但感觉在这里染发比较好，产品都是地道的欧莱雅，而且染前染后都有营养油，有利于保护头发。以前在别的店染后头皮会发痒，在这里染的就没事。\n价格比较昂贵，办卡可以打折。3000元卡7折，5000元6.5折，1万元6折，2万元5折
42775,老北京炸酱面 10元/碗\n味道很不错 很大一碗 没吃完..\n凉菜热菜我没怎么吃 \n店里风格很老北京\n到了饭点儿 人还挺多的
42776,环境那叫个大呀！比其它几家都大很多呀！那叫个宽松呵呵！\n品牌也相应的齐全！直奔三层鞋区！因为是折扣店吧，有时候断码会，要看运气哦！东西还是稀饭滴嘿嘿。。。
42788,想和大家说一下，我来这家店的感受。昨天晚上我到这家店去买咖啡豆，我只问了这个能给我拿看一下吗，那个服务员拿下来就扔到了桌子上，这个我也就算了，心想也许人家心情不好吧，就直接拿了两包说要这两个，结账时要求开发票，开完了我一看，写的是“餐费”，我说，这个怎么是餐费呢。应该是食品才对，那个服务员想都不想就说开不了食品，我说怎么可能，这又不是去饭馆吃饭，怎么开不了食品呢？我又不是没买过！那个服务员就犹豫了一下说问问，这时就过来一个男的，看着好像是店长之类的，把手插在围裙里面，挠着肚皮就走过来了，说只能开食品和咖啡（刚才还说不能开），我当然就开咖啡了，试问我要开用品您给开吗，开玩笑嘛不是。我说受累给我装点糖和奶精，那个服务员又说了“需要自己去那边装，别装太多啊”（这是原话。又试问了，我能装他一箱走吗？）然后我说奶精在哪，那个服务员又说了“奶精给不了”。我靠，我真火了，给不了？我在津汇店买，人家店员都是给我装好而且态度非常好，给不了？这是她家的是吗。另一个又说了，只能给5个，呵呵，太找乐了，还定量给5个。。跟大家说，这个服务员给人的感觉就是吃了死耗子，不对，是家里死了人，不对，是全家都死了，也不对，是即吃了死耗子又家里死了人，其实大家别怪我说话难听，大家可以去那家店试一下感受，或者可以去暗访。看看到底是不是这么回事，就算我买了一杯咖啡，奶精和糖这些起码是基本的吧！真的整个一小市民的料，我觉得星巴克这么大的品牌招聘员工是不是需要严格些，它们店的就那几个当班员工真的是用词语已经无法形容了，首先专业素质就没有，就连我这个外行都知道怎么会是开餐费呢！难道我点菜了？肯定是食品啊。还有就是他们的态度，那个身材健硕的女人真的是很严重！还有那个挠着肚皮的类似店长的男人。这个店都是外国人居多，就这种态度？让人外国人怎么看中国？昨天回家我都快气炸了。
42832,这家店非常的难忘！天气很冷，我们五个人围着小火炉吃饭，点了9个菜，一桶饭，居然全部吃掉了，猪脚很不错，还有野菜，很喜欢吃那种灰灰菜，还有当地的一种豆腐，我一个人吃了整整一份，很棒！
42862,之前已经来过，觉得这间野都几有特色，好多菜色同出面的饭店吾同，配搭好特别，什么裹蒸棕嗜BB鸭，土鸡蒸鱼头，呵呵，听都未听过的组合。\n菜的出品都几可以，但有一样野最吾好的就系服务，记得第一次去，叫个服务员过来写菜，我地点左个胜瓜蒸白贝，她居然拿住支笔没写到，我地问她做乜吾写，她话吾知道应该点写，晕，没培训过的？好心吾识就早出声啦，叫个部长来嘛。上个星期天去食饭，上菜超级慢，每个菜都要三催四请至上，后来等得实在太耐了，叫个部长过来帮我地取消个菜，她又话已经在做了，后来还是要等了四十分钟才上，最后那个菜系原封不动甘打左包，那日就真系食到一肚气，其他客人都系甘，张张台都在度催菜，那日都吾知搞乜。
42878,这的早餐确实不错，很多很适合我的口味，除了价格对于早餐来说不是那么合适，早餐比较喜欢虾饺皇，叉烧包还有凤爪，不过服务态度不是很好。不过对于早餐的地方也就算了。能勉强过得去吧。一个人吃下来有40多，还是和朋友一起吃比较合适，不然吃不完的。
42893,环境挺好的 烧烤师傅手法很厉害，大厨的表演，气氛还是不错的炒饭很好吃  挺有新意的 味道还可以吃个新鲜 黑椒牛肉还油麦菜也不错 几个朋友 一起吃的很开心
42902,电脑城似乎只有一楼有内容，上楼没有手扶电梯。要去的公司好像在八楼，十八楼，人太多没有去。在武汉大学信息学部旁边。
42928,来百联玩卡通尼乐园~~玩好就找找有什么好吃的\n韩料前几天刚吃过 其他的家附近都有的\n就选择了这家\n烧味拼盘~琵琶鸭 滑油鸡 烧猪肉 蜜汁叉烧 麻辣鸭舌 海蜇 68块\n种类蛮多的 烧猪肉的皮脆脆的 肥瘦相间 蘸着酱蛮好吃的 \n鸭舌有6个 偏辣~\n麻辣鸡丝凉粉 随便吃吃 只要5块钱\n蒜蓉生蚝 11块一个 满新鲜的 就是有点小贵\n椒盐中虾 40块 竟然只有10个 上来好小一盘 汗。有图片好参考参考\n买单135块 觉得性价比不高 拼盘还不错~\n我们17:00左右去的 有位子的 后来吃的时候发现外面排队了~ \n他家还有下午茶\n整体环境和服务不怎么样 没有其他分店好~~
42949,由于之前在汉口那边上班，想吃就去买到吃，导致有段时间吃吃伤到了。\n所以后来路过不怎么去吃..\n现在偶尔怀念又会去买..\n个人比较偏好肉松...且一定要趁热吃..\n不是很喜欢给的那个酱料【酱油色】..感觉是黑乎乎的、特别咸..裹在丸子上黏糊糊，不过倒是很喜欢他家的沙拉酱的，感觉和外面的都不一样了，颜色接近半透明状很稠。。\n虽不是油炸的也不算是健康食品，不能多吃，三不知吃吃好玩还是没问题的。。\n以前还吃的到里面包着的章鱼颗粒，现在什么也没了 ，都是面粉！算了好在他家店员蛮大方，每次要求多给沙拉酱会给很多，肉松也舍得给，3元4个不错了~~
42950,朋友到北京来玩，慕名选了这家老北京家常菜馆。隐蔽在胡同里，但也还算好找，没停车位，开车来只能停在胡同外的路边上。门脸看起来很不起眼，走进去发现别有洞天，装修的古色古香的老四合院，环境略微有些嘈杂，价格不贵，菜量一般，吃的是老北京的感觉。最好提前定位，周末饭点去，经常有等位现象。
42952,快过年了，家里买了一个烤箱，为了做出适合自己喜欢吃的口味的蛋糕，还是决定先去diy蛋糕店学习一下了，这家店让我学到了基本的搭配方法，知道了这些就可以创新了，以后就可以自己做了。呵呵
42966,今天是第二次去了，上次去的时候我们4个女同事吃了近7百大洋，有点小贵。明显扶墙出啊！牛舌是我的最爱，芝士卷和味噌五花肉也不错哦！
42973,工作完的补餐，去的肯德基，虽说算是夜宵，倒是吃了点早饭的玩意。\n外偷小店买了点水，我喝矿泉水，胖秘喝王老吉，结果进去胖秘又想喝豆浆了，\n我买了碗粥搭搭，胖秘吃的汉堡和鸡翅。\n我吃的火腿蛋堡，这个味道还不错，糖糖喜欢吃有鸡蛋的东西的，哈哈。。。\n要一口，很大一口。\n啃根油条搭搭粥，还是有老油的油条好吃。
42977,我觉得纯粹吃的是个名儿和排场，店比较老了，所以总会有人去。。东西也挺一般的。可能我对于海鲜不怎么感兴趣也有关系。\n服务确实还行，不过收钱了，再好也是应该的嘛。赫赫~
42981,因为离家近，以前经常跑到这里来玩，设备么稍显陈旧，不过主要是为了开心，钓钓鱼，投投篮，抓抓娃娃，打打抢，彩票积攒多了还可以兑换小礼品。
43014,哈哈笑团庆的时候来过这里，再有就是昨天下午来这儿听了鼓曲专场，水平可能一般，但谁让在北京听不到呢，还是被深深吸引了。园子的小环境不错，布置都能看出确实下过功夫，透着深深地津味儿。
43016,不错的停车场，就是太小了，现在已经不太敢去那里玩了。\n中国的汽车发展实在太快，也不能怪以前的设计者没脑子。哈哈哈
43018,番茄火锅怎么才三星半。。。我超爱！！！！\n额~难道是个人口味的关系？感觉这个店属于云南系的那种火锅~在这开的时间也不短了~吃过几次，一直都很喜欢\n店里许多招牌菜是一般火锅店没有的~那个鸡蛋皮包的肉应该叫鲜肉盒子吧，还有涮排骨神马的~都不错\n番茄汤浓浓的很好喝。。每次去吃都加好几回汤底猛喝。。。。大爱番茄味儿。。。。\n绿豆沙也不错，就是第二杯开始就要钱了有点不爽。。。店家可以考虑免费送哈哈~
43032,在香港和新加坡永远要等位的店，搬到上海来人气并不旺。喜欢这家菜的清淡，馄饨和面也都很好吃。虽然朋友认为性价比不高，我觉得是一个吃点小菜面品的好地方。
43039,店面干净，宽敞。\n招牌汤包还是不错的，味道可以，汤汁也够。\n蟹粉汤包好奇怪，里面貌似有酱油的？搞得蟹粉味道怪怪的。\n虾肉小馄饨、虾肉大馄饨是合成肉来着吧？？？不灵，不灵，这两个以后绝对不吃了。
43077,广告词反正是很霸气的：男人的加油站，女人的养颜馆。锅底的味道的确是很浓的，还有点补汤的感觉，多喝喝汤还是不错的。
43087,经常去逛，和其他小商品批发大同小异，几乎也就是买些袜子，内衣，手机电池之类的。可以杀价。唯一不好的就是环境，有点乱。
43089,这辈子住的最长的一次酒店就是在这里完成的，前前后后一共住了将近1个月。中间回上海过了一次端午，回来后我仍旧要求安排在11层的房间。\n客房服务人员很有爱，每次都会帮我的小熊和大狗摆放出一个非常有爱的姿势。\n地段很不错，走到王府井只有5分钟的时间，闹中取静，性价比高。
43100,总体来说味道还是相当赞的。。当然服务和环境灰常悲剧。。。\n   3个人要了4个菜，然后发现全是DP上的推荐菜= =\n   李家大排——很硬的菜。。给力的两大块炖肉啊= = 味道很不错，酱汁很入味，肉炖的火候也刚刚好，虽然还是需要两个人合力才能顺利的撕下来。但是到嘴里那个口感啊。真是很舒服~不过怨念的是两块骨头我木有啃到。。被人抢走了。。悲剧-，-\n虾茸草菇白菜——草菇很少。。主料是虾和白菜。。。比较赞的是原料~虾很饱满白菜口感也蛮新鲜的。。总体味道口感都很不错，果然白菜还是要搭配到正确的东西才能体现出白菜的价值啊~\n芙蓉鲜贝——我想说。。对我来说亮点是上面的蛋黄= = 让我当时联想到了蛋黄纳豆。。。饿我不是故意的。。。主料是鸡蛋和鲜贝。因为是和海鲜在一起所以鸡蛋上也挂了海鲜的味道。加上蘸酱油的吃法和鸡蛋的口感。。我不自觉的穿越到了北京的赛螃蟹。。还真是异曲同工的感觉嘛~只是可以最后战斗力不够木有吃完。。\n砂锅豆腐——好歹人家是叫砂锅李。。不要砂锅是不是很不好。。食材就三样。。白菜豆腐粉丝。。恩很家常。。但是配上这一桌油腻的吃食之后。。喝这汤的爽快感觉还真是语言所不能表达的啊~\n哎呀说起来普通的家常菜好久木有吃到这么好吃的味道了。。
43108,话说我的头发去年烫成了卷发，但并没有做颜色，只因喜欢黑黑的头发。但今年发现，满大街都是褐色系的卷发MM呀，这确实让一向游走在fishion潮流之外的我着实汗颜了一把，想想自己还未超越30高寿，还是紧紧抓住年轻的尾巴再逍遥几年吧！\n一不小心就扯远了，现在拉回正题。首先俺真的有够幸运，就在我想打理一下无可救药的“锈发”的时候，就很幸运地被抽中参与此次艾森造型的免费体验活动。周六早上我还在纠结要不要在大雪天儿狂奔京城，但想到即将面世的新形象，我还是迅速穿衣洗漱，以雄纠纠气昂昂之势直奔海淀区长春桥路的艾森造型而去！\n艾森造型给我的第一印象比较高雅的欧式装修风格，简约中不乏时尚气息，绿植随处可见，比较吸引时尚的小资MM前来休闲。说实话艾森造型的第一印象并没有让我这个“视觉派”失望，试想在一个身心舒适的空间里享受一场“从头开始”的形象改变，就好比做一个安静舒适的SPA，期待容光焕发的那一刻~\n为我设计发型的是一位叫做阿明的造型师。一直以来我都喜欢造型师捻起头发细细观察的样子，认为这样才能体验出造型师对顾客的认真对待。至少阿明是位不错的造型师，不但对我这样一个小顾客很认真，而且从头到尾都没有鼓动我进行额外消费，也没有推销美发护发产品。其实大家都明白，去美发店最不能接受得就是理发师不厌其烦地为顾客推荐美发项目和产品，这一点艾森造型做的不错哦。\n最后说说效果 发尾部分烫大花，很适合我这种懒人作风——可以不用每天打理。总体感觉造型很时尚，贴近当下流行的韩范儿，同事评价都不错~~
43119,每次去 为啥价钱还都不一样呢 基本上一天一个价位 看来海鲜幅度真的是很悬殊\n每次都是去11号档口 觉得那里味道还不错 服务也好啊 上次去还赶上了一个什么活动 抽奖可以 可是得8点多 我们去的时候刚4点多 实在等不了了就走了
43134,稍微比168贵点，但是其实类型是差不多的。要讲特别的地方是装修比较温馨，感觉比较舒服，可能这样才对得起价格嘛！
43135,小杨生煎也是吃了很多家了，吴江路的，黄河路的，巴黎春天下面的都去吃过\n感觉这家是最不好吃的了。底煎的一点也不脆是僵掉的那种感觉。\n这里也不是放在铁盘子里的，是用一次性饭盒垫一张纸盛着。桌子椅子也不是特定给小杨用的，是食堂一样和别家吃的一起公用的，所以老是要满场找醋什么的。
43158,满地开花的一家简餐店，很受大众的欢迎，服务也更加周全了，增加了宅急送，使人足不出户也能吃到想吃的东西，很有生意头脑的。
43183,南京酒吧街，民国风建筑，青石铺地很有韵味。消费较高，是时尚休闲区域。除了酒吧，还有特色餐厅及婚纱摄影等，总体很有格调。
43203,价位中等，人多人少都能吃得不错！他们家饭点的时候人总是那么多，服务难免跟不上。不过菜品的味道还是不错的，值得再去。
43218,经过时看到有优惠就嘴馋进去了。\n点了当日优惠12元的一份巧克力蛋糕，外观很诱人，有点布朗尼的感觉。\n入口小失望，只有表面一层是巧克力，下面就是巧克力色的蛋糕胚子而已，各种普通。\n蛋糕什么的还真是一分价钱一分货啊~
43228,总是路过他家，只是一直没进去。前几天朋友临下班前打电话说心情不好，所以打算两个人出去吃一顿，顺便说说烦心事。看天气很温暖，索性就走走，遂来了这家店。\n     一进门服务员就说欢迎回家，出门的人就说有空常回家看看。朋友和我说回家吃饭哪有花钱的，呵呵，玩笑话了！\n     食材都是放在小盒子里的，看上去很干净。选好了之后像超市一样去结账，之后就可以选位置开吃了。\n     小料是自选的，可以按照自己的喜好调配，这点我很喜欢。\n     锅呢，也是小锅，锅底基本上就是清汤了，自己可以在里面加辣味调料。我选择了清汤。\n     肥牛和羊肉都很一般，值得推荐的就是虾丸，很脆、虾肉很多，银子没有白花。\n     其他的青菜什么的就不提了，各家都差不多。\n     朋友拿了盒面筋，我是不敢恭维。\n     饮料我选择酸梅汁，因为之前看了一些吸血鬼题材的电影，那红红的酸梅汁忽然让我想起了吸血鬼，呵呵，味道还是很不错的，推荐大家尝试一下。
43240,离单位不远，有时候会来这儿吃午饭，吃过明阳春的，觉得还是这儿的好吃，排骨肉很香很软，咸菜很好吃，汤的味道也还行，价格已经涨了两次了，不过还算公道吧。
43270,晚上去的，人比较多，要排队等一阵，环境也比较吵。\n如果是去夫子庙就不非得吃麦当劳了是吧。\n随手买个甜筒逛夫子庙还差不多。
43272,看了点评去的，说实在有点失望，饭店很小，我们15个人（其中五个小孩子），饭店只有一张桌子很勉强的做得下，可是大桌也没有转盘，我们只有站起来夹菜吃。饭店环境很差，也很拥挤，菜的味道还可以，但也没到传奇的地步。
43280,"一直很喜欢吃泡芙,没想到家附近就有贝儿多爸爸泡芙工房.每次去购物都很想去败.....\n他家有推出积分卡,积了10点可以兑换一个泡芙...\n每买3个可以得1分,周三有双倍积分"
43317,变成乐天玛特了以后这里改善了许多，再也不用每样东西必须要买一堆才行了。价格也挺公道，东西都很实惠的。尤其是肉和鸡蛋，老有特价，蔬菜有事业低于菜市场价格的。\n这的最大特点就是大，货架大，购物车也大，停车也好停。过节了，上这来置办一通是个不错的选择。
43327,味道还是很不错的，就是有几次买面包买了，一个咸味的真难吃，奶油的东西做的还是都不错的，蛋糕也不错，经常去的地方
43360,晚市去食嘅。D点心好新鲜，味道都好好。星期一至五每晚6点后全单7折，茶位不打折。不过折后都唔平，两个人都食左60蚊。我哋点左鲜虾百合饺、粤点第一包、招牌叉烧酥、香煎韭菜饺、汤灼靓菜心、状元及第粥、柠蜜炸蛋散。\n觉得样样野都好正于唔小心就点左咁多，食唔晒打包了。喜欢食榴莲的妈妈话，个榴莲酥里面真系榴莲来的，有肉感，唔系榴莲酱。\n下次，我要斯文D，食平D先得，嘻嘻~
43361,差不多是7年之前去吃过一次，当时是亲戚公司送的两张餐券，于是和弟弟一起去吃了。\n环境很不错，是中午去吃的，如果晚上去的话感觉一定更好。\n旋转餐厅的客人还是挺多的，当时的价格是158元一个人好像。\n觉得最奇怪的是，用餐厅的话，居然只包一杯饮料，如果付钱的话饮料无限量畅饮的。\n由于当时我们都还是学生，所以也没价钱要饮料，然后就靠水果来解渴了。\n服务员的态度比较一般，站在我们后面聊天，感觉很不自在。\n菜的味道比较一般，那个时候没觉得有什么特别好吃的东西，反正叫我自己花钱去吃，我是不会再去吃了。
43435,"过生日来亚玛达选手机,,顺便在楼上吃了..之前看到这家了,,一直没来,于是就选大河了..\n环境不错,坐椅挺宽敞,,不过MS不是很干净的座椅...\n服务员有的态度不错,有的很不热情....就不细说了...\n点了一个大河铁板锅,68元,,特色有余美味不足,,火上铁板锅,,里面不放水,放了黄油,等着菜熬出汤,,不过最后基本也是干锅了,,因为里面放了粉丝...不懂为何干锅还放粉丝...\n猪肉奶酪辣菜饼,,还可以,,26元,小贵些,,里面的猪肉基本上都是肥的...\n猪肉味噌铁板豆腐,,,38元,,,好贵....味道不错,,,不过味噌没吃出来啊...\n争取来一个长寿面,,,乌东面煮的,,,没啥味道,,,不过至少吃到面了...\nPS,,评完吃完才注意看楼下各位的点评,,早看到肯定不会来这家过生日了...这家店过不了多久肯定黄铺的.."
43436,果然是名不虚传啊，虽然几个也是吓死人的贵，但一分钱一份货，蟹粉小笼很好吃，真的感得到有蟹的味道，虾仁馄饨面味道也不错，值得一去
43450,好久没有写点评了，可是今天这个实在是受不了了要来抒发一下。。\n点单不耐烦上餐随便一放这也没什么，我只管好不好吃，\n关键关键，无论粥还是面你敢不敢做得更难吃一点？\n黄鱼春卷，超腥还乱是刺；\n黄鱼XX面，那鱼片都快被腌成咸鱼了，鱼的鲜嫩口感也没了，汤里白胡椒甩放，还盖不住腥味，又腥又冲；\n同伴的粥除了胡椒味就等于没味，一边口感淡歪歪的一边还被胡椒熏着。。\n好了，抒发完毕。。。上来一看口味分真的很低，我释怀了，看来不是我一个人觉得糟糕
43451,当时有买一送一的时候整天去吃 ，\n没有优惠就不去了 ，\n没优惠性价比马上下跌，就觉得不好吃了，那个价格的或许味千还好些的吧
43459,中午部门去聚餐在这里，地方一般感觉一进去想进了个美食城。菜品很多，蔬菜沙拉很大很好吃，比家里做的好吃。纸包鸡翅超赞，鸡味浓郁也不是很油，XO酱牛肉炒年糕，很咸，牛肉很嫩，鸡爪很香比我想象的好。叉烧肉一般。锅仔的大骨汤很鲜美。腊肠煲仔饭很大一煲，广式的香肠很好吃\n。。
43465,公司搞活动  DP 一搜就这家了\n我们一行人 大小23个人，那里就让我们包场了，哈哈\n预定了2桌，准备2只土鸡80元一只，8个蔬菜8元一份吧！具体不记得了\n菜饭10元一个人，管饱的！不过后来饭不够了，有几个同事都没有吃饱！\n对不起，我预定的时候忘记说了，我们公司男生多，而且胃口超级好！\n土鸡蔬菜都是他们自己种的，很健康！\n离市区还是蛮近，开车过去很方便的\n赵老板对人很热情，服务非常周到。我们自己带了烧烤的东西去，老板已经帮我们把烧烤炉都弄好了，保证我们将所有的东西都烧烤完，阿姨还帮我们提供了油。。。帮我们把大块的肉，分成小块，真好！\n上海已经很少有这种地方了，比较私密，搞团队活动很适合！
43492,前段时间想吃冰沙，很想吃！超级想吃！！但家门口没有甜品店呀，唉，去偏僻地区的苦逼啊…然后就翻DP，狂翻，么想到康师傅居然有冰沙，还是我爱的花生冰沙！立马开路，走起～\n点了冰沙，陪我去的阿呆点了份番茄牛腩面，外加了份辣牛腱。牛腱不错，就是量有点少呀，小碟子装的，吃完上面几片牛腱下面都是花生什么的…牛腩面尝了块牛腩，还不错，炖得还是蛮入味的。然后就是我的冰沙啦～一人份的冰沙，一个小碗装着，感觉打得不是很细，能很明显的吃到砂糖的颗粒，这个有点印象口感。花生味很香很浓就有点太甜，吃着好饱，最后剩下小半碗没吃掉。\n阿呆一直对他家菜单上100+的那份牛排面很感兴趣，经常问我想试试伐…那个完全是斩冲头的吧，滑稽
43523,本来想去的隔壁，结果那没位子就先来这家吃了，点了荞麦面和牛肉火锅，味道不错，尤其面挺有嚼劲，发现那一块地方吃东西的店都挺正宗，价格也能接受
43526,大伯伯生日在哪里办的，总体感觉饭店旧旧的\n感觉有点拥挤\n碗碟什么的似乎也有碗口坏掉的\n饭菜还好，没有太大的特色
43555,从万达看完电影出来，一大家子的人肚子都饿的咕咕叫，但又实在想不出吃什么，大人们不喜欢吃味道重的菜，选来选去，只好去吃港式茶餐厅，但是貌似只有宝丽不排队。老实说，本来也没有抱很大希望，所以感觉味道也还可以，只能说一般吧，至于服务，感觉有点跟不上，明明春卷没有了，也不说，害了大家等了老半天，问了好几个服务员，才被告知没有了，哎，实在想不出有什么特色菜。
43556,现在很少有这样的商店了，感觉像90年代的味道。在这家买过排球和运动裤，价格都不是太贵，营业员大都是中年的阿姨，态度都还不错，挺喜欢这家店的。
43568,吃过小眼镜再来这家店，味道可以说是好些。\n让我觉得厦门的海鲜不是小眼镜那个档次。\n去的时候正好有对新人结婚，见证了全过程。\n不得不感叹，在厦门娶个老婆真是太容易了。\n点了片皮鸭半份，两个人吃够了，味道可以，料稍微淡了些。\n点了桂花鱼，搞了半天就是桂鱼，还叫的那么好听，味道很失望。\n别的海鲜也都一般，花螺个头很小，以后不会再去了。
43616,我一直有个疑问，这里和旁边中信和梅龙镇的停车场价格一样，为什么人那么少，而后两者每次都很挤？？\n明显恒隆的停车场要好的多，非常宽敞，根本不需要担心车位的，就算你刚拿到驾照也不会有问题。而且价格也是10块一个小时。进出虽然有点弯道，但是出入是分开的，很方便的。\n个人觉得这个是南京西路最好的停车场了。
43617,什么时候点评能来这免费吃一顿呀，有 朋友请吃饭，无意发现的这家店，烤牛排很好吃呀，还有蘑菇，冷冷的天喝碗大酱汤立马就暖和了，里面环境漂亮，也很适合情侣约会
43660,高中秋游去的 那时候觉得很开心 一大帮人在车上叽叽喳喳 去了就开始玩 有竹筏 打水仗 蛮有意思的 将军山很大 风景很好
43681,口味颇不错的老上海餐厅\n点菜的服务员是头势清爽的小伙子 简化了点菜 介绍地蛮清楚 基本不用担心\n环境算不得富丽堂皇 倒也温馨干净\n点了 当家的几个菜\n熏鱼 用的是很小的鲳鱼 很入味 可惜不是现做的\n肴蹄 很入味 皮酥烂 很香口 不错的\n油爆虾 外皮很脆 甜味适中 老上海的做法 蛮好\n草头圈子 很标准的做法 圈子处理地还算干净\n雪菜烤鲈鱼 这道倒是很特别 雪菜是油炸的 所以片片很薄脆 像木鱼花一样 鱼肉调味酸爽 推荐下\n蟹粉豆腐 蟹粉有点腥味 不是表现地很好\n黄鱼馄饨 上海做这道的餐馆也越来越多 他家的只是中间水平 无功无过\n酒酿园子 园子是有芯子的那种 酒酿味道不浓 打了擦边球的上海点心\n总体算是性价比颇高的一家亲民餐馆
