id,sentence,label
30563,朋友请客来的，鱼头吃得很过瘾后来又涮了些肉和菜，总体感觉不错，调料也很特别十足的四川风味，爱吃辣的朋友可以一去。,1
32819,原先办图书证要200，一直没去办，后来得知图书证办理不要钱了，就赶紧办了张，不过书架间隔间太小了，只能容纳一个人，如果两个人就太拥挤了,0
7273,在网上找到的雪姐，到第一看就是大排档，哈哈，不过环境虽然很差，但是好在心情不错，所以东西吃起来也就很舒服，同去的猪们一口气点了好多海鲜,1
39761,只吃了朝鲜冷面。10元的价格这个汤汁味道很不错。但是上面的配料肉是方腿片就一般了。\n听说年糕不错。下次试试看别的。,1
37996,是看了星尚的节目才过去买了试试的，哎，又一次被星尚给坑了，能不能真的介绍几个好吃的地方啊，真的很一般，服务态度也很冷漠，里面的馅料包括外面的脆饼真的不怎么样，星尚你们就没有真的好吃的地方可以介绍了吗，诚信懂吗。,0
15949,口味还是吧，好像连锁店开的还是蛮多的，听的名字还是很霸气啊，有时候会搞些活动，可以竞争比较激烈吧，随便吃吃还是可以的,1
28302,华润万家旗下的一家精品超市，各种商品的种类很给力，红酒有近百的品种，包括拉斐、武当红、龙船、狄士美等1855列级酒庄的酒，曲奇的品种也很丰富，有德国的、法国的、丹麦的、比利时的、意大利的和英国的等等，各种进口巧克力的数量也是其他超市没法比拟的，最主要的是能够刷华润万家的“提货凭证”卡，大爱！,1
30751,想到我俩每次自助都爱初花，也要有点新尝试，就来了这家，结果悲剧了有木有？？？？？？一样的价格，性价比哎。。。。。。真心忍不住不吐糟！严重不值三百块啊！我知道新天地地价贵，但菜也不至于就这样吧\n环境普通，蛮暗的，有个烧烤的地方，比较像韩式的，优点是桌子还蛮大的\n菜式少，好吃的更是少的可怜= =\n刺身拼盘，三文鱼、金枪鱼、甜虾什么的，厚切新鲜程度一般\n三文鱼腩，就是一坨肥肉，看着都倒胃口，还限量一刚。。。\n海胆，米道还不错，可是也限量一份，刚吃出点味道来就米有了册那\n寿司，金枪鱼、象拔蚌、鳗鱼，都不好次\n芒果蟹籽沙拉，蟹籽都不带超过十粒的，雷得我风中凌乱\n黑毛牛拼盘，牛肉品质看上去不错，可是这烤炉不知道怎么回事，猛往上蹿火服务员也不理，吓得我们都不敢烤了，绝对是烤了个乱七八糟满头大汗，要么没熟要么焦掉了\n烤银鳕鱼，算是还不错的菜，可是烤银鳕鱼我还真没吃过哪家是难吃的\n烤鳗鱼，一看就是营养不良的鳗鱼，没有吃鳗鱼时该有的嘴巴的满足感，太瘦小了\n盐烤大明虾，在别的地方不怎么次的因为在这里实在没什么好吃的就点了几个，肉质挺嫩的，味道淡了点，蘸了烧烤酱来吃\n锅烧乌冬面，乌冬面没有Q劲，像蛋花汤\n韭菜饼，也算是还OK的，可是这里不是日料么。。。\n石锅拌饭哇靠都没哟松江的不到十块钱的一份好吃，酱料少，没有肉尽是怪怪的菜\n肥鹅肝，一口口的胆固醇啊，太肥了，像是得了脂肪肝的鹅\n牛肉粒，干巴巴的很老，还没味道\n甲鱼汤，我去啊，就是热水瓶烧出来的水\n芒果布丁，这货好意思叫芒果布丁除了是黄色的以外和芒果丁点关系都木有，淡出个鸟来了都\n冰激淋有香草和草莓味的，有光明冰砖和三色杯的味道好次\n服务是最气人的，尼玛一个个跟我们欠了她们钱似的，长那么难看还板脸谁吃得消啊，点菜点到一半经常会莫名招呼也不打一声就走掉的，走去帮男服务员搭讪一刚，擦！！！！还有你开的自助就是随便任吃的，用得着几个服务员在那边鸡啄议论我们吃的多伐，开不起自助就不要开尼玛！！！！！！\n不要再来就是浪费钱啊，同等价位好的选择太多，这就是一次失败的尝试！怪不得生意不好,0
17399,男友接我下班，肚子饿了一天啦，我俩都想吃湘菜，一直想来点评网评价极高的这里来吃的，今天终于来了，\n这一排有三四家湘菜馆，鱼下巴的生意貌似最好了。\n2个人，点了招牌鱼下巴微辣，小炒肉，香菜蛋花汤，店家非常贴心，不会乱推荐客人点菜的，本来男友还想再点个蔬菜的，店主说够 了够了，呵，挺贴心哦。\n鱼下巴：很大一盆，39，点的微辣，不过，也感觉好辣，好象我吃辣不厉害，男友吃得满头大汗，呵\n小炒肉：18元，放了豆豉炒的，好香哦，男友说很好吃的。\n蛋花汤，15元，也不错，吃完辣的，来口汤，乐哉\n他们家好菜都要尝的，可惜肚皮有限大哦，只能等下次罗,1
44247,第一次吃是朋友带我去的，朋友说那家味道不错，我们就去了。那天下着小雨，黄河道那边还在修地铁，人流很少，可是到了那看到居然是满客，服务员安排我们到了一件隔断间里，房间装修都是竹子的，很有野味的感觉，朋友做主点了菜品，上菜后，我们先喝汤，的确像朋友介绍的那样美味，不过，吃过饭后会感觉口渴的很，估计是味精放多了吧。朋友点的锅底都是鹅腿和竹荪，感觉吃锅底就可以吃饱，他还点了鹅头，和我老公两个人喝着小酒享受着美味。他家有各式各样的菌类，我们要了几样，好像有猴头菇、鲍菇、、、、等等，记不清这么多了，还点了些蔬菜，豆制品。我们三个人不知道花了多少钱，但是吃的很饱，最后还打包了不少东西。,1
21587,"朋友送的600元一张的精品礼券,周五打电话让送货,周六就送到了,物流很给力,打开箱子,看到葡萄上还有果粉,根据我的经验,应该是绝对新鲜才采摘的避雨葡萄(上海最近雨天天有,如果不避雨栽培,果粉肯定没有),避雨葡萄的好处我就不多展开了,反正露天葡萄是下一场雨就要打一次农药的,避雨大棚葡萄就不用打药,吃起来放心.\n里面品种好几个,要不是里面有本手册,还真不知道吃的是啥品种,终于吃到小时候的葡萄那种感觉了\n总结一下: 甜过初恋,甜到忧伤\n不到2小时,消灭了大半,才后悔应该省着点吃的,不知道这个券还有没有卖,在哪里才有卖呢",1
28713,听说了傣味火锅店，直到夏天突然想吃火锅就和朋友一起去了，那时生意也还好的，都有不少人。。。\n可惜菜不是非常新鲜，偶尔吃吃还好\n冬天很热闹的，人气挺旺，可能一不小心就被遗忘了,0
36256,"朋友结婚选择了在这里摆婚宴,据说送了现场布置,虽然不算十分隆重,但是还是挺温馨的.自带酒水\n婚宴现场状况百出,服务员态度很好,有什么要求都尽量满足.\n菜的味道还不错,样子客人.新人说,踩场的时候,觉得性价比OK,就定下来了",1
23675,之前落班，成日会过去吃宵夜。\n唔是话特别好味，只是开得比较夜。\n服务一般。有时夜晚唔算多人，但是都要等好耐。\n味道一般，好普通的肠粉。粥概配料都好少，粥是无咩味道的。\n感觉只是填饱肚的地方。,0
10915,新开张的日式料理店，一下子很想吃日本料理，就选了这里\n自助餐很划算，整本菜单上的都可以点\n生鱼片还是挺新鲜的，天妇罗和烤物都不错，可以尝试下\n不过可能新开张，还不能拉卡也没有发票，不太方便,1
36282,很不错的鸡排，而且是心形的，看起来很有爱啊，呵呵~~~·不过炸好之后是要切切小块的，不忍心啊啊，一般都是吃微辣的，辣辣脆脆的很可口,1
42517,每次都在这吃皮蛋豆腐...老板总是盐撒不匀...没吃过肉类的沙锅。我小的时候这边经常有一片占路卖沙锅烤串的，不知道是不是现在这家？,0
8118,下午和bf点了鸡肉卷和芒果玛格丽特，玉米片，味道相当不错，都是老外，环境也挺舒服的，服务员有时候比较难叫到，还是不错的，下次还要去,1
2738,领导带着去吃的，这的羊排羊腿真的很赞，而且他的排烟系统很强大，就是就餐环境惨了点，小木桌子，木凳子，给人一种很憋的感觉，最爱吃这的烧饼、还有大拌菜很好。总之很美味。去的8个人，吃了四百多。,1
35765,生意好了，有的时候服务就跟不上了，好不容易有位子做下了，可连个点菜的都找不着~~菜的味道还是不错的，价格也算实惠~~人多，上菜很慢的~~,0
31587,开了很长时间的一家饭店了，以前来吃的印象还是可以的，不过这两年是在走下坡路了。\n菜的味道不稳定，同一餐饭中，各个菜的水平都不一样，烤鸭还是不错的，鸭肉很嫩，烤的很香，要是包鸭肉的面饼再改善一点就更好了。鸭汤是没啥好喝的，还是选择打包带回鸭架子比较划算。\n豆苗炒的太油了，恨不得半盆都是油。\n大堂的桌椅摆放得密集了，坐的很拥挤，而且抽烟得人很多，有点乌烟瘴气。\n桌椅用的时间很长，有点脏了。而且碗碟都有破口。\n这些饭店的基本门面还是要注意的。,0
6951,优质的羊肉泡20，优质的牛肉泡18，凉拌牛肉20，蛋花汤4，味道中规中矩，在南郊附近应该算是不错了，凉拌牛肉挺好吃，就是端饭的娃太TMD瓷了。,0
22443,团购59元的时候去的，水果种类丰富，而且可以随便吃，服务生的态度也很好。自助餐的种类虽然不是很多，但是菜的分量都很足，味道也不错。休息大厅和娱乐区域是分开的，因此比较安静。,1
3635,和文兴是隔壁，这家给人感觉更明亮，态度很好，爱吃他家的堡仔饭。外卖也是个很好的选择，加班时也常叫，量很足，菠萝油送到时都是包装得很好，冰冰的。,1
6120,"价钱是很便宜的,办了张会员卡,一年有效期.19:00前买一小时送一小时.\n我们是星期6下午去的,小包房60元/小时.有价格优势的.\n而且人不多,不用预约的,基本上去就可以唱了.\n点歌算方便的,触摸屏.\n装修风格一般,比较昏暗.小超市的东西也不贵,不过没什么选择的.",0
39674,我们看起来比较穷啦，不然怎么没有感觉到很热情，不然就是我们做错什么事了吧，不过也有可能是品牌的骄傲。不管怎么说都好，东西还真是不错的，还送一大堆东西，省不少钱啊，已经很满意了。,0
11738,黄振龙一直都标榜着他们的瘢痧茶是可以治疗百病的，就像做安利的标榜着他们的纽崔莱可以治疗百病一样。\n不过瘢痧也不是真的可以治疗百病，只不过是一个凉茶处方吧了！,0
12788,"星期六，睇完电影，就过左去上下九行街，之后，个同学话想吃必胜客杯芒果冰沙，间嘢都比较静，我地点左一个奥尔良PIZZA，一个三文鱼沙律，而且呢个三文鱼用烟熏过，再点左一份鸡翼，都几好味，点左两杯嘢，一杯就系芒果冰沙，一杯柠檬红茶，最后，我地都系吃唔赛，净翻一件pizza,嘻嘻！！！",1
12578,各种面条都很劲道，很入味，量确实不够一个成年男人吃的，不过也没办法现在物价都在涨吗，可以理解，很有特色的面条，建议可以去尝下这家小巷美食！,0
311,话说今天去禾绿 第一次去 点了点三文鱼刺身 等其他的 三文鱼刺身好薄啊 一点入口味道都木 还有阿三碧瓦比一点都么味道的完全就是面粉的感觉 金菇牛肉卷 外面包得牛肉太薄 引起牛肉炸了只有好脆啊 一点口感变化都木啊。。反正一塌糊,0
34618,用学生卡点了优惠的早餐，一个鲜虾鸡蛋卷外加一个珍鲜四宝粥，不过就是四个万字，那个碗克真是小啊，粥倒是很浓，但是好像放了很多的鸡精，不是很喜欢\n还有那个鸡蛋卷的皮不是很好吃，不过总体还凑合,1
27792,吃了几次确实感觉是量大，味道嘛也还可以，中午找同学喝点啤酒来这边两个菜足矣，要是都是肉菜的话还可以打包，足够晚上俩人吃的。现在变成电子点餐了，反而觉得没以前痛快了，刚进门先拦着点菜。蜀香已经成了我们实验室聚餐的保留餐馆之一！关键是可以自带酒水，不过这样的话九折卡就用不了了。环境稍微差一些，因为厨房就在门口出，所以整个餐馆总弥漫着一种什么味道。不过如果好几天没沾油水又兜里没钱的同学来这边不错，上次有个香辣虾就一大堆而且不贵，可想这里的消费水平了。,0
28883,这个店是川菜店和火锅店连一起的\n感觉里面装潢特别有江湖气息\n味道挺不错，价格适中，服务员有点慢，总体还是不错的,0
35117,到附近找人，绕错了路，无意中发现的店\n主打是面条，各种面条，没太多感觉\n小笼包不错，传统风格的口味，汁水偏甜，一笼四个\n吃面的人不多，打包小笼包的不少,0
24586,喜欢他的豆浆，饭菜口味较重，基本上饭得味道比面的要好，我喜欢伴着吃。通常转鞍山西道时，进去坐会，既解决温饱问题，又歇歇脚，挺好,1
34331,有时候有什么团购或者家里有啥送的优惠卷就去看看，环境不是很好，有点小，有点旧，没新建文也没大上海好，早上十点也有便宜的电影10或者15吧，好多影院都这样，音响也不太好，就地理位置还不错，距离河南博物院很近，周围不是很繁华,0
8324,小外甥女出生的第一个玩具这里买的\n刚进这家店，就不想出来了，对于还是怀有一颗童心的人来说，真是想把里面的东西都抱回家\n选了很久，最后还是买了个费雪的多功能玩具，买单时才会觉得这价格真是高呀,1
44421,这里的湛江鸡很大一只，三个人，点四分之一的下庄就够吃了，味道不错，还有白切拼盘也很好吃，价钱一般，早期很旺，六点来就没位了。,1
36671,国庆长假来“秋游”，哈哈，来陶冶情操，修身养性，看看植物，家里过去很方便的，百色路吃的东西也很多，植物园还是很大的，不过最近好像不是花季，人也不是很多，脚踏船还蛮好玩的，感觉和以前读书的时候来没什么区别，随便玩玩。,1
1631,"和朋友去的,结果唱到某首歌的时候死机了,重启N次后仍然不行,把工作人员叫来,都解决不了,只要唱到那里就死机,最后连整个楼的都不能唱了.最后经过维权,给我们赠送了免费券了.第二次唱到那首歌的时候死了下下,但是没有第一次那样剧烈的情况了.太曲折了.",0
38625,总体来说 烩面还是不错的  味道还不错\n但是服务确实很一般  希望把服务和卫生再提升一个档次\n不过就是肉太少  呵呵 希望有所改进,0
41018,上午参观完息烽集中营后，吃完中饭，就直奔遵义市了，话说遵义市的确不愧是中国的卫生城市之一啊！看上去是整洁干净，上海这方面的确差距不小！唉。。。。。。不可能十全十美啊！\n    现在参观遵义会址是免费的哦，不过要用个人身份证去换门票，每人每天限换兑一张！也就是如果你是住那附近的，每天可以进去参观一次！霍霍。。。。。。\n    不过进去参观就碰到一件恶心人的事情，进门右手有一幢楼是不让人进去参观的，听说里面好像在修整还是维护啥的！好的，你不让人家参观就不参观了，但是后来我们发现还是有人上去参观了，后来一打听，原来是绍兴市的市长大人，哦，这个地方如果你是领导大人就可以参观，如果你是市井小民，对不起，市井小民免入！！！！！！让我想起了上海以前的有个公园，上面写的是“华人和狗免入”，怎么就觉得遵义会议会址现在也多了一块牌匾啊！至少那幢楼多了一块牌匾，“市井小民免入”！！！！！！！正处级，还是正厅级别的才能上去啊！怪不得现在的人都为了当领导，不惜争得头破血流的，原来当领导有特权啊！！连参观个遵义会议会址也有特权！！！你如果是不让人进去参观，就一个人都不准进去参观，哪怕是我们敬爱的胡主席过来，也不行！有请领导事先你过来的时候联系一下，看看能不能是不是所有的都能参观到！如果想看全部，那就有请下次整修完您再来！如果无所谓，那就请您来参观吧！唉，不说了，还是说说遵义会议！\n    遵义会议是指1935年1月15日至17日，中共中央政治局在贵州遵义召开的独立自主地解决中国革命问题的一次极其重要的扩大会议。是在红军第五次反“围剿”失败和长征初期严重受挫的情况下，为了纠正王明“左”倾领导在军事指挥上的错误而召开的。这次会议是中国共产党第一次独立自主地运用马克思列宁主义基本原理解决自己的路线、方针政策的会议。在极端危险的时刻，挽救了党和红军。是中国共产党历史上一个生死攸关的转折点，标志着中国共产党从幼年达到成熟。\n    其中印象最深的还是红军四渡赤水那一段小电影！呵呵。。。很是神奇哦！遵义会议之后，红军在长征途中，处于国民党几十万重兵围追堵截的艰险条件下，进行的一次决定性运动战战役。在毛泽东主席、周恩来副主席、王稼祥将军、朱德将军等指挥下，中央红军采取高度机动的运动战方针，纵横驰骋于川黔滇边境广大地区，积极寻找战机，有效地调动和歼灭敌人，彻底粉碎了蒋介石等反动派企图围歼红军于川黔滇边境的狂妄计划，红军取得了战略转移中具有决定意义的胜利。嗲，攒啊！这个仗打得是神奇，真想穿越回去看看！！！呵呵。。。。。。\n     总之，参观完毕，总体来说还是很好的！受到了深刻的教育！不枉此行啊！\n     END!,1
9711,"免费开放,会有导游介绍，里面很详细了介绍了天津的发展历史，模型展区很大，做的很逼真，非常吸引人，夏天冷气开得也足",1
38798,路过的时候刚好有车位就进去看了一下，所有的苏宁都是差不多的，就觉得这里好像比较大，人也不是很多，东西就显得很多的样子。服务员态度还不错，介绍挺详细，也不太死拉着你买。,0
37145,就在翠阜新村旁边，物美超市（以前的易初莲花附近），感觉还好吧。时不时弄点儿小点心试吃。喜欢好利来的老婆饼，呵呵，好吃，以前5快钱一盒，现在物价啊，不行啦~在这儿吃了牛角，感觉好利来和津乐园的牛角味道都差不多。切角蛋糕也还行，慕斯蛋糕以前也才7~10块一小快，现在都涨啦~\n最后感觉这个店比较小，旁边挨着五福，价格上没有优势啊~,1
22674,在近三台子那里，这家算是不错的了，其他的都太小了，根本不适合朋友、同事聚餐呀！\n公司就在附近，所以一有聚餐机会，地点就必选这里了。\n去过几次了，味道还算不错，服务态度绝对一流，有个小帅哥，我们每次去都定他的桌，因为服务态度好，又会帮我们省钱，何乐不为呢！！！,1
9425,"店老板真是个醒目的重庆人，看我们第一次来，翻菜谱左找右找“博士后后”同学推荐的农家香碗，在一边\n  听到了，马上来解释夏天不做这个菜了。推荐了水煮鱼。水煮鱼的确很地道，鱼肉很嫩，下面铺的豆芽非常 爽\n口。干豇豆回锅肉也很好吃。凉拌茄子不太合胃口，太咸了，料加得重。提醒不要放味精，厨房的师傅还是没\n记住。\n  有次十一点经过店门口，还在营业，天哪，老板也太敬业了。\n  2011,7，5日更新，水煮鱼味道还是很足，但鱼肉感觉不新鲜，而且用的全是鱼的边角料的肉，干脆水煮豆\n芽还好些。渣海椒回锅肉太咸了，这东西只能打包回家炒饭吃。火爆腰花的腥味很重，不推荐，不如双楠有家\n内江私房菜的火爆腰花味道足。泡椒鸡杂还挺下饭，鸡杂很少的一点点，里面莴笋居多。空心菜非常老，而且\n炒得很油。",1
8107,非常老的一家店了，十年前我刚到深圳的时候，这家店就在这里了。\n可能是湖南人的原因，对潮州菜感觉味道有点点不够，没有别人描述的那么好吃，但是，存在这么久了，总是有它的理由的吧。,0
753,很喜欢这家店 经常去吃 每次去都喜欢点他们家的麻婆豆腐 \n口水鸡的味道也是很不错的 还有宫保鸡丁 就是菜码太小了~\n他们家每一期都有特价菜 点那个很合适 而且味道都很不错 价格也很便宜~\n是去道理逛街填饱肚子的好去处,1
31283,肚子疼得厉害没什么味口\n突然想起有一次肚子疼吃了过桥米线就不疼了\n所以今天我又来了\n人气很旺\n随便吃吃还是可以的\n但是小心点\n别让锅把手给烫伤了\n我今天就被烫了,0
24998,顺风就是我们中午的食堂，遇上人多，我们就去顺风。\n我们只点中午的特价菜单，价格还是比较公道的，量也挺足的。人均差不多在25元左右。\n顺风的味道嘛，反正几年吃下来，也没吃腻，由此证明还是可以的，\n而且中午的特价菜单隔一阵就会换，很人性。,1
39792,服务员是经过专业培训的，还不错\n菜品是经过改良的湘菜和荆楚菜，不是很辣，\n个人感觉如果是商务宴请的话，还能拿的出手，,1
18780,又一个父亲节来临，我同个仔（中考完毕）共同夹款请老豆吃番一餐（呢一年来为仔中考天天辅导，劳苦功高了），选来选去还是觉得建国性价比最好，88，5星级，环境一流，交通方便，品种当然略少，但基本上对得住个价钱了。我同个仔讲，中考如愿以偿的话，一定齐齐去白天鹅或花园试试，好好庆祝庆祝。就系唔知个仔争唔争气，罗到呢个入场劵，期待中。。,1
5248,老板送了我2千元这边的抵用券，我乐呵呵地要带爸妈一起去，然后老妈本来还说要带外公外婆一起去开开荤，我事先查了一下人均消费，吓我一跳，跟妈妈说，就免了吧＝。＝\n新世界的停车真是壮观，是在楼上的，你开车往上绕啊绕啊绕啊绕，不停地绕终于找到一个空位，转弯空间很小，车位每层都很少，新手慎入。\n丽笙大酒店算5星的吧，但是建在这个地方也注定了它大堂的没派头，找到餐厅内饰还算让我们满意，一打开菜谱让我们吓一跳，菜价都是3位数的，还要再加15%服务费。老爸喜欢吃海鲜，点了几个加过些许海鲜的菜，粗略算一下就超过2千了，立马住手。\n菜的味道还真的没什么特别的，干贝还算新鲜，问题是几百一盆菜里寥寥无几，能让我记住的特色菜还真的没有，可能是我没点到特色菜吧。结果买单花了老板给的2千券以外，还贴了我300多，基本就都是服务费了＝。＝\n果然老板来过的地方不是我们这些凡夫俗子该来的，我忍了，谢谢老板。。。下次自己绝不再来。,0
13113,再次路过，喝了新品白兰地什么的酒酿新品~感觉稍微甜了点~其他的味道还是不错的~酒味稍显一点点~总体非常不错~赞一个,0
27734,朋友团的券去的，交通很方便就在军人俱乐部里面。但里面设施太陈旧了，音响效果也很一般。洗手间卫生也不好。反正是不会再去的店,0
27931,好像大家有宴请就会到这里来，酒席集散地了。\n菜品做的都还不错，还没有吃到过很难吃的东西(*^__^*) 嘻嘻……\n总体影响鱼都做得很好，都挺有特色的。但是，酒宴菜很难记住菜名了,1
25143,一直以为是广东菜馆，原来是北京人开的。\n主打焖锅，无汤无水无油，用特制的酱来焖出来的。\n我们点的是焖蛙锅，肉很嫩。特制的酱味很入味。\n吃完焖锅可以加汤变成火锅。\n味道很好吃。更值得一提的是后来加一点汤下的扯面，极美味。\n现场扯面，有点像拉面，一个面块扯成面条。但扯的很好看，上下挥舞的。\n这家分店装修不咋的，很简陋的感觉，和泰然比起来差远了。虽然泰然那家也不咋好。\n总体说来，味道还是不错的，可以一试,0
26984,差差差！！！！！！！！！！！！！！！！\n态度非常恶劣！！！！因为开在家门附近，晚上回来晚，顺路在他家随便吃吃。才刚上齐没吃几口，店里的空调就没有了。问服务员，说是线路出了问题，现在马上找人修。我们只好坐在那边等，外面热的35度，店里没空调马上就闷得没办法吃了。隔壁几桌因为吃的差不多了，就打包买单走了，我们因为菜刚上来，没吃几口，一桌汤汤水水没办法打包，只好继续等！\n等了40几分钟还不见空调的店修好，实在等的受不了叫服务员问何时能修好。服务员说正在修，也不知道，我们不想再等了，于是问他们店家怎么解决。服务员答复只能打个小小的折扣。\n我们让他们叫老板，问他们打个五折怎么样。结果来了一个态度很恶劣的厨师，上来没一句抱歉的话，直接说五折绝对不行，最多九折。我们想不通了，你们店里停电，已经造成我们点的餐没办法吃了，反过来比我们还凶，说菜没问题，他们开不开空调不管我们事，没空调也一样做生意，他们没一点责任，还拍桌子叫嚣少一分钱不让走。态度非常非常坏！！！\n最后一个服务员出来打圆场，八折买了单，一桌子菜，只吃了几口，一肚子气！这种服务态度的店，大家还是少去为好！没事则以，有事什么责任也不讲！\n超级差评！！！！！！！！！！！！！！！！！,0
8021,我不明白啊，这家的评价为啥这么高！\n1.贵，随便肉菜就40+，什么鱼啊排骨啊都这么贵，这都得到比较高级的餐馆的价格，可惜他们家的环境还不好。\n2.味道很无语，那个汽锅鸡就是大块的肉，吃着就是味精调出来的味道。\n3.菠萝饭和宝琴差很多，一点都不糯米的感觉...\n总之就是又贵又难吃，外加那些服务员呆头呆脑，吃了半天没吃饱外加一肚子气。,0
16703,从这家店刚开业开始就一直有光顾，觉得菜的水准一直有在缓慢下降\n看到这里有人10年2月还点评说姜汤面好吃，外婆桥的姜汤面刚开业的时候做的那个惊艳啊每次必点，现在就越来越普通了。\n鱼头很经典，烧的很入味，但是晚上去有时可能卖完了。\n以前最爱的一道菜是外婆桥的自制豆腐，乳白色的汤鲜香甜美，可是上次去居然这菜已经不做了，之前我都当成招牌菜向朋友推荐的，后来大厨推荐的另一款豆腐就很平庸。,1
27329,教科书的辅助参考书非常全，周围的学校都去那里买书，老师也经常指定，到这里买\n主要是参考书，和一些练习册，方便周围的学生，就是面积不大。,1
11605,一家老北京炸酱面馆，小吃有炸咯吱、炒肝、豆汁等，面有炸酱、西红柿鸡蛋、茄丁、木须，拌料自取，红枣猪手软烂入味，有毛豆烧茄子、炸茄盒、爆三样、鱼头泡饼等京味菜。也有川北凉粉等川菜。在这一带价格还比较实在，平常吃吃还可以。,0
43289,早些年没有桌游店时，这里是很热门的休闲之所，好友们经常约在这里玩天黑请闭眼或者打牌什么的。从上海传过来的店吧，报纸上对这类店的兴起还做过专题，口碑不错。\n有单间的，环境还行，比较清静。以前有种下午茶套餐，好像是无限畅饮续杯，适合在这呆一下午，看书打牌看电视你随便，挺有感觉。,0
2739,妈妈爱吃必胜客，于是只要她过生日，老爸过生日而且我又在他们身边时就会去必胜客，虽说不贵，但是长辈喜欢就可以。喜欢这里的蜗牛。曾经有人写了一篇论文论述如何摆放水果，才能对得起28块的价格，哈哈，我倒是学不来，经常随便放上一些喜欢吃的在盘子里就走了。,1
2133,人挺多的~晚上和周末路边停车都停满的~有游泳池~晚上人不少的~最近营业结束后在装修~不知道是搞那一块的~别扰民就好~,0
26921,以前两个姐姐结婚的时候感觉我还是很积极的帮他们找婚纱馆，可现在轮到我了，我反而变得比较懒了，婚纱馆还是BF找的，感觉有点惭愧的哈，公主馆很喜欢的一个名字，到实体店里了解了一下，感觉很满意，当天就敲定在这家定下来了，开始的时候试穿了几个婚纱，感觉都挺不错的，我的身材还是很不错的，自恋一下哈，走的时候留的电话号码，如果有新婚纱的话是会打电话通知的，可以来试穿一下的，这点感觉不错的哈，喜欢简约，可爱再加一下典雅的风格，本来以为我的要求还是很苛刻的，但是拍出来的效果的确是我想要的，哈哈。。。上来赞一下。,1
25251,地点真的挺好，买东西的人不是太多，东西不多很贵，味道挺好的，不像是板栗，挺甜的，还有其他的干过卖，不同大小不同价位，味道差不多！,0
10275,下班时候实在饿扁了，忍不到回家了，就在这家解决了，牛肉面很台式，听老板讲话像是台湾人口音，汤头很浓很鲜，下次想去吃吃较贵的皇品牛小排面。,1
15757,朋友请客吃的特别菜馆，很有伊斯兰清真风范的环境，菜做得挺有特色的，味道也挺好的！\n红烧牛尾，葱烧海参，红烧蹄筋是很美味的菜，色香味俱全，很诱人的！,1
5964,团的，给服务员打电话问路，她也不知道，后来态度还特别不好，进去以后，没有正规日料的氛围，服务员态度也不好，问她有没有番茄酱，还不乐意给，你上的东西都带番茄酱，竟然告诉我没有，什么破地方啊！反正以后再也不去了！,0
23344,软壳蟹手卷里的软壳蟹变好小，就加多条蟹肉棒，很难让人接受的！\n软壳蟹手卷里的软壳蟹变好小，就加多条蟹肉棒，很难让人接受的！,0
23091,去这里吃的人一般都冲着特色菜来的，特色菜味道真的很独特，而且店的地理位置也不错有停车场，没吃过的可以过来尝尝，缺点就是环境一般般,0
17039,同事请客在这里吃过一次··\n感觉也没网上说的那么好吃，本人不吃蛇的。猪骨的还行\n但是其他菜都还可以吧，都是顺德菜，其实顺德很多菜馆都还行，呵呵··,0
38702,没有想到丽江居然有个洋快餐（肯德基），\n地儿很好，古城边上；\n店铺不是很大，人很多；\n不是很好吃，也许是因为是水质的问题吧~\n因为那天正好赶路，所以就进选择了这里，\n其他的东西不敢吃，因为不是很了解，\n这里是了解但是。。。无语。。。\n要知道，应该提前做功课，；\n了解一下这里的美食，\n就算赶路也要选择好。\n这是我的失误。,0
37495,这家在上海还挺有名气的，这的粥可以自由调配，随自己喜欢挑选海鲜组合。点了虾蟹干贝粥，价格过百，因为膏蟹的价格在那儿。一向亲民的粥在这家成了一道大餐。,1
15883,对这家店感觉挺不错的。。可能是因为我和琳有很多时候，几乎每天上课中午就会去哪里做一会。。对他们家的食物，，和饮料没有什么太大的记忆。。不过比较喜欢他们店。。地方不大（可以说挺小的）但是喜欢这种小。。比较幽静。。我和琳基本会做在2楼。。。没什么人打扰我们。。看着窗外还是比较小资的，，哈哈。。做在里面。。听着广播。。在那个读书年代，那感觉是超好的。。。一直在想。。小店只要在重新装修一番。。那一定还要更嗲的。。每天和琳在里面聊东聊西。。谈天说地。。挺怀念的。。。毕业了之后就很少去了。。。,1
31643,这个店门口一直上站了一堆的阿姨妈妈 如果不是家里搬了 估计我妈也在其中 不过说来 这里的一些东西是挺偏宜的 买零食的好去处啊,0
24603,看到工作人员的操作后才决定买的，新鲜水果现榨，不添加别的东西，价格又公道，昨天喝了一杯。今天再去喝！,1
30619,这店价格便宜，环境不错，看上去干净卫生，煎蛋牛扒才23港币，味道不错，牛肉很嫩，我点的是个什么粉的，感觉有些硬，里面带个煎过的鸡肉，汤的味道还成，赠送饮料，确实很便宜,0
30021,一直对西餐不感冒。不过这家还行。环境也就这样。晚上坐窗边能看到虹桥的夜景还不错。\n餐前面包可以。特别是蘸着黑醋吃。\n加拿大龙虾沙拉。恩特别要表扬这个菜。老公不爱吃醋和蔬菜。这次居然都吃了。\n还点了大明虾和银鳕鱼 。果断适合我。如今要清淡的口味。价格还行。加了15%的服务费。,1
36459,前两天去万达 居然看见曼谷村 一直想去 然后没去上 本来买了券 准备跟槿小朋友去的 后来来了这里 没忍住 想券还是留着跟槿小朋友去 所以就先吃这里了 感觉任何店在万达的分店都不太好吃的样子 我们点了很多 但是没吃到什么太好吃的东西 点了咖喱蔬菜锅 菠萝饭 虾饺 芥味虾 椰汁糕2份 还有两杯喝得 一杯柠檬红茶一杯木瓜猕猴桃汁 一共花费170大洋 感觉这家菜的味道应该跟工农大路的不一样 价钱好像都不一样的 \n===============================================================\n咖喱蔬菜锅 当天半价 原价48现在24 这个非常不错 喜欢咖喱 喜欢里面金针磨土豆西红柿 反正咖喱我都喜欢 配上我们点的其它乱七八糟的东西 更衬托出这个的味道好 而且冬天吃了很舒服 可惜没点米饭 要是配上汤米饭会很好吃 推荐\n椰汁糕 22元 这个很好吃 很清爽 我们开始点了一份 后来没够吃 最后又点了一份当饭后甜点了 不错\n虾饺 15元 四个 这个巨难吃 饺皮一点也不劲道 一夹还会破 而且一股怪味 感觉虾非常不新鲜 四个我们都没吃完 还剩了两个 不好吃 虽然便宜 但是味道太差了 虾饺居然可以做成这样 工农大路店应该不会这个水准吧 \n菠萝炒饭 32元 这个也不喜欢 还是喜欢三多云的菠萝饭的口感 这个味道很一般 还不如点个白米饭配咖喱汁吃\n芥味虾 32元 这个本来是我最期待的 可是呢 有点失望 虾仁很小而且不新鲜 上面堆着慢慢的沙拉酱里面掺杂这芥末味 下面点的是罐头菠萝 少吃两块虾还可以 多吃会腻 这个也被我们剩下了 关键是老板太舍得沙拉酱了 还不如多放几只新鲜大虾呢 \n柠檬红茶 朋友的 我的木瓜猕猴桃汁 12吧 我感觉味道一般 没什么特点 榨的不细腻\n=========================================================\n总得来说呢 他家觉得不怎么好吃 希望是万达店不怎么样 工农大路店会好一些 回去以后 试试工农大路店 希望不会失望,0
32961,从他家最早还没涨价开始就跟好友们一直去吃了，觉得他家的服务挺好的，比起其他自助，服务员比较不会失踪，点的东西也不太会出错，菜品就没啥可说的了，试试订位也那么火爆就明白啦~~,1
31124,去过他家好多次。没有重新装修之前价位还可以，重新装修之后价格就蹭蹭涨上去了。\n农家菜做的还可以。\n最郁闷的是最近那次，本来想去他家吃饭，当时也就是上午十点五十左右吧。他家居然说现在厨师不上班。直接拒绝我们进店。\n汗啊，掉头去了别家。,0
24920,不明白他们家为什么这么火~麻辣烫太咸，价格也不便宜，而且你要了一大堆，他那个价格马上就算好了，也不知道怎么算的；地方也小，等了半天才找到位子。,0
41655,酒水不算便宜，小文艺青年喜欢的地方。\n有点像国外那种没钱的流浪者去的酒吧的环境，很随便，摆设有点风情。\n薯条挺好吃的。,1
19521,第一口，真好吃，可再吃几口，就一口比一口腻了，吃到一半，真愁着怎么还吃不完呀，腻死个人呀，可是价格那么贵，又不舍得扔。。。\n吃完后，飞进超市找水喝。不用说，那一小坨的热量，估计抵我两顿饭的。\n很讨厌吃冰淇淋的时候嚼到甜饼干，嚼完饼干就完全吃不出冰淇淋的味了，我才不要花几十块钱来吃饼干。实在是欣赏不来这种花哨的冰淇淋，以后不会来吃了。,0
258,太多的回忆，以前上高中的时候补课回来，总上她家给bf带些面包做为晚餐\n地方很大的面包店，一进去有浓浓的香味，就是很香很有食欲的感觉，黄黄的灯光。。。\n面包随便选，几乎都是当日新鲜出炉的，卖相很不错，味道也不错哦\n也有各种咖啡饮品~\n记得原来在铁西新玛特店吃过牛轧糖好吃哦，停不了嘴\n布丁也不错~\n但是蛋挞真的是太大个了，嘻嘻~味道不错\n蛋糕差一些。。。\n总体不错哦，比皇后西斯汀的便宜好多,1
1807,感觉是一家很传统的火锅店，热气腾腾的，价钱适中，环境一般，味道还是不错的，不过不觉得很麻；\n印象深刻是第二次去吃的时候，盘子放在锅边太久太烫了，不小心碰到以后，左手大拇指起了一个好大好大的泡，隔了一个星期才消掉，哎.....,0
43820,闹猛是真心闹猛啊，城隍庙算是上海的著名旅游景点之一了，所以天气好一些，人山人海是必然的，而且上海人也喜欢兜城隍庙，因为里面好玩的东西实在太多了。\n小商品市场都在福佑路那块，只要想得到的小商品，城隍庙都有，价格也算还行，当然肯定有水分，还价是必须的，我们结婚的请帖就是在城隍庙买的，逛了好久才买到心仪的。城隍庙里小吃也不少，绿波廊就是很出名的吃饭的地方，不过我们去城隍庙不会去吃那么出名的馆子，一般我们都是吃小吃摊子的，喜欢以前里面的臭豆腐和豆腐花，现在都没有以前的味道了。每年的元宵，城隍庙张灯结彩，都有庙会的，不过庙会需要另外买门票。,0
34376,走累了就进去坐坐，下午有什么下午茶，看起来还不错\n一个饮料（茶/咖啡/奶茶等）配一个小食(蛋糕/小点之类）\n25-35都有\n点了一个冰奶茶加 雪域抹茶蛋糕\n奶茶上来一看就知道完了，颜色淡淡的，像是洗杯子水加冰块。尝一口，只有甜味，连街边5块钱的都不如。\n蛋糕，第一口吃吃还行，吃多几口就觉得不好吃。\n怪不得免费续杯，就这一杯我都不要喝。\n看来去他家喝下午茶太错误了。还是吃pizza好一些,0
6575,"夏天买了点评的团购，准备舒缓一下的。结果拖到了冬天才用。\n 298元全身纤体海藻护理+傲凝姬亚巧克力精华面部舒缓全套护理+天然香薰热石眼部舒缓减压护理+精修眉形,全程约165分钟。\n 新开的店，在浦东嘉里城，嘉里城也是我最近比较喜欢去的店。现在18点-24点停车免费，适合我这个最舍不得花停车费的人。哈哈。\n 环境很不错，比较是新开店，加上丽妍雅集的品牌放在那里。\n美容师的手法不错，而且眼明手快，服务真的不错。\n 因为做了海藻泥，我怕头发弄脏，洗了发，发现洗发水比较差，是唯一的不足处。\n 黑衣人推销是难免的，不过看个人的需要了。我对那些充多少送多少实在不感兴趣，但是买张次卡还是划算的，等于每次打了4折。毕竟深层清洁及按摩在家里做不到位。",1
29153,很新鲜的一种吃法 有点吃不惯全是肉类的 不过来到内蒙怎么能不吃肉那哈哈哈哈 无论是从菜的质量 口感 服务都很满意 还有内蒙的酒特好喝纯啊呵呵呵,1
14199,第一次叫宅急送，叫了个最新的39元的PIZZA，还有网上的10元小食任选两样，加个芝麻开门送了个椰汁紫米露，加6元快递一共55元\n觉得PIZZA饼比较薄，可能就是价钱的原因吧。10元的小食从量和口味上都不怎么样（按网页说的应该和正装的量一样的），送的甜品更是食之无味。\n总的来说，除非很懒不想动的情况下，基本是不会再叫了,0
37528,之前听不少人说他们家味道正，过年之前和对象去吃，真是令我们失望啊，我们点的烤五花肉，还有大酱汤，泡菜汤。石锅拌饭。还有什么菜忘记了，真是接受不了啊,0
16408,团购去的，因为要预约，所以提前打电话了，预约过两次都是同一个男人接的，\n第一次，直接被告知，团购的得提前三天约，听口气素质不高，态度很差；\n第二次提前三天想i定周六，\n   老板：已经排到下周二了，\n   我说：那就约下周六好了，\n   老板：你下周六来得了吗，你定的下来吗\n   我：既然定了我当然会安排时间\n   老板：那你发短息给我吧，我怕忘了\n 我报着一定要消费这张券的心理，说什么都要去，但是心里已经不舒服了\n  周六6点到店，在门口停车的时候，看见店门口站着一个头型很酷，带着一个金链子，穿着黑T恤的男人，摇开车窗冲他问，可以把车停在这门口吗，人家把脸扭过去，貌似没听见我的话，那个大高坡对我这技术差的是有点费劲。\n   进店，被告知，不能自带饮料，我说那我不喝，非让我放车里去，后来再来的，我看也有自带的，恍然大悟，是团购的不让自带\n   那鱼上来了，不像烤的像煎的，因为一点烤过的味道没有，上面盖着一堆生菜叶子，飘着几片冬瓜，扒拉了一下还有几个金针菇，还有5.6颗2寸来长的嚼不动的老芹菜。吃到最后还发现有数的几颗豆芽菜，单独上了一份饼。看着还行，不算少。\n   我们去了四个人，觉得东西太少了，又要一瓶可乐（给上来的是1.25L），一个鱼豆腐，一个冻豆腐，一个宽粉，想再要一份饼，这点我比较庆幸，先问了价格，那小盘饼竟然要5块钱，我的个娘啊，拉倒吧~我吃不起\n东西端上来，分别都被服务员呼啦倒进煮鱼的盘子里了，被告知，得赶紧煮，火没了，酒精炉2块钱一个.\n   简直就是水煮乱炖，跟鱼酷比就不是一个档次得\n   结账的时候又收了35块钱，我自己算了半天，原来餐具是额外收费的~我晕，团购至少得包括两套餐具吧~\n   哎~就来这一次，下次再也不来了，我是来吃饭的，不是看脸子的，没味道，没心情~,0
39040,朋友送了张3W的富力会会员卡给我，除了洗澡就知道吃了。\n来他们这没有太多喜欢的菜  也就是有个桂花什么炒翅不错  其他的鱼翅没尝试\n我们最最喜欢吃的就是那个银丝饼啦！~~\n不会腻  口感很好  是每次来必点的！\n不过就是价格偏高  这边的老鼠斑要九百多一斤不说  数量不多 可选范围小\n还是商务宴请会好些,0
13819,下午，预订的晚上3人座在大厅，下载了点评网的92折优惠券。餐厅在美城天地的4楼，乘在电梯里的人大多到3楼的澳门豆捞去吃火锅的，到4楼的只有我家3口人。进了餐厅一看果然人不多，整个餐厅还有好多位子空着，下午订位时还被告知位子只保留15分钟，还以为生意很好来。\n吃饭的人不多，但不知道为什么当我们菜已吃的差不多了，让服务生催一下蟹粉小笼，结果服务生催了三次，大概有半个多小时才端上来，我真想退单算了。\n老上海红烧肉  肉不错是一层精一层肥的五花肉，咬上去蛮糯的，不过中间部分精肉的地方味道还没烧进去，四周围的草头又点老味道还是蛮好；\n油爆虾  这个菜不怎么的，味道太淡；\n手撕香酥鸭  味道一般和我们家附近熟食店买的味道差不多，就是皮脆了点；\n上汤菠菜  味道不错很鲜，汤里有皮蛋和咸蛋黄；\n白兰地葡萄干冰糕  味道还可以，真好感觉餐厅热，吃下去蛮舒服的；\n蟹粉小笼  催了老半天的小笼倒是真心的好吃，小小的小笼包馅到是挺多的，肉里有蛮多的蟹黄；\n橙汁 叫了一扎现榨的橙汁价格要78元这个贵了，一般餐厅都是50元左右。\n吃过后，觉的没有点评上写的这么好也就一般吧。,0
22897,冬天的时候去吃的还蛮多的~~~\n最喜欢蝴蝶酥、椰蓉酥和泡芙\n店面小小的，不过看起来还是蛮干净的 \n不过经常会需要排队，呵呵……,0
30901,很适合学生逛的一条街，和三星路差不多，很多小饰品啦小吃店\n主要是有家店走进里面还有很多的BL漫画，哈哈哈，腐女集中地了。\n刚进去的时候还有家动漫店，腐女祭的票子就是这里买的\n7月初去逛居然还看到Q仔糕，因为第一个牛奶味的没做好于是阿姨免费又给了我一个荔枝味的\n好开心啊~QQ的凉凉的超级好次〉.〈喜欢喜欢~~门口还有各种小吃店~\n总之~这里吃的喝的逛的都有~选个好天气去逛逛还不错！,0
19687,就在家门口，经常去。买了一盒月饼，送了一张卡，八五折的。\n这儿吧……就是典型的家常菜，烤鸭我觉得一般，还是鸭架子更值些。喜欢他家的一个荞麦窝头，配菜是碎肉洋葱柿子椒什么的炒的，特别香。煲的汤也不错。\n他家就是做的菜不够标准化，同一道菜，厨子可能做出不同口味……很晕，每次都像撞大运。还有就是他家的服务员培训的比较差，忙起来很不靠谱，不过这个价位基本都这样，很正常。,0
44190,"加了蒜蓉的都好吃. 烤翅膀也好味道. 性价比超高. 象前一位点品的,环境和服务请忽略.就是吃那种粗糙的感觉,豪情地很啊.",1
7335,十分喜欢吃麦香饼家的辣菜饼，辣~   加一杯豆浆很完美。。 又便宜\n很喜欢，原来附近有一家后来搬迁了。。 只要我在路上有遇到过我都会买了再走，不管饿不饿。。。因为真的很好吃。。。,1
8036,饭点时正好在天钥桥路，本打算去港汇吃的，可是实在懒得走，就挑选了天钥桥路上的上海大饭堂。本来不抱什么希望的，就是填填肚子而已，没想到一到楼上，生意真的好火爆啊，需要排队等位子。菜品比较丰富，价格也不贵，关键是味道也好吃。下次一定会再去的。,1
4563,离家近，与海底捞近在咫尺，环境也行，就是人多，桌子小，人与人之间没有私密性可言，几乎成了多人同聊。服务员的服务也跟不上，人一多就晕菜，按半天呼唤铃都不来，只有买单时腿还快一些。,1
37711,郑州之行的第二站，媳妇总是说起郑州的辣妹子酸辣粉有多么多么好吃，只要我说去郑州，她就最先提起这家。这次既然真的来了，就绝不能放过。位置相当好，在二七塔的周围，相当于西安的钟楼附近。\n 本以为是个小吃店，没想到还挺大，经营种类相当丰富，嫣然就是个小吃城的规模，DP上大家一致推荐酸辣粉和豆腐串，还有郑州的冰峰--牛丰酸奶。\n 【保安】\n 这家店一件很神奇的事情就是竟然有一大堆保安在转来转去，统一身着常见的保安制服，一堆的中年老头子，在店内瞅瞅这里，瞧瞧那里，老板这是想干嘛？这“警力”，可是比大银行都“安全”的多啊。。。。\n  酸辣粉，吃了一口，相当的一般。媳妇当时还没吃，问我“好吃吧？”我勉强回答：“才第一口，后味还没出来呢。”后来发现，媳妇也越吃越痛苦，“怎么现在变得这么难吃！怪不得以前连个位置都没，今天一进来就有。”就这样，又一个名店倒下了。\n  豆腐串，很像大很多的花甘，相对于酸辣粉，这个是对得起大家的推荐，味道还不错，有它的名气沉淀在里面。\n  【郑州的冰峰--牛丰酸奶】\n  通过上次的成都之行，应该能证明一点：在每个省会城市，都是有他的“市饮”存在，全民饮品。在西安，大家都喝冰峰汽水；在成都，大家离不开维怡豆奶；在郑州，见每人一瓶，那就是牛丰酸奶。\n  酸奶是玻璃小瓶，3元一瓶，而维怡是4元一瓶，看来就西安冰峰的一块五便宜。牛丰酸甜爽口，与维怡冰峰有完全一致的神奇体验，越吃就越想喝，没个几瓶，一顿饭就总觉得欠了些什么。\n  吃完，去附近的人民公园东门对面的小巷子又去喝郑州相当有名的小牧人冻酸奶，可惜没开门，实属遗憾。,0
18257,楼下是修车的，门面看着不是特别好，但饭馆本身环境还成，感觉是模仿悠唐的那个豆捞坊，口味没有任何特殊之处，不难吃，但也没惊喜，属于吃一次也就差不多了\n服务员妹妹长的都比较淳朴，和他们想追求的洋气差的有点儿多\n优点是座位够大，桌与桌之间的距离比较大，不会互相影响,0
38110,坐落在一大堆吃的东西之间，所以味道闻起来有点倒胃口，呵呵。\n点了黑钻脆啥啥奶茶，吩咐了店员不要太甜。幸亏吩咐了，发现还是很甜很甜的，甜的受不了。\n奶茶做的其实是不错的，打过泡，所以喝起来感觉厚厚的，好像放了很多奶油似的。黑钻就是黑色的小果冻吧，满Q的。,0
11948,主打的夫妻肺片，味道可以。\n里面的凉菜卖的速度可以。\n后来发现他们家卖的腾椒鸡不错。\n鸡骨架是大爱 还有虎皮凤爪 味道都很好,1
22775,各位，他家最好吃的就是鱼头汤里的面片了，其他的都白扯，\n鱼头你要大的还是小的跟鱼头的大小无关，只跟鱼头后面身子的大小有关，所以真的没啥吃头。\n真心不是特别好吃，每次我就去吃鱼汤拌面了，剩下的都白白。,0
1750,觉得是不是开不下去的感觉，店里冷冷清清，服务很差，东西也难吃，那个汤感觉不是高汤，估计肯定是。。。反正味道很奇怪的又特别香。以后肯定是不会去了。,0
19015,"特色是白粥锅底的火锅，而且主要是海鲜火锅。用白粥锅底既不上火也保持了鲜甜，挺有特色的一种吃法，而且在打完火锅吃完料之后粥底也会变得很鲜美.\n开了台之后服务员会在面前把所有碗筷用热水烫一遍,餐前会有一种叫人面果的小吃,很好吃。\n整个过程都会有服务员在旁边随时服务，挺周到的。\n有一次我们的茶壶里有个蚊子，让他换一壶，后来证明确实是真的换了而不是仅仅捞出蚊子就算了，因为原壶底边刚好有个碰撞的痕迹，不容易发现。所以我们觉得卫生应该比较放心。\n至于菜式，主要都是海鲜，没什么特别可以介绍的。点菜的话，有一种点心，叫什么绿茶红豆薄餐，很好吃，还有油条,现炸的,很松化很赞。热菜就是c味道很正，还有一个什么粉丝也很好。",1
8591,吃了一个火腿肠饭团，特别好吃，就又买了两份带到火车上吃了，总比方便面强。老板娘亲手做的，一丝不苟，很认真，对面的小吃店也是她的，那个粉实在辣的吃不消。但是水果冰非常好，里面好多宝贝。,1
38378,气氛是很不错的，小饰物的修饰，够小资够小众。\n是冲着植物系去的，但是经不得细细考究。\n天花板地板墙都没有装修，地板是赤裸的水泥地，墙让我想到店铺的前主人是什么生意的，墙上都是砌的卫浴瓷砖，皱眉。可供选择的餐位不多，五步走到了头。\n这些都在其次吧，主要是来吃的。点的九层塔，差点吐了，一股股奶油味更是把我熏得反胃，只能说不符合我的口味吧，钟情中餐的我对洋玩意始终没好感，面还是很筋斗的，只是自己实在不习惯吃“奶油面”。\n乌梅汁还可以，有点酸梅汤的感觉。,0
30333,规模很大的一个农家乐休闲庄园，环境非常好。有山有水，有树有花，有鸡有鱼，有吃有喝，还有住。上到山上有大片的荔枝树，山路两边有盛开的桃花，使人感到有一种世外桃源的感觉。但也有感觉到败笔的规划设计，比如两个停车场，全是用水泥浇筑的地面，把地面窒息了，给人的感觉是从城市的“石屎森林”又到了乡村的“石屎森林”。庄园本身标榜是“生态园”，但好像没有从深层次考虑生态的主题，可惜了！庄园的投资应该是巨额的，但似乎并没有请专业的公司来规划设计。,0
27991,离家最近的就这家85度，东西么久这些大同小异，口味个人偏爱喝胚芽奶茶半糖，特别是在这大冬天温度下降寒意浓浓的时刻，来上一杯即健康又美味 萨伊 侧那,0
35232,主打广东菜，菜单上好多不是粤菜。烧鹅是微波炉加热的，一看就没动筷。白切鸡花了点功夫，可惜原料一般。炒河粉的水平太差，价格与出品不相符，吃环境了。,0
21575,没有人点评哎~~\n上次想去吃大渔铁板烧烧，没找到。。。汗，又奔齐海鹅圣，被告知装修停业，郁闷啊。这次在御神户和玉麒麟中纠结了一下，还是选了这里，在丽晶1楼，从香港路上有单独的停车场门口可以进。\n里面是大包间，好像一共7个，每张桌子可以坐5个人，围着师傅看现场制作。吃的是198的套餐，号称银鳕鱼是挪威的，鱼子酱是俄罗斯的，鹅肝是本地的，牛排是鲁西南的。第一道是南瓜汤，味道不错，南瓜味道很重。后面是烤大虾，据说是海捕虾，对这个没研究，和一般婚宴上吃的大虾有点像，不过搭配色拉酱和一点蟹子，味道有点不同了。银鳕鱼味道确实不错，肉质鲜嫩，不够肥厚。鹅肝煎了好久才吃得到，口水一地啊，煎久点油少一点，上面点缀些许鱼子酱，下面垫着烤的有点干的吐司，鹅肝香而不腻，配鱼子酱的鲜咸，只感觉一个香字，吃完才觉得稍有点腻，来点搭配好的雪梨和橙汁用来解腻。后面还有小牛排，薄薄的切片据说是比比较好的，要的五分熟，还行。牛舌师傅说要烤的干一点，烤的干干硬硬的，口感不咋地，下次会要求师傅不要烤这么干，牛舌的韧性都没了。再还有带子，味道ok，已经有点饱了，主食可选乌冬汤面或者蛋炒饭。乌冬汤面感觉像kfc的芙蓉汤加点乌冬，再加点味增，分量也很小份。蛋炒饭的可观赏性就比较高了，炒的很花俏，炒半天，呵呵，味道也还好。哦，之前还有个炒杂菜，基本没动，不好吃，也吃不下杂菜。餐后有水果。\n原本是打算吃自助的，价钱一样，被忽悠的吃了套餐，据说自助的鹅肝，牛排，鳕鱼，鲍鱼这些都是限量的，而且食材档次比这个也差一些，师傅表示吃过套餐下次吃自助就吃得出差别。。。好吧。\n人气还挺足的，我们去的比较早，走的时候基本上坐满了，据说商务宴请和外国人比较多，最贵的套餐是每人1000以上，不知道吃些什么。装修看得出老旧，并且有种旧广东饭店的感脚，老板好像是本地人，师傅的手法干净利索，2个人的包间很清静很私密，比较放松，服务也不错，就是卫生间去店外用丽晶的卫生间，稍远。门口有停车位。,1
23010,"周五晚上和Oui一道吃晚饭,她说要吃鸡,所以就找了这家\n先在小丹哥买了盐酥鸡,梅子味,只要和Oui在那里约会逛街都会买来吃的...我不是帮小丹哥做广告...是喜欢吃盐酥鸡,貌似上海有开过店的盐酥鸡我都吃过了...\n拎了小丹哥盐酥鸡到晨风鸡里吃白斩鸡- -我发觉我很鸡控...是吧...\n我和Oui一道点了20大洋的白斩鸡,还有糟溜鱼片,还有两碗鸡粥...\n那个鸡粥的碗碗很深的- -喝完很撑的...\n鸡肉还不错,很干净,很嫩〉_〈\n鱼片是青鱼,很滑爽,木耳也不错\n哈哈哈...撑着肚子回家家,哈满足...",0
6880,就在海龙大厦的对面，科贸，中间几层是卖电子产品的，跟海龙一样，也是有很多分店，一个一个小摊，东西差不多，价格貌似更便宜些，人流也没有那么大,0
16549,图个方便，在悠唐看电影，很想吃拉面，就去马兰家了，没什么人，就点了两碗面！现在涨的好多啊，最便宜的好像都13了，一直很喜欢他家的汤，很清，味道也很好！,1
42363,觉得还行，不难吃，也不好吃，因为我只买过面包，所以觉得种类很少……总体觉得还行，有一张花果山的打折卡，享受会员价，还不错,1
27614,豆捞坊的环境很好，服务员的服务态度也很不错。味道比较清淡，很适合口味比较淡的人，当然如果你想吃比较重的也可以。别忘了会员卡可以积分哦\n  这家店有很多的优惠住的近的可以去试试,1
21092,团的糯米券，一进去感觉庄严肃穆：都是黑白色调。空间不大，也许本人艺术细胞不多，没有体会到格调、浪漫之类的。\n　　离宫时蔬：　名字好听，但只有哈密瓜尚且可口，奶酪巨难吃，其余就几根老芹菜、几条紫甘蓝、几片生菜。\n　　海盐烤鱼：　还说得过去吧，家人说比较腥，我觉得还行\n　　花茶鸭：　　味道无功无过\n　　绿茶豆腐：　算是有点特色\n　　炭色粳米：　海苔包饭，也许借鉴日餐吧，不难吃\n　　橙汁、冻茶：都是凉的\n　　茶冰激凌：　只是把茶叶放在冰激凌中而已\n　　总结：这就是顶级餐厅吗？如果要原价吃，非常不值。,0
4786,上岛环境还确实是不错。喜欢炸洋葱圈。鳗鱼炒饭也不错。咖啡就一般了。一壶比利时要100多。太贵了。不过要的就是贵。来这里的人都为了谈点儿事儿。不为吃饭。,1
10885,寻找Der Baker之旅..\n他家一层有豆浆和Bread们\n地下是超市，但种类很有限，大多是有机的\n本来要买酸奶，但他家的酸奶日期太久了吧...今儿都22号了，却是11、12号的酸奶..\n下次可以试试他家一层的面包，看看有么有好吃的\n本来想去巴黎派蒂斯，么想到变成了一家韩料，可能也是因为经营不利吧...Sigh..,0
13460,看到别人的点评不得不来说说，这店开的时候什么85度C（这货也就这2年出来的，东西拉B难吃）还不知道在哪呢，96年我住梅陇后就有了，老板一直是那个老头，没换过，从小吃到大的就那热狗，还行，蛋糕什么经济实惠，老味道。吃多了芝士、提拉米苏之类的，换换老味道也算不错。,0
26706,很大气的酒家，很外部装修有点不匹配，里面的装修真的是一流，食物的卖相还是可以的，但就是味道偏浓了一点，如果可以稍微清淡一些就好了。,0
21768,类似夜总会一样的地方，晚上11点以后貌似才开始真的high\n撩菜的南宁蛮多额，我发现了\n酒还不错，音乐和那DJ也算不错\n地方时有点吵，讲话靠吼得\n灯光满暧昧的，红红紫紫的~~\n消费么，不是人请客我是去不起额,1
44708,老牌子，一般刚怀孕买防辐射服，就会想到这家。专柜还是蛮多的。\n防辐射服的颜色款式比较多，价格也算合理，遇上商场有折扣，就更好了。,1
15373,由于离家近的缘故，经常来这光顾，家里的日用品、消耗品基本上都在家乐福采购。\n    楼上、楼下还有许多名牌折扣店，本人不喜欢逛街，除非迫不得已，不过说真的来这里逛逛，有时也可以淘到一些超值的好东西，折扣很低，那天就买了一个背包，款式好、价钱合适，超有满足感\n    而且这里还有些餐厅，逛累了可以就近吃点东西，味道还是不错的，推荐……,0
40053,自西安来深圳也有二十多年了，总忘不了家乡的小吃，那个味道，那味道带来的乡情。吃过不少家的西安小吃，总觉得就差那么点感觉。不曾料到，就在家门口的西安老王家，吃到咱西安地道的肉夹馍和凉皮，原来老板是乡党!还真是个一心追求原汁原味，不怕下本钱的乡党!正宗不正宗?你去吃一回就知道咧。给我一个回家的感觉，谢谢了!建国路的,1
27437,师弟师妹们答辩结束了请我们去唱的，因为学校在江宁，交通还比较方便，价格不是很贵，边上就有个苏果超市，可以在里边买好饮料和零食，更实惠一点。,0
32083,来西单其实逛大悦城就足够了~里面的衣服品牌够全~牌子都是新进中国市场的~不过就是比网上代购要贵些~hoho~吃饭的地儿也多·好吃的都有~不过就是周末的时候来要等位，很无法容忍，去HM更衣室永远都是排大队~~比较郁闷！~要来的话就得平时来，有次跟姐们周一来的，结果HM都在排队，真不知道，大家都不上班吗？？？莫名北京那里来的辣么多人。。。。小时候西单人也多，但真没现在多！！打车打不着，停车没地儿停。。。唉~去苹果看看手机结果外面全是黄牛！！！！,1
37047,装修之后 感觉干净很多 \n主要是仿85度C 当然 味道和价格都低了一点\n芝士条——味道还不错 蛮浓郁的 2.50元 价格真的优惠哦\n咖喱鸡芝士——味道很好 外皮脆脆的 里面是咖喱土豆鸡丁 3.00元 但是我想应\n     该是天气关系吧。。。买回来 里面的咖喱是酸酸的。。。估计坏掉了\n胚芽蘑菇——味道非常好 面包的面粉里活和着黑胡椒粉 上面洒着蘑菇干 浓郁的\n      黑胡椒味道 但是不会很刺激 正合适   4.80元\n芝士百里香——味道还不错 芝士味很浓郁  5.30元\n香橙乳酪——味道非常好 浓郁的香橙味 蛋糕也很新鲜  5.40元,1
24016,营口最负盛名的烧烤店。\n每次回家后的第一顿离开前的最后一顿，一定是它家。\n同学过来玩也必须要去它家尝尝什么是地道美味的营口烧烤。。\n在外面待时间长了就会想念它的味道。。\n每次去人都爆满，需要排队等待。\n服务员都是清一色的朝鲜族装扮。\n最赞的还是食物的味道啦还有正宗的韩式酱料。。\n推荐推荐：瘦牛肉上脑还有韩式烤肠，美肥，拌花菜，鸡脆骨，鱿鱼板棒鱼啊，地瓜片，冷面。。\n从最初的平房到二层小楼再到如今的规模。真的很是感叹。。,1
28055,不怎么好吃...尤其是蔬菜类的，真的是不好吃呀。。。菠萝咕噜肉也不好吃，可能是点的菜不好吧，吃过2次 应该不会去吃了。价格也没有特别便宜，不如去吃外婆家了。,0
7822,很喜欢小CK家的东西哦，好像在新加坡很有名\n有人抱怨说质量不好\n但是品牌已经说很清楚了，他们用的不是真皮\n个人觉得 造型时尚 价格合理\n款式常常更新，紧跟大牌潮流\n有适合各个年龄层的鞋子\n几百块的鞋子买来穿也不心疼\n外面的物价 一双单鞋都要800+ 相比之下 他们家好合算,1
29342,大碗粉——碗大无也到，因为我唔要土猪肉就改要牛腩，点知得几够仔碎腩。。。牛骨汤就无试过了，看上去一般般而已，虽然很多人点，但闻不到香味。牛杂10元一碗味道同分量都一般啦，但就卫生意识不错，老细已离开就把牛骨汤的锅盖盖上，呵呵呵~,0
16902,康康家的饭菜可以随便吃吃，没有很特别的特色菜，看着每个桌子基本上都有麻辣烫，就是有点贵。铁板饭一般，不如芙蓉街的分量大，炒面还不错，环境很乱，还烟雾缭绕的。,1
30799,韩国面包 5 就是麻薯 芝麻很多 很有韧性 有一点点微咸\n巴西烧烤麻薯 5 里面很多红豆 外皮有点类似breadtalk的麻薯 甜味的 里面的组织和韩国面包的一样\n这两款都不错 看喜欢甜的还是咸的 各取所需\n个人喜欢韩国面包多一些,1
1033,环境很清幽，是个理想的聊天谈话地点。西餐、刺身都不错，有些刺身要预订才行。个人喜欢，很嫩、有果木香，令人回味。心太软真的很不错，推荐,1
16289,人不多！所以服务很好！中年阿姨一个个训练有素 让人觉得很贴心 公司在附近 来吃了四五次 都很happy！不错！,1
7759,团购去的，说是两个人的量，其实太多了。\n烧味拼盘，烤的偏生，还好有酱可以蘸。\n沙姜骨，微甜，好吃。\n肉沫茄子，配饭很好。干贝苦瓜羹也很清淡爽口，耗油芥兰，如果不怕耗油味的话，还是不错的。\n总之，这家店的团购性价比挺高的，量很足，环境也不错，服务也算到位。,0
16789,钢铁冶金以及材料专业都是实力很强的专业，当然了，其他的很多专业也都是不错的，学校规模不大，人均实力很强。还有，学校门口还有不少妇女可以有一些证件出手,1
40092,南京城的又一装x圣地！！！！听他家楼下卖碟子的老板推荐的。小小的门面，去的那天只有师傅一个人忙，每个进来的人都在摞话这家自己怎么怎么经常吃，特别是带mm的男人们。表示没什么菜推荐的，刺身都算不上新鲜，但是这种家庭感值得尝试一下。,1
21849,我是真的不晓得这家店除了便宜以外还有哪点好咯……\n菜不新鲜都不说了…好歹嘛后果还不得好严重嘛…\n肉不新鲜问题就很大咯……,0
18301,要吃饱的话，饮料、主食、披萨再加小食按三个人来算已经快200了，楼下人均30是喝茶去的吗？店太小了，情侣约会还是别去那了。只适合随便凑一顿,0
6860,这几天连续去了2次，烤牛肉真的很好吃，红薯烤到软软的很香，把肉放在红薯上，让红薯吸点油，烤出来就没那么干，很美味。点份生菜，卷上肉和红薯，洋葱一起吃，超级美味。鱿鱼也还不错。石锅拌饭好好吃，因为辣酱味道正宗，拌出来就很好吃。\n麻酱不是很香。孜然是甜的，不爱吃。还是辣酱最好吃了，很正宗的味道。\n五花肉是没腌过的，所以没什么味道。\n大酱汤味道很重，吃不惯。不过有的人喜欢这种味道。明太鱼汤，这种海鱼做出来不鲜。不推荐点汤。\n牛肉的分量是去一次少一点，听到隔壁桌也是说分量越来越少了。\n服务不是很好，好几次旁边几桌要求换个铁板之类的要求，服务员一转身就骂烦死了之类的抱怨的话，被我听见了。\n环境就是油乎乎的，很挤。\n不过味道实在是不错，所以还会再去。,1
14945,有一次在对面吃饭，几个朋友突然兴起想打牌，于是就找过去了。。。。直接到二楼打牌的，没有洗澡，不过环境看上去还行！服务态度也不错！,0
2197,"肉丸糊辣汤是我的最爱之一,这里的非常好吃,肉丸比较香不很咸,里面的菜每个季节略有不同.非常喜欢牛肉夹馍,肉是炖出来的,不是干的腊牛肉,非常香,我儿子4岁就能吃掉一个完整的肉夹馍,主要太好吃了.",1
36910,喜欢这里，幽静。可以和朋友在这里谈心。喜欢这里的食物，在这里吃完，再到北边一点的他家的店喝鸡尾酒。\n美好的夜晚，可以在这里度过。,1
44789,味道很一般\n点了两个干料的蘸碗，一份两块\n炭火居然收3块钱 \n相当不理解的说\n牛肉还比较大份\n香菇土豆烤出来也就那个味道\n烤虾还比较赞\n是因为虾上面放的料的关系吧\n豆腐汤实在是没什么\n就是很多嫩豆腐 虾皮 几块碎肉 外加荷包蛋 \n很是不解\n座位设计的不是很合理 \n靠窗的座就能坐3个人 \n也就是适合情侣约会吧\n服务马马虎虎\n说让用筷子烤肉就可以了 \n。。。,0
32505,上次人家喜酒放在这里，觉得环境的话不咋的，菜的话也就很一般很一般，记忆中就椒盐大王蛇还可以，别的都不灵的，可能是婚宴的原因。。。服务也不好，有个服务员态度很差！,0
39990,很喜欢的一家店，常常在平日中午去吃广东点心，因为平时有折扣呀。乳鸽、榴莲酥是招牌，每次必点。自己感觉味道很清淡，做的比较正宗。,0
34464,之前的自助也没什么好吃的，感觉不能当饭吃，价格也不是很实惠，因为吃的东西很差，餐桌上有电脑可以玩，但网速超慢。不久前关门了，在预料之中。,0
11615,化妆师：哗哗  摄影师：陈SIR \n早就聽說這家店很火，但不知道有這麼火，我提前了很久很久才預訂到，真是太開心了。\n一大早到影棚開始化妝，化妝ＭＭ很漂亮，很細心。也許知道我口干了，主動去給我到了杯水（嗚...溫暖！）\n妝容我很是滿意，一下子將醜小鴨變成了白天鵝～～絕對的５顆星喲～超推薦的！（謝謝你喲，ＭＭ！）\n接著開始去換衣服，ＭＭ會主動幫助你喲，細節上都會幫你整理好，服務超好～\n攝影師GG，老帥的，一看就很有感覺，很專業。在拍攝的時候很能逗笑，讓表情自然，從多個不同角度拍攝，出來的效果很是嗲啊！雖然一大早就起來，但一點都不覺得累，感覺時間過飛快啊～（嗚，當初應該在加選幾套衣服的）。這個攝影師喲，也很細心，衣服歪了或發絲都要弄齊弄好。超贊的，聽說這位GG是這裡的首席攝影喲，強烈推薦。\n-------------------------------\n選片：本來說要1個月才能領，但因為我想趕在生日前拿到，所以他們很nice的提前10天讓我去選片了，開心～\n感覺他們的服務真的很貼心，很好～這裡再贊一個\n看了下照片，感覺每張都很好，嗚。。。好想都入冊呢。。因為那天我一個人去的，我就一直磨磨磨，一直在糾結，他們工作人員主動過來幫助我一起選，然後搞定，真的非常感謝喲～\n這裡友情提醒一下：如果去選片最好帶朋友一起去喲，不然真的很難選，如果實在像我一樣，那就享受他們提供的服務吧。他們會主動主動幫助喲～（這點我覺得非常好～）\n以後我還會來的，他們的婚紗照也拍的不錯，等我婚了我就來這了～～咯咯咯～,1
14503,请我兄弟吃饭\n他选在公司附近的这家店，本来就对这个店的期望不高，事先还是看了看点评，不过还是觉得没什么可吃的\n到店里大概7点了\n我先点了菜，等我兄弟过来\n冷菜\n上海小排骨￥28，就是类似的糖醋排骨，不过是热的，这个味道还算蛮本帮的，不过很奇怪，上菜很快，难道是半成品？\n鲮鱼万年青，万年青太老了，鲮鱼太硬了，总体不行啊\n热菜\n清炒野河虾仁￥38，这个是不是野生的河虾仁我就不得而知了，不过虾仁貌似确实是河虾的，嫩是蛮嫩的\n响油鳝丝，价格忘记了，味道还不错，和茭白丝一起炒的，果然还算不错\n水煮牛肉，兄弟点的，反正味道么算一般\n它家不知道是什么意思，粤，川，湘，本帮都有的。。。。。。。。\n服务，差！\n进去了之后问服务员要菜单，没搭理我，我自己拿的\n整个厅子貌似只有一个服务员，有时在，有时不在……\n倒水，叫了2遍终于给我倒上了（人家和我同时进店的人多的2桌是主动去给人家倒水的，我刚开始1个人，就没给我倒水！说实话，我的消费不比人家4个人的低，估计人家4个人都没吃的价格高呢！！！我2个人消费了￥155，在这样的一个店里算是很高了，我都是挑贵的点的，这是什么服务态度啊！）\n餐巾纸，没有的，也找不到人给我们拿\n上菜，不报菜名，也不管不顾直接放桌上了，完全无语！要平时我早叫经理了，看这个店也没啥经理可言，所以就算了，而且兄弟在，怕他吓到！\n服务员在哪儿说说笑笑，完全不是工作状态，最后还打翻了东西\n买单时都找不到服务员，还不给我看账单，我自己要了她才给我的，难道她说多少钱我就得给多少钱？\n环境么也只能算一般，桌椅不干净,0
17345,还是早先在网上团购时去的，地方有点小，不过年头不短了记得老早的时候就有这家店了。买的原味奶酪加乳酪蛋糕，不错挺值的，味道虽有些淡但也能接受，这之后就再没有这样的团购了，遗憾。,0
18717,每次经过釜山料理的门口总看到好多人在外面排队，上海某电视台也介绍过釜山料理。所以想着应该不错就和爸妈过年的时候去尝了一下。味道和其他的韩国烧烤店差不多，但好像没有看到有鳕鱼，有些遗憾。价格好像要比韩林炭烤要贵一些。,1
40590,以前经常来买布料或者衣服，可以说是物美价廉。现在东西的质量越来越差，价格反而越来越涨，有点失望啊！如果改走高端路线，环境又跟不上。,0
24795,"无线上网,不过网速不行,也不稳定,三国杀online网页版永远100%loading...\n杂书漫画有点年头,找找还是有一些好书的.\n晚上开灯后空调温度估计没打低,越来越热.\n朋友随便聚会还行,看到过有人打牌:-)",0
5618,环境真的很一般，服务也平平，牛展肉口味实在不敢恭维，肉涮下锅后会变很老，又点了个鱼丸，也不咋地，人均消费倒不少~后来点了煲仔饭，勉强填饱肚子，很怀疑调味油有问题，吃后结果俩人肚子都不舒服！真心伤了~~,0
6524,为了这新疆美食还真是费了点劲，由于地图不够准确，绕了很多路，最后打了店内的电话才找到。\n店面不小，上下两层。门口的小服务员很给力。\n两个人吃不了太多，只点了羊肉串、烤羊腰、酸辣粉皮、小份大盘鸡。\n羊肉串相当不错，不过肥肉略少了点，当然我理解这是因为南方人不太适应块状肥羊肉，但烤羊肉串要有肥肉搭配才最香。\n酸辣粉皮不是我想象的那咱凉粉，就评价了。\n大盘鸡的味道很好，土豆也比较入味，不过由于现在所有的鸡肉都是催长的，肉质已经很差，实在是没办法。\n还有手抓饭、酸奶、烤羊腿、羊杂汤需要找时间去品尝。,1
4131,俏江南的价格绝对算高的，环境还算可以的，服务也凑合，可那菜啊，实在是鱼翅的价格吃出了粉丝的味道，各位看着办吧，反正我是绝对不会再去了，这价格比它好的多了去了。,0
40779,和女朋友一起吃的 店里环境还行 挺有特色的 但是就是味道没有陕西特色 很麻 而且最主要的是服务态度真的超级差 和海底捞简直是天壤之别,0
18348,同伴饿昏头了，下了飞机非要吃味千拉面\n坐下一看菜单就傻眼了，比北京贵快2倍了有木有\n但是还是勉强点了猪肉拉面\n很咸\n最后竟然还被charge了18%的服务费。昏。,0
32320,团购，但未提前预约，到那里被告知不能使用团购券。没有预约就意味着团购套餐没有准备！而且团购的菜居然不是菜单里的菜，还不能另点！太可笑了，什么精品菜肴啊？要提前两天预约？事先炖煮？团购上也没说限量供应啊~店家如此死板一点都不知道变通，饭店生意又怎么会好？,0
7343,西宁就是羊肉很赞，这叫一个嫩啊，味道非常的好吃，完全只需要涮几下就可以捞起来入嘴啦~~\n三锅的锅底也很特色，清汤- 红汤- 粥底，个人比较喜欢粥底和红汤，都很有特色很入味~~\n其次羊肉和牛肉都是不错的选择，我们三个人吃了5份~~\n再点了些蔬菜，味道真的是绝佳的哦~~,1
22593,居然没电话，我想叫外卖的说。\n一样进来了就点评一下，东西做的不错，面、饭的现炒浇头都不错，厨师貌似是上海人，所以做的苏式面很地道，煎馄饨是亮点，还是荠菜馅的，个大，很香！中午会有很多附近的工作人员来吃饭，生意很好，店铺也很干净，就是地方小了点。,1
21873,假日与朋友一起到淮海路上的红蟹屋吃饭，环境相当优雅，蟹非常新鲜，冬阴功汤非常够味，楼上的The patio也非常有感觉，The patio的义大利墩饭特好吃。,1
6762,有茶喝，有西餐吃~~这里的木瓜酥蛮特色的，个头灰常大，外皮酥酥的蛮好吃滴。。。。排骨凤爪等茶点中规中矩了。。。试过手抓饼、菠菜饼等·~~感觉不咋地~,0
12172,下班的时候会路过，香味很诱惑。店都是开放式的，选起来很方便。有时候下班点人很多，要排队，结账口就一个，这点真的很麻烦。喜欢他们家的酸奶，很浓很稠。就是12的定价很贵，也没什么促销活动，很讨厌。辣肉松也是一大经典。,0
40380,我的薄壳瘾，血蚶瘾 又发作了~~ 于是满点评里找薄壳 血蚶 \n点评是盏指路灯啊，是人肉版的导航仪啊~~在万能的点评指引下 我到这家人试一试\n食不逢时啊，没有血蚶 不过有薄壳 \n炒薄壳：好吃啊 鲜到舌头没掉下来\n卤水拼盘：鹅肝有点小了，粉是蛮粉的 卤的味道也很足够 \n特价菜 什么个虾忘了 特价菜果然不好吃 虾相当不新鲜\n半煎煮新娘  5555 在上海吃就是觉得贵啊 不过相当地道哦 尤其在豆酱的点缀下，新娘的鲜味显现的淋漓尽致啊 相当惹味\n剔脯炒芥蓝 剔脯好多啊 爽啊 芥蓝也很脆 \n这家潮菜很地道哦 推荐推荐啊,1
10372,中秋到了，杏花楼的生意开始好起来了\n每年这个时候总是可以看到排队的人凭票拿月饼\n自己家里吃的话还是觉得杏花楼老字号的月饼好吃,1
20235,来这里是一个朋友请客来的。如果朋友聚会可以来这里，这里有好大的一个包房。可以做26个客人。而且消费不是很贵。还可以刷卡,1
27794,这里的环境不是很好，但是走到里面和外面的完全是不一样的，简直是天壤之别啊！里面的东西很有特点就连咖啡就是和别的不一样,1
7030,家庭聚餐怎么会选在这里呢 应该是天山酒家那样的国营老店才对嘛\n长房国际已经停业 新百盛还没开出 找到直达电梯还不真容易捏\n以前吃过中山公园那家望湘园 印象不错 这次就有点失望 \n每个菜都好辣 舍得放佐料 ~ 关键是辣完了没回味 \n就好比兴冲冲念头给提起来 然后就没了下文 空留余辣,0
4399,好像已经把郑州的金汉斯吃遍了，这是最后一家。。。正好路过要去办事，突然想起来还团购的有券，于是进去。。。多么临时啊~这么多家金汉斯比起来，这家还算不错的，不如新世界的好吃，跟康桥的差不多，比大上海的好太多了。总之吃得比较满意，他家肉烤得不像大上海那么干，特别是大虾没有大上海的咸，蛋糕比别家的样式都多，可是吃过瘾了。菜吧我们去的太晚了，基本都没什么了，也不怎么更新了。\n旁边一个男的，自己，吃了以后默默走了，大家都以为他离店了，后来发现留了双手套在桌上，过了好长好长时间，拿了两碟菜又回来了。中间菜单被小孩拿走了，服务员确认了半天他到底有没有交钱，后来说交了于是重新开了新单，他把所有烤肉又吃了一遍。。。,1
24365,今年初一得午餐选在了这里，一个让我觉得很浪漫得地方！128得套餐安排得很好！我喜欢生牛肉沙拉，摆盘味道都很好！我点得松茸牛排，味道不错！最令我惊喜得是南瓜布丁，而鸡尾酒会让人谜醉,1
30056,很喜欢游泳，这家游泳馆我常来，交通挺方便的，环境很不错，馆\n内很干净明亮，有热水冲洗，需要的话也有指导人员教你游，挺好的。,1
2302,靠近動物園﹐是個很小的園子﹐因為辦的園林卡﹐所以帶著小孩去動物園的時候順便也如耦園看看了﹐沒什么特別﹐可能是蘇州的園林太多了﹑也看的太多了﹐覺得都差不多了。,0
20853,正好在那里闲逛，就选择了他们家和朋友聚会。点了下午茶。奶茶和面包，奶茶还是我的最爱，面包的速度就有些慢了，等了挺久的了。,0
28707,云吞面好好吃，D汤都好好饮，就系有时会比较咸。它D醋系最正噶！可惜服务态度比较差麻麻，总体还算OK。,1
22238,最早在这里做过活动，吃过几次，杭州菜，有些菜不喜欢吃，应该是跟菜系有关系，自己杭州菜的代表菜都不是太喜欢吃，但是他们家的菜做的还不错，大家可以试下,1
32684,上次和老公一起来过这里，这里的环境很好，来这里的人不是很多，是个比较安静的一个地方，空气清晰，环境优美，很不错，很喜欢这里，清澈不是很平静，还有沿水而建的小木屋，还有各色各样的花朵，还有大小高低不等漂亮的风车，都是最美的标志，也是我所喜欢的，很不错，当一进来的时候就闻到了花的芬芳，我们去的时候还没有蝴蝶，如果在有几只蝴蝶那一种会显的更美，我也很喜欢吹着迎面而来的风，站在湖边看着远方，呵呵……这里真的很不错，不管从那一方面来看都是一样，下次有时间还会在来的。,1
9796,和一群朋友一起去的，买一送一\n三文鱼刚开始可能还是蛮新鲜的，后来就都是速冻的\n寿司我就一开始看到，后来再也没看到过\n大闸蟹好小~真的好小\n甜品种类好少~\n也就值这个价，如果不买一送一我绝对不会去的,0
6211,这家传承萨利亚一贯传统是老要等位的。不过今天去的时候是下午3点几，所以只等了不足5分钟就有位了。\n食物味道跟上下九那家没差啦，都差不多了。反正就图个方便+便宜而已，也不能对它要求什么啦。\n表妹说那个肠仔+薯仔缩水了，以前的薯仔没这么小块。哈哈，我说不涨价就缩水呗！\n就是今天遇上个服务生MM……这态度实在不怎么让人高兴。板着一块脸，像欠了她似的。老大，我来点餐的耶。没吃就先让你的脸板到没胃口了！,0
10069,E家個啊E恏少出嚟咖啦.. 都係個啊叔係度..\n 以前係附近上班時候早餐都會幫襯距.. 炒粉面，瀨粉：2蚊. 拉腸，粥1.5.\n  中午就開始賣湯咖拉.. 下午會休息下.. 晚上繼續出嚟.. 經常都會賣霸王花煲鷄腳湯.. 粟米紅蘿蔔豬骨湯咖.. 夏天仲會賣下冰鎮龜苓膏添..,0
40391,第一次喝这家的奶茶，现在这个时间段在推销他们的优惠券。店员MM给我们推荐完了优惠券后我们还以为是不要钱的，到最后说这个东西要钱就还给她了。优惠券1月1号才能开始用，如果你经常来这家的话优惠券还是很值的。我们第一次去就叫了原味奶茶，不敢尝试他们的水果特色的东东。奶茶里珍珠放得很少，这点不是很好，没有晓麒的性价比高。,0
24446,都是散装的称分量的，味道不错的，很适合我的，去买过那里的腰果，一买就是30多块，价钱有点小贵，不过还是很好吃哒，出去的时候带点也很方便的,1
43845,昨天去吃了，总体还行吧，环境各方面都还可以，我点的牛排算是武汉做得非常好的了，如果爱吃西餐的话，这里是个不错的选择。,0
38726,中饭没地方吃饭，附近溜了下，感觉这家不错，挺干净也符合心理希望的热闹。\n我吃东西喜欢热闹，一定的食客量能让我感觉这家店的东西是受欢迎的是好吃的。\n我叫了一个盖浇饭。鱼香肉丝饭，12元。\n我是先问服务员，你们盖浇饭哪个好吃啊，服务员说，那要看你的口味了。我想这话道理是不错，可你怎么得也能推荐个一二吧。\n然后饭饭来了，我打包带走。\n鱼香肉丝饭，亲们可以看下我拍的照片，里面百分之八十的是茭白。这个茭白多也就算了，我权当减肥，吃了回素。可你茭白能不能不要这么老啊。都老得姐我咀嚼后能吐出渣渣来。\n太扯了，难道说他们家的菜都这样么。\n不过看其他食客有点鱼片的，看上去料足量多的，或者下回再路过。点份试试？\n哎，我就是好奇啊。,0
19819,中午人气很高的一家店，不像一般的国营店，服务还不错，感觉也很卫生\n点了他们家的汤包，生煎和小馄饨，味道都不错，适合解决午饭,1
31348,几乎每次到附近看电影或者看演出都会来这里吃完饭，超爱吃脆皮鱼和酸笋炒仔肠。我们一边吃一边说好吃。前天刚刚试了试那里的桂花酒也很好喝，下次试试三花酒~,1
24536,还行吧， 不过，蛮多人去的，不过，环境有点脏，我上次去的时候还看到一只蟑螂在角落里，，已经死了，干巴巴的，，。真恶心，下次不做窗口了，,1
10305,东单公园是免费的，以前总是听说那地同性恋很多啊，可是我进去的时候很正常的样子啊，很多都是老头老太太，年轻人也都是男孩女孩一起~\n公园里景致不算好，没特色，也不大，一会儿就转完了~,0
26951,以前搞活动买过衣服，它家原价的话绝对不考虑。面料太差了，样子还是比较流行的，价格也比较亲民。常看见3、4十岁的在试穿，其实真心不适合。,0
41297,环境就通常的日式料理店咯，看起来很OK啊，有铁板的包厢也OK啊\n不过的确比较贵，熟北极贝刺身一共六件还是5件也要88一份，不过伴碟什么都做的很好，还有小小的干冰在喷烟……很有气氛。\n牛扒感觉一般啦……好老哦，但明明我已经是只要七成熟，但是还是吃到嘴酸……但是配碟的炸蒜片很脆~ 一起吃的时候感觉很好\n酱料也调配的不错，芝麻酱很好味~\n芒果汁果然是很芒果，不过这个时候芒果很一般\n鳕鱼很嫩滑，很肥美〉_〈 配上酸酱感觉很好~\n一咬下去满口鲜嫩的感觉~\n帮忙做铁板烧的师傅也很好人，手细也很不错\n炒饭味道火候都不错可惜已经觉得开始饱了，所以吃不完\n小青椒很新鲜，就是吃到一个号辣好辣的〉_〈\n最受欢迎的应该是炸河虾，很脆而且不油腻TAT 但是被小朋友消灭的好快啊，我才吃了一点点……\n还好有人已经保证下次再点小河虾给我(原来这个小河虾似乎是免费的囧)\n饭后的雪糕似乎是店里自己做的，芒果味挺浓郁，不过雪球里冰渣好多，空气也好多\n最巧的是停车的时候刚好看到大厦落成日囧 我们去那天刚好是落成两周年\n最近有去了次，牛肉卷好好吃〉_〈\n软嫩的牛肉包着松脆的蒜片~ 很好吃~\n_____\n我记得似乎重新添加了一些的啊\n海胆很新鲜，很好味，嫩滑甘甜，放进嘴里很快就化了\n三文鱼片很厚身，所以吃起来很满足~ 对得起价钱\n这次还点了个生鱼片，和三文鱼比起来味道没有那么甜腻丰富，不过鱼身要更加爽口一些，也不错\n蟹子寿司，似乎我是第一次吃到寿司囧，紫菜卷不是完全包完，有一点变化，不过，挺好看的，蟹子很厚！寿司的大小也觉得比较适合。\n素材拉面， 面很劲道，不过最后也是吃的很饱……所以没啥感觉\n汤底很不错，我硬是喝完了囧\n顺便，铁板房真的很不错〉_〈,1
23699,2个女生，点了一份清汤火锅、黄金鸡排和太极红炖牛肉面\n地方其实挺小的，大概只有四五张桌子，我们去的蛮早，是晚餐时段第一桌，开始吃了以后渐渐人多了，就略显拥挤了。\n火锅似乎只有晚餐时段有，有清汤的和辣的吧（具体名字忘了），我们点了最原汁原味的那种，锅挺小的，但是东西还算多，金针菇、白菜、土豆、香菇等蔬菜，尤其喜欢新鲜香菇，吃起来很清甜；一份足量的牛肉，挺厚的挺多的；乌冬面很好吃，很糯很Q；然后还有冻豆腐啊什么的，总是量挺多的，火锅的汤尝着也很好，感觉这个原味的锅有点像日本那种寿喜锅，可以尝到蔬菜的自然原味。\n黄金鸡排味道还可以，不是外面那种重油炸后的感觉，挺嫩挺酥，配酱。\n太极红炖牛肉面也不错，牛肉挺多，而且煮得很酥\n2个女生最后吃得很饱，面没有吃完\n服务态度也很热情，总体还不错，火锅还想再去吃,1
19317,话说这里的吃的真心不好吃，以前和同学去吃，和学校的盒饭差不多味道，而且价格也比盒饭贵，服务也不好，上次因为饭的事情服务员破口大骂。。无奈，个人觉得7+7不喜欢,0
4568,参加某公司活动所以是包场的，活动鸡尾酒主题，所以没吃菜，但是提供的二款蛋糕和薯条超级好吃~~~地方小小的，外面有个小阳台，搞私人PA是个不错的选折~~~,1
1697,什么服务态度你们！对待客人就这样 以后再也不来了！还难吃得要死 服务员像上帝 顾客无所谓是吧 有你们这么工作的么,0
22180,本来想尝尝菜饭的，结果卖光了\n只好点了小馄饨和生煎，味道还可以，无功无过吧\n虽然也吃饱了，但总感觉味蕾唯有得到满足\n果然我还是重口味啊,0
10759,到保定不吃驴肉火烧应该会觉得遗憾。老驴头的名声挺大，因而怎么也要尝一尝。馆子并不大，驴肉很细腻，油也不大，不过也许是人们的生活都改善了的缘故，吃起来也感觉和肉夹馍差别不大了。,0
4936,从装修建材起家，到现在的婚嫁\n有个朋友是弄婚嫁的，可恨死篱笆了，每次在一起，都会在我们面前说这不好，那不好\n以前也经常上篱笆论坛，在那里放佛也是个小社会，看着各家姐妹的喜怒哀乐\n虽然朋友不喜欢篱笆，但篱笆上的婚嫁商家的确很实惠，自己最近也在准备结婚，的确让我参考了不少,0
34661,店里人不是很多，这里的口味比较重，双味鱼头跟外面一般饭店的口味要重，比较辣。小炒肉，还行，不过叫了微辣的，还是很辣。总之他们家的菜就是味道重，辣死我了，我一边吃一边不知道喝了多少水。,0
41870,寿司不错很好吃，三文鱼也还好，可点的曰式火锅很难吃，现在还在难受中，看来还是不要对什么期待太高，有点小失望。,0
13949,虽然是在小区里面，\n但每次去的时候，里面人都蛮多的。\n因为挨着学校近，所以经常和朋友过去聚餐。\n酱骨头很不错的，大大的，味道也很好的；\n东北大乱炖，记得是20元吧，但是量很足，每次都会剩下...\n大拉皮是夏天去了必点的，很便宜量又多，适合夏天吃的很不错的凉菜。\n还有明太鱼，记得第一次吃就是在这家店里吃的，觉得名字很有爱的，吃起来味道也不错。\n饺子种类蛮多，3两以上起点，手工的，而且馅挺多的。,1
16687,为了弹唱去的\n从地铁站出来绕了一圈才找到\n其实就在城隍庙旁的茶楼 从露台可以俯瞰城隍庙 （城隍庙要收钱的）\n预约时订了包厢 但忘了说窗边的\n服务员领去里头的包厢 私密性很足 但就看不到弹唱了！\n所以还是改到大厅去做 \n弹唱唱的是苏州曲调\n店里陈设都是古董 看得出店家非常用心\n连垃圾筒都不马乎\n坐在里头 有小桥流水 有两只活蚱蜢 有古时桌椅 与城隍庙外的纷纷嚷嚷 有天壤之别\n比起九屈桥附近很商业味的茶楼 周末来此放松更为合适\n茶点还可以\n比较讲究的是气氛\n店里有很多特别的东西 适合喜欢拍照和寻宝的人,1
15465,单位在这边，中午和客户一起了一顿~~因为是周六人不是很多，很安静，我们要了一个包间很干净~~菜做得很精细讲究，价格比较贵~~我印象最深的是红烧肉，一点也不腻，味道很好~~价格好像是50多吧~还有一个叫八宝菜的，很好吃，适合拌饭~~我喜欢甜口的菜~~所以觉得上海人家的菜很好吃~~,1
33146,作为一个东北人，认为此店的菜码还是比较符合东北特色的，在五道口这片高消费地区来说，此菜馆挺实惠的。\n一开始一个人去吃，喜欢坐在楼下角落里面以避开抽烟的怪蜀黍们，点一个炒饭吃，又便宜又开心。后来炒饭里面不放盐了，没法当作单独的主食来点，于是很沮丧，去的就少了。\n朋友聚餐以及和我lg两个人倒是还去过，没有什么特别出色的菜，不过吃起来味道还可以。特别说一下锅包肉，正宗东北锅包肉的酸甜口是用醋和糖调出来的，但北京很多店直接用番茄酱调味，很省事，但是味道不好。这家店锅包肉是用橙汁调味的，味道还不错，推荐。\n对了，开发票的话，没法打括号，公司抬头带括号的朋友们可要注意了，也不知道这么久改善了没有。,1
14305,写写吧。\n反正我是一直的支持者。从很小的时候开始就是了。\n方便，快捷，最主要比如要去看电影了，就近可以买上，顺便吃点，解决饥饿就好了。,0
39271,很小就吃过了，下班时候出来，有牛，羊肉，鸡翅，软骨鸡腿小铁丝串的，真的很古老，\n因为外面要冲摊所以会在崂山新村的弄堂里面。\n味道和十年前的一样，天天都有很多人光顾。\n最原始的烧烤。\n大爱,1
3860,上次去是青龙山庄的主人私人邀请的，所以人均多少钱也不知道。但是这家店环境非常好，青山绿水荷花池。水果蔬菜都是一等一的新鲜，红烧河豚也是很让人流口水的。\n人气很旺，会议好去处。,1
12468,在德宝饭店对面，门是超东向的，幸好灯比较亮。在主干道上就能看得见。\n口味一般，尤其是烤鸭，肉不是很好吃，但价钱也不贵。水煮鱼倒还可以，比较嫩。因为是研究生同学聚会，男生基本上都去了，所以点了几瓶二锅头，酒水钱比较贵。问服务员要饮料的时候，推荐了自榨的杏仁汁，口味一般，感觉像是用粉兑水而成。蒜蓉西兰花很热，以前吃过的都是凉的，口味偏甜。最后8个人花了555，扣除酒水大概花了近400吧，价格比较适中。本来是要发票的，结果服务员说不开发票可以送11盒果汁，就没要发票，呵呵，还是不错的。,0
41501,总体还凑合，面包看起来都很有食欲，但好吃的就几个，模仿的痕迹重，但做不出精髓。\n 比较喜欢清淡一点的面包，他家的普遍甜腻，黑谷物核果和那个咖啡的面包还凑合，蔓越莓松饼感觉没熟似的，有点生面的味道。,0
694,客户请客，中西餐都有。味道怎么说呢，没有一道菜的味儿能让我记忆尤深，大为赞赏，但总体又还可以。金枪鱼和三文鱼还可以，北极贝就又薄又小，反正刺身这方面和 禾丰料理差的不是一星半点儿。就西餐里的牛排还不错，中餐就别提了，样式创新，但味道就不敢恭维了……,1
15025,家附近的老字号，以前一直会去家庭聚餐~\n曾经的国营单位，现在转私营后都换了几任老板了~\n门面有装修过，大师傅也换了，口味感觉也变了啊~\n提前一年就定了大年夜的年夜饭，结果很失望，人太多，上菜慢，菜还冷~\n排队结账的时候还有人闹事说鱼啊虾啊不新鲜不肯买单，乱啊~\n以后不太想去了，怀念曾经最爱的烤鸭2吃啊~,0
11608,感觉服务生MM的服务态度很好，很热心的给我们介绍用途··而且这里的包摸起来质量是挺好的，面料很不错··很有手感··主要的就是价格还不怎么贵。,1
4011,这家饭前送水果的\n酸汤肥牛好吃\n还有个刺身虾是我每次必点的\n上次点过一个兔头\n可惜大家都不喜欢吃\n最后都归我一个人打包了\n开心啊\n不过素菜和点心都不好\n去过好几次\n没一次满意的（素菜和点心）,1
42054,真功夫的饭很一般，不怎么好吃。\n价格也还好，不算贵。\n那里的肥牛肉饭不好吃，肥牛很没有牛肉味道，估计雪藏太久了。\n不过米粉都是不错。,0
13175,国外这么多年，也没吃过炒意大利面和铁板海鲜螺蛳粉，这次是个创新，不错，味道其实就好像是炒沙茶面一样，只不过图个新鲜而已。,0
34596,价格通常不是很便宜\n只是为了买爱森的猪肉会去那\n一直会爆出它家的新闻\n都是负面的\n东西相对么欧尚便宜\n不过胜在人少\n结账方便\n周末去去,1
2867,离开广州的当天和同学去喝早茶，本来想去陶陶居或者广州酒家，因为时间比较紧，所以去了和同学都比较顺路的唐苑，给了我一个惊喜。等车等了半个小时，8点半左右才赶到那边，抢到了最后一张空桌。没想到，工作日早茶也能如此紧俏。吃了虾饺、燕麦包、凤爪、排骨、鲜虾肠粉、叉烧肠粉、榴莲酥、蛋挞……每一样都很好吃，尤其推荐蛋挞，入口即化。量也很大，这些足够三个人吃，我们两个人实在是吃撑了，埋单，149，绝对物有所值，又一个惊喜。,1
31474,有些东西还可以，但价格高得离谱，老外骗中国人的钱总是很容易，谁叫我们崇洋媚外呢？源于深深的自卑吧。总之就是不值。,0
17712,这家是先给一大盆骨头汤，边啃骨头边当火锅吃涮菜~~\n我家GG喜欢吃，但是我吃过一次之后就再也不想去了。且不说那个肉骨头有腻又难啃，骨头汤也象加了很多味精调出来的，绝对不是炖出来的。\n那次吃完一个晚上都觉得很渴~~~价格跟一般火锅店差不多，菜的分量倒是很足。\n可能因为不是什么名店吧，觉得服务意识不强，总是要催很多遍才动一动~~,0
7800,三文鱼鱼腩是限量的，很可怜。三文鱼刺身质量很普通的，明显感觉第二次补叫的三文鱼刺身绝对不如第一次的好。这里不得不说下服务员的“当家”精神，漏单情况非常严重，叫8样东西可“漏”掉2样，而且量不足，比如叫了2份三文鱼刺身（特地问过一份有3片），上来后一看，一盆拼在一起只有4片，解释说多了会吃不掉的！呜呼。\n自助－－理应不限量的供应（当然客人有意或无意的浪费绝对是不应该的，这是起码的素质）。但这样服务员像挤牙膏式的服务，绝对会影响到当时吃饭的心情。\n建议服务员在客人点菜时，在数量上给客人一些善意的提醒和建议，这样即不会浪费食物又会使客人有种亲切感，“短斤缺量，千呼万唤才过来”的这种方法千万要不得。,0
23251,餐具感觉不是非常干净，湘菜馆，味道中等偏上一点，价格不便宜。有一道干锅鸡，辣至极。酱香鸭非常难吃，强烈建议别点。海带有漂白粉的味道。铁板粉丝包菜、小炒肉和金针菇是今天点的最成功的菜。剁椒鱼头、窝窝头还可以。服务态度极差！服务员不怎么甩人!点个菜要叫半天！,0
5755,一直很仰慕豪大大大鸡排。。。\n终于吃到了。\n性价比还是挺高的，很大一块。\n味道还可以，看着不太干净啊。\n服务态度也还可以。\n碳烤鸡排好吃，但是时间太久了。。。\n赶时间肯定不能买这个的。,0
25651,东西还是不错，我老婆喜欢卡通的玩具总动员的四件套，以前在蓝色港湾买的一千二质量差不多。所以还是这个性价比好些。,1
764,一切都很好，但是说实话，只是很好，但是有没有哪道菜能够让我留下很深的印象却没有，包子还算不错吧，环境也还好，服务也还好,0
33940,表妹的婚宴因为离得他们比较方便，又是老店所以选了这家。店面外墙不大显眼的颜色，大门口也是简单的挂红灯笼，“致美斋”几个字，红色瘦长体。各种菜品呼呼上来一桌，剩下就是大家热情的吃啊吃啊都说鱼菜做的不错，我一般对鱼没太大研究，只要不让我卡到鱼刺就谢天谢地。总之，老招牌老店铺，值得试试。,0
20515,曙光医院现在医生素质很差，问几句话就不耐烦，好像病人欠她一样。凭什么这个态度啊。 配的药都不知道派什么用处的，还不肯说，肯定是拿了人家回扣。太不要脸了。,0
29136,晚上想吃肉了，叫了朋友一起出来吃饭，常去的权金城居然关门了。。。。\n悲催的我们就说去羊腿，正好附近有一家，朋友去过，说上次吃的是鸡翅，因为人少没点羊腿，这次正好去试试！\n去了。。。羊腿很实在，不过我只能说吃的方式还真不适合我。。。。自己烤，急死我了。。。感觉吃到嘴里的熟的少。。。环境不是很好，桌子油腻腻的，屋子里都是烟，感觉排风扇都不管用。。。,0
33965,还是九月份去了一次，感觉3D片源不多，没有感觉，算是赣州独一份的3D影院了，如果有多些经典的好片子就好了，感觉片子好老！,1
13434,和朋友去的 \n周四下午6点左右吧 \n人还是蛮多的 不过等位时间也不长\n喜欢它们家的环境 \n很爱年糕和韩式拌饭 \n约好说下次还要去呢,1
32489,性价比超高的店啦，味道真的很不错，爆爱吃他们的双皮奶啊，夏天可以吃龟苓膏，也很不错，价格一点都不贵，经常光顾的店了，基本每周都去的,1
3927,位置隐密，室内部分间隔开间小内饰陈旧昏暗不许拍照弄得很诡密，总之确实与店名有吻合。\n周末去的，人很多到有拥挤感便破坏了环境，有幸坐到沙发。可是沙发不知是质量原因还是故意做旧，我一屁股上去就感觉到沙发弹簧硌着我，坐了不久就必须走了，没法给打高分。\n甜品饮料都无功无过，不过相信大家不会视食物为重点。\n女孩为该店绝对主力，应该是为追求小资情趣，但我个人不很喜欢,0
31460,因为离自己家很近，晚上没地方吃饭，听老爸说这里新开的酒家，没去吃过 好奇心做怪，于是就进去了 自己开车过去饿，门口随便停 正好晚上也没人管的，大概6点多的样子 里面就坐满了 还要等 小小饭店生意还不错呀，就是里面位子太少了 应该是有2层楼的 上面的好象还没开，就底楼开始营业了 等的时候我们就开始点菜了，不浪费时间！\n这里的菜式多以浙江菜为主，也都是家常的 所以都吃的惯，点了个招牌的 名字忘记了 叫什么酶干菜笋来着 绝对刮油水的呀 哈哈 老爸喜欢吃 味道到正好 竹笋很鲜美的，就是汤水多了点 大概就是这个特色吧\n糖醋小排 酱满好吃饿 还捣了饭吃 好吃啊 大多都我吃掉的\n牛肉粉丝煲 粉丝很糯，咬起来很有劲道！汤也很鲜美的 价格：38\n第一次来这里点菜，点了都是汤汤水水的，以后有经验了 哈哈\n服务员少了些 不过态度还是满好的 就是餐巾纸太贵了 要5块一包 难怪都不敢放上台面\n因为新开不久的关系 发票还是开不出 只能开销售单 留了手机和名字 可以开票了会电话联系的 就等电话了！,1
13406,实在没看出来，这家精选餐厅跟别家普通的KFC有啥区别...\n一直以为是里面会有些曾经出过，后来又没用的食物...\n可是我去那里，发现该没有的还是没有啊...\n哎...好吧...我只能把它当做跟别的KFC装修上有一点区别吧...,0
37427,那天不是故意的走到那了，它的地点很好，免费面向大众，有的东西基本全不懂，赶上有讲解，自己看真是不懂啊，受教育了啊,1
39507,鼓楼其实就一贩卖古玩字画的古街，形式和古文化街相同，你可以在那淘到些古玩，如果你没时间，就直接去逛古文化街，那还热闹些！,1
19358,也是去 旅游想着吃点哟偶特色的 ，就 进了这家店了，点了些特色的 ，个人觉得东西还是新鲜的 ，就是烧菜的 技术太一般吧，还是 ，咱吃不怪人家的味道？螺丝还是不错的 ，现在还回味。。,0
20770,和GF经常去，虽然环境差了点。但东西还是不错，粤菜本人偏爱。只要是粤菜必要吃虾饺。两个人每次去最多吃100多，涨死了。,1
4994,世茂工三商场没有开多久，其他的店人都很少，唯有这间店人特别多，还需要等很久。进去后环境非常好，看的出来装修及桌椅都是很用心的，菜品特色的很多，有很多中选择，点完后服务就很一般了，有什么事叫很久也没能给办成，可能是人太多的缘故？？？？？？以后选择再去的可能性不是很大了。,1
5417,原来逛蓝岛时老吃蓝岛上面那家店，今天来王府井看电影之后去吃了这家百万庄园。味道确实每家店都一样。感觉特别的中式味道，比如说像我这种不能吃起司和奶的味道的人，吃这儿就完全不会有事，也还算不错啦。原来在蓝岛那家店基本上菜单上的都吃过一遍了，我就觉得这里的千层饼，蘑菇炖小牛肉呀还可以，所以这次也点的这些。咖啡也还成，奶油特别多。,0
31171,朋友生日买的，一般都六七块钱一个，价格有点小贵。都是从冰箱里拿出来的，需要解冻在吃。味道还不错，有点糯米糍的感觉。,1
5406,特地去那里泡个下午茶时间～～离陕西南路地铁站不是很远，沿着陕西南路往长乐路的方向走，过了长乐路就是进贤路了。\n进贤路上有点老上海的民居风，这家有个阁楼一样的阳台，非常适合秋天的时候坐在外面，很舒服～～\n东西也挺好次的，蛋糕和Wages的不相上下，还是很赞的一家店！,1
20644,中山石岐乳鸽很出名，很多广州人专门开车过来食。都推荐这里吃妙龄乳鸽，味道果然不错的～就是价钱有点贵还有鸽子是小鸽子。特别的地方就是门口的大煎堆了～其他的东西水平一般。,1
39068,坐车时看见的，今天特意去找\n一进门服务员就给每人一块糖或巧克力\n店里陈列的品种很多，还有胶原蛋白饮料，旁边还有个办公区，好棒啊\n因为有满66抽奖的活动\n就多买了点儿\n然后抽了个小毛巾，呵呵,1
12153,看过张曼玉演的《花样年华》，张曼玉扮演的女主角苏丽珍总在夜晚某个时刻，穿着一袭华美的旗袍，在昏黄路灯下的面档买一份云吞面作夜宵。在那里，她遇到了梁朝伟扮演的男主角周慕云，也是独自吃着云吞面。两人因而结下情缘。\n  吉祥里面也有云吞面哦，O(∩_∩)O~。我本来并不喜欢吃面条，吃了吉祥的感觉还不错耶，有一半是面一半是馄饨的呢，有外送，中午的时候生意很好的,1
22891,下午1点半左右到的吧~\n本来想坐阳光房的 但是有人就算啦~\n环境还蛮简约的 喜欢的~\n后来坐在外面的大伞下面 比较安静 两只鹦鹉在那边咯咯咯的 蛮好玩的\n我们点了三分意面和三分芒果饮料\n我点了香草吞拿鱼意面  很好吃~意面口感有弹性 香草很香 吞拿鱼蛮新鲜的~\n芒果探戈 里面有酸奶的味道 又有点像奶昔 酸酸的 是鲜榨的芒果 蛮好吃的~\n下次去试试看三明治~,1
8831,靠滨江大道这段有一个天水恋的咖啡吧，可供游人小憩。有不少露天座椅。晚上的时候，更是会有个歌手在这\n边驻唱，昨晚停驻下来静静的听了他唱了两首歌，多少有点拨动我的一些思绪，很多事都过去了，多想也无济\n于事，彼此好好生活吧。。。,0
41338,开车到平谷玩，沿着山路开了好几个小时，终于找到个吃饭的地方，就是这里，乐和。这里环境还不错，风景秀丽，小院落装修的也还挺有情调，特别是院内两颗超级大的核桃树，阴凉遍地，很诱人。只在这里吃了饭，没有住宿，但是有机会一定会来，这里有标间，和大炕，但是大炕是两间房一个独院，要500，标间120，看了看，还不错。饭饭很好吃，尤其是猪棒骨，和一锅出，疙瘩汤，受到全家的好评。,0
24618,鱼头真的很美味 尤其是鱼头拌面 还有在点几个小菜像有个什么猪蹄什么的 和朋友在那吃点 喝点啤酒很好的 哈哈 味道超赞,1
9415,本地人带去的，当时天还不热，坐了露天位，东西凉的有点快，吃了什么也忘得差不多了，就是觉得成都烧烤品种好多啊，五花肉有点肥，但是脆脆的好香！！！鸭舌也好好吃！！！很入味！！！我们这根本见不到烤鸭舌的！！！别的没太多印象了。。。,1
25242,吃过几次了，价格比简朴寨贵一点，菜也偏咸偏辣一点，尤其是那个什么大碗鱼，太辣了。就是个吃农家菜的地方，不过味道还可以。小鱼小虾什么的不错。门口停车也还比较方便。,0
14919,味道也太一般了嘛，我就是看到好多人说好吃，昨天去那边有事情顺便去尝一下，结果真的有点失望哦，海带汤上面还飘了一层不晓得是不是油的东西，反正看着不舒服，不过喝起来还将就嘛。红油水饺我觉得一般，有点油，原汤抄手还可以，比较清淡。,0
5168,在地铁站每次想吃的时候也很方便， 下班回来的路上顺便就买了 ，口味真的很不错，同事也经常让帮着买呢！每次都是现做 也很卫生。推荐！,1
2129,感觉这里的面包比较全，不愧是天津的第一家。但是人也是相当的多，排队排老长。另外，感觉店面的布局很不好，中间窄两边括，可是中间却是结账的地方，是人流最集中的地方。有点别扭。,0
13631,那天窝夫小子在公司楼下办试吃活动，试吃的蛋糕好像是提拉米苏，味道不错，蛋糕很松软，奶油滑而不腻，正好快到我生日了就在他家定了一款咖啡大理石芝士蛋糕。\n  生日当天送货很准时，包装很精致，打开蛋糕盒子，蛋糕比想象中要小，比较薄的一款，原来常在21cake订蛋糕，也是这个磅数，没有怎么小啊，尝了尝芝士味道很浓郁，不能吃太多，一小块就够了，要不会觉得有些甜腻。\n  后来觉得可能蛋糕用的芝士比例太大，芝士毕竟比蛋糕胚重很多，所以蛋糕比较小而薄，不太松软。这款蛋糕倒是很尽吃，吃了4，5天才吃完。,0
40259,还行 和所有连锁一样 挺干净的~\n就是感觉都不是很入味\n不过还是喜欢鸭脖子~~哈哈哈 每次走过去的时候都要买一袋儿~ \n但是不要手套就会忘了给 这点比较郁闷,0
7617,经常来，估计那个胖胖的外国人领班都认识我了。呵呵。\n海鲜比较全。\n其实我觉得五星级的味道都差不多。就是各家特色不同而已。\n像威斯汀的话，巧克力算一特色吧。其它家没见过。\n三文鱼啊那些是鲜切的，人多的时候排队比较麻烦\n传说中的冰欺凌没吃过，每次都忘。水果算比较丰富的,1
28734,性价比不错，适合请朋友们吃。环境优雅，不怕被别人打扰，总而言之，一切都好，望再接再厉。办出水平和特色，看好小天鹅。呵呵。,1
6037,在辽源..炭火锅首选..\n整体装修是仿古的..服务员都穿着清朝的服装..\n尤其喜欢酸菜锅..味道很地道..\n里面的五花肉也肥而不腻..\n下在锅里的菜..菌类都和其它火锅店没什么差别..\n很喜欢他家的一款酥饼..甜甜的..,1
43783,因为就在公司对面所以经常去，但感觉口味是越来越差价格却越来越高，曾经有一次跟家人去用餐点的烤鸭，从还没坐下就点了可到走的时候都没上，无奈啊。。。\n2011年1月中旬与同事去用午餐，先是在一份“罐焖牛肉家常饼”中发现了一根2CM长刷碗用的铁丝，叹了口气后装没看见继续吃吧，直到在一份“娇王小肥羊”中发现了一张手掌大小还写过字的废纸，我们彻底怒了！餐馆给的最高赔偿是退菜加一份果盘，我们无法接受他们这种办错事还理直气壮不肯及时纠正的态度，拿消费者的健康视作无物，丝毫不考虑顾客的心理，最后我们还是全额付了餐费，很郁闷的出来了。\n这家餐馆附近还有很多吃饭的地方，建议大家三思。。。,0
13777,由于家里人经常发这里的购物卡。\n就经常来了\n说实话。真的挺脏的购物环境。\n货架也很乱。\n管理不太好似的。\n东西也不是很便宜。\n本来觉得本土的超市可能管理都上不去。\n后来发现同样脏乱差的华联超市。开了家高端的超市。也非常干净。漂亮\n由此可见。物美华联。美廉美等超市。定位就是如此。\n不是学不了家乐福和沃尔玛。等的样子。\n估计是自己有自己的打算。\n净说缺点了\n其实。这家店还是不错的\n东西很多。很实在。\n是居民生活的好伙伴。,0
9283,印度飞饼偶尔吃吃还是蛮赞的，香蕉的不错\n面条的味道就一般的了，馄饨也是，没吃完。。。难道是飞饼吃了太多了？人蛮多的不过，空位不好找，中午去的,0
43999,赤裸裸的不正宗。样子跟別家日昌差不多，可是味道却差好多。要不是前后脚去了两次日昌我可能都不会那么确信不是一家，最主要连菜单都长得不一样,0
15952,带老妈去万达溜达，无奈三楼人实在太多。我陪老妈吃鸭血粉丝，老妈陪我去吃如意菜饭。\n这鸭血粉丝个人认为还不如隐秀苑菜场那的，鸭肝都是碎的，以至于看起来不怎么干净，反正就是没啥食欲了。,0
33709,听朋友说这家的火锅挺好吃，但自己从来没来过，所以那天专门叫朋友过来，想尝尝。跟朋友说的差不多，那个带鱼的锅底味道真的很不错，汤汁很浓厚，超喜欢！,1
18191,西城有名的比较牛B的学校\n中考体育加试就是在他们家操场上练得\n我们学校离他们很近 貌似那会溜达着就去了\n想想就痛苦 那大操场 那会真是玩命跑啊\n好多同学还喝红牛什么的,0
17144,五花肉太肥了，也没有腌制的香味，石锅拌饭我吃过比这个好吃的，不过这家也算不错啦\n跟北京比，他家连锁是越做越差了，尤其到了这边的城市，有些失望吧,0
35412,是我一直去的一家店，最爱他们的螺丝，总是买一打包一。以前一直吃小龙虾的，现在没有了，有点可惜。我会一直支持这家的。,1
9164,这家的招牌上没有明德庆豪这4个字，只是巫山烤鱼的字样，具体位置在十里河桥西大概300米。\n39烤鱼特价，可以选草鱼和鲶鱼，我要的草鱼，鱼挺新鲜的的，眼睛凸出来，是活鱼。但是烤制的不够火候，偏嫰，而且麻辣没有入味，油太多，味道只能说中规中矩，没有出彩的地方。\n装修很不错，典型的黑红特色，现在很多火锅店都用这个样式。\n服务员数量不够，人多就有些忙碌。\n女领班穿上制服，还挺好看的，像OL。,0
28984,来翠清吃饭路上，闺女不适吐我一身，没办法只好道嘉茂买衣服应急，进去发现里面东西好少，感觉没有可逛的，随便进了一家买条阔腿裤说拿小票过两天来可以抽奖，结果再回去的时候根本没让抽什么，只是随便的给了一副毛线手套了事~~,0
27592,无意间看到的优惠券，58净价，还是买三免一的，那么三个人去的话人均只有39块，超级便宜的。地点在holiday inn里面的，很安静，感觉蛮舒服的。\n吃的算是简朴版的brunch，10点半开始的，蛮适合我的，周末都要睡懒觉的嘛，起来去吃时间刚刚好。\n人很少很少的，只有3~4桌，服务很好的，环境也很好的，不过没有什么吃的东西，不过觉得甜品还不错的\n桌上调味品，糖，奶，牙签都俱全。\n这种黄砂糖搭配奶咖很好吃。\n饮料只有咖啡，红茶，菊花茶，奶是自己加的。\n其实这种饮料我一种都不要喝的，怕苦，勉强拿了咖啡倒了很多奶和糖，才觉得稍微好吃一点。\n什么鱼，辣辣的，蛮好吃的。\n黑椒猪肉，有点老，不过黑椒汁味道不错。\n香肠，无功无过。\n烧卖，皮有点老。\n虾饺也是的，皮很老，不过里面不错的。\n夫妻肺片，很麻辣的，喜欢。\n黄瓜不好吃。\n什么火腿片，有点咸。\n自选食材的汤，汤底还蛮鲜的噢。\n豆腐丸子，不好吃。\n凤爪，不好吃，不够糯。\n这个土豆蛮好吃的。\n这个甜甜圈还可以，我后来拿了很多法棍，主要是因为他们家的果酱很好吃，每个品种都吃了。蓝莓酱最好吃\n血糯米什么的，我老爸觉得很好吃。\n咸的红豆，吃不来。\n涂上蓝莓酱的法棍真心好吃啊。\n这个蛋挞也不错的。,1
5144,去过三次了，每次都吃脆绍面，用碎牛肉和花椒、辣椒炒成的料，加辣椒油拌成的面条很诱人，可惜的是，感觉份量和质量有下降，冰粉、凉虾这两款比较好吃点儿的小吃也经常没有，并且质量也跟着有下降，日后不大会过来了。,0
26405,总的来说，是非常用心+有爱心的宠物医院。当然，我只给储医生看过，不是其他医生不好，是不敢乱换，所以有时候储医生在开刀，也要等着……\n宝贝病重的时候，几乎一个星期跑一次的，生了大病，具体的就不说了。情况非常复杂。\n用储医生的话来让大家了解贝康：“如果主人觉得在这儿看病不放心，换去了别家医院，我很希望他下次（还来的话）能告诉我，我之前哪里失误了或那里的医生是如何治疗的，让我有个改进的机会”,1
42970,单位来了客户请我们去吃饭，在滨江这边也真没什么出名的饭店，后来我们就一起去诺西的外婆家了，本来以为要等很久，结果等了10几分钟就轮到我们了，里面的环境还不错，客户吃的很满意，就是觉得外婆家的菜量小了点,1
2045,新開的自助，有燒烤和火鍋2種，火鍋39，燒烤分39和49兩種，能拿的東西不一樣。\n吃了49的，這家的肉和隔壁巴麥隆相比好很多。鴨胸肉很嫩很好吃。\n以後還會去的。\n換紙1元一張。汽水啤酒免費。還有水果和各種醬料提供。圍兜也有。,1
21048,好玩的地方，是坐索道上去的，开始还有点害怕，上去以后就不怕了，喜欢那儿从上面放眼望去的风景，看到了绵延的绿，看到了好多的山。。。。。。,1
29948,大周末晚餐和朋友一起坐下。扒类的份量还算足，但饭面类(天使面、石锅饭)就极度细份！！而且厨房因为供货原因，连扒配的白饭都短缺了！！难以接受！！\n综合来讲口味是不错，如果不是饿狼一群，可以坐下慢慢品尝。服务员经验不足，有一定几率无视你召唤…,0
10551,窥探了很久的餐厅.终于在2010年的最后一天达成了心愿.\n和各种爆满需要排队的餐厅不同.这里的生意应该是细水长流的那种.时不时会有阿拉伯人进出.一个去过土耳其一直惦记着土耳其菜的人加上一个在trade-off要不要去土耳其的人.组成了这次的探店小分队.\n服务员的态度都不错.摆设也是走中东风格.舒舒服服地坐下.不用考虑订位抢位的餐厅最棒了.\n因为今天人还是有些多的.上菜速度稍微慢了些.\n{薄荷酸奶}:入口会有一种刺激的酸味.但是正和我们的胃口.慢慢地全部下肚.对酸味接受不来的同学谨慎尝试.\n{阿代斯汤}:神奇的小豆子磨成的热汤.在这种天气下喝上一口真的是很舒服.没有欧式浓汤那么多的奶油.也就不觉得腻味了.放一些配上的炸物.几滴柠檬汁.别有一番风味.\n{王者沙拉}:多么霸气的名字.选的虾的.还有鸡肉可选择.挺大份.沙拉酱也是酸味的.很喜欢.清爽的很.吃肉一定要配上的.\n{烤肉拼盘}:两个人小份的足矣.各种卡巴布的拼盘.上来是温热的.所以我觉得不好吃阿不好吃.我真是不喜欢纯肉类的食物阿.而且还是烤的.西红柿这种配菜吃吃我还比较开心.\n{肉夹饼}:允许我忘记掉这个东西的名字.因为真的不好记.吃阿拉伯菜怎么能不吃饼呢.说不过去嘛.这个饼挺不错的.中间夹着羊肉和cheese.一口下去各种味道混合地确也很和谐.居然让我们两个人吃光了.\n结账.想要发票.没有了.于是打了个折.满意而归.,1
5039,三个人去吃，一共367元！人均120元！还好东西还有胃口吃下去！鸳鸯锅加鸭血、鸭肠、毛肚，前腿肉，肥牛等等，好像墨鱼丸是我们点的最贵的一种菜品！中间的德庄汤是最爱！喝了四、五碗!就是服务员太少了！忙不过来！,1
41709,就在家附近，因为是二级医院，以前从来没去看过病。\n上周去做了个检查，发现医生和护士的态度都不错，耐心听病人讲话，也耐心解释。不像一些大牌医院的医生又凶又拽的，不体会病人的感受。\n有些检查在其他医院被要求自费的，在这里可以进医保。\n不过，公立医院的大楼设施有些陈旧，挂号、化验、收费等要跑好几个楼层，不太方便。目前在造新大楼，希望以后医院能在软件和硬件发面都有所改善。,0
44960,价格偏贵的一家，有观海平台的位置不错，但是大堂里面黑漆漆的，感觉又想ZOU小资路线，又想做传统菜的路线，店家有欠考虑哟。,1
385,和朋友一起去的，感觉很干净，服务态度也很好，上菜速度很快，量也挺大的，点了很多东西都没有吃完，喜欢薯条，鸡翅有点咸了~~下次还会去,1
5960,东西很一般，名气还不小。主要是有个在清华的朋友是穆斯林，每次都没得选，只能吃这个。哎。相比而言，炒菜还可以，涮肉实在不是我的菜,0
19091,很古老传统的老北京涮肉，通过涮出来的味道还是有一点儿不一样的，羊肉很新鲜，口感很棒，手切讲究的是盘子里起来羊肉也不掉，果然不错，能试出刀法的功力相当了得。百叶啊什么的也要试试，搭配青菜豆腐，营养丰富又健康。\n有护国寺小吃的外卖窗口，也不要忘了吃完了带走点儿豌豆黄驴打滚儿什么的。,1
40225,家庭聚会是个不错的地方，环境又好，菜色很好吃，对于能吃辣的人比较适合，我喜欢，不能吃辣的也不要紧，有微辣的可以选择，总之一点，不错。,1
31953,中午办事过，路过很多次，便想尝尝，面积不大，类似于呷哺，有大锅有小锅，但麻酱调料不如呷哺的味道好。不能刷卡，小有不便。,0
15821,一段时间不吃就想念的店。的确好吃又实惠。红烧大虾非常棒，虽然有点甜了。芸豆也好吃，自己总是做不好。每次都没有点黄花鱼，以后一定要找机会吃到。点过辣炒鸡心，非常嫩又入味。红烧鸡脖还不错，感觉没有大虾好吃就是。稀饭吃他家的炒豆皮分量大又美味。,1
32823,中华广场地处市中心，地铁公交都好方便，里面饮食选择多，购物可贵可便，还有小朋友喜欢的游戏天地，呵呵，都一应俱全！是周末出行的好去处。\n老实讲，得闲无事过去叹下空调，感受下人山人海都唔错，哈哈,1
12551,"得麻麻地啦，之前有人话中午去食好抵好多野食，但系前几日去试过，三文鱼唔系好新鲜,D饮料都可以啊，个人喜欢拉.我觉得就一般般了",0
32555,今天特地去吃粽子的\n临近端午节了 感觉那边都是团购粽子的吧 反正都是真空装\n要了一个蛋黄肉和豆沙粽 也没有煮熟就端上来了 囧一个\n要了两份汤 千张和牛肉粉丝的 还不错滴 \n服务态度么一般般 ms不太想跟你说话的样子 \n算是老字号了,0
13973,话说真是失去了才知道珍惜，\n邱公馆在太平洋百货的超市有很长时间了，\n一直买他家的东西，\n最爱提拉米苏和牛奶面包棍。\n前者28元，后者4.5元，\n前者可当晚饭后的甜品，后者可当上班前的早饭。\n一直买，可一直没留意这家面包房叫什么，\n直到太平洋百货要于2011.10月底撤出北京，\n我才终于记住了邱公馆。\n他的其余分店都不在我的经常活动区域内，\n咳。。。。。。,1
725,沈阳一家以经营奢侈品而闻名的店。\n现在周边的城市，县城象铁岭，法库什么的地方有身份的人（科长局长什么的）都经常都经常来买。\n你要不穿卓展买的衣服，你都不好意思河别人打招呼！\n也许卓展在他们那些人心目中才是某种身份的象征！\n你要闲极无聊的话，可以在卓展车库看车牌，你就会发现，许多外地车牌的司机在呼呼睡觉，等待着老板或者老板娘大丰收后回家！\n其实除了一楼一些大品牌，其他楼层东西也并不太贵，很多东西几百元就搞定，楼上的餐饮一直不温不火。\n原来停车不收费，现在收费了！逛华府的时候不能在这里蹭车停了！,0
43942,逛街的时候去的，芒果布甸里的芒果太少啦，比香港的许留山差远了，口味还行，生意很好，服务有点跟不上，等菜单都等了很久，随便吃吃还行……,0
40844,环境不错的一家牛排馆 因为在和平路万达的后身 比较清静适合聊天 牛排的味道很好 自助沙拉也很不错 可以随时任意拿取 虽然秋千感觉很好 但是要坐在上面吃东西还是有些不习惯 饮品中柚子茶的口味很浓很好 比喝那些冷饮要健康 总之很好,1
11106,剁椒鱼头很好吃\n加了面进去之后那个味道爽啊！\n环境也好\n一点都不杂乱\n很富丽堂皇的样子\n很喜欢！\n其他菜也基本点了微辣\n很适合不太能吃辣的人~\n一个经常叫减肥的人一人啃光了一个猪手。。。,1
44105,大周末的11点半一桌都没有，心里直发虚，想着能好吃吗？吃完发现，菜品很是惊艳。特别是霸王乌江鱼，点了鲶鱼。菜的量不大，但有一点很奇怪，菜都不是很热的。以后还会去~,1
5967,比哈根达斯价格亲民的多，口味却很好，环境也不错。\n路过的时候都有吃的冲动，女孩子都喜欢甜食和冰激凌吧。\n人不是很多，一般不需要等位子。,1
9218,很好 店面环境部错 味道也还ok的 下次还会来食的 哈哈哈哈哈哈哈哈哈哈哈哈哈哈哈哈哈哈哈哈哈哈哈哈哈哈哈哈哈哈哈哈哈哈,1
40595,要不是人都扑出来肯定不会到这个门面看上去不是很自信的小店里来的呀 哈哈\n还是蛮好吃的 招牌石锅饭里还有腰果呢 一直搞不清蛋白凝固蛋黄流溢的鸡蛋是怎么做出来的。。。石锅烤鸡肉全是个大蒜 还放了好多讨厌的孜然 土豆饼软啪啪的一片 大枣茶味道也不浓 泡菜炒饭的话很咸啦只能小叼一口\n里面的杯子和水壶都很脏滴。。。不知道漂的是什么东西,0
4203,味道肯定是必胜客中规中矩的味道，地点比较方便，但是可能是去的人比较多，所以我觉得环境一般，尤其不要去地下一层的,0
35819,以前叫千村百货的，那时候生意很好，鞍山也是杨浦的中心\n现在没落了，完全不能和五角场比的。\n感觉里面的品牌好少，好一点的牌子都没有，属于比较平民化的吧,0
22733,这家店就在梅陇镇环艺影城的斜对面，也就是美琪大戏院的斜对面，每次去梅陇镇广场都会来这里买点吃的带回家，喜欢这里的花卷，1.2元一个，挺实惠的，面粉发的很好，吃口就好，感觉葱花香还是少了点，如果葱花多点会更好吃的，上次中秋节来这里买鸭子的时候顺带买了菜包肉包各六个，分成两袋，送给姐姐，结果在地铁口交给她的时候才发现居然一袋里面少了一个，只有五个哦，一个菜包好像要2.3元，营业员是个年纪不大的女的，哎，少放一个挺不厚道的。这里的菜包个子不大，这个价格算是小贵了，味道还是可以的，皮薄菜馅多。\n还喜欢这里的土豆色拉，有小时候吃的土豆色拉的感觉，很好吃，做法还是原汁原味的，来老店买东西也是顺带的温习一下回忆。土豆色拉很好卖，一般下午去就买完了，所以最近几次去都没有买到。我一般买10元，一个人就能吃掉，色拉要买了回家就吃，因为很容易坏，放不起的。\n还买过这里的沙姜鸡，不怎么好吃，不过价格不算贵，一只鸡38元。\n靠里面的地方还有个专门吃单双档的地方，现做的，买的人不少，吃过里面的豆浆3元，无添加，原汁原味，安全系数高，比喝那种饮料要健康多了。\n这里还有买馄饨菜肉馅子，25元一斤，买一斤馅子可以送一斤馄饨皮子，下次周末准备去买一斤，回家包馄饨，这个活很久没有干啦，呵呵。\n挺喜欢这个外卖部，品种丰富，选择性强！,0
27246,呢间店既名好得意，有同事又想食凉皮就入黎食。\n都有几多人系倒食，间店岩开无几耐既，仲搞活动送肉夹馍，不过我地去得吾系时候都无得送啦。\nD野比较实惠，凉皮5蚊一份，同事系陕西既距话几好食下。我对面食吾系好仲意。\n枣沫糊糊，就系红枣泥同花生几OK下，\n凉拌菜8蚊一份，自己仲意食边D菜都可以捞埋一齐，豆苗同土豆丝不错。\n五香驴肉份量较少。\n大盘鸡，只盘好大，鸡就无几块，所以就送一份白面捞汁食。,1
36739,想吃饺子，进去了，一进门就是一奥运火炬，墙上贴满韩庚的照片和海报，柱子上满满的留言条。才知道是韩庚妈妈开的···\n大家都举着相机拍照\n饺子很咸，梅花饺子咬第一口就是沙子，一盘子就浪费了。\n菜一般般。上的很慢。\n服务很不咋滴\n可能更适合庚迷们追星。,0
6074,忘了我吃的什么了，貌似是陪人去的这家\n没有煎饺！！！我尊伤心\n吃了海青菜~我想我是疯了 不过是吃寿司还是吃面条\n只要有海青菜必吃 ONO,0
18989,最初的认识是他家卖的做菜的锅子都是透明的，可以看见自己煮菜的过程，很好玩，突破了传统，只是这个牌子的价格确实比普通锅高了好几倍,1
18532,第一次来是朋友推荐过来的，位置还算好找，就是感觉周围都是写字楼，貌似应该是在周围上班的白领经常来这里吧！比较喜欢石锅拌饭，鱿鱼石锅拌饭我很喜欢，还有泡菜饼，鸡蛋卷味道都很不错呦！蜂蜜柚子茶也很好喝，排毒养颜清热去火。服务员的态度就还好吧，不大敢恭维，要番茄酱要了N回。,1
7306,今天中午去，所有餐饮商家都在换天然气，炒菜的商家都要12点才能开炉灶，就随便吃了点。\n广场整体环境可以，后面还有个电影院。,0
30699,一楼的环境还可以，二楼装修就黑黑的，灯就只有两盏，窗又5开，好闷热的感觉，加上洗手间在二楼楼梯口，时不时就有股味传过来！每人最低消费18元，去到当日又无人教玩游戏，只能玩自己识玩的，无咩隐，加上都5算便，食物净得公仔面同面包，多士居然同三文治同出一家，都是面包来的，炸都5炸下，搽点酱面包就变身成多士。饮品款式几多，每杯18元以上。拧乐18元，蓝色海洋18元，蜜柚绿茶20元，茉香茶泡乐22元，意大利咖啡20元，三文治18元（午餐肉、火腿蛋），公仔面18元。,0
8151,这里东西价格还是比较高，不过有的质量还是不错的。以前和朋友到这边溜达，在楼上一家店里看过高仿的品牌背包。价格不低，但做的很好,0
27099,午饭时间非常拥挤 需要站在别人旁边等位\n鸡汤面不是很鲜面条也不大筋斗 鸡粥同样不鲜 拌面送的清汤好像是油加水 但是白斩鸡还不错可惜蘸料么有什么特色\n服务员对纸巾很是小气,0
29745,喜欢吃蓝莓山药，虾仁扒茄子别的没了。尽管吃了好几次，这两个菜是我的最爱。海鲜的品种比较多，大菜更适合朋友聚会，俩人去就点不了大菜了。,0
35900,在大宁的，本身地段就很好，靠近1号线，离人民广场什么都很近。这次是朋友来看我，所以安排离我比较近的这家。环境还是很不错的，房间布置的也很干净。总之还是很值的说,1
42984,最鈡意采蝶軒的芝士撻和拿破崙芝士蛋糕！它家的葡撻、三文治和風芝士球也不錯的！最重要的是，其可以吃到新鮮出爐的甜點！,1
19548,收银和制作只有1个人，虽然人不多，还是要排队，不开心~\n出了个彩虹岛什么的，送了个很可爱的购物袋，意外滴收获，话说那杯饮料不咋滴，有热情果的一般都不咋好吃，还要吐籽，麻烦~,0
7711,绝对隐蔽，而且人也不算少。味道嘛？如果你相信自己能吃辣的实力就去尝试一下，包你满意。东西确实都不错，就是价格稍微有点贵。毕竟烧烤的食品总不能老吃吧。,0
24579,没有堂吃过，原因店面比较小，都是叫外卖，速度还比较快，\n汉堡的味道还不错，鸡肉也比较嫩，同事好象叫了牛肉的，比较小，赫赫，\n应该是牛肉比较贵一些的缘故吧，成本~~~~~~\n鸡翅和鸡块都可以，配上奶茶~~~~~~赫赫，下午茶真不错,0
1453,那天去富民路做头发，顺便某人就带我来这里了。\n进了店，好多老外，服务生感觉都比较nice。中午有套餐，感觉比较划算。\n一个masala chicken，感觉奶味和一种香料味混合，很是喜欢。另外还有一个芝士蘑菇很特别，也感觉挺好吃。\n这里的餐前面包也是很不错的，尤其是里面的那个饼~哈哈，最后结账还有送优惠券~\n整体感觉下来这里还是很适合聚餐或者来谈事情吃点东西的，另外环境给人也还可以~,1
5760,同学结婚在那里的包间请客。\n菜做得很一般，没觉得什么是特别好吃的，不过也没有什么特别不好吃的。随便吃吃还是可以的。\n停车不太方便,0
42200,公司附近的店，一直听同事说那里的猪手很好吃，今天前去一试\n特地点了猪手，哇，好好吃，是油炸的，表皮脆脆的，口感不腻\n有机会再去，就点猪手\n还点了个干锅肥肠，感觉有点腥,0
42333,味道还行  价格也还可以  就是远了点    我坐车好麻烦\n嘴好开个分店到我家附近 那样我就可以经常去吃  真开心啊  下次在来,1
12015,连可颂坊都开始走85度C的路线了。\n吃完中饭路过进去买杯奶茶喝喝，品种还不少，要了茉香花心珍珠奶茶，一开始喝觉得还可以，吃到珍珠的时候开始冒汗了，有股塑料的味道，仔细一看，是透明的皮子里面裹了红豆沙（明白名称里“花心”的含义了），但为什么味道那么奇怪啊？\n个么只好弃珍珠于不顾，只喝奶茶。以后若再买，记得要求“走珠”。\n不过8块钱这样一杯性价比太低，以后应该不会再买。,0
43832,这家喜来公社就开在芳汇的车站那里，旁边有家全家。\n东西很多~面包、甜点都很全。\n这次还是买了最经典的手撕包~~吼吼！12块~家里一顿早饭刚刚好！一如既往的香甜，希望他家能开发出更多的好吃的面包！,1
14285,感觉VIVI的内部有点像爵色酒吧。。。这里最大的缺点可能就是美女质量稍微差了那么一点点，也许是被旁边的夜潮抢走了吧。这里的服务还是不错的。吧台的一个小伙子服务尤其好，对客人的要求比较耐心。\n  今晚本来是陪朋友来喝酒的，结果她摇了一晚上豹子。都不知道到底是谁陪谁了。呵呵，总体感觉气氛还不错吧。应该算是这么多年去酒吧玩的最开心的一次了。夜场给人舒缓下压力不错，偶尔来玩玩就成。,1
34603,慕名而去，门口很多服务员把我们很热情的迎接进去 ，自此以后就很难很难看到服务员了，叫服务员也是相当的难，来了以后也是相当相当的不情愿\n上菜上的很慢，关键是上来就给上了酱油炒饭，主食都吃饱了让人怎么吃主菜，不过味道还是很好的\n大家千万不要点那啥 小杭椒爱上小公鸡，跟图片相差的也太多了，而且味道也很奇怪，而且超级的咸，厨师的刀工也相当的那啥，一块鸡肉要分好几次才能吃完。、\n水煮鱼在我们吃的七八分饱的时候终于上来了，味道不错，超级嫩，入口即化，稍微有点咸。,1
10787,天热，想进去喝杯饮料，刚坐下，服务小姐客气的递上菜单，刚要点，边上不知所谓的人冲上来说这里都包了，不做我们生意。。。\n真是第一次碰上这样的待遇，原来还有酒店是这样做生意的，长见识了，私人酒店就是这样的风格呀，大堂昏暗没格调让人感觉压抑，别指望开的长久了,0
40799,每次去利星都回去逛逛，但一般都空手而归\n商品的摆放有点乱，特别是女装区，每次感觉被扫荡过一样，乱七八糟堆在一起\n男装区又灯光太暗，还是童装区让人舒服点，偶尔还能淘到一双大号童鞋\n环境有点局促，人稍微多点儿就显得拥挤，不如GDA那家好\n作为“速食”衣服产品，价格还过得去，质量相比H&M要好点儿\n折扣季淘点儿基本款还是不错的,0
29691,来丽江之前就在网上做好功课，把这家列入了必吃的名单。\n我们一行7个人，要了鸳鸯锅+羊杂+驴肉+羊血+各种蔬菜。\n清汤一开，先盛一碗暖暖胃，服务员会帮忙把点的羊杂驴肉等下到锅里，驴肉很细、羊杂蛮香，配着糖蒜蘸水相当的美味。\n喜欢薄荷叶，下到锅里清香怡人，一共要了两份，虽然同行的MM说感觉有点象吃牙膏，哈哈！\n蔬菜都是5元一份，可以把配好摆在旁边的蔬菜换成自己想吃的。\n总体来说，不枉此行！,1
15689,8.12\n作为一名奶油puff控，\n从前最爱papa，之后长草泡巢，\n题外话：\n貌似泡巢关掉了\n人家还没拔草就给我关了，\n你肿么可以酱紫类\n而西树家的puff呢，\n是我最近的新宠。。。\n之前看到了太多人晒了，\n尤其最赞的是空气精灵姐，\n那张宇治抹茶puff伐要特给力哟，\n虽然不像大家拍出来的泡巢一样爆浆，\n但是那么多人推荐味道肯定不会差。。。\n不过我这个懒胚大热天的根本没兴致出门，\n昨天DP上无意搜到它家竟然新开了两家门店。\n静安门店我晓得的，\n昨天还不知道前天看到人气美食介绍那个美食广场说到puff时，\n我就马上知道是西树的啦，因为这puff造型实在是太好认了\n每个都是曲奇脆皮的\n另一家店是新开没多久的新天地时尚B2，\n这家店离我家算最近的啦，当然果断拔了\n \n乘车来到新天地时尚，\n一开始NC的我把B2记成了B1，\n在B1兜了2圈也没见到西树，\n然后我就围脖求救T0T\n小九哥很弱弱的告诉我在B2的Bazaar~\n看我这猪脑子，浪费时间.。。。。。\n \n进了Bazaar，我一眼就瞄到了西树，\n它就在宜芝多的旁边。。。\n新天地时尚B2生意伐大好的样子，\n都没看到人来买，\n宜芝多人都空空的\n貌似B2被哈哈少儿频道借去了一大部分地方做神马小厨神大擂台的？\n我还在全家门口看到摄像机拍电视剧神马的，\n所以一开始进去的时候我彻底凌乱了\n其实本来还想去买La foret家的甜心爵士的，\n结果我死活没找到这家店在哪里TwT\n莫非是我已经进去又出来的那家面包房，\n如果是这样我勒个去了\n反正现在不急不急，我这次去就当摸摸地形，\n每周六都在这里附近补课的，都可以放学来寻觅美食的\n \n接下来说回吃，\n西树puff的柜台是和麦基华夫连在一起的。。。\n貌似每家店都是这样的？\n我虽然是有看到个个可爱造型的脆皮曲奇puff，\n但是我没看到+2块升级为宇治抹茶puff的标示呀？\n不应该每家店都会标吗\n我也便没有多问以为浓郁抹茶就是宇治抹茶\n结果一拿到手竟然是香草的，\n不过好在味道还不错，\n也算有点小爆浆，\n奶味倒是帮papa的差不多，\n还是更长草抹茶的，\n毕竟西树家特色呀！！！\n不甘心，下次一定还要抽机会去~~\n下次一定果断提醒店员帮我弄成宇治抹茶的~~~！！！\n                                             ❤❤❤CcのDP❤❤❤\n                                               ~~~over~~~,1
11511,冲着小龙虾去的，唉~真的是小龙虾啊，咪咪一点点大的小龙虾，而且不是温的就是冷的，冷的偏多啊，保温做的一点都不好，味道么也一般，还老是断档。多放点你也不会亏呀。花这点钱还不如去寿宁路或其他龙虾点类，起码吃到的都是热腾腾的小龙虾。\n其他菜式么也不过soso，吃了都没啥印象了。\n服务很奇怪，要不你进门就收费，要不就等我要出门了再收费，干嘛在我吃了一半的时候来呢，是看不起我呢还是看不起你们自己呢？,0
5454,第一次在他家买东西，买了个TOTO的马桶，之前一直没有人提醒过，到了送货那天才知道这家人家是“货不上楼”。我家住6楼的楼梯房，家里就我一个，还要带小孩，哪来人搬。打电话到送货调度，对方态度很差地说“这是公司的规定，你不满意退货好了”。最后反而是那个送货的师傅，帮忙把马桶扛了上来。不知道这个条款是否是现在市面上通行的条款，不过对于消费者来说绝对是霸王条款。庆幸没有买浴缸！不过以后好美家再也不会去光顾了。,0
6507,无意中发现的小店，味很地道，食材原料都很新鲜。有意外惊喜的感觉，所以整餐饭吃的很开心，心情大好。\n服务生不小心打翻了茶水，稍微提了下要求，很nice的赠送了一盘毛豆。\n烤物都很香，泡菜锅分量十足！\n环境小小的，但很整洁，有附近公司的日本人似乎是每天都会去那吃晚餐，边吃边看日本原版的漫画，看的很认真，很有趣。\n值得推荐的小店。,1
32149,喜欢地面一楼的优衣库，简，还有旁边一家日式服装店，名字好像是LINKU吧，经常会去逛逛看到有折扣就及时下手。优衣库每周都会有一款特价品，还是蛮划算的。简的折扣一般都在3-5折，也很划算。LINKU新品8折一般，稍微过节或不齐的码就3-5折，日式风格宽松大方版的，个人比较喜欢。,1
12518,每次去 酸菜鱼是必点的。。。量多味道好。。。。蕨根粉是开胃的，也好吃，各种小龙虾独爱十三香啊。。。。。去的晚就要等位了。。。今天走的时候一个娃娃忘记拿了，服务员还追到楼下，物不值钱，但是服务员的态度还是值得赞赏的,1
28793,因为喜欢喝酥皮奶油蛤蜊汤，所以经常会去！其实各家环境和味道都差不多，还不错！每次必点酥皮奶油蛤蜊汤和鸡翅，这也是我不喜欢吃这的披萨还会来的理由！来这家让我记忆犹新的是奶茶里有黑色异物，叫了服务员几次才有人来，然后说是给我从新换一杯，结果拿回来时一看还是那杯，还有我之前喝过时留下的印记，只是异物被弄出去了！让人无语……,0
33250,这家店去过很多次了。服务态度不好，而且速度很慢。\n吃过牛肉和羊肉米线，肉比较厚，烫不熟，建议大家不要吃。\n其他的东西都还可以，都不错。,0
36449,总体评价说实话，真的是非常一般，炒肝味道其实还可以，可是肝呢？好少啊，真的没有图片上那么多。\n卤煮火烧，大肠味道还行，至少不是很臭，火烧吗还可以，总体来说还行，不过因为吃不太惯，所以不知道是不是真的那么正\n包子倒是比较不错，好吃，很像以前吃的那个味\n爆肚也还不错，中规中矩吧。\n总之，个人感觉最好吃的反而是包子啊。人那叫一个多，估计绝大多数都跟我一样是慕名而来。至少我旁边一桌就是。所以大家基本都是点的样比较多,0
32614,人气相当旺的一家商场，地铁出来就是了。如果不是住在香港那里，来这里购物就可以了，想买的基本上都有了，当然除了LV什么的……,1
30759,要的两会套餐，环境不是很好，人嘈杂，一点也不舒服，停车那叫一个麻烦，几乎让人麻烦的流眼泪，\n品种还行吧，菜还算精致，鱼生很新鲜的感觉，海参汤还不错，鲍鱼差了些，木瓜炖燕窝还挺好吃的，要是人不是那么多，我还能接受\n有种星座花草茶很有意思，我搞了两杯，就是冲不太开，长腿螃蟹不新鲜，而且很咸。\n我觉得两个人520块钱的话，其实去别的地方可以吃的很舒服，\n因为对环境的不能忍，估计以后不会去了！\n吃了哈根达斯薄荷味的，太让人惊艳了\n海鲜一般吧,0
42151,个人比较喜欢吃锅贴，这家店还上过电视，离住的地方也近，就去了几次，店是两层，条件一般。每次去都是两盘锅贴加一个菜加一个汤，感觉三鲜的锅贴比较好吃，汤就是点疙瘩汤，菜的话感觉味道都一般，既然是锅贴馆，那些菜的味道就不要要求太高了。人多的时候菜有点慢，不过也还能接受。,1
318,价格小贵，碟头又细，呢两样系出咗名。味道方面好一般，比起泰地道差得远了。而且食材唔新鲜，冬阴功汤D虾系梅嘅，咖喱做得味道唔够浓，蟹好明显系死到梅晒嘅蟹，总的一句，海鲜真系好唔新鲜。其他甜品都好一般。沙发已经烂了，影响食欲，仲衰过大排档。以后都应该唔会再离。,0
34062,见到了刘婷婷。\n菜嘛。。马马虎虎。。\n本以为饺子很好吃的，其实就一般吧。\n感觉不是很正宗的山东菜，点的不少菜都没味儿。。\n最怪的是白菜炖粉条里放了很多花椒粉。。。真的很多很多。。。\n不过价格算便宜的~所以吃着还蛮愉悦~,0
41565,这可是当地超级鼎鼎大名的海鲜哦。\n基本上每个人都知道的地方，可以算是一个地标性建筑了吧\n盛记的海鲜味道可是色、香、麻、辣俱全哦，看着那红红的颜色，真是让吃辣的人把持不住啊,1
30453,很不错，对于食肉者来说再合适不过了。肉食很多样，饮料比较欠缺，如果有可乐雪碧就好了。整体感觉良好，店面也很宽大，位置也不错，在公交总站旁边,1
5501,好像人挺多的，中午去没有地方座，拌饭好吃，还有一个用沙拉做的什么菜也很好吃，忘了叫什么了，比较适合朋友聚会或者情侣,1
3227,云南十八怪之一，很经典的小吃！大理古城里街边巷尾到处都有老人家在卖，点个小煤炉，用1支筷子，边烤边卷，2块钱1个，还可以刷各种口味的酱料，牛奶的醇香，酱料的甜味，烤过以后甚是好吃！现在想起来都忍不住流口水了~~~在大理住的那几天，每天都要吃上好几个！吃这个真的很上瘾哦~~,1
4905,曾经在这里听过一场“宫崎骏-久石让”的电影交响音乐会，前面是银幕投的电影片断，银幕较小，画面不算清楚，舞台上是演奏的乐队，有时还有女主唱唱插曲，每一曲后观众都会鼓掌，但听完全场，我并未觉得心灵受到震撼或者洗礼，可能是我不懂欣赏的缘故吧，抑或是180元的票只能在楼上后排导致的声音效果不佳？I don't know.,0
30725,感觉在百花也没什么好吃的，好像最旺就这家了，所以就去试了试。感觉还好吧，消费也挺实惠，有工行、发展银行的信用卡还可以打个8.8折。味道算是OK。。。不过回转寿司品种不算多，来来回回都是那几款在转，可能好的一上就给人拿光光了吧……,0
8653,前两天不怎么饿的时候去的，环境很好玩，但是椅子太矮了，要是吃的有点饱肚子就不舒服。\n要了岐山臊子面，我不是很喜欢，可能是因为酸味重的原因吧。BF要的肉夹馍，也觉得一般，不值7、8元的价位，吃着有些腻。还点了个什么闷鸡，口味很淡，不喜欢。\n不会再去了,0
31047,中午吃麦辣鸡腿套餐 15元  加2元薯条可乐升级到大\n再加2元可乐可以换成大杯热饮  奶茶咖啡大枣茶\n大概12月21号开业的吧  没开业之前我们就惦记了好久 \n新开业的m都是黑底风格的咖啡馆式 \n一楼是外卖冷饮的窗口和一溜四五个的座位  不过一楼冷  没人坐\n二楼是点餐的地方  座位不少  但是中午饭点去基本没座了 \n收银员是新手  大家中午打包  经常是将近十人份 从来没有给对过  不是少这个就是少那个  还得我们在那儿自己对照   有次收银员还多打了一个汉堡 同事懒得计较 就说留着当明天午餐 反正公司里有冰箱微波炉,1
40358,地方挺大，味道很一般，风格有点老土，性价比低。最受不了的是那个在服务台收银的男的居然抽烟！太不像话！就冲这点，不会再去了。,0
12236,鉴于连喝了点啥都记不起来\n同时也没有难喝的回忆\n固将此店评为喝过即忘店\n………………………………………………,0
25128,其实也就只吃了杂酱面和鲜肉汤包\n杂酱面很很普通\n鲜肉汤包里的汤汁还是很不错的，很鲜\n因为我是个不喜欢面食的人，江浙菜也不喜欢\n所以没有太多的感觉,0
40152,住在吴宫，第二天退房前从酒店小门穿过去走马观花了一番，景区大部份估计都是新建的，除了那水陆古城墙。城墙比起南京颇有不如，不过上有大炮和城门的各种器械，亲子游是不错的选择。,0
21230,十几年前好世界在青岛还是很有名气的，过生日在好世界买个蛋糕就算不错的了～那时候喜欢吃好世界的巧克力生日蛋糕，但也就限于过生日可以让味觉奢侈一把。\n但在如今繁多的糕点品牌中好世界蛋糕已趋于没落，在团岛工作的时候仍时不时会去买一些小点心作为工作闲时的零食，小眼镜、曲奇都是我比较喜欢的。,0
3134,三个人一行，点了一个中煲，一锅牛蛙，味道还行吧，环境就是不咋地，小菜的量还是比较少的，只是适合俩个人用餐，如果三个人以上这个量就肯定不够的，建议要点两份才够吃。,0
8217,上次和妈妈姐姐四川路血拼的时候路过看到的，而且那天还买一送一，买任意一款都可以在茉香奶茶或者麦香红茶里选一款，味道的话就真的很路人了，完全是看在买一送一份上多给一颗星星，不过大家都说北海道是招牌~要不要再去试试看北海道内？,1
447,这家很大的哇，门面也做的很大，即使在通道的另一边也有个大型橱窗展示\n优衣库有时搞活动还是挺优惠的，但平时的价还是偏高的，不过质量看上去都还不错,0
17776,开在花园饭店里面的日料店\n环境自然是没的说\n这里提醒大家一下，要从哪个玻璃的电梯上去，不要乘哪个自动扶梯，不然要走很多路的~~\n我们选择了不用脱鞋子的那种房间\n还是喜欢做椅子~\n服务员服务很热情，服务也非常到位的\n下面按点菜的顺序开始点评~\n首先，蔬菜沙拉\n然后上来的是寿司拼盘（唯一一个大家分享的菜，其他都点的一人一份，这样比较方便）\n之后是刺身，里面是三文鱼（部位也是可以选择的，我们选择了背部，因为怕肚子上的太肥，现在吃东西讲究健康。。。。。。）甜虾（好大一个），金枪鱼，海胆，这个组合是自己配的\n然后是据说日本人过年必定会吃的年糕汤，哪个汤头非常的鲜美，年糕就一块，但是好好吃哦~~~~~里面还有芋头，香菇等蔬菜\n然后天妇罗~两个炸虾，一个藕片，还有2个其他蔬菜，不太记得了。。。囧\n之后是铁板牛肉？牛肉非常的鲜嫩，配的酱甜甜的，喜欢\n然后是青花鱼，这个好好吃~太喜欢了，配搭配好的酱油，味道一级棒呢~~\n然后乌冬面，我觉得一般，据说菜泡饭味道非常嗲，以后有机会试试看\n之后是水果拼盘，里面一人两片哈密瓜，两片西瓜，两个草莓\n最后是甜点，抹茶冰激凌，这个冰激凌一般\n总体非常满意\n看上去量都很小的\n但是到后面根本吃不下了\n浪费了好多。。。罪过。。\n而且这家每个菜都配一个作料的，不是统一用的\n寿司和三文鱼用的酱油就是不同的\n之后的青花鱼配的也是不同的\n而且还配有白萝卜泥\n把这个萝卜泥混在酱油里面再去沾天妇罗等再食用，估计可以减少油腻吧~~~~~~~\n下次还非常想试下TORO如果有机会再去的话~~~~,1
35858,老家南京的，在没有回家吃鸭血粉丝汤的时候，觉得这里的酸辣粉太好吃了。可是吃了家乡的小吃后，再回来吃觉得酸辣粉真的没有吃头，不过这家的挺有特点的，推荐去尝尝。店主声音很好听。,1
31823,无锡休闲之旅 9\n看好DP，做好功课去的无锡，把这家也记在笔记本上，“磨洋工”，多有意思的名字啊…… :)\n沿着南禅寺外面的那条路一直走下去，就能找到紫金广场，过了广场门口的桥，就能瞧见磨洋工坊的招牌~ :)\n店面好小，一眼就看遍了全局，走的是小资路线，就是桌子和桌子间的距离太小，以致有点吵……\n从南禅寺过来的这一路，被打造成水乡风格，伴着小河，特别地古色古香的地儿…… 在这儿开这么家小资的店，颇有混搭的感觉……\n记录一下，以示到此一游~ :),0
33420,开心果味真是惊艳~~~~\n柠檬酸酸的不错~~~\n大米味没想的那么好吃\n我觉得比那家LE CRE什么的就是永嘉路上的那家好吃~\n下次路过还会买,1
10810,在地下一层超市边上，说实话人气还不是很旺，口味还是不错的，过生日订的hallo kitty的蛋糕，蛋糕有很浓的鸡蛋味儿，甜而不腻，奶油也很细腻额，奶香味很浓，口感超好,1
30787,太太太一般了，都是过季的衣服拿来卖的，款式不好价格也不便宜~任何时候人都是很多的，以后不会再去了~ 走过路过错过这家店~,0
15216,"买一号店当当家的都是特能送的、\n学校的特能不怎么好、每次订牛奶 送来都给你脸色看、一次拿着别人的当当件说、'看看人家多小的一单啊.以后定轻点的 晓得了挖'...无语、,.\n家里区域的就很好了 订食用油很重的都没啥话的、晚上18点定的 早上9点送到了、半句话都没的、态度也老好、\n哎 快递员素质差距啊、",1
4930,米线还不错  冷天去吃 热乎乎的吃的都冒汗了 汤有点小油腻没有我在云南吃的时候那么鲜美 送餐的速度还行 卫生啥的也还OK  人有点多,0
16413,"果然强推手抓羊肉,一般,冷掉的,还88元呢\n炸豆皮不如别的火锅店好.\n其他东西也一般.\n沾料麻酱不错,但是5/份,小贵了.\n下次再试试羊蝎子吧.",0
1410,永远永远的排队等叫号呀。。。。和别家一样没什么特别，\n四人桌这到是挺多的，还可以吧，服务实在一般，服务员永远不够用的，坐在四人桌的都是自助服务的,0
2477,我们学校的人应该没有没去过这家店的人！几乎班级聚会都在这里。有包间，味道也可以，环境也行，前阵子刚装修过。之前和同学三个人去的时候点了一盘鸭子，因为去得早，那会儿没什么人，厨师就特别够意思给了3个鸭腿，每人一个，爽翻了~~,1
10751,我是刚装修好的时候去了，和同事一起，我们一共5个人，200多用宁波卡好像才打了95折，味道是感觉很好，但是量好像少了点~,0
28652,很喜欢的老字号食品店，如果北京有家分号就好了。各种南味食品在北京不好买到，以致于常常怀念叶受和。松子枣泥麻饼、粽子糖、麻酥糖都很好吃，不过不喜欢云片糕。,1
3546,别人请客去过一次，饭店挺气派的，环境也挺好，我们在包间里，小孩子很吵闹，服务员帮了不少忙~~\n其他的菜已经记不得了，印象深的就是那个龙虾。。。。\n虾肉爆炒虾球了，虾头熬粥，那个鲜啊。。。。难忘,1
24292,因为到这里玩电玩，所以就到上面看电影了，人不是很多，厅也比较小，座位还是很舒服，而且很宽阔，就是3D眼镜不太好，没体现出效果。比较适合情侣过来。,1
9478,位于河东区的繁华地段，结婚之后宴请朋友们去的，挺有面子。装修挺有档次，菜品种类很多，单间也多，适合请客去，价格稍稍有点贵。,1
9591,一直很喜欢东南亚菜系，原来在港汇吃过越南菜，觉得挺不错的。但是吃这家的觉得一般，貌似没有很好吃的样子，不知道是不是越南菜本来就不太好吃？ …… 反正吃得有点郁闷。,0
4847,这家店感觉挺好的，因为逛华宇的人少，这里就更少了，不像西单那边那么拥挤~~\n衣服质量还不错~~~遇上打折的时候很实惠的 ~~~,1
23069,去过几次，鱼头要预定的，不过个人觉得味道一般好吃，就是好吃，但不特别。还有那个菜饭蛮好吃的，不过现在老多饭店都有。。\n总体来说就是比较好吃的农家菜啦。,0
33643,这家店就在我家小区旁边，方便得很，所以经常去光顾。我常点的是烤羊肉串还有牛蛙锅和羊蝎子锅。\n但是很奇怪的是，我每次吃了牛蛙锅都会有一点拉肚子。。。个人觉得可能是肠胃对那里面的辣还不是特别适应的关系。倒并不是因为那个不卫生。,1
14418,4层楼（1层为停车场）的商店，跟酒店相关的用品这里都可以找到，基本上以批发为主，所以产品大都是大包装出售，家用的话有点不方便。有些东西蛮有创意的，像剥蒜器神马的。东西也不算便宜，不过很全，像我前一阵折腾烘焙，各种用具去了不同的店才买到，这里什么想得到想不到的都有了，很方便。可能是供给酒店的关系，产品基本上都是白色的，对于家用来说有点太单调了，还是更喜欢宜家那种。,0
23314,开在宝巴里人气很旺，尤其是周末。不过所谓招牌的咖喱牛腩真的是很难吃，有点丢茶餐厅的脸啊！\n澳门炒饭很不错，味美量足，有时去就和老公合吃一碗也差不多狗了。,0
24836,其實以前去雲南路 一直路過這家店\n但是覺得小店的味道一般都是大同小異\n所以就一直走過路過錯過了 哈哈 \n經過朋友的推薦 那天我們來到了這家店\n點了燒鴨 燒肉+鹽焗雞雙拼 點了碗粥 但是燒肉有點讓我失望 不怎么好吃 皮也不脆\n飲料可以外面帶的 結果她們家的燒鴨讓我驚艷\n味道真的很好 可以跟永祥有的1拼了 而且我看到旁邊的幾桌\n都是點的燒鴨飯 只要14元 而且燒鴨幾乎是一個腿這么大小\n還有其他配菜和湯 覺得很是實惠 炒菜的價格基本定位在30左右\n而且粥也是很大一碗 只要6元 很划算 2個人吃的哈撐\n在這以後前幾天還跟我爸媽掃墓回來的時候 路過新昌路店\n就直接進去了 點了燒鴨飯 鹽焗雞飯 金牌烤排飯 \n連我爸媽都覺得很實惠 很好吃 以後還會去,1
1298,YY很时髦，店也很大，是小S代言的啦！\n感觉蛮适合80后的。\n位置有点不好找，不过楼层和电梯都有指示牌。\n东西有点小贵，不过还是挺喜欢的。,1
37129,多少年前去的地方啦，唉。。。现在姐老啦，玩不动啦。再说老公也不喜欢那种地方- -他不肯去，当然也不准姐去了，恩恩，山根，88啦~,0
12315,帮如家差不多\n典型的经济型酒店\n价格便宜，房间干净\n这里交通还是挺便利的，饭馆也不少\n就是他家基本上矢没太大的实惠的,0
14784,集团乔迁，在南洋冠盛酒店华丽宫中餐厅请吃饭。\n在二楼中南海厅包了整个厅。\n华丽宫富丽堂皇金光灿烂，服务员训练有数。\n上了鱼肚羹、整只乳猪、清蒸石斑、菇菌牛柳、豆干炒腊肉、蒸鸡等十个菜。\n出品非常精致，味道非常好。\n宴席期间，服务员不断换骨叠、加酒、加茶、换餐巾。\n因为是吃公家的，买单多少我没有问，估计至少在1500以上。,1
22927,非常非常推荐的一家性价比超好的店！喜欢送的餐前面包，新鲜诱人，涂上黄油和紫苏酱，特殊的香味让人味蕾大开，她家的PIZZA是我最爱的意式，薄而脆的饼胚上布满了品质上乘的CHEESE，非常好吃！意面分量很足，味道也很诱人，总之值得一去！,1
8271,在星巴克里就看见对面的FATBURGER人头攒动，虽然肚子里已经有一个星巴克金枪鱼三明制，但是受到新开店有活动的诱惑，跟小德进去一探究竟。问了服务员原来全都免费！\n要了一个牛肉汉堡 40块 +芝士 5块，由于不是特能吃肉所以只要了一块牛肉的，吃的时候发现旁边男孩手里的牛肉汉堡居然有三块牛肉。很实成，适合爱吃肉的人，蔬菜很新鲜，脆脆的洋葱，番茄和生菜。菜单上除了牛肉汉堡还有两款鸡肉汉堡（烤，炸）\n一个大薯条 20块 是很粗的那种，一口下去软软的，而且没有撒太多的盐，沾番茄酱，好吃。很多人要了洋葱圈，看起来也很不错。此外还有那种普通的细细薯条和烤鸡翅之类的小食。\n要了一个恺撒沙拉 30块。 就是一大盆的叶子加面包脆和培根，都乐葡萄汁 12块由于没什么胃口就把汉堡 薯条都塞进包包，把沙拉里的菜叶子吃光之后满载而归。\n白吃的午餐很好。,0
30557,新开的餐厅....他家的热狗包分量好够，原只鱿鱼筒炒饭也很有特色....可惜的是他家没有汤配！他家的小食也很有特色，值得一试~！,0
10933,这份饭吃得我挺不愉快的！！因为服务实在是太差了！！！！\n生意好也不要粗心啊！\n点了菜起码等了30分钟以上，好不容易看见菜了，餐具半天拿不过来，真的是，啥子气氛心情都遭破坏完了……\n客观说，东西口味还不错，但是咖喱吃多了容易觉得气闷，咖喱鸡肉和牛肉都觉得味道满浓厚纯正的，而且三个辣椒的咖喱可以说是非常辣了，扮起饭吃蛮香的\n烧茄子一点都不好吃，吃了一口就后悔\n最喜欢的还是酸奶，真的很正啊~那个浓度和酸味，确实一般吃不到~烤饼也很好，薄薄软软，香喷喷的~沾着咖喱吃更是巴适~,0
13301,朋友说这家的鸡腿很好吃..于是内..特地跑过去...米想到卖光了闹..卖的超级好..只能买了点香酥鸡吃...\n看到这家还有田螺耶...已经好久没见这种小摊上有卖田螺了,1
33072,上周刚去了这里，总得来说菜品还是不错的，但是种类不是太多。在日式区内，生鱼片常常是一哄而上、一抢而空，而且没有烤鳗鱼，这是我的最爱，但是没有。他们自己配的芥末汁不好，可以自己兑一下。广式烧腊还是不错的。而且有些大菜就是需要单点的，但是点起来还是很方便的。可以吃无限份的。呵呵！不错的地方。,1
2451,记得去年夏天的时候，和朋友去逛华强北，因为是中午的时候，特热， 很无意中就发现了星期八于是决定去唱唱K，就拿了间MINI房，因为是二人，也够了，15元每小时，还买一小时送三小时，下午的时间就这样给打发了，呵呵，价格是没得说的\n   但是就像其它人说的一样，音效就一般般罗，这就所谓的一分价钱一分货罗！\n   如果你想追求便宜的话，星期八也是个不错的选择。但最好就是做好心理准备哦，,0
22362,除了位置有些不好找之外，其他一切都很棒，服务员态度特别好，微笑服务，特别舒心，而且还给我们介绍了她们的特色，让第一次来的我们倍感贴心，好吃不贵，非常超值！,1
13933,味道还可以吧，馅料和面上撒的东西也比较多，但是我吃了好几次，不知道是人霉还是师傅的手工问题，拿到的都是略带焦掉的，还好面积不大。自己感觉太甜了，不适合经常吃，3块一个，个人觉得小贵,0
36579,吃蛋糕买面包已经形成习惯了，肯定首选圣路易，近点首选长崎酥，甜咸味道，男女老少皆宜，炸弹也不错，我个人很喜欢，慕斯蛋糕类做的也还行。下午5点之后打折力度很大，很实惠。,1
22248,这里原来好象是卖电器的，我第一次去时本来是冲着家电行情的。上楼时，两边小姐问好时才感觉不对。汗。后来又去过一次，单位办事，有人请客，进去吃的中饭。感觉还可以吧。现在有2年没去了了。不知道情况如何了。,1
28008,食物：一般，没什么有特色的东西。章鱼生鱼片非常不新鲜，我老公竟然吃到冰，冷冻柜里刚拿出来的，没什么弹性；蘑菇汤没有蘑菇的味道；蛏子萝卜汤里的料非常少，蛏子没几个还不新鲜。觉得好吃的就是烤鳗鱼（第一次叫还挺快，第二次叫3串就上了2串还等了N久）还有烤牛舌。\n服务：差。服务员都一脸不耐烦的样子，后来叫了个海草（应该是成品，直接装盘就行）也等了好久。让服务员催一下，也就是敷衍的说在做在做，请问一个凉菜海草需要做个头啊！后来叫的等了半小时都没上齐，老公怒了，没吃我们俩就走了\n总之非常失望，以后再也不会去了。,0
3932,1、价格偏高，建议出行方便的直接去新街口吃辛香汇，价格更低服务更好口味也更好。\n2、本人是团购去的，说说团购经历。团购页面上什么东西不能抵扣说的清清楚楚，心里想着点评的信誉应该还可以吧，就直接去点餐了。团购页面写明“抵用券不可抵扣酒水、香烟、海鲜（基围虾、多宝鱼等）、特价菜”。\n3、结果雷人的是，吃饭之后付钱的时候被告知米饭、餐具不能用抵用券，商家说属于酒水。\n4、并且还被告知只能用两张抵用券。这些都是团购花钱的时候没有说明的。\n5、当时现场电话打给点评团，被客服告知需要帮我提交给上级，让我等一个小时给我回复。\n6、我让她提交，我说我等着。不过我直接付了现金走了，毕竟大家没必要为了那几十块钱耽误一个小时。结果到现在为止10个小时过去了，点评团的电话也没等到。\n7、到现在为止在点评团团购近百次，上面说我帮我节省的金额都破万元了，可是不得不说点评团自掘坟墓，团购质量不断下降，客服水平和别的几家团购比也是差的不止一档。以后能不在点评上买的东西坚决不买。\n8、个人这次吃饭最生气的不是商家，因为商家的行为团购网站可以约束，商家钻营是本性，占便宜也是本性，点评团协议的好好地， 干嘛不能约束商家？点评团直接电话上还说了一句非常不负责的话：“什么商品不能用抵用券，商家说的算”。就冲着这句话，能去拉手的我也不会再来点评。\n9、当然，不得不来点评团的时候，我也没必要和自己过不去。,0
30677,"胚芽紫米奶温温热热的冬天喝很舒服，还有糯糯的血糯米在里面，zai厄~~,实在是很健康。\n拿铁咖啡喝上去也感觉用料十足，但是咖啡味不够香，可能因为不是店里的主打产品吧。\n店面装修也不错，简洁明快~~",1
32686,我家超喜欢的一个小馆子，第一次去时是朋友过生日， 从此，就耐上了，价格合理， 味道超赞，黑蒜子牛肉粒， 酱爆洋白菜， 怪味鱿鱼 ，松鼠鱼，基本上每次必点,1
25674,"这家店把我对牛排的印象真的完全完全颠覆了!太美味了!\n店的位置离地铁很近,牌子也很大,不用担心会很难找一类的问题\n一开始每人都上了一杯开胃酒,甜甜的带有点气,很好喝,要是能让它当饮料就好了,嘿嘿\n我们3个人分别要的是南瓜汤,蘑菇汤和牛肉清汤,牛肉清汤最好喝,菌菇汤虽然加了奶油但是一点也不腻,相比之下我点的南瓜汤又甜又咸,就不那么出色了\n鹅肝沙拉真的很嫩,配着下面的,,,,梨?一起吃完全不会腻到\n王品牛排上来真的吓到我了，好大一个,服务员会帮忙把骨头剃掉,无法形容牛排的美味,味道很足,虽然已经全熟了,但是真的象广告说的一样,非常嫩,很方便地切开,也不会塞到牙齿什么的,牛筋尤其美味\n吃完主菜已经撑到了,但是奶酪佐杏仁脆片也非常好,让我又吃完了,奶酪很滑,揶香十足,杏仁片大颗,又脆又甜,却不会骺到\n相比下,饮料一般般了````香颂玫瑰露没相象地那么妙,热水果茶的味道有点象小时候一种可以冲泡的粉末饮料\n最后,这里的服务真是太好了,因为这里烤的面包实在太好吃了,我想询问可否把没吃完的打包,服务员很热情地告诉我还可以再帮我考一份新的,说热的比较好吃,怕浪费了在我再三坚持下,她才只把吃剩地打包给我们，虽然貌似这是不起眼的小事,不过看出了一个餐厅的服务态度,让人感觉很贴心\n非常好的一家餐厅,以后还会光顾的",1
30592,以前常和朋友来这里聚餐，算算在这里吃了也三年了，来过无数次，每次必点的就是烤肩峰。这个菜很冷门，也是无意间点到得，之后就欲罢不能了，每次都推荐朋友吃这个，都说好吃，菜的分量是越来越少了，年糕少的最明显。冷面也是每次去必点的。酸酸凉凉的很开胃。其他也没什么特别好吃的了。菜单里面的基本都试过了，烤肉味道都差不多，辣味五花肉还可以。,0
8549,哈哈昨天看了评价以后今天去的。菠萝包和虾饺确实好吃，萝卜糕太软了所以不推荐。凤爪其实味道不错，但是总觉得有点怪味道。杨枝甘露很推荐！,1
9946,"i蝴蝶很不错，伊冯的里面的苹果很有特色，牛肉火锅很大个量很足，就是有点偏咸了，刺生真心一般，性价比比较低，但是有一点，我觉得里面的大师有点不大讲卫生哦，做寿司都不用手套的，钱收收，三文鱼切切，很扣分，还有！！！淡水路上千万不要乱停车，被贴条了，饭前+200,。",1
34955,俩蜀黍一直在说要吃鲽鱼头鲽鱼头……\n最后在我眼前的居然是黄记煌啊~~~\n原来是焖鲽鱼头。。。\n人气挺高，吃完出来基本已经满座了~\n门头很小不好找，楼上空间也不算大，环境比较昏暗，旧旧的，包间也是一样~\n唯一一次吃黄记煌是在青岛，这家店环境和那家差了很远~\n服务员倒也是清一色黑衣~\n服务很一般，每次服务员出去都不知道关门，冷诶有木有~\n小菜味道很一般，不过为了清口嘛，焖锅很重口味~\n要了俩焖锅，都是鱼的~\n一个是鲽鱼，骨头可以嚼，里面的骨髓胶质类的东西很香~\n另外一个忘记了，鱼肉很嫩，倒是很好吃，只不过对于我太重口味了~\n俩蜀黍吃的津津有味，肉肉啊都是~\n吃完了身上好大味道，一个蜀黍在车上一直说怎么车里全是鲽鱼头的味道呢，是不是我们要变身了。。。哈哈~太有意思了，这次来济南笑了一路~\n偶尔吃次可以，不能常吃，太腻了~,0
20867,豆捞名气是做的很大，不过性价比真是不怎么高啊~~~\n这家店在龙之梦里面的，环境很好，但是东西么也就随便吃吃~~~~\n虽然吃饭点很多人排队，但是进去后感觉其实里面是有空位子的，他就是慢慢放人，形成了人多的假象了\n点了一般人们最常点的几个，牛羊拼盘，蔬菜拼盘，虾滑，金针菇，海带结，饮料~~~\n一开始进去坐在最里面正对着个门，烧了很久锅底都烧不开，后来反应了给了个挡风罩，烧是烧开了，不过东西一放进去，又要烧很久才开，晕的勒，没办法只好换位子，换了位子后总算锅子能保持常煮状态了。\n东西么，他们家的看上去还是比较新鲜的，但是其实火锅也就那个味道，好吃算不上，无功无过吧~~最坑爹的是那个山楂汁，上面3/4的位子都是泡沫，饮料只有底下一点点，虽然味道还是不错滴~~大家看照片就知道了~~总结来说，他们家就吃个气氛吧~~~对了，貌似听说旁边那桌吃完没买单就跑了，长那么大第一次看到吃霸王餐的，可惜偶没看清他们长相~~~他们家竟然没有wifi~~~~怨念,0
16498,这两天天气热得飞起来了`\n但是天热又很排斥甜味太浓的饮料\n觉得太腻了~朋友就推荐了我一款他们家的饮品\n好像还是新推出来的，【海岩冰梨茶】，8RMB\n曾经喝过他们家的【海岩奶绿】，那味道叫销魂\n一度很排斥跟海岩有关的东西\n不过这次的尝试让我改观很多，点的是半塘的冰梨茶\n口感正好，不甜也不腻~很喜欢的味道~夏天的饮料要的就是清清爽爽的感觉\n赞一个~,0
39363,要求口味，就可以选这里没错了。羊肉锅和牛肉锅那是超赞，就怕你吃了不想走了；\n但是要求环境，还是要考虑一下，这里毕竟是非正式的贵族餐厅，叫老百姓土菜馆。\n要想吃地道的就别将就那么多啦。,1
39751,已经去了N次的烤肉店真的没话说，超级爱喝牛尾汤，烤梅花肉太棒了，必点金枪鱼沙拉，因为烤肉如果腻了可以爽口一下，呵呵，和老公总去，和朋友也经常去，毕竟在单位的楼上，服务也很好，烤盘换的很勤，感觉就是好！,1
17923,一直想来这里，其实新天地也有这家店。不过还是想来这里，老公满足了我的心愿，一楼是卖瓷器的，二楼是喝咖啡的。虽然小，但是很舒服，除了旁边那些没有思想的女人在谈巴黎生活。哎，气氛一下子变了。为什么我每次去家咖啡店都会碰到这些无聊的女人呢,1
35812,店内装修很豪华，适合商务宴请。他家经营本帮菜和海派菜，走油蹄膀、特色红烧肉、糖醋小排都是他家非常好吃的特色菜，很好吃。,1
28428,非常漂亮的景点，建国大业有一段就是在这里拍的啊。\n鸽子很多，一起飞舞时的壮观景象我见过，太漂亮了。\n喷泉会随着音乐上下起伏，现在放的都是流行歌曲，挺有意思的。,1
10853,"说是美食广场,但是味道却不怎么好,吃来吃去也没什么好吃出来的,虽然价格很便宜.总体还是物美楼下的小吃街里的东西比较好吃",0
14405,和同事沿着四环边上走过去的，在家乐福里面。也许不是周末，环境很是安静，上菜的速度也很快。我们一边吃一边聊，感觉生活真是挺美好的！！！,1
2374,和朋友一起做的，本来只想按摩后来被噱进一个刮痧，正好也在感冒就试试吧。\n给我按的是22号，那个力量大的可以，我是被按的哇哇叫，不过全程都有轻松的交流，时常会告诉我按的是什么穴位，有什么作用。只是最后的刮痧像是在扒皮，疼得真想起来揍那个按摩师。\n神奇的是回家后排便和感冒都好了。,1
35654,人生苦短，先吃美食。人生苦短，先吃美食。人生苦短，先吃美食。\n-----------------------------------------我就是传说中莫名其妙的分割线----------------------------------------\n祝大家2010年全家快乐安康~~~~~~~\n当初这边是来一份吧~~~可惜拆了，隔壁的全家也没有开呢\n中午有次买隔壁的老天母，发觉这边排队排的好长呀~~~~~估计口味不错，于是有次ot，来买一份试试\n由于严重的选择综合症，直接问老板娘什么好推荐的，曰：牛肉炒饭~价格10元，所有菜系可查俺传的图片 ：D\n口味真的是蛮重的，很多葱，洋葱，辣椒些许，牛肉几小片，放了很多油，厄…晚饭哦\n同类重口味的炒饭里相对而言，不如六福的辣肉炒饭，但比小面馆的辣肉炒饭好些。\n有可能，会试试别的炒饭吧,0
32281,就在公司附近，经常去吃午饭，味道都还可以，但是价格算是比较贵的！\n炒菜的味道就不错了，环境也不错！\n但是，不点菜是不能做里间的。\n红烧肉不错~阳朔啤酒鱼也不错~,1
30804,生滚鲜甜海鲜粥是大爱啊，里面有整只的梭子蟹，上周接连3天都吃这个，味道真的不错，量又足。\n虾饺皇里面都有整只的虾肉，很有弹性。\n咖喱土豆炖鸡味道和一些正宗的东南亚餐厅有的比。\n以后还会经常去的。,1
25162,说实在的，在选择居住在苏州的时候也觉得牺牲了许多。\n譬如没有北上广这么多的机会可以近距离的接触各种\n艺术表演。文化中心的建成在苏州提供一个可供市民\n接触到各地艺术的窗口，但还是太少了，无论是类似\n的硬件设施，还是价格足够平民的表演。,1
5438,午后阳光纯粹路过，嘿嘿？？进去坐哈也，进门就被一个柜子里的展示品吸引住了;有咖啡豆，瓷杯，塑料杯，毛绒玩偶等。服务员看见我一直不走于是她就上来推销，最后我买了个12盎司的重庆杯￥95后来觉得有些不值。嘿好看。。。但杯口不好用（劝大家不要买）。然后去点了个摩卡莓果冰（大杯），曼越热带脆条==强烈推荐这个好吃，还有一块巧克香草蛋糕=嗯=感觉一般般，口感完全是一股嘿浓的巧克力味道。这家店面积很小，有时候要排队等就是了。,0
3506,第一次去的时候感触最深 当时是和家里人一起去的 临近傍晚 买了几张大船票 漂到江上 登上船顶 环顾四周 凉风习习 夜景让人陶醉呀 后来又去过好多次 虽没有第一次的感触 但这儿的美景还是会令人恋恋不舍的...,1
37016,"嘿嘿,COCO奶茶啊,年前的时候和老公去喝过的,因为要去那边做些义务兼职,所以下班后老公来接的,那时候还有积点呢...虽然最后没有在有效期内换到,但是这里热闹的时候还是一直排队的呢!",1
25679,不像超市，更像是大的菜市场。超市的东西不是很全，好多喜欢的都找不到。\n更要命的是，夏天不咋爱开空调，每次去都跟洗桑拿一样，老板要不要这么会过日子啊~,0
23607,那天舅舅请客吃海鲜，但是人太多菜太少，吃完不饱啊。。\n于是跟老妈阿姨妹子叔叔一票人又跑去续摊，当时其实很晚了，但居然让叔叔找到这么一家。\n我们是当时唯一的一桌，不过服务员态度还是很亲切，这个必须赞！\n蛇肉味道也很好，吃的我们脑满肠肥啊呵呵。。\n推荐的！,1
17605,５月份的时候特别哈年糕！！\n在吃腻了酱油味的年糕以后想念韩式的了\nＤＰ一搜这家店ＯＫ，某天提早翘班去买的\n走了很长一段路，看到的时候震惊了，怎么那么破\n不过来都来了不买不吃不是我的风格！！\n要是换做老公来大概转身就走了，他对我爱吃麻辣烫都颇有微词\n大概不是吃饭的时间，空调都不开的一刚，人都要热的虚脱了\n要了炒年糕打包，然后就是无尽的等待\n期间看见了工作人员吃的晚饭吧大概\n几个脸盆大的盆，装了几个菜，然后自助\n【韩式炒年糕】\n真的不好吃啊，辣么不辣的，甜么不甜的\n年糕么粘牙的，其他么撒配料的，难次\n分数最多０．５了，算了仁慈点\n个种妖泥角落额地方，脏兮兮额地方，不会再来第二次了\n何况连最基本的炒年糕都能那么难次，偶ＮＯ！！\n～～ｏ（＞＿＜）ｏ　～～,0
37246,其实说真心话，\n真的很一般吧，\n送到单位的外卖单，\n外卖一起也叫过几次\n但是口味什么的觉得不太符合我吧，\n不过饭量很足，鸡腿也很大个\n就图个吃午饭然后吃饱,0
17443,上次妹妹要来我家上学 我们要置办新家具 去看看的\n这里的家具很多种 建材肯定是没有建材城那么多\n可选择的也比较多\n如果讲究实用的话 我觉得可以考虑这里  如果想做成套间或者比较有品位的成品 还是去宜家好一些,0
17319,很一般~为什么还要限制字数~~~~~~~~~~~\n反正就是一般啦~~~没有什么特色~吃过就不会再吃了~\n怎么字数还不够~呼呼~一般一般一般一般~,0
6205,就在俺家南边，天天路过，感觉不错。几十年来，俺很少生病，有点儿小毛病都是在社区医院看，现在有全科大夫更合适。\n希望政府切实提高社区医院医护的地位（医大学生及毕业生必须在社区医院见习、实习，作为基层锻炼必经之路）和待遇（增加社区工作津贴，职称、职务的名额配比以及进修、交流的机会）。。。。。。,1
41877,在点评上看到皇城老妈的人气很高，所以决定要尝尝。味道普通，老妈牛肉挺嫩，毛肚和鸭肠很老，鱼头涮完有点牙碜，估计是锅底里的渣子太多。价格挺高，服务很差。除了进门时的门童老大爷对我们有过一次微笑外，从领位、点菜、上菜、结账，再也没见到任何一位服务员的笑脸。不过，里服务员相互之间倒是有说有笑，对待客人全是冷眼相对。不过我似乎明白了这家店为什么叫皇城老妈，因为她们的脸像极了老北京旧时国营店的大妈！！哎，花了比其它火锅店贵至少一倍的钱，却没得到相应的服务，到像我们欠他钱似的。本想要是好吃回北京再试试，可这...就算了吧！！！,0
15261,员工服务很热情，生意总是很好的。那家麦当劳的服务生好像比其它门店的员工大方很多。买一样东西给纸巾就很大方，圆筒冰激凌我觉得好像比其它门店大了一圈。所以很喜欢去那里买圆筒的。,1
8415,每次中午去的时候都是人满为患的，会要等下位子。\n随着物价的上涨，鸡现在堂吃要28元几一斤。还是有点小贵啊！\n不过一直觉得味道不错，所以难得中午和同事拼下，打个牙祭不错。,0
29488,"价格和几年前变化不大,物价飞涨的今天,成本如何控制?\n几年前去的时候,老婆翅中能吃到7,8个.现在那个费尽,能吃2,3个.想想价格就忍了吧.比较喜欢的是蜜汁梅肉;翅中.不推荐烤香蕉,烤玉米,烤菠萝.",0
33191,第一次去吃易记的皮肚面，觉得怎么有这么好吃的面条。那时候易记还没有开分店，店里的生意超级火爆，当然卖面的脾气也相当火爆，经常跟顾客吵架，就这样，食客还是源源不断。后来才发觉那边面条好吃跟味精放得多有关，所以吃完后总是觉得很渴。但那家店的皮肚确实好吃。,1
31706,和同事一起的，我不吃辣的，同事们说还不错，我只能说说不辣的菜。点了超大盆的剁椒鱼头，鱼头里的面条没下的时候已经黏在一起了，在我们的要求下服务员很快给我们换了一碗。糖水南瓜炖得挺酥的，糖粑粑也挺好吃的，不粘牙。莲藕排骨汤里的莲藕很酥，是这里不常见的红藕。,0
16475,价格和川成元差不多，但各有优劣。\n川成元的辣度选择比较多，点点辣就真的只有一点点辣，味道也很好，量也足，就是因为点菜是按份，所以两个人点不了几种就多了。\n拿渡因为是自选，所以可以每样少拿点选很多种菜，但是微辣也觉得很辣了，而且个人感觉味道没有川成元好。\n对了，他们家的火腿很好吃，比午餐肉好吃。,0
3336,相比鼎茶和COCO，这家店还真的蛮花心思的。可能是新开的缘故。试吃环节做的比较出色，店内座椅也软的舒服。墙上还有一排蒙奇奇，很耀眼。点了份桂花系列的奶茶。本来想无糖的，因为桂花酱是甜的，就很甜啦。,0
9068,我们这里生物系有几只猴子，养的不好，看着无精打采的。\n这里的猴子看着很精神，品种也多。不过，没记住~~\n记得有位香港导演曾经想让真猴子演孙悟空，那样的话，可以来这里挑演员了。呵呵,0
2004,本来想去吃多佐旁边的云南米线的，结果店面在装修还是什么的，只好就近原则，找到了这家打卤饭，一来是有点知名度，二来是吃过这家的过桥米线感觉不错。\n  \n   其实他家不少品种还是蛮馋我的，但是“特色招牌党”的我还是很保守地选择了招牌打卤饭。饭上桌还是蛮诱人的，肉丝、豆腐干、卤蛋和青菜，个个闪耀着光泽，搭配起来还是觉着蛮营养哦，尽管肉丝红得让我有些诧异，但是丝毫没影响厚厚浓郁的卤汁带来的视觉冲击及味觉期待。味道也确实不错，很入味而且有股子清甜，卤也挺棒的，以至于我忽略了米饭的质量，只知道拌在一起很好吃了。就是汤不给力了点，油花泛泛，也没什么味道。\n  以后吃简餐来这也是个不错的选择，虽然更接近家常改良版，不是台湾打卤饭那种咸香的味道，但是胜在一个“透”字上。,0
7998,团购之后就一直忙，好不容易有了空闲，香锅，还是很期待的呀。\n    一直以为，北塔应该在国税局那边，结果带人走错了，⊙﹏⊙b汗，还说自己认识呢。其实，就在地税那个楼上，只不过这南塔北塔西塔把我给弄晕了。红绿灯的西南角，进了门上电梯，三层，出电梯左拐就是，其实，去地税那么多次，总是路过这家店的，就是没记住名字。\n     荤的任意选两份，鸡翅和鱼豆腐，鸡翅也就3-4个吧，不是很熟，不过比川成元的看上去好些，鸡翅的里面没有血丝。鱼豆腐还不错，入味而且量不小。\n     素的任意选四份，青笋2份、藕片、腐竹，青笋，我更喜欢切成薄片的，热乎乎的出锅，扑鼻的清香，真是食欲大增呀。可惜这里切的是段，多数香锅都是切断，不喜欢，而且不容易入味。藕片，量太大了，估计是藕便宜，要不怎么那么多呢，还好我还算爱吃藕的。 腐竹，不是很多，入味，下饭。香锅，还是热的时候吃好吃，一口一口的直往嘴里塞，欲罢不能。\n     川北凉粉，在没上香锅之前吃，味道还够劲，香香的花生碎，凉粉下面是豆芽，等吃了香锅，基本上已经尝不出凉粉的辣了。\n     冰粉，喜欢，像是几块碎了的大果冻，汤有点像厦门的烧仙草，估计有中药成分吧。还好，比较解辣。\n     菊花茶，这颜色，看上去像小饭馆里面的免费茶，我喝着怎么也没觉得有菊花味，颜色也不太对，后来一问才知道，那就是菊花茶，我翻开茶壶盖，里面飘着四朵菊花，估计壶的透明度不好，要不那茶怎么是褐色的？,0
38138,弄的蛮干净的，东西排列也很整齐\n唯一不足的地方就是我喜欢吃的麦片品种太少了\n脆谷乐去了n次了，从来没看见过\n听说这是外国人开的，怎么连国产的超市都不如呀,0
12704,各种口味的甜甜圈味道和造型还不错，另外还有送小的巧克力吃，拿铁还不错，店内就两名服务员，生意好的时候感觉慢了点。,0
11678,环境感觉是最好的，小风一吹，比较喜欢露天餐桌的说，空气清新。服务就比较一般，人不是很多了。菜的价格有点小贵，烧鹅不错，皮香柔嫩，卖相不错，貌似河鲜口味也不错，不过本人对这类不是很感冒了。据说早茶也不错，可惜没吃过。,0
3748,大肠里边的油太多了！遭不住啊！把油挖掉才敢吃啊\n还是喜欢吃火烧。。。肺头没油也不错吃。\n大肠口感太Q，跟橡皮筋似的，不过比北新桥那家还是好吃很多的，看来卤煮只有凯琳的不腻。。。,0
17076,不得不说，这里的咖啡味道真的很好，地方小而精致 ！ 我和朋友都很喜欢这里抹茶蛋糕的味道 ！ 服务态度一流棒 ~！  价格也比价合理 ！,1
24425,西北狼在深大旁边，桂庙新村。由于深大学生大力捧场，生意一直都是非常好，之前也经常来这里吃饭喝酒。点的比较多的还是烧烤，烤茄子、羊肉、韭菜等，当然手抓羊肉也不错。\n昨晚和朋友又来这里吃饭，人还是那么多，不过还有位置坐，点了烧烤和手抓羊肉、大盘鸡、拍黄瓜等，3个人吃了136，还不错。这里吃饭就是有气氛，仿佛又回到学生时代。,0
42865,每次去环球都需要通过安检，汗~~真的是高档次的地方啊。这个鼎泰丰是哪里楼贵就开在哪里。当然啦，这些昂贵的租金都体现在菜单的价格上了。\n反正到这里只是吃环境和服务的，随意点了些东西吃吃。当然就是它家的招牌咯~~蟹粉小笼（88/10个）小笼包的卖相还真不错，皮薄得透明，汤汁也丰富，咬下去看得到蟹黄和蟹肉滴，这个季节，吃蟹粉小笼包，腥味有点；虾仁云吞面（45）和港式茶餐厅里的基本差不多，价格偏贵一点，虾仁馄饨味道还算挺正宗，颗颗饱满；虾仁蛋炒饭（55）拌着酱油吃很香，虾仁个大饱满又新鲜弹牙；凉拌茭白（30）第一次吃涼拌的茭白，以前一直认为茭白要炒肉才香，但是这样清淡的涼拌茭白也很好吃哦，红烧牛肉面（50）带点辣味的，牛肉跟牛筋都煮得很烂很入味。原汤牛肉面里的牛肉哦，部位好啊，一片片的很诱人，难得实物与图片相符啊~~菌菇小笼（96/10个）反正已经是坐在里面了，索性就硬一硬头皮了，非常不错，鲜香滑嫩，不放多馀的油脂和味精调味料；红油抄手，菜肉馄饨芯子一般般，但是胜在酱料味道好。\n服务整体而言很有礼貌，时不时帮忙添茶水，会很主动尽力的帮你找好的位置，感觉很温馨。当然也就对得起10%的额外服务费啦，餐厅还是蛮干净的，就是没有坐到窗口的位置额。出店后还看到门外排的漫长的队，看来它家的生意不是一般的好了。有一次这样的感觉就可以了。,1
20255,記得幫某個tvb藝人在這家店裏買過個小蛋糕\n哈哈哈哈哈哈~~買完就拿過去了還蠻好吃的\n貌似是cheese還是巧克力的那種~不記得了~\n還有麵包也不錯 尤其是cheese那些 嘿嘿~,1
13750,怎么说呢，东西也不是很难吃。我就是很诧异烧卖。皮好硬，是不是做好很久了？而且和我印象里的烧卖不是一个模样啊。。。\n人还是很多的，很热闹。,1
4985,本来定了粤园 看到这家的点评立即倒戈……\n大概2年前来吃过一次 那时候还叫什么泰香锅 没什么映像 现在焕然一新了 有免费的停车位 \n餐前赠送红茶一杯 配有糖浆 很贴心 味道也不错 应该不是立顿之类的茶包\n环境挺好 装修的很泰式 没有蕉叶那样的戏班子唱唱跳跳  很安静 坐在靠窗户的位置 感觉蛮好 很少看见泰式餐厅有单间 这个算是个优势\n海鲜粉丝沙律 保持了泰式沙律一贯的刺激 酸辣辛香 里面配有鱿鱼虾仁和带子 粉丝很劲道 就是粉丝少了点 非常开胃的一到餐前菜 \n咖喱皇对虾 真是太～～美味了，虾的个头蛮大 是煎过后配上咖喱 咖喱做的非常美味 冲这道菜以后也要经常光顾了\n红咖喱牛肉香香锅 咖喱中我最喜欢红咖喱 这里的红咖喱微辣中带着椰奶香 配菜有兰片菠萝乳瓜长豆角之类的 牛肉居然都是块状的 真是很让人惊喜 \n海鲜菠萝饭 分量多的让粤园和蕉叶掩面泪奔 居然盛不下从菠萝里溢出来……味道也没有打折扣 里面有我喜欢的葡萄干 还有一只大头虾 我和LG2个人居然没有吃完……\n餐后送有水果沙拉 这个一般 可以理解 \n每道菜都很满意 而且还可以用点评的会员卡打九折 虽然这里生意不如蕉叶和粤园火 但是我已经完全倒戈了～！\n----------------------------------------------------------------\n有朋自远方来 带来吃我心爱的大虾乎\n大元旦的晚餐时间生意还是这么惨淡 我真怕老板撑不下去 挺住啊！\n看见菜单上每页都贴了好多手写标签 各种菜品都涨价了 平均每道菜上涨10元左右 幅度还是很大的 生意可能不好做了 加之物价涨了吧……\n大虾虽然每只涨了10元 味道还是很好的 吃得我心满意足\n红咖喱蔬菜锅  这个里面各种蔬菜不是很精致 还是牛肉锅好吃\n香米饭不是很香 但确实是长条的香米\n生菜碎要的牛肉的 这个很惊喜 和蕉叶的中式肉末口味不一样 这个放了柠檬汁 酸辣口 很正点\n节假日就不可以用点评卡了 服务员素质还有待提高,1
27735,朋友说这家很好吃，结果第一次去吃等了一个小时才吃上，当时都饿死啦~~\n不过味道确实很正，吃了一次就还想去~\n这次去人突然变少了，才知道五道口那又开了一家，这家据说是15号就搬了，唉，看来以后等着的更久了……,0
31982,对此评价倒不是因为里面的菜，是因为这里藏着一份对逝者的怀念，与其的最后一次吃饭就在这里，过了8个月，他就永远的离开了，每次路过，都会看一下里面我们坐过的位子。,0
15298,人很多地方很大，就是因为人多所以空气不太好，但是卫生还是可以的，服务人员很热情，价位还可以，一般晚上睡不着觉的最好就越晚越好，因为价钱便宜啊！但是人会很多，有时候都没有房间呢！,1
27236,饭馆位置不太好，菜的味道还是能接受的，北方人习惯的口味，太不好停车了，里面倒是够干净，但感觉餐桌布置的不太合理，挺别扭，中午去的，人不少。餐巾纸都是盒装收费的。,0
31177,经济实惠！巨好吃！两个人，三盘肉一盘香菇~牛肉有些老！羊肉最美味！肉筋特地道！烤香菇必须有！爱你爱你,1
44721,味道还可以，要的微辣，正是鲜香爽口但不至于呲牙咧嘴的辣度，呵呵。菜品的水准有点低，很多好吃的没有。半自助形式的缺点就是太容易拿多了…我和老公奋力的吃，还剩了好多，一共消费¥110，我觉得除去剩下的，60-80就足够两人份了。,0
345,还算凑合的一家中西合璧的茶餐厅，服务还行，环境有点吵杂，菜的味道只能算是还可以，那个什么猪排还行，里面有之士和火腿的陷儿。,0
5710,10`4~\n去完中国馆还早~\n就想顺便把沙特馆也看了吧~~~\n偶记的票价MS是80~\n结果卖的是105。\n好吧。。。\n话说去年SB会的时候~\n偶有2次很想去沙特馆的~\n一次偶都做好排N个小时的准备了~\n结果找不到队尾啊队尾。。。额。。。\n放弃。。。\n还有次是SB会结束倒数几天了~\n我下午进去的~\n想去排队看啊。。。\n刚进去就听到这馆禁止排队了。。。\n偶的沙特馆之行就这么破灭了~\n其实偶很好奇为毛那么多人愿意排N个小时啊~\n石油馆偶去过了~\n觉得排那么久一点也不值。。。\n希望沙特8要让偶失望啊~~~\n现在改叫月亮船了~\n排了40分钟左右~~~\n就是看部片子和楼顶的参观~\n个片子啊~~~\n是偶去过的所有馆里最灵的一个啊~~~\n真心赞啊~\n看的时候晃着晃着是有点船的味道了~\n楼顶的风景不错~\n拍中国馆和文化中心视野很好~\n江对面的不少馆还没拆~\n看看顺便怀念下~~~\n总体蛮好的~\n票价贵了点啊。。。,1
42990,"价格公道,菜量很大味道也不错,比较适合一家人一起去,总之人多一点比较好,否则吃不完\n虽然环境不算很好的,但是簋街上算不错的\n包间环境不错,就是稍小了点\n服务稍差",1
10937,里面有个游泳池，而且通常游泳的人也不多，挺不错的。器械方面，器械都比较旧，估计是年代久远了吧，不过还凑合。希望年费能够降下来就好了，有可能是白日做梦。,1
17948,朋友团购了才去的。因为用了团购券，价格就算不得数，就不写了\n团购券倒是很便宜才19，不过只包了胡椒猪骨锅底，还有鱼鳍、芝心牛肉丸、半只清远鸡三选一，一扎橙子汁。调料免费的，一共8种，自己随意搭配。整体环境还行，有卡座的，聊天什么的还算方便。\n锅底的猪骨说是有2.5斤，不过实际只有四块猪骨，重量不可考，另外还有萝卜、玉米、芫西、马蹄。汤头还算可以吧，胡椒味很浓很香，猪骨本身已经入味，完全不点酱料都够咸了。我们选了芝心牛肉丸，不过这个真的一般，里面几乎没有什么芝士味道，感觉就像一般的陈皮牛肉丸一样。\n后来我们还加点了牛百叶、鲜冬菇、招牌的打狗棍。牛百叶和鲜冬菇都挺新鲜的，分量也还算过得去，所谓的打狗棍其实就是炸腐皮而已，倒是起了个好名字。\n其实一路吃下来都还算正常，只是一直到我们吃完了都没有见到那一扎在菜单上面48块的鲜榨新奇士橙汁，这个感觉就离谱了。我们都全部吃完了哦，三催四请的，先是来告诉我们没有橙子汁了，用甘蔗胡萝卜水代替。好吧，既然没有我们也不强求，那就甘蔗水吧。但是那个现煲的甘蔗水真的煲了好久哦。我们都准备要埋单了才煲好不说，还告诉我们刚煲好太热了没办法用玻璃瓶装，于是用茶壶装出来。那也行啊，反正给我们上就是了吧。拿上来之后，却告诉我们一扎大概就是每人一杯啦，所以直接给我们每人小杯倒上就行了……那个真的是一个小杯哦，一杯都没有80ml的。拜托，一扎哪有那么少啊！而且如果那个甘蔗水真的热的倒不下玻璃瓶，那为什么倒进玻璃杯就没事啦？\n如果真的是舍不得那一点点的费用，团购的时候可以直接把价格打高一点啊。为了一扎饮料搞到好像是在晃点人那样，感觉真的是不太好哦。而且整个用餐过程里面，服务员都好难找，非常难找……\n反正对于我来说，这个地方就是没有下次了呗。,0
26614,团购券快过期了 不能浪费 今天和朋友去吃了\n胡萝卜蛋糕的确味道不错‘\n上面一层酱酸酸的，有种很熟悉的味道 \n下面的蛋糕也不是很甜\n里面还有核桃仁呢 \n感觉很营养啊哈哈\n店里老外好多\n很多带着IPAD来玩的 呵呵\n环境还是很舒服的 \n对了\ncheese蛋糕味道不怎样\n味道不浓,1
8389,泡芙很好吃一盒放在冰柜那边也蛮有分量的，甜甜圈好油啊感觉一咬都是油，面包是可以是吃的很人性化，主要是这家店蛮大的比大宁那边的大一倍，位子也很大还有WIFI,1
24155,刚来大连的时候正巧去和平。。就和爸爸妈妈搓了一顿。。。。相比于其他的东北菜馆。。这家店的装潢真的不是好一星半点饿。。。至少私密性很好。。桌子间有点距离。。\n服务也比较专业。。。小姐长的也都还不错。。。好像比较适合商务宴请吧。。。\n菜品已经有些忘了。。好像要了好多海鲜。。什么鲍鱼。。扇贝。。海参之类的。。味道还不错啦。。就是价格小贵。。家常菜的价钱也不便宜。。不过量还算比较大。。至少比起后来的万宝而言。。他不算很贵。。。总之。。除了性价比不是很高以外。。还算大连比较有范的宴请场所啦。。,1
29118,家门口有了便宜坊，开心啊，味道好，也上档次，请客很好，现在有活动打5折，自己去吃也很好啊。。。\n离着冰场也近，吃喝玩乐都有了，哈哈。。。,1
44133,湘菜，地理位置不错，楼梯很气派。\n装修的富丽堂皇，可惜比较老旧。\n四个人进的是包间，包间的服务生经常需要我们出去喊。\n最可怕(绝对是可怕)是——餐具，非常陈旧，餐盘用手指甲盖可以划出一道道白印子，换了好几个碟子还是一样的……\n剁椒鱼头，剁椒和鱼头的味道是脱离的、分层的，单吃鱼头没有味道，可以蘸汤吃，滋味可想而知。\n点了个辽参，湘菜厅做鲁菜确实效果一般。,0
30520,由于地理位置，一般办公从这吃饭的比较多！\n刚走进去，感觉有点小，所以有吵的感觉\n往里走点菜，跟到小动物园一样！\n有小猴子什么的，适合带孩子来，还能玩玩！\n菜品当然以海鲜为主，菜量可以，也算实惠\n适合家庭聚会什么的\n门口不是很好停车！,1
6418,以前去的时候只觉得还行吧，\n现在两家合一家还以为服务会变好\n结果跟朋友去食\n一碟羊肉以前要25 去年要28\n再去居然涨价到35！\n股票都没它那么快！坑爹呢！\n现在就更不知要多少了！\n反正太贵了,0
35669,卤煮我最喜欢吃了，这里的味道真的不错，和小肠陈不相上下，配料很足\n   老汤也很爽，绝对值得一试。,1
5157,东北人家\n一直以来对东北菜的印象都还蛮不错的\n而这里是和老公一起来的\n我们都挺喜欢吃东北菜的，前几天我还自己在家里做过一些，不过味道还真是不怎么样勒\n做的那个地三鲜，那味道和这里相比起来还真是差得太远了\n而且不仅仅是味道方面 ，呵呵\n这里的地三鲜做得确实是挺不错的，我还很喜欢吃这里的拉皮\n不过最最喜欢的应该还是那个土豆炖牛肉了吧\n吃的次数很多的了，但是每次都还是觉得它依旧是那样的好吃,1
371,我跟同学一人一杯芒椰奶昔。服务员搞错了以为我外卖，装了塑料杯，后来连连道歉，态度还是挺好的。\n感觉这家的料加的挺足，西米很多，芒果味比较浓，椰汁倒没啥感觉。不过这个不太像奶昔哦。\n这里环境还不错，能看看杂志自习之类的。,1
38715,只剩春秋在这里了，交通超级不方便啊，晚上航班到了以后公交也没有，只能打车了。就一个航空公司在这里起降还晚点，什么机场地面管控，太差劲了。,0
25838,环境脏乱差，服务叫不应，算账倒挺快的！小料也是限量的，酱豆腐、韭菜花不要不给，要了也没人给拿去，只好自取，还没有专门的调味吧台，听说以前是有的。看的出来老板的疏于管理！店大欺客！,0
19834,晚饭后散散步发现一家凉茶铺\n激动丫\n上海出发的时候咳嗽一直没好，喉咙总卡着口痰\n到了澳门天气更炎热，身体里的热毒排不出，难受\n救命凉茶铺\n店主是个老爷爷，面善和蔼\n店内飘散着浓浓中药味\n哇，赞得\n上海没有这么正宗的店\n好几味凉茶都只要5Mop，价格比广州贵那么点点而已\n我要了鸡骨草，清肝之效\n老板很贴心提醒这个要热饮效果更好\n确实有些凉茶适合热饮\n比如二十四味\n一碗下去第二天起床神奇化痰喉咙也舒坦多了，还不错噢\n另一杯冻菊蜜纯粹解暑饮料\n甜蜜清香的菊花，天然纯净\n广州澳门的凉茶是门技术，真材实料\n上海只有铺天盖地的奶精奶茶铺，一点也不健康,1
11053,和几个好久未见的同事一起来的，虽然在这附近办公，但一直没来过，这次是被推荐来了，直接上了二楼的包房，同事对这里很熟，直接点了剁椒鱼头、蟹黄豆腐羹、辣炒鸡心、肉炒酸豆角、拌金针菇，还有一个菜，想不起来了，问同事，他说也忘了，看来都只顾着吃了，或是不好吃，都没什么印象吧，呵呵，菜上得很慢，凉菜比热菜还慢，貌似人不是很多，不知道为什么会这样慢，点的前两个菜是同事推荐的，除了蟹黄豆腐羹，我的评价只有一个字：辣！不过说实话不是很喜欢，楼上说和阿佤家很似，我不同意的说，没有可比性。这的菜没什么特色，样式也不美观，话说离火车站这么近，附近又这么多办公，住宅的，应该做的好吃些才是。,0
1077,晚餐來這吃的  週一晚上除海鮮類食物半價\nhappy hour酒水買一送一\n點了10個雞翅  49元   味道還ok \n一份總匯三明治   一般般   58元\n一個Hooters漢堡 58元  bf說牛肉餅不錯\n奶油蘑菇湯26元  滿濃的  我喜歡\n洋蔥圈45元好像    還可以普普通通\n冰淇淋2球 15元    不好吃  完全是湊價錢點的\n因為半價後人均要滿60元才可以\n服務費10%\n餐廳氣氛很歡樂  滿high的  服務員都穿很短\n算它家特色吧    還遇到一大桌老外來過生日的\n服務員很熱情的又唱又跳,0
41536,出去之前，就听到朋友说过，这是一家特别的餐厅。一是，店老板好像是名演员，虽然我没看过他的戏；二是，店里摆放着好多老板淘过来的文物。去过后，发现也就那么回事，除了文物还值得一看以为，其他和别的饭店没什么不同。价格贵不说，菜量也超精致，一顿饭下来，都没有感觉自己吃过饭了，回家还得吃包方便面。,0
20866,海洋世界比白鲸管有看头，这条海底走道说长不长，说短不短，去过3次了，前两次都是行色匆匆，这次慢下性子慢慢走，一个个看注释和介绍，了解了一下海洋生物，还贴近玻璃，往里看，当你完全认认真真贴着看的时候，感觉融入其中，我觉得有点恐怖，联想到自己万一掉进大海必死无疑。额。。。。在里面有很多家长都对小朋友详细的介绍，有的还让小朋友在抄录，感觉上了小学的小朋友会比较感兴趣这些，太小的小朋友还看不懂。最可怕的是入口进去不久，有一种远古鱼，像大金鱼一样的，很凶狠的，如果它跳起来，怪吓人的。\n套票里面还包含了一个动感电影的小片子，每次去可能看的是不一样的，他会有几部片子轮流放，蛮无聊的，也不是很晃动，小朋友看没关系。\n在海洋世界的出口是商店，卖一些纪念品和玩具。毛绒玩具蛮可爱的。\n海洋世界在长风公园4号门，本来那边挺偏僻的，但是现在有国盛和长风河畔广场两个shopping mall，吃饭的地方也有了，国盛有kfc和必胜客，长风河畔的餐饮还没怎么开，但是看介绍是会有蛮多的。,1
41349,为毛我们一进去的时候就觉得这家像***来着。。为毛包厢非得超市消费捆绑销售涅？？ （有去超市买水 然后 发现 真不是一般的 贵。。）\n歌量还不错 也都还蛮新的 基本想点的歌都有点到 这一点差不多是唯一值得一提的,0
31624,下午1点去那里买巨无霸超值午餐，我对收银元说“外带巨无霸套餐换雪梨不加冰”，我也不是第一次去吃麦当劳每次都是这么说，从没引起过误会，我想我的表达应该没有什么问题，收银的胖女人就说“20元”顺手已经下单了，可见他们一直是这样诱导客人消费甚至可以说是一种欺诈，所有套餐默认大份，我说“我没有说加大啊”，收银的胖女人态度超级差得说“那随便你！”当班经理就在她身后也是个胖女人，然后给了她黄卡退单，重新打的单子上面没有写去冰配餐的人给了我加了冰块的雪梨，我打开看后跟她们说“我说过不加冰块的”，重新换了杯后，全部餐配齐了还是堂吃的，我不得不再说一次“外带”，收银的那个胖女人就把我的汉堡扔进了袋子，汉堡完全是竖起来的，要不是赶着去上班早跟她们吵起来了，当班经理和收银员嘴里还在嘀咕什么东西没听清，这两个胖女人丑陋的嘴脸我想以后应该永远不会忘记了！,0
6976,五星酒店，硬件不错。服务还是有改进空间。周围环境好，有很多购物餐饮选择。海岸城，保利剧院都近在咫尺。酒店的自助餐也不错，环境比较舒服。,1
4567,他们家本来在四川路有分店的，可惜后来搬走了，黑米糕好吃的要命，还有玉米糕，每次都吃的停不下嘴巴来，离我家太远，每次只能朋友聚会让她帮我带~~不过还好太远，不然天天吃，非肥死不可，我可以以口气吃一条。。。我最爱的黑米糕，甜度适中，口味极佳，真心值得推荐，喜欢吃糯米和甜食的人千万不要错过！,1
13431,在这里有一个惨痛的教训！\n有次吃完了老婆的手机忘在桌子上了，我们走了之后五分钟左右应该不到十分钟就赶回来，结果店主说没见到手机。而刚才在的那个年纪比较大的服务员也不见了。于是我就一直打那个手机，一直没有人接，打了无数次之后，居然接了，但没说话，然后附近有汽车按了一下喇叭，我听到了，也从听筒里听到了，说明就在我附近，最后手机关机了。本来想报警的，但是以前也丢过手机，报警后也就做做记录，没有任何作用，也就作罢。\n结论：拿我手机的人应该不怎么会用手机，因为他一直不知道怎么关手机，也不知道怎么拒接，最后不小心按到了接听了。\n所以，大家在这里吃饭一定要注意看管好自己的随身物品，离开的时候清点一下～～～\n他们家的米粉做的还是很不错的，在北京我吃过的桂林米粉里面是最好吃的，特别是炒的米粉。离它不远处也有个桂林米粉，不过人气差了很多，我们去试过，真的很难吃！,0
28810,吉士咸鸡	32		\n葱姜膏蟹	338\n鸡汁百叶包50	                \n清蒸桂鱼	154\n糖醋小排	48		\n清炒河虾仁128\n熏鱼	32		\n红烧肉加蛋73\n红枣糯米	28		\n富贵双方	88\n蔬菜色拉	38		\n油淋鸭	68\n黄瓜卷	15		\n金元宝肉皮58\n醉虾	50		\n金桔焖牛尾68\n芦蒿干丝	28		\n鸡汁娃娃菜38\n春卷	30		\n苏北土鸡汤108\n酒酿圆子	28			\n总价（估）1500,1
9463,又是一个腐败场所，公司腐败过的最肉欲横流的一顿饭。。。从头到尾都是荤菜啊，想不起吃了啥了，反正还好吃。。。。。各种动物哎。。。罪过罪过，善哉善哉。。。,1
39909,可能是我期望报的太高了。\n肉豆腐 甜\n鳗鱼蛋饭 一般般\n风味煎饼 好吧  一般般。。。\n总的来说 不值\n摆设太粗了 \n吃这种日式餐还是去正规店比较正宗。。。 这家店山寨。。。\n地段够偏。。。,0
17958,很好找 就在开封菜的边上 前几天中午去的 人不多 栗子是刚好的 还冒着热气\n店家很用心 纸袋上有很多小孔 用来散热 \n还配了一个栗爪 用来剥栗子\n15元一斤 还不错\n瓜子10元一斤 个大，也很饱满,1
4162,依然是这个评价:要真正学习历史的话~~~\n犯不着来这个地方~~~\n现在来此参观的~~~\n除了旅行团的被前往~~~\n还有就是慕名而来看一下而已~~~\n展设方式还是陈板的图片+文字+情景还原~~~\n闷死!!!\n但还附有临展的~~~\n一楼商场有纪念品卖~~~\n可以买大元帅府的邮资明信片去服务中心盖纪念章的~~~\n说实在的~~~\n翻新过可以利用文物发展旅游~~~\n但怎样保护文物才是最重要的吧!!!,0
5677,团购了去吃，88块两个人，菜肯定够吃，因为辣的东西比较能吃饱，也可能吃晚饭之前，一直在必胜客喝下午茶。所以两个人的消灭能力差劲了点，一人打包了一盒东西回去。菜的味道和量确实挺够的。,1
6385,点评[水]字第445号\n拿到了免费的2008进口车展的赠券 去看车车拉 开心哒 就是地方比较远在嘉定的安亭\n9.13早上十点半和55说好在123候班车的地方等 我先到了 一看那个队伍 真是恐怖咯 一眼望\n不到头 没想到大家看车的热情那么高涨  乖乖的排在队伍后面 慢慢地往前挪阿挪 我最讨厌排队了  555  差一点就要放弃咯  呵呵  最后还是坚持下来了  不容易哈\n好了回归主题说车展  到底是进口车展  档次不一样   Cooooooool... \n捷豹敞篷老爷车    劳斯莱斯敞篷幻影      哈雷戴维森摩托     够拉风\n世爵Spyder C2     玛莎拉蒂GranTurismo   兰博基尼Reventon   够拽的\n超长版悍马        法拉利F430            奔驰CLK350         我喜欢\n去看的时候也只有财大气粗的奔驰有车模 但是呢车模一点也不漂亮  真是失望咯 \n算了 算了 那就不浪费我那宝贵的2G存储卡了 \n看的我真是手痒脚痒啊 可惜1.我买不起 2.虽然有C1 但基本属于本本族杀手一列  \n对了 我还很喜欢双龙的一辆紫色车  那个紫色很特别  耀眼妖艳杳妍  哈哈 \n路上时间花费统计一下：\n家里出门45分钟到人民广场123路站头\n排队等车1小时30分钟\n去的路上花费1小时15分钟\n参观车展1小时\n回来等车排队20分钟\n回来路上花费1小时20分钟 \n接下来还要坐车去看外婆送月饼  \nO TINA  这一天大部分时间都花在了路上....\n还有我记得那天的天气也很奇怪  嘉定阳光普陀雨  虹口暴雨黄浦阴 ......,0
30133,这里的鸡公堡比较正宗。但门面很小，就10张不到的桌子。\n里面的人换了一批又一批，越换越差啊~去的次数逐渐减少了。虽然味道没啥大变化，可还是很怀念原来的服务生。哦！里面的价格翻倍的涨，这让人有点咬牙~~\n不管怎样，牛腩煲挺推荐的，还有里面的年糕，我喜欢很糯啊~,0
34123,详情可见吃北帖子~ http://www.dianping.com/group/bjmeishi/topic/2972992\n 第二天就要去抽血和拔智齿... 趁着拔牙之前得好好吃点儿好吃的，顺便补充补充体力... 话说，''緑川''实在是长草N久的地儿，他家老板旗下的几家店都是我的最爱，喝酒的Jazz Ya、金枪鱼纳豆盖饭的桥场、有着焗74的牛屋，现在发掘到吃超赞手握寿司的绿川，着实让人兴奋了一把。\n 绿川与Jazz Ya紧密相邻，连restroom都是公用Jazz Ya家的... 话说还真没白天去过Jazz Ya，么想到白天的菜品也是十分丰富的啊~ 原来总是跟表弟在他家喝酒，最爱的Long Island Iced Tea❤ 下次去试试他家的Pasta和Pizza~ \n  可爱的推拉门，选择吧台，这样可以清楚地观看师傅们的手艺~ 以外国人居多啊...NIHONJIN ╮(╯▽╰)╭ 大师傅绿川也在，矮矮的挺可爱。狐狐的日语都丢到爪哇岛去了... Sigh\n \n 大爱的抹茶，微微发涩的口感刚刚好，看着就很满足。日料店本来就应该配茶水的啊，而Manzo竟然不提供...这点儿让人实在不爽。\n  中午有超值的套餐——''御前''，分三种：握り寿司御前、刺身御前、緑川寿司会席，都是120米一份，很实惠。\n  看了内容之后，选了前两种，再加点了一份【醋物拼盘】，45米，内容不少~ 眼大肚子小啊~ 还以为不够呢，最后是撑得肚儿歪... 定食的分量不容小瞧哦~ 醋物里面最好吃的要数鱿鱼刺身了，口感非常有韧劲儿，底下的海带也不错，十分的酸，喜欢吃酸口儿的TX一定要试试\n【刺身御前`】：茶碗蒸し、汁物、刺身、焼き物、煮物、甘味、新香、白饭。其中''茶碗蒸し、汁物''这两样是每个套餐都有的~ 他家的茶碗蒸し实在是不错滴，蛋细细滑滑，而且除了通常的搭配香菇之外，还有一只大虾，最不同的是里面还有一颗白果和百合~ Hia Hia~ 都是狐狐大爱的食材啊，美味しいですね！~ \n   7种刺身哒完美组合：青花、鱿鱼、石鲷、三文鱼、金枪鱼、黄狮鱼和蟹腿。青花、三文鱼、金枪鱼、黄狮鱼这四种都是经常吃的，而石鲷、鱿鱼和蟹腿实在是很少点的呢，主要想赞一下鱿鱼和蟹腿，超级鲜嫩的鱿鱼，入口即化，以后绝对不会再吃鱿鱼丝了，差太远了呢...╮(╯▽╰)╭ 原来觉得甜虾最好吃，尤其是文莱的大蓝虾，甜得让人觉得生活是那么美好，而这次尝到了更加香甜的蟹腿，真的是惊喜一波一波涌来啊。 \n 套餐中的煮物和焼き物都一般般，全是青花鱼为材，有点儿重复了，所以兴趣缺缺... 青花刺身本来就是重口味的东西，再在套餐中加青花的煮物、烤物，就有点儿让人不舒服了。都是甜口儿的，烤的比煮的要更好吃一些。\n PS：突然想说说... 日料在大多人印象中都是觉得清淡，其实不然，除了刺身和寿司因为以单纯的新鲜食材为料，所以清爽之外，其他的炸物、烤物、煮物都味道超级重，而且日料偏甜，煮的东西尤为明显。所有的味道都很单纯，也很突出，酸的超酸、咸的很咸、甜的爆甜... \n  个人觉得''握り寿司御前''比''刺身御前'' 要更好吃一些，也更适合我的口味。 \n 【握り寿司御前】'：握り寿司(10贯)、茶碗蒸し、汁物、野菜サラダ、甘味。10种寿司分别为：鱼籽、海胆、象拔蚌、北极贝、比目鱼、黄狮鱼、金枪鱼、三文鱼、青花和蟹腿。 大爱甜甜的海胆和蟹腿啊~ 吼吼吼，象拔蚌的味道也很不错，就是咬劲儿十足，比较费力... 本来想试试最正宗的吃法...但手指头差点儿抽筋，而且弄得很不好看，最后还是决定规规矩矩用筷子吧... \n  他家最棒的就是寿司米了，味道鲜美甘甜，配上新鲜的刺身，是吃过日料店中最好的了，不愧是长草已久的地儿啊，没让人失望~ 下次可以试试他家究极的蓝鳍金枪鱼寿司组合，品尝一下大鱼腩、中鱼腩和背肉刺身的三重感受~ 320米6个，实在是很奢侈啊~ 〉.〈 纠结ing ...\n   最后的甜品是一大块儿杏仁豆腐~ 都说Manzo家每天限量的杏仁豆腐最美味，当时吃的时候也觉得不错，但绿川家的也不次啊，紧实美味，奶味儿十足~ 入口冰凉的感觉作为结束的点睛之笔很是惬意｡◕‿◕｡ 区别开来的寿司醋和刺身醋也让他家的专业水准提高了一个台阶，与普通的日料店有所区别，用心的料理是能让人幸福的，这是狐狐一直相信的理念，所以才要不断地找寻适合自己的那一道菜❤ \n  他家的酒也不贵，其实应该配一杯清酒或梅酒，烧酒也是想尝试的种类... 但被批评到中午不能喝酒，只能作罢... Jazz Ya啊~ 不知道表弟什么时候回国，能再一起相伴去小酌一下，喜欢他家的一个女调酒师，帅气有礼，出品也不错....,1
5314,我也是觉得这家没有必胜客品种多 而且没有折打 不过有几种 8元 28元的选 那天主要是看必胜客排队拍的很夸张 所以就想到这家 个人认为Pizza没有必胜客的好吃,0
4051,没进去的时候从外面就看着火红的一片，哈哈，门口设计。三杯鸡，菠萝饭，油炸冰激凌，红烧茄子都很好吃，而且免费区域水果还可以，粥跟小菜也不错！,1
2279,单球蛋筒35一个，奶昔35一杯，其实感觉奶昔比较合算，服务员会舀起码4勺冰淇淋放杯子加鲜牛奶打成奶昔，不过奶昔就是化的超快，要快点解决掉。\n味道还可以，但是如果没有什么优惠券之类的去购买就偏贵了。,1
6021,此店具有以下特色\n老字号，满足都市人怀旧情结\n性价比极高，上海商城周围无人能及，荷包再扁，5个馒头肯定可以饱肚~\n开放式厨房，材料新鲜看得见~\n保温措施良好，包子都静静的躺在蒸笼里~\n中华料理博大精深，不用像对面Gourmet Cafe那样大费周章依然可以享受美味荤素搭配。\n一个肉包，一盒city shop蔬菜色拉，10+1=11rmb性价比极优的lunch set\n波特曼门口的椅子，阳光明媚的时候，无敌露天位,1
21889,总的来说一般，没有特别之处，特别是鱼要烧很长时间，最好是有人先点餐后烧起来，后面的人再来，不然要先点其他冷菜，一般啦，吃了一次不大会在去了。,0
28282,我特别喜欢甜的和凉的，这个又是冰琪淋的经典，不过这个价位我是不会自己买的，有卷的时候就要大吃了，我不喜欢冰琪淋月饼外面的巧克力，感觉不纯啊,0
3938,其实最经典的还是牛舌饼 没有人不爱吃的 蛋黄酥也好吃 椰子饼不是很甜，喜欢 最近喜欢上了这里的美丹梳打饼干 很清淡 很酥\n最不喜欢的是拿破仑、酥口松、山楂锅盔、还有所有枣泥馅的、麻酱的也很讨厌 但豆沙陷的很喜欢 可能和个人口味有关吧\n熟食里鹌鹑蛋和熏鱼是我的最爱,0
8063,第一次吃是在杭州\n那边的服务员态度超级好\n好到我们都忍不住感慨\n呵呵~~~\n当时点了姜汁撞奶~~\n好像真的要撞一下\n因为服务员还特地跑过来跟我们讲\n刚才那个有撞失败\n问我们愿不愿意再等半个小时\n重新撞一份\n很好奇到底是呀怎么撞\n呵呵~~\n喜欢他们家的雪山什么来着\n下面是一粒粒黑色的~~上面是抹茶冰欺凌~~很好吃,1
28981,"来饮地下铁,全因我家也有地下铁..在家饮惯了,想不到广州都有~哈,有家的感觉..\n不过,好遗憾的喺,点解佢奶茶里面有冰嘅???我喺龙洞都饮过,人哋喺唔会放冰入去噶..第一次来天河呢间饮,都喺无冰的.点知,几天之后再买,就有冰了..",1
35764,美国菜比较快捷，直接明了也实惠;炭烧猪排有点意思，也不难吃；主食当然要吃汉堡了，那是美国人的家常便饭，来杯美式啤酒就更完美了，饭后可以尝尝芝士蛋糕，不腻！反而可解除猪排的油腻！,1
24605,"等位时间比吃的时间还长..保守估计半小时以上\n咱是等位等习惯了 所以板等.\n人超多, 有不少是跟团来的. 因为名气大 所以默默排着队.\n要不是冲着名气, 这个要服务没服务, 一本菜单那么多人看的店, 真心么的意思.\n没点套餐, 半只烤鸭, 芥末鸭掌, 宫爆鸭丁吗? 还有个鸭舌还是什么的.\n烤鸭, 味道很普通啊, 半只鸭, 那皮就不少 并且太厚油腻\n虽然刚上桌还挺香脆, 普通的蘸酱,葱和面饼, 没吃出特色来.\n不过师傅搁你面前片鸭子倒是片的挺地道, 摆盘还挺好看, 咱也就当看看.\n鸭汤 一个小碗端上来, 请问这个汤您是熬了多久? 放置了多久? 那么冷, 味道那么淡. 还拿上来喝??\n芥末鸭掌, 还凑合, 鸭掌整个是木有味道的, 要不是我欢喜芥末. 靠芥末来提味, 也是道败笔啊!\n鸭丁, 花生米还真不少, 太咸了!! 不过还真够下饭啊.. \n还有一道就是木有什么印象的鸭舌什么的了. 是能吃的. \n味道总体平平的一家店, 要不是老字号 名气响 应该也不会招来那么多食客了.",0
19945,铁西要是还有第二家电影院，我才不来这里，就是一个近字（相对于我），别的真没看出来什么好的，兴隆大家庭倒是不错！,0
38022,"老店了,东西还是很正宗的,新品少,不过坚持原有的口味也很重要.\n环境还是很典雅的,几个朋友来叙旧到是不错的地方.",1
29455,以前对笑蕾的东东并不感冒，自从利群负一层建起这个店面，感觉笑蕾好像提升了一个档次，东西价格也不便宜。\n喜欢他家的黑钻竹炭面包，十七块五一个真是够贵，碰上打七折也不便宜，口感酥软且润，据说有清肠排毒功效，不知道是不是个噱头。,0
7100,地方太小，人一多那么挤，不是我喜欢的酒吧风格，传说中的披萨也没那么好吃，大概我喝醉了？哈哈。朋友生日过去玩的，自己是不会过去了~,0
32449,真是觉得好怀旧啊，无论是雪山还是草地，还有秋千游乐场什么的，那是必须每次要玩的，哈哈~虽然不是很大，但环境还是不错的,1
39712,"极力推荐:烧鹅\n    甜豆木耳\n    水煮牛肉\n    红葱头捞鸡\n    煎包\n这几样菜我觉得味道很地道,是正牌广东菜.二楼房间空调很大,各个服务员都很有礼貌.",1
20471,话说酒香不怕巷子深，这家店绝对称得上是菜香不怕店子深。。。。今天一个特别偶然的机会跟伯伯他们来这儿吃饭。菜品那是相当惊艳啊~~~\n门脸儿不算太大，但进去以后真是让我大吃了一惊。。。。正值午餐时分，楼下的大厅几乎都坐满了；楼上的包间也差不多是座无虚席！看来口味一定不赖。。\n在美女服务员Mm和老板的推荐下，我们点了：\n凉菜：\n-----蓝莓山药：中规中矩。。。。mm们都很喜欢吃哈~~~\n-----凉拌花椒苗：第一次吃，很爽口！作为饭前开胃菜，还真是不错~\n热菜：\n-----活水虹纱：很好吃，很好吃。。。口感很适中，回味悠长。。。听老板介绍说这鱼跟回头鱼有点相似，但是是红色的。。。汤也很好喝！很给力嘛~~~大赞！~~~\n-----泥蒿香干：我只夹了一口，就全被扫光光了。。。可见口味不一般了吧！\n-----家乡腊鱼：OMG。。。。超级好吃啊。。俺是hn人，就爱这种家乡的口味。。。话说在超市买的跟这鱼的味道真是没法比！那绝对不是一个档次！这鱼灰常灰常好吃~~~\n----干锅带皮牛肉：也好好吃啊~~~牛肉很软嫩，又很劲道。。咬一口真是满口留香~\n下面还要说说这儿的米饭：很有特色哦，饭端上桌时是用紫砂材质的碗，开盖就一股浓香。。。。米饭里混合着大米和小米两种米。。。很养生的哦~~~吼吼。。。。\n像我这种吃货，也彻底被打败了。。。。味蕾很享受啊。。。\n希望他们家越做越好。。。以后还会一定带朋友常去吃。。。,1
3613,在申北路上，我家过去也就一刻钟，随便逛逛总归想买几样回去，因为实在太貌美了，又便宜，适合我们这种讲究舒适度的，而且品种很多,1
18862,[口味]：口味适中，感觉就像方便面放了很多鸡精，很少去吃，在新北区对大多数外企而言，就是一个吃简餐的地方。\n[环境]无包间，每个店布局都一样，空间合理运用，不是很宽敞。\n[服务]服务一般，去的时候好像过了中午吧，服务员都有点懒散，服务有点下降。\n[评价和建议]：少放点鸡精和味精，保持原汁原味，做出真正的鲜味。,0
42140,红树林位于深圳湾东北岸深圳河口的红树林鸟类自然保护区，面积369公顷，是我国唯一位于市区， 面积最小的自然保护区，也被国外生态专家称为“袖珍型的保护区”。 里面的风景很美 有种回归山林的感觉,1
7056,一直很忙没空发评，今天终于抽出空了。第一次被抽中了美发的活动，和工作人员沟通后约在了元旦期间。下午到的店里，按着点评上的指示很好找。到店时看到已经有两三个人在做头发了，李昂临时有事所以由铭泽老师给我做。选的是烫发加护理的套餐，和老师做过沟通后选好了合适的发型。然后就开始洗剪做基本造型，大概就用了一个多小时，后来店里来的人陆续都多了起来。所以上完药水后等了小段时间，以至于最后做好护理已经七点多鸟。铭泽老师表示非常抱歉，因为有两个人那天休息，店里客人又多。感觉这次做的头发比上次在别家店里做的还要好，虽然等的时间长了但也很值呢。,1
41233,经常去吃他家的东西，每次去都先点锅粥，这个天吃特别暖和，吃完就不冷了。老板娘经常跑过来告诉我们要怎么烤，还是挺热心的。另外我们常顺便在隔壁买张刮刮卡来，中奖了也开心啦。,1
8158,鳕鱼卷很好吃，蟹粉豆腐很鲜，上海几乎找不到不放大把辣椒的店了，小南国的味道才像上海的原汁原味，清清爽爽，该什么菜什么颜色什么味道！上海人的味觉几乎被辣椒淹没了，力挺小南国的风格，有腔调上品！\n服务生态度很好，生意太好了，忙的时候难免出点小错，我都没发现，领班就先过来认错及时纠正了！\n很好，有空一定经常去。,1
36268,"苏州动物园在姑苏城东的一个孤岛上,园内古树参天,绿树成荫,不但有鸟类,金鱼馆,还有猛兽区,是小孩子最喜欢来的地方.但是到了节假日,人就比较多.",0
28324,心情不好的时候喜欢自己过去坐坐，要一大碗米线再要一小碗血旺，一边品着辣乎乎的米线一边流着泪，也不知道是辣的还是伤心，反正一把鼻涕一把泪的心里的难受随着声声丝竹悦耳就都过去了~\n靠里面有三个相对独立的小包间，比较独立，大厅也布置的很有民族风~\n菜谱比较单一，最近也新加入了盖饭，但个人认为去那还是吃米线比较好~,1
41743,第一次吃是因为晚上看电影，所以吃得丰盛一点，于是我们就打电话叫外卖。服务挺好的，我们叫了好多，大约半小时就送到了，还不收外送费。馄饨和汤是分开的，吃的时候需要我们自己把汤和馄饨和在一起，另外还有一包调料，可以根据自己的口味添加。,0
5585,“红露园”三个红色的大字很显眼，酒楼的装修也不错，包房的座椅放置的也比较宽敞。\n那天，菜虽然点了不少，但“醉蟹钳”、“白斩鸡”和“大乌参”给我的印象较深。\n“醉蟹钳”将“蟹钳”放置在小竹篓，有着渔民捉蟹归来之感，还真有创意。\n“白斩鸡”，色泽鲜亮，入口鲜嫩滑爽，味道不错。\n“大乌参”色泽乌光发亮，质软酥烂，不但发的好，烧的也不错。\n吃完了之后，感觉口味和环境均属不错，服务要比口味和环境略微差点，性价比不错。\n哈哈讲讲，点评就是这样。,1
10677,吃完了晚饭，又逛了会南京路步行街后去的来福士。我和姐姐两人都点了雪山榴莲，她的是香草味，我的是抹茶味~味道真心不错哦,1
27239,团购去吃的 这家店巨差无比 是我团购吃过口味最差 态度最差 菜量最少的一家店 吃完的感觉就是上当受骗\n第一次感受到团购和平常去吃的差距是这么的大\n第一道上的冷菜咸蛋黄鸭肉卷 不说名字完全吃不出来有咸蛋黄和鸭肉 很咸到是真的 吃了几块就无法下咽\n第二道是螺蛳 汤也很咸 螺蛳很少 大部分都是水 而且吃出来不新鲜 味道烧得不好\n第三道是卷心菜番茄 这个味道还可以 酸酸的 过得去\n第四道是虾 这个味道还行 但是只有8只 隔壁桌点的虾盘子比我们的大一圈 虾也多很多\n最后一道是招牌的QQ猪手 菜上来傻眼了 用吐骨头的盘子装的一人一个 相反旁边桌的猪手一大盘看起来堆得\n很虚很高 团购原价猪手是48 敢情我们吃的猪手24一只 那隔壁桌的堆得高高的一盘猪手不是要上百了\n本次团购唯一好吃的就是那个酸梅汤 菜量不够所以汤也喝不下了\n这么少没吃饱朋友还想再点 被我阻止了 因为我不想给这种黑心店赚钱 我情愿去外面再吃一顿 你既然是做团\n购 首先是薄利多销 然后你肯定还希望顾客下次再来光临 吃不饱的店来过这次我肯定不会再来了 本来便宜的\n团购就是想着下了班来吃吃填肚子 结果还吃不饱 不如单位附近的特色餐馆吃吃便宜又好吃 这个故事教\n育我们团购必须要挑大店 名气响的 这种小店以后还是不要碰了,0
11250,吃的是师大的那家，没有什么生意，很冷清，看套餐配的是小西红柿，没什么兴趣，还要贵十元钱，于是决定点单面，20元一碗，因为我不想吃辣椒，就说要找没有辣椒的，服务员居然骗我说只有套餐里边才有没有辣椒的，我无语，一看套餐和不是套餐的面，都是一样的名字，怎么可能有辣椒，于是 还是点的单面，没有被骗到，果然是没有辣椒的\n这一招也太卑鄙了\n面味汤味肉味都将就，但是只有四块牛肉，真的不值20元啊,0
4688,"周六,和老公一起去吃羊蝎子锅,听说还有优惠券,可以抵扣20元,只是停车的地方好远,要走好多路.那天下大雨,这十元的停车费报销得辛苦的.\n两人一起点了个大锅,他没问辣不辣,直接上锅,大锅是108元,小锅88元,真是好大一盆羊蝎子,下面都是冬瓜铺垫,然后那个电子炉烧啊烧,一股羊肉味香得扑鼻.\n我们两个根本吃不完,还点了大白菜6元,油面筋两份,一共用去93元,吃到挺着肚子出来.\n味道还是可以的,但是老公说不够辣.\n回家的路上身上还是一股羊肉味.",1
1743,朋友介绍过来的，网上查了一下，评价那么好，交通又很方便，地铁下来就是了，又有优惠，就想过来尝试一下了\n先说说环境吧，在地下一层的，弯弯曲曲进去后找到了，店面虽然不是很大很豪华，但是里面弄的很干净\n有一个很日系的小姑娘接待我的，给我放衣服，给我泡茶，问我需要什么服务\n后来看到叫了木村老师，帅帅的很有感觉，就把头发交给他了\n这次做的是染发护发，过程中木村很细心，没有偷工减料，整个过程时间稍微有点长，但是发型师会陪你聊天，教了些平时护发的小方法\n弄好之后，稍微帮我修剪了一下头发，吹了个造型，很卡哇伊，很喜欢\n下次还是会来的，还能打折，希望折扣一直保持下去,1
11866,一家做东北菜的小店，主营东北饺子，还有许多东北的炒菜可以选择。他们家菜式的口味平平，但服务非常热情，蛮喜欢这家小店的,1
37825,环境很幽静，在上海也算是吃蟹名气比较响的牌子之一了。2个人去吃，点了一个清炒蟹粉，味道还可以，就是面包硬了一些。比起蜗牛来，没有那么有嚼劲，所以觉得输了蜗牛面包一筹。蟹粉银鱼配千层酥很不错，酥软的口感配上蟹的鲜味，鱼肉的纤维增添了嚼劲，各种配合都很到位。,1
10452,选的中档价位，12个人去吃的，围坐在一长条桌子旁。人多就是热闹，一直在上吃的，速度挺快的，味道也相当不错。个人感觉比黑松白鹿要划算！大力推荐各类刺身、烤牛舌、烤鳗鱼、芝士虾！服务一般般吧，我们晚上去的，9点半后就不点菜了，服务员过来问了两次还加不加菜。确认我们不加菜后，说了句“太好了”……,1
44658,在附近吃好饭，男人们说要去玩桌球，就找了这个，环境我觉得一般，空气不好，烟味很重，桌球台子不算新吧，而且间隔也很挤，就玩了一个小时，竟然要72块，真是搞不懂为什么要这么贵，搞笑的是朋友埋好单，我才发觉旁边有广告说凭velo卡可以打折，服务员说已经结帐了，所以没法打折了，真是笑话啊！对这家没什么好感～～～,0
38763,就在路边转角位置，生意蛮旺的。出品的章魚小丸子也不錯。去拱北行街都會經過呢度，間中都會買黎食嘅。好似好食過香洲那間。,0
30839,装机无数的地方！记得98年开始有自己的第一台电脑之后就响都蒲，无数个周末都响度渡过，自己买散件装机，帮同事朋友响度装机，基本上上午就要去倾价，要货比三家。不断甘稳性价比最高的铺头。同埋留意货品的真假，真系学到好多野噶！依咖开通BRT同地铁之后，人流超多啊！再做埋手机。直投系一个电脑数码大卖场！,1
11687,非常难得的一家店\n因为都是全素的，而且是蛋奶素，就是保证这里的奶油，面包都是植物奶油，面包连鸡蛋都不用\n所以味道非常的“纯粹”\n推荐无糖全麦面包，特别的纯洁味道，就是根本的小麦味道。好吃\n素腊肠很好吃，放在汤里煮很好。\n素鳗鱼，觉得一般，有些油\n建议吃素的人，买很多回去，一来比较少见，二来味道的确好\n我一般早点都会做两站车来这里买（会不会特别装……我一般买两天，三天的……）,1
25999,下面是这家店新开张的时候 我的评价 印象不好一直没再去\n这个星期又去了次 起码1年多了 \n还是好普通啊 毫无亮点 小馄饨5元一碗东西不多 味道也很普通\n小笼都是12个一笼的 属于数量多几个 个头小点的类型 当然肉蛮多的\n但是我就觉得吃完肉太多的感觉 感觉很腻 真心很很普通 \n=======================================\n周六值班 和同事一起去吃了 2客小笼 1客肉的 1客带虾仁的\n感觉味道没大区别 汤水满多 满好吃的 作为小笼及格了\n但是那个贡丸汤 太悲剧了 \n点单的时候 老板还推荐我们 说这个汤是他们用骨头汤熬的\n可以东西一上来 6元的5个还是6个丸子吧 品种都不同的 质量还可以\n但是 但是 这个这个汤头 靠 一点油水都没有的 一股白开水味\n我要去嘲嘲老板 被同事拉住了\n然后又进来一对老人 也推荐这个汤 我真是无语了 \n如果没说什么也就算了 居然还主要推荐 这实在落差太大了\n这个汤着的比很多小店白送的汤 还白开水,0
16301,订单号：0001718\n定的白巧克力cheese蛋糕。首先包装很精致，刀叉很可爱，喜欢。蛋糕很朴实，很厚重。cheese味浓郁，配上上酸酸的浆果和有些微苦的巧克力底，不会觉得腻，很好吃，。有机会想试试提拉米苏。,1
19738,开在公司附近，收到广告单买一送一的\n只要买到30块就能买一送一，真是不错呢\n就是只能选择奶茶类的，不过我一般也只喝珍珠奶茶\n可能离办公楼很近，每次叫送来的速度都超快的\n纸头的杯子呢，感觉还蛮环保的\n珍珠跟其他差不多，还蛮Q的\n奶茶味道不错，我一般都会叫多糖的，甜的很够味呢\n不知道买一送一活动什么时候结束，原价8元一百估计就不太会买了吧~~,1
29765,这里的甘蔗真的甜啊，如果不是当场看到榨汁的，我真的怀疑加了糖的\n虽然5元一杯好像贵了，但我前几天看到一根甘蔗现在也要卖20元了,0
2439,我记得是今年快过年的时候\n王老师带着我们姐俩去的\n历经磨难啊\n年关将近堤口路的那家关门了\n我们就打车去这一家店\n总体来说不错呢\n最后180+我有携程的会员卡能打9折\n王老师说能省就省 \n夸我会过日子\n哈哈~~~王老师从前都吃饼作为烤鱼的主食\n在我的带领下说米饭也别有一番滋味呢~~,1
476,好吃不是盖的~~估计老城南的人都吃过吧~\n我喜欢吃他家的烤鸭。味道很好，浇头也不错！\n虽然是路边摊，但每天都有很多很多人排队~~呵呵！,1
27096,就在附近上班呀 姐姐说我吃饭 是这样的的，我这几天生病刚刚好， 和姐姐说一个人多么无助 姐姐说：不要伤心 我请你吃饭 走 。我说好 就来这家了，我点一个黄豆炖猪脚。玉米烙，还有个什么来这，我忘了，蛮好吃的。里面有豆腐 咸菜。黄豆炖猪脚 就不怎么样了 汤很浓 但是猪脚不热 。玉米烙 还可以那 有点 不苏。 不太好吃。,0
484,精致的小东西，喜欢逛着玩慢慢挑 化妆棉很好，延展性很好 可以敷花水\n这家MUJI的分装瓶不如王府井那家的全\n服务一般,0
2093,隔着玻璃柜台看到哈斗里面的奶油哈多，色面看起来不错，于是买了个，3元，很便宜，但很难吃很难吃，奶油全是人造的，腻而不香，没有味道，巧克力也是代可可脂的那种，完全没有一点真巧克力的味道。。。外皮硬硬的，吃了一口马上扔了，也好，减肥了。不过还是贼心不死，下次去试试别的。,0
43061,9号线出来 就是日月光地下商场 是连在一起的\n嘴巴干就买了饮料 选择很多 有快乐柠檬 酷圣石 等等\n我上次吃过这家还不错 就买了芒果多多\n其实也不是很好喝 喝道后面实在太甜了\n下次还是买冰沙喝喝 应该比较解渴,0
16636,老字号的回民餐馆，很小的时候就有的店，凉菜必点的是芥末鸭掌和八宝菠菜，热菜推荐回民的传统菜：烧牛舌尾、扒牛肉条、老爆三。清炒虾仁也可以。但是还是推荐牛羊肉的菜。环境一般般，吃老店，就不要讲究了。,0
7953,部門年會有人提議的，結果最後提議的同志沒有去…地方滿小的，基本只適合4人的聚會.不適合我們一幫子人去。爐子好小一個，需要烤滿長時間才能吃上…服務員態度實在不敢恭維，叫半天才理我們，有些開始點的菜到結束都沒上…自己要吃燒烤的話肯定不會選這裡,0
43306,都说中关村骗子多，没当回事，结果还是被骗了。要去买电子产品的话最好带着明白人，要不肯定被忽悠。商家一般是以低廉的价格吸引，然后会找各种理由给你推荐别的款。遇到这个情况一定要提高警惕。去之前最好查好报价。以防被骗。不过中关村e世界的投诉部还是挺负责任的，帮我们解决了问题。,0
6511,路过正好买点回家当早饭，现在华夫饼、铜锣烧都有优惠活动，原来4元一个，现在6元两个，而且可以自由搭配，正好买了一个华夫饼一个铜锣烧。,0
11160,环境不错，服务态度也可以。\n午市打对折，非常合算，毕竟开在这么繁华的地方，能有这么优惠的饭店还是不错的。\n有免费的糖水喝，红豆汤、白木耳和椰汁蛋皮汤任意挑。还有免费的茶水。\n烧鹅皮油了点，嫩嫩的味道还不错。\n茄子煲很好吃，量也大，有点点辣味再加一点点蕃茄味，还有金针姑垫底。\n雪山包外脆内滑，一定要趁热吃。\n凤爪也还行，越嚼越有味道。,0
37520,离4号线的浦东大道还是比较近的。这条是小路，所以感觉还是比较安静的。但是好像管理不算很严格吧，大模大样走进去也没人管的，整个楼道还是比较整洁和安静的，基本上没人打扰。\n房间的话，属于蛮精致的，虽然面积不大，但是整体装修还不错。而且厨房，卫生间，房间都还蛮好的。夏天的话还是有蟑螂，呵呵。冬天还是比较舒服的，采光很好，而且这里看外景还是很漂亮的。特别是过节的时候，看烟花的取景也很好：）,1
28644,今天下午3点多的时候去吃午餐\n专门从学校翻屋企噶时候，去呢间嘢食\n之前我去左“想像”食过韩国菜，所以想试多几间韩国菜~！\n我觉得烤肉真的很不错，不过油比较多，而且很上火啊\n但是烤肉夹生菜，真的是一绝\n另外那南瓜粥是任送的，我喝完还跟朋友叫左一碗，好好喝哦~甜甜吖~\n然后吃了那个“久负盛名”的石锅牛肉拌饭\n很一般！！！！一点都不算好吃！！！而且最过分的是，一点都不辣，而且没有牛肉吖！！！\n不过前菜还是不错的~\n想要便宜一点吃正宗韩国菜，我还是比较推荐去想像~,0
38377,被楼上的写掉了喏，我只能排第二了~\n我喜欢吃他们家的素鸡，糖醋排条饭也蛮好吃的，但是没有青菜搭配，也没有汤送，所以其实并不算太实惠，牛肉滑蛋饭样子很好看，花花绿绿的，喜欢~\n他们家的厕所很受欢迎，挺简洁干净的~,1
14274,公司请着去吃过几次，食物味道很不错，很多菜都做的很地道，环境更加不用说，装修的很漂亮。其实我不知道人均多少钱，只知道不便宜···朋友说她上次4个人吃了五百多（不过她说是点了一个汤比较贵，两百多）。,1
27617,说是广东小吃，除了肠粉煲仔烧腊，照例也有各种盖浇饭米粉米线之类，价格不算便宜，想想日昌那么大份的煲仔饭也才28。因为我不怎么吃肉就随便要了份豆腐烩饭，有零星肉丁，份量还可以，我是没吃完。不过一般馆子随饭送例汤，他家送的居然是小碗水果沙拉……,0
26565,走过路走总不会错过，喜欢他家的 辣松和 芝士蛋糕，味道不错\n买了他家的卡能打八折还是比较合算的，不过饮料却不给用卡\n环境不错，门前开阔明亮，服务一般，比较冷默，没什么表情,0
22880,如果一定要在连云港吃韩餐的话，我只会选择这里，有好多人是抱着幻想来吃的，觉得高丽棒子的东西有多么好吃，失望了吧，偶尔吃吃就好了，我每次去一般点烤五花、鸡翅、鱿鱼、海鲜饼、牛肉汤，有时会点冷面和辛拉面，因为连云港超市没有卖辛拉面的，所以只能花钱到外面吃，还有上面一个MM说辛拉面是方便面加鸡蛋？他本来就是一袋方便面啊，14元5连包，跟康师傅性质是一样的，买的可贵多了，你以为辛拉面是什么呢？,1
11739,半盆菜酒家，店名非常有意思，一下子就记住了，去过几次，味道还不错，菜价非常实惠，比较喜欢店里的大肠肺头汤、素鲍鱼、芋艿煲等菜。环境比较一般，但价位实惠，所以客人非常多，24小时营业。,1
8469,今天又被彭浦一霸带过去开发新的小吃，果然不虚此行啊！价廉物美量又足，阿拉一下子买了三份！据说彭浦第一炸鸡腿那边一个是222的分店，不过既然连彭浦一霸都没有尝试过的东西，阿拉肯定不会去试吃的。\n买的时候队伍排的真是欢乐呀。向来喜欢重口味的我我默默的问MM，我可以舀一大坨甜面酱伐。某人斜了斜眼睛很不屑的看着我说，切，老板会盯住你的好伐。个搜就看到前面几个00后一边happy的狂舀甜面酱，一边被老板鄙视：小姑娘你们给我留一点好伐，我还要做生意的好伐。。。果然舀多了是会被老板盯住的喏。\n然后开始轮到我们的时候，就发现自己舀甜面酱舀的无比有压力呀。老板一边煎还一边体察民间疾苦，基本默许MM可以畅吃甜面酱哦，我估计某人靠这张脸就是彭浦各大小吃摊的VIP了，哼一定是这样的！\n2块钱5块，环境么是艰苦的，但是就是这样小吃才有感觉呀。配上最好吃的甜面酱，绝对完美的哦！,1
1278,"很超值的自助,上次去旅游的时候吃了一次,超级便宜,凭飘的房卡还能优惠!呵呵!比起上海的自助这真是实在的多,酒啊,饮料啊都包括在内,吃烤肉吃的很过瘾,还有水果,宝宝喜欢吃寿司里面也有,老公吃了韩国的石锅拌饭!呵呵!可能上海没有这种什么都有的自助所以感觉还挺新鲜的,虽然有点杂乱和吵闹,不过吃起来挺过瘾的!吃的时候还听旁边北京人说这个以前有现在没什么的,呵呵我们是很知足了,因为已经感觉太超值了!",1
2343,这家寿司味道还可以的，可以坐在旋转台这里呢，每个颜色不同的碟子价钱也不一样的，要看清楚哦！最喜欢三文鱼和金枪鱼沙律。,1
27009,在买一赠一时候去的~金枪鱼味道非常鲜~甜虾很嫩~大爱！老姐要了CBD、由于是熟的..不太感冒...不过味道都很不错啦~\n服务很好~随时添加茶水...撤空盘都很及时~\n离新光天地很近~停车方便~\n唯一的问题就是需要预订...否则要等位子..,1
21369,非常棒的商场，逛街吃饭看电影溜冰应有尽有\n杭州唯一的一个真冰场\n设施服务都非常到位\n就是离家太远了不然肯定每天都去逛\n哈哈,1
7026,装修前去的，主要是近，就小区门口，而且我就最多跑半小时步，夏天偶尔游泳。现在设备比以前要新点，装修后环境好了点，但年卡翻了近4倍，感觉性价比不高，就不再续了。,0
14465,有个同学结婚让我当伴郎，就是在这儿办的事儿，头一天晚上去布置，服务员摆桌子什么的都挺用心的，该拉绳的拉绳，该清理的清理，桌子脚下没有粘滑的感觉（电梯口有），但是说实话当伴郎基本上就没吃着什么，不过随便吃的两口都还不错（当然不是因为饿了啊），饭量比较小，可能比较挑剔吧，还不错，能看着大炉子乎乎地烤，挺有意思的，同学的婚礼办的也不赖，他最后喝高了，哈哈，高兴呗～,1
3118,万三蹄髈很有名的。貌似很多古镇都有的。但是听说真正出自与周庄。所以这里万三老奇怪的。大伙一起买了个蹄髈现场吃。我还是比较喜欢吃红烧肉~~\n公司mm还带回去一个~30rmb一大块吧。还是蛮划算的~,0
40027,很有气质的一个地方，到长沙来一定要去啊，羡慕湖南大学的同学啊，听说他们好像还有特权，真的不公平。我比较喜欢秋天那种感觉,1
32977,很久没吃鸡粥了 看完电影路过就进去啦\n环境一般 有点脏乱\n两个人 点了两碗粥 四分之一鸡\n粥不是很鲜 这样好 没放很多味精\n鸡要的鸡腿部分 白肉的地方有点老 没有小绍兴的好吃,0
17047,环境一般，人气很旺，服务挺热情的，可以坐在外边吃串，喝酒，感觉很随意。个人感觉外边比屋里的环境要好，结账时去的屋里，酒味菜味烧烤味体味混在一起而且人声鼎沸。,0
1797,体验过最差的一次了。真希望可以给一星以下。\n我们一共11个人，上的菜特别慢，根本不够吃，可笑的是，连一小碟毛豆，一小碟牛蒡都算一道菜！\n要服务员打一份菜单，服务员说打菜单是要交钱的！。。。。。。。\n只好手抄了一份，里面本来说有串烧拼盘，结果都快吃完了问服务员，串烧呢？服务员说，换成烤鳕鱼了！OMG...没见过这么少的，可怜的就几片的烤鳕鱼。。。\n大家都没怎么吃，就没有菜了，跟他们交涉可不可以加一些，人家服务员说，你们自己找经理去！店里一个能管事的都没有么？\n后来人家经理说了，可以加主食，我们点完了，人家服务员又来了，说，不能从这个菜单点，要从另一个点！\n拿来一大张菜单，指着角落很小一个方框说，你们只能从这里点！\n我们是来要饭的么？！上主食了，服务员把主食扔在桌上就跑了，桌子太大，我们要她帮忙送到里面人那里，人家服务员那个小白眼翻的呀！牛！\n我要了个生鸡蛋牛肉石锅拌饭，连酱都没有，锅子很小，比食堂做的都差。\n太窝火了，商家早点倒闭吧！,0
33569,这家店整体的环境很好，格调很高，地方也很大。\n这里价格偏高，不过分量也是很多的，还有自助水果吧，免费的。\n好吃的菜也不少，象水去煮长江鱼，豆花煮牛肉，金瓜肉排，宗江一品肉等等。可以一试。,1
26566,酱爆鸡丁很有特色 是和核桃仁一起爆炒。\n芙蓉鸡片几乎是每次必点 滑嫩嫩的 感觉就是在吃蛋白 鸡肉完全打碎碎了 \n烤鸭也不逊色 \n葱烧海参是鲁菜的经典 做的很干净 没有腥味\n水晶虾仁料算足的了~~~~虾仁也很大呦~~~~\n三鲜铁板豆腐也很丰富 有小虾仁 鱿鱼 还有海参 不过这里面的海参木有葱烧海参做得好~\n杭椒牛柳中规中矩吧~,1
44866,人很多，很一般的店，能有这么高的评价应该是街坊邻居给的，服务态度不好，环境也不好，鸡块还少。以后不会再去了，汗汗汗,0
26397,它也是什么菜系都有，么司官府菜啊，淮扬菜啊，湘菜，粤菜，普遍都做的还可以，里面古色古香，但不是天然的，反正没有吃过可以去一下，有点贵,1
29559,距离朋友家很近，有时候会去顺便买点点心；面包味道还不错，有葡萄干的那种哦，呵呵；感觉东亭这边的东西确实比新区便宜点，价格实惠；还有一种蛋糕，忘了什么名字，挺好吃的，挺嫩；,1
11635,是一家东南亚风味的餐厅，各种咖喱菜蛮地道，还请了几个东南亚那边的艺人在餐厅表演，与客人互动，蛮热闹。\n橘柚情缘，酸甜开味\n冬阴功虾汤，这是我目前觉得做的最好的一家。\n金牌碳烧猪颈肉79米，这里的肉味道蛮正，分量蛮足。\n酸木瓜水煮鱼56米，鱼肉滑嫩，没一根刺，超赞\n香辣腰果炒大虾69米，虾蛮大，虾头里面还有虾黄，好吃。\n黑咖喱牛仔骨79米，黑咖喱配牛仔骨真是绝了，比黑椒好吃多了，最后连咖喱汁都被抢完。\n泰式小吃拼盘89米，虾饼超好吃，比开封菜的的美貌虾好吃N倍，肉串、鸡都好吃,1
5547,"每年体检的服务真的不错,特别是相对一般的公立医院,环境舒服,医务人员态度客气,而且报告也比较详细漂亮,还可以随时在网上进行查询.特别是如果检查出一些小问题,会有医生的建议,觉得非常专业,因为作为普通人来说,像验血之类的数据不知道代表什么意思,有的公立医院体检报告就简简单单的数据,不要说建议了,连正常范围也不帮你列出来,拿报告的时候也没医生跟你解释一下. 个人觉得这里体检非常好,人多也比较有秩序,管理比较先进,唯一不是很方便的是交通.",1
12835,生日的时候和宿舍的同学一起去吃的~酸菜鱼是招牌菜嘛，还是很好吃的，不过分量记不清了~还记得点了有水煮肉片，将近30好像，有点小贵,0
31000,"汤头不行,白开水冲冲,加点盐味精,一点不鲜美.\n馄饨还成,是小时候的味道.\n不狠喜欢小笼,每次吃三四个足矣,再多觉得腻味.\n老板娘态度不大好的说,生硬来,老一付欠多还少的表情.\n以前他家还在春城时常去,现在米兴趣了.\nP.S 昨天在浦发银行排队排到腿抽筋，饥肠辘辘只好跑去她家用餐。\n辣肉总算有了，常听邻居们说她家人为制造畅销气氛，中午饭点居然辣肉面就没有了。有人感叹食材新鲜，有人就觉得老板忒不厚道，明知道好卖的为啥不多准备些，要害得客人失望。\n久闻大名的辣肉面终于上来了。辣肉狠辣狠辣，面条细细的硬硬的，口感都8错，失败在汤头，又是传统的清水光啷当，淡是淡的来，一点点鲜味道也没有，好在有点芹菜细末子点缀，吃在嘴里还有点脆香清甜。\n收钱的老板娘又是铁板新村，态度差是差得来。据说有次客人带来的小宝宝不小心尿尿在地上了，客人自我解嘲的开了句玩笑，竟然惹怒了老板，当场发飙骂人--拖一拖就可以解决的问题，作为店家，开口骂人总是不对的吧，老板够拽，仗着东西好吃，完全不在乎经营之道，一样是上海人，跟新艺的老板老板娘不好比的。\n店面狠小，几乎一半给了厨房和操作台，提供给食客的位置不多，也许觉得东西好吃，不怕你不来。\n多次的耳闻目睹，目前对这家店印象更是恶劣。",0
34844,性价比其实不是很高的一家店~相比主菜，这家的点心个人感觉还比较好点~~其不建议点时鱼，比较坑爹~一般性吃吃比较好,0
34384,没吃成，但是也必须得给个差。\n昨天下班之后和某男一起去中街，本来想去吃团的龙人家的那两个菜，结果到了我才想起来，忘记是在大悦城还是恒隆来着。。本来想打电话问，首选肯定是板砖，但是我不想他总心里暗暗的损我像个白痴，每次都犯同样的错误。。也对，没那本事过目不忘，还装啥，之前也不看看地址就去？\n因为忘了具体在哪，而且是很少有的步行，在恒隆找了一圈，发现恒隆最高是4楼，疯了，那一定是大悦城，不爱动了，A馆B馆的还是要乱转，算了，随便吃点什么吧。本来打算去兴隆下面吃小吃，结果到了又变了，囧。。我真善变。直接进了这家，兴隆川菜馆。\n进去之后，就像放鞭炮一样，一群的活鱼乱蹦跶，服务员不用干别的了，就满屋子抓鱼玩了，一共好像就2、3个服务员，那么多桌，理解，进屋没人搭理我们俩，我们俩自己找了座位，然后自己喊服务员拿个菜牌，服务员把菜牌往这一扔就走了，行，看菜吧，等我们确定下来要点一个鱼香肉丝、上汤娃娃菜和煎饼盒子之后，喊服务员点菜，服务员答应的倒是很快，就是不动，一直忙那些鱼，虽然我们是人，活鱼也是活的，我们也是活的，好歹你分清楚个主次，谁是给你送钱的，谁是可以转变成钱的。。\n半天没来，我说，走。。就这样我们就走了，看菜牌期间那鱼一直到处乱跑，他们又用塑料桶又用过盖子的，弄的叮当乱响，本身吃饭心情就受影响，速度再慢，更没耐心等他们了。。\n看了菜牌感觉，菜的种类很少，不存在创新类的东西，以这个环境和规模，娃娃菜22鱼香肉丝20，是不是有点高了？或者真的好吃吧，不幸，没机会尝试了，不会再去，转身出去进了牛巴店。,0
34811,这家小店开了N多年了，有时买点瓜子和栗子，涨价了，每次只买半斤，个人觉得小个的好吃。有味儿，瓜子炒的不错，每次买几斤。,0
29110,这是离淘宝最近的一家超市，去淘宝时，捎带脚会来这看看。上次和妈妈来是因为来老姨家需要买点东西，结果发现他这的水饺很便宜。买了好几袋，足够吃几顿的了。,1
11692,这个地方的环境还可以\n但是住宿条件太差了\n挑了个美式别墅，一楼的房间\n进去一股霉味\n角落都是蜘蛛网\n彻底晕菜\n而且两个房间的阳台是通的\n非常的不方便\n玩的东西也就是骑马 脚踏车之类的\n没什么意思,0
922,湖北驻京办的餐厅，口味够正宗，价格也够贵，物价上涨？\n服务员素质一般，不大有技巧。\n包间居然收取百分之十服务费后再收开瓶费，光想着收钱了。,0
4727,这家KTV以前经常去唱的，主要开了比较早的缘故。对面就是南华火锅，吃好火锅就可以开怀大唱了。环境一般，服务一般，价格也不是十分实惠。相对于现在五角场商圈的KTV来说，已经属于文化大革命的产物了。因此人气也没有以前那么旺了，去了也不必预约了。,0
18616,环境一般，亚运村店有点破旧了，据说要装修了\n菜的样式和品种一般吧\n那天碰到的师傅非常好，态度很认真，厨艺很棒，很美味\n带着家人去的，大家都非常满意,1
19385,这个地方真是我的怨念啊~\n这是一个我去了不想再去，\n过了一段时间实在想不到吃什么又不得不去，\n去了又永远不想再去，\n但没过几天都想再跨进去的地方。\n家里没有饭可以带的那段时间，每天中午就是快餐打发，来不及叫快餐的日子，只能速速去他家要一份卤肉饭。这是我唯一觉得他家能吃的东东。\n一开始觉得豆浆还OK，但时间长了就觉得里面有很浓的香精，不知从什么时候起，每次早上打包的永和豆浆，都是喝了几口就不想再喝。油条还算干净，点点酱料，味道不好不坏，打发早饭还OK，但这也是不能常吃的玩意儿。小笼包没甚感觉，只是比街头那些皮厚的要命的小肉包好一些。最令人发指的是皮蛋瘦肉粥，居然是白粥打底，上面撒了一些小肉丝和皮蛋末，我的神呐~他们家的面，比方便面还不如。\n我记得我在上海吃的永和不是这样子的啊，甚至我在华侨城吃的永和都不是这样子的，难道是我天天和他朝夕相对而产生的怨念？\n哦，他们家的鸭腿汤我觉得还是可以吃一下的，只是汤里还是有很多味精，但鸭腿分量是实在的，是完整的一条腿。,0
14959,从来没去咖啡馆喝过咖啡，这算是头一遭，主要是赶上搞活动，让我小小的也感受一下咖啡的氛围，其实我这个人并不小资，咖啡不懂，酒吧没去过，更不懂什么清吧，慢摇吧之类的，唯一的爱好就是吃。如果有人说读村上的书就小资，买一些品牌的衣服就小资，喝星巴克就小资，那我充其量是个小农，虽然我也喜欢精致，喜欢实用性不大的小东西，喜欢读美食书，喜欢去没去过的地方。\n借了一张信用卡，才走进了星巴克的大门，绿色是我喜欢的颜色，记得看电影穿PRADA的女魔头里面，安妮海瑟薇为那个难伺候的上司大早上去买星巴克，在国外的价格应该我们买街景的价格吧，看了一眼价目表，最大杯的36，喜欢抹茶，也就是绿茶，就要了一杯，还来个咖啡吉利味的，据说是新推出的。刷卡消费买一送一，这便宜占大了，满心欢喜等着按密码，却被告之此卡用不了，我一合计这可咋整啊，人家都给做完了，只能按原价买了，这时耳边传来一阵熟悉的声音，那声音似银铃，我总觉得这种剧情只能出现在肥皂剧中，没想到身边站着一位熟人，正好也来买咖啡，我这心里啊，别提多高兴了，就好像看到了解放区的天一样，心里唱着你就是我的天使，给我帮助的天使，尽管大家都叫你小公主，嘿嘿。\n天使帮我刷的卡，原本只能刷一次的卡服务员说可以刷两次，这样我才顺利的买到了星冰乐。做在松软的沙发上，看到旁边的人有的在上网，有的在聊天，我一个人看这窗外大蒸笼的天空，幻想自己就是那小笼包，却喝着咖啡，这就是中西合璧吧\n虽然是抹茶味的，却也有些甜，那翠绿的颜色上面纯白的铺盖，像是在草地上奔跑的小白兔，喝完这一大杯，我的晚饭少吃了三分之二。\n咖啡吉利就是里面放了龟苓膏，夏天吃是很去火的，最近上火耳朵又疼，这个能辅助去火么？\n我只知道奶油是香浓的，咖啡是香醇的，冰淇淋是香甜的，抹茶是香溢的。混在一起时相得益彰的。\n或许是喝了咖啡比较兴奋，要发表一下感言。。。。\n1 感谢借给我卡的妞，虽然我也没用上。\n2感谢帮我刷卡的扇子，若没有你，我得多花多少银子啊。\n3感谢让我们刷2次卡的帅哥，让我也体验一下什么是星冰乐。\n有朋友的日子是最快乐的日子~~~~~~~,1
22386,去吃了两次了，每次给我的感觉都不错，他们家的卷还可以点半份的，花同样的钱可以吃到两个不同的口味，还是合算的，喜欢这家的绿海藻，每次都点，这次点了青口贝，味道真好，下次还要去，很好吃的，强力推荐~,1
13542,环境好好的公园，广州晚上可以晚上免费开放而且中可以有灯光的公园之一，晚上拍拖逛公园最好的地方，尤其是坐在湖边的凳子上喃喃细语，确实不可多得。,0
27795,湖南菜，确实设计的很有特色的一家店，从名字到店内环境到服务员装束都很东方红。店内设毛主席像，服务员统一穿老军装背绿书包。\n菜的口味不错，在外面一般吃不到的味道。个人觉得挺不错的一家店，菜色不是大众化的，比较有风味。\n可是服务态度真不咋样，貌似是大家的共识。,1
35862,怎么吃都觉得味道很一般 \n就是经典的猪骨好吃 其他的都一般\n特别是煎饺 又贵又一般，还没有四海游龙的好吃。。\n但是看人都还很多。\n也算是面食做的可以的吧\n有空 大家可以去广州的 五月花 吃 六本木\n那里的 地狱叉烧拉面很很好吃 ，很多料，价钱和味千差不多的。,0
18890,替代公司食堂的一个选择，喜欢那里的炒饭，最爱鸡腿叉烧饭和叉烧翡翠饭，价位偏贵，不过环境善可，偶尔换换口味还是可以的,1
16777,也是拿了Velo城的券，才去那边吃晚饭的。个人觉得那边早点不错，不过正餐就一般了。汤还是不错的，虽然油了一点，菜啊什么的实在是味道不佳，尤其是米饭，非常无味。应该不太会去吃了。不过早餐的酸辣粉什么的，还是很不错的，粥也挺好的。,0
22622,虽说是本帮菜，菜单上菜式还是很多的，点了三四个菜，量比较可以，三个人吃掉一半多就吃不下了。糟溜鱼片味道还行，其他的一般吧，上菜还蛮快的，可能是去的晚了的缘故吧。总体还行。,0
29100,本来看到八大碗这个名字，决定一定很农家，于是决定尝一尝。结果尝了一次，发现菜是挺农家的，可是价钱一点也不农家啊。。。失望＋失望\n结账的时候说，试营业还没有发票，给了张优惠券，说下次可以用，如果收了优惠券，以后就不开发票了！\n岂有此理！我本觉得虽然它不算物美价廉，但还可以换换口味吃吃的。这么一说，感觉像吃了口苍蝇，再也不想去了！,0
9092,总觉得有一些拥挤，但是没事来这里逛逛也是很惬意的事情，背景音乐选的都不错，有点小资的地方，没有在这里喝过咖啡，下次来试试，很多学生来这里上自习,0
29715,老早就听同事说天津有个筋头巴脑一锅香，在北京也开了，正好就在家门口\n走到附近，发现有两个，一个是筋头巴脑牛一锅，一个是刘一锅，刘一锅门口还有好多牌匾什么的，看着很正，但我还是奔了牛一锅。清真的那个\n跟父母三个人，要了中锅58，送白萝卜，要了冻豆腐、油豆皮、土豆片、油麦菜\n锅里有好多，已经放进了送的白萝卜，还有很多肉，看着像是咱们平时不会买的下脚料，但是做出来真是很好吃\n调料要牛一锅专用料，里面好像有沙爹酱，还有些辣酱\n三个人吃这些真的很多，有点撑，建议要一锅以后，菜一点一点要\n还有个细节让我很高兴，一个男服务员换煤气管的时候，听见我妈跟我说五香豆腐丝比较辣，他就说可以重新做一下，弄得不那么辣。真是让我很高兴，多小的细节啊，就能让顾客很满意,1
44067,这个地方以后一定不会来了，环境装潢都不错，就是里面的服务非常不配合，极差！！brunch又贵又难吃，选择也少，服务员一直叫也没反应，要一杯水要了半天，脸上一副不满意的样子。really terrible experience!,0
36523,环境还不错，就开在超市下面，我和同学买好东西饿死了就直接去吃了，人还蛮多的，生意蛮好的，味道也不错，也不贵，下次还要去吃。,1
1792,这家龙虾确实很好吃，家就住那里附近老公一直说带我去吃我都不屑！终于有天过去吃，没位置！买了50块回去吃，真的超赞！,1
41115,vivi第一次去长沙年代隔得太久远，八年多了，别提了……（囧）\n================我是2002年1月的分割线=====================\n著名风景区，山不算高，台阶也都是缓缓而行的，走在山间很舒服。\n佛教寺院，知名书院，烈士墓，爱晚亭，众多参天古树……都是旅途中难忘的风景。\n这座山蕴含了多少文化和故事，历史的回响，钟灵毓秀，人杰地灵。\n肃穆而庄严，宁静以致远，这样的地方，值得一行。\nvivi,1
31425,很喜欢这个品牌的名字，总让人有种甜蜜的联想，上次参加微博活动，去他家领赠品，跟这家有了一次亲密接触，店里的环境相当好，服务人员态度很好，不会因为你没花钱就怠慢你，总之很喜欢这家，有需要一定会去光顾的。,1
3693,乳鸽皮脆多汁，不愧招牌！卡坐宽敞舒适，不过左右无屏风相隔，私密度欠佳。服务周度，換碟頻密。不过最后两碗糖水比较失手，一碗唔记得落糖，一碗落糖过多。。。,1
30386,网上看有人推荐，买来试一试。\n发现还可以额。比面包新语的价格合算。\n性价比高，芝士蛋糕的芝士味道十足，美味。好吃\n推荐此家店,0
41292,很不错的餐馆，来了好几次啦。性价比很高，菜品的味道也很不错。尤其地理位置紧靠湖广会馆，非常适合家里有外地亲戚来的时候去，既有历史韵味又能享口福，不错,1
44835,是错觉吗？一直觉得这家店的品种会比其他店少些~~\n上周日揣着买6送6的券，再次去败了甜甜圈\n出了4种新品种的圣诞系列，每只挑了一个，送了一本2012的台历\n又用了免费赠送2只的券，总共买了14个~~花了50大洋\n小农心理作祟，觉得是可接受，呵呵，喜欢芬迪系列~~,1
13456,像我这种爱吃火锅的人有福了~~\n那边同学带我去的，\n新鲜蔬菜无限加，\n秘制鸡据说只能在他家吃到，\n而且火锅中最重要的酱料很难找到好吃的，他家的倒还不错哦~\n而且一人一锅很干净~,1
1220,终于改成电子出入计时了，之前去，平时5元，周末10元，讨要发票的时候，又改成5元但是不给发票了。管理混乱。\nms现在武夷路只出不进，必须走中山西路了。车位到还是蛮多的，只要不是演出。,0
11439,小情调的地方，价格一点不低，点了牛排和鸡排味道都很一般，蛋糕是特色，居民楼一楼改造的西餐厅。口味一般，喜欢常上这来的大概是喜欢这种小众独享的感觉吧。还是喜欢他家的蛋糕店,0
42571,中午去内人上班的地方看内人，然后就请他吃饭了。。。听她说上次吃的西餐不错，然后就被她带过来了。。。\n中午有特惠套餐，毫不犹豫点了那两个。。。一个肉酱面，内人说好吃，不过我是觉得跟巴贝拉还有萨莉亚差不了多少，就是肉酱多一点。。。可能是我味蕾有问题，内人说好吃的。。。然后还有一个烤半鸡，味道就是那个样子，腿和翅膀上的肉还可以，胸上的照样干柴。。。加十块，有一个蔬菜色拉，还可以吧，也就一般一般。。。不过亮点在附赠的南瓜粥上面，南瓜很细很不错而且里面加了奶，回味无穷~~但是奶茶还是一样的坑爹。。。\n内人觉得好吃，没办法。。。以后估计还会来的。。。还是不晓得跟萨莉亚的差距在哪里。。。,0
39456,这周来这里看过一次，药拿好味道实在难喝....\n这里有几位医生都是在岳阳医院坐诊的。据说都是名医。\n这里还有周日上午林真寿教授的特需。治肝胆胃肠的。,0
14154,就是一般的快餐店，主营汉堡，薯条，可乐一类的。味道还行，价钱还算是便宜吧，套餐比较划算。，店面不大，装修得挺有意思，很有特色。,0
24783,怎么说呢~ 在新中关里面开店，肯定不会便宜~\n最初去的时候，人的最都特别甜，最后800多弄了个头发，总体还是满意的。\n但是他家剪头的话其实一般，主要烫染做的还可以，水也不错，所以发质也还好说~,1
26077,等男友下班，没想到等了那么久，足足四个小时。\n窝在这家咖啡店里，要了一杯摩卡，一块strawberry cheese cake。\n很好吃，不得不说，如果没有这里让我舒舒服服的窝着，真不知道去哪里才好。\n不过这家的位置没有Costa的多，容纳不了多少人，而且人气似乎也不及Costa旺。\n这也很好，很安静。很闲适。,1
44378,地下小吃街，不是很顯眼，如不注意一定會擦身而過…大堂擺了好幾尊大型照霹靂布袋偶，每個區域也都以台灣地名取名，很有台灣味~這次的造訪尚有很多店家準備中尚未開業，雖是如此，還是嚐試了許多家的菜色。台灣鹽酥雞，味道不錯，甜不辣很好吃！担仔面，還行吧，感覺湯頭海味重了！蚵仔煎，也不錯！蚵仔小小的，很迷你…大腸包小腸，額…米腸吃起來冷冷的，敗筆！,1
21,最常去的超市之一，有免费班车坐，这点很喜欢，而且离新光也近。超市很大，东西也多，不过有时那些促销员态度很不好，一次特生气就把人家说了一顿,1
22903,很好找的一家店，就在香江家居侧面，去的时候外部装修，不过我看里面也该装修了，下午1点多去的，人不是很多，点了鸳鸯锅，羊肉，虾滑等，价位略贵，空气中味道很浓，弄的衣服里全是火锅味，没有想象中的好，可能是期望太高了吧。,0
20170,我们全段时间来吃的，当时店里没什么人，我们去的时候也不是吃饭的时间了\n当时点的那个匹萨是双拼，非常好吃，总之我很喜欢吃比萨，必胜客的和这里都特别的好吃，这里的小吃一般，重点来吃披萨的。,1
3453,很适合吃个早饭，包子还行，主要是辣汤不错，口味还行，但是老实说不能叫啥鸡丝辣汤，反正我是没看见一根鸡丝，都是面筋和海带。,0
30723,哇没想到这个也有点评啊 开了很久很久的店了\n以前跟老妈逛街的时候经常吃，实惠的很，最喜欢招牌的老头盖浇饭\n现在偶尔去一次，总感觉没有记忆里的好吃了……不过周围有很多小吃选择，偶尔花小钱去大吃一顿很不错,1
42323,味道环境都不错，很喜欢他家的刺身，就是价格小贵，要是还能便宜点就更好了，下次还去，嘴馋挡不住呀，快来个团购吧，期待,1
23385,一直是呷哺呷哺的忠实粉丝，但是不得不说呷哺变了，麻酱现在变得很咸，没以前的味道了。以前能吃好几袋，现在吃一袋就够了。这样节约成本了吧？？麻酱变味从半年前就开始了，我一直希望它能变回去，却一直令我失望！我要戒掉呷哺了！你们的良心大大黑了！,0
39510,今天星期天，被逼着上网写食报真呀么真不爽。不过为了以后小猫猫同学带我桌游带我吃饭，我忍~~~~~\n    这次又是五人的小聚，小猫猫真大胆居然一个人来。那么大个肚皮哦。\n    风雅铁板烧我记得之前猫猫也叫我团购过的，不过那时吃饭的时间有限制的，必须是中午的，所以那个无敌江景要差很多的，就像维多利亚海景一样肯定是晚上比白天好看的，所以这次是晚饭我高兴的去啊高兴的去。\n    不好意思我迟到了，说好六点到的，可是五点半小班想想还是公交方便，可是老板又给我们加活而且地铁好多人还停下来不知道等什么，于是我无奈的迟到。\n    幸好之前去过一次，没有白花时间在找路上面了。直接坐的第二张桌子，环境绝对的好，小猫猫第一个到的，我问她怎么坐这里她说服务员告诉她这个位置的环境是最好的，果然看见游船开来开去，对面的漂亮灯光和时不时亮起的闪光灯，美就一个字。\n    我们吃的是原价380元的套餐，有优惠是198元，但是我们要了海鲜炒饭，加了牛舌和菌菇拼盘，又各自都另外点了饮料，所以最后算下来380元左右一个人是差不多的，这个划算的，本来380吃套餐，现在多吃了很多东西，又欣赏到了无比美丽的江景，也享受到了优质的服务，还和三五朋友聊天叙旧，心情实在是很好。\n    我们吃的是比较慢的，一直到九点多大家才一起坐上回家的地铁。我们五个人其实是到八点多就吃的差不多了，但是实在难舍这美丽的江景，所以一直坐在风雅铁板烧内聊天，期间服务员的态度是要表扬和肯定的，现在吃饭，环境+味道+服务是缺一不可。风雅铁板烧是让我们满意的。,1
12086,去的次数不多，记得第一次去找这件电影院的时候连上去的电梯都找不到，呵呵，挺傻的，印象里还可以吧，没有什么特殊的地方，现在由于家和工作的地方都离开那里挺远的看电影不方便，现在多数会选择国泰和ume，或者徐家汇的，下了班可以直奔过去，交通方便,0
15754,这家超市在这一地区比较有名气！周边还有沃尔玛，家乐福，京客隆，百盛等，乐购的价位是他们当中最低的！很划算！但是也有缺点，产品品种少，生鲜部门很好！只是没有自制的一些半成品食品，这一点沃尔玛做的就最好！杂货部门的定价有些乱，有时商品和价签对不上！需要改进！非食品部门中，洗化部做的很好，促销力度大！很实惠！特别是楼上的书吧区很好！免费看书！还能坐着看书！总之，还是不错！购物环境比家乐福好，价格比其他的都低！不错，还经常有会员换礼活动，抽奖活动等，虽然没有中过一次奖！,1
32459,里面很热闹的，星期天人太多了，特别是买衣服的人，这卖的衣服不是贵但也不便宜，主要是很潮而且款式很多。,1
27800,周末去的，人超级多啊，真的是排好久的队，搓澡就排了好久，真觉得搓的不怎么样，还一个劲的推销这推销那，好不容易洗完澡，去吃自助也排了好久，吃的一般水平吧，一定要自己带水，一瓶小的冰红茶就15，下次再去的话，自己带水就行了，其他都不用带，他那差不多都有,1
17379,"是拿着赠券去的,兑换了一些游戏币,感觉这个电玩游艺城还不错,非会员买30送3个。会员是要花50元办一张卡 然后另外买代币的。对于常玩的人来说，办卡是比较划算的，不仅买硬币时送的多，每个月还有10个代币的“薪水”。而且赢得的票可以直接在机器上以积分形式储存，不必拿着一长条了。",1
35715,最近有兰花展，就和家人一起去看。冬天园里基本没什么室外的植物看，主要是矿坑花园，这个感觉挺好，可以下到下面去，走在栈道上的感觉也不错，去山顶感觉也很好，就是天冷，风很大，温室花园也很好，起码冬天去很温暖，兰花很漂亮，各种品种的，有大开眼界的感觉，带老人去也很舒服，不用担心太冷老人受不了,1
1299,学生族吃必胜客的话，一定要带好学生证，消费越高打折也越划算，我们一行6人，共499元，8折后足足去掉了100元。（DQ的钱能省下来了。。。）\n必胜客的话在一票PIZZA店里算是元老级的祖宗店了，味道还是可以的，但很多人说它的味道没棒约翰来的正宗，其实我也没吃过很正宗的意大利PIZZA，必胜客这个改良版美国大饼还是很对中国人胃口的。\n它家的面食还可以，尝过几种都不错，小吃也都还行，甜点做得稍欠火候，饮料的话挺不划算的，PIZZA的花色很多选择面较广。\n小情侣吃个饭，同学聚聚餐都可以，不过多吃也没什么意思，就这点花样。,1
19028,去普陀山前因为太晚打样了，第二天普陀山回来等了一个小时开门，立马进去点菜。点菜小姐面无表情的，点了清蒸带鱼，红烧黄鱼，姜葱蛏子，竹笋螺肉，蒜蓉鲍鱼，膏蟹年糕。。。。凉拌海蜇，蔬菜色拉。我们坐的三楼小包厢，环境不错，上菜很快，服务员也很热情。菜个个味道都不错，鲜美的很，价格不贵。怪不得生意那么好。下次来还会光顾的。,1
37971,环境确实很好，灯光打在食物上，感觉菜色都变漂亮了。\n茶点很精致，黄金流沙包，超级香的。\n鹿角菌炒牛仔骨，味道非常好，百吃不厌。\n20101002环境不变，生意好了很多，中午过去都是满当当的。我和女人只好坐在过道的添加位上。服务还是不错滴。不过觉得菜品的味道没有以前纯正了，比如说我之前最喜欢的虾仁河粉，里面出现了金属的味道，偶买噶，真的是很失望。不过牛仔骨和金钱肚还是不错的，味道没变，就是吃多了觉得很腻。,1
24895,第一次去是和hsq，点了个草鱼，铁板茄子，香菇菜心。\n两个人吃了六十几，没吃完。鱼相当的嫩。\n这个夏天三月另一条鱼回来，加上HSQ又去了一次。依旧是草鱼。35一大盆，这次基本吃完了，当然除了HSQ再我们离开买小吃的时候点的黑木耳，以及我点的大白菜（菜不好，跟我无关，恩）。他们吃饱后我一个人吃了好久的金针菇……竟然那一盘都吃完了。。很大份的金针菇。\n肉很好吃啊。还想再吃一次。\n还有很强悍的女服务员。\n夏天去的话，还是要找个离空调近的位子。,1
21668,若干年前去的\n慕名而去\n而且\n我记得自己是点评过的\n怎么没有了呢\n已经记不得人均消费了\n也记不得吃了些啥\n只记得去的那天是人很多\n我们预定了作为\n但是\n由于有旅游团\n把我们的桌子换了\n服务也有点跟不上\n外国人\n游客实在是太多了\n如果没有这些因素\n这家店是很不错的,0
44002,去过两三回~每次都必点泰式酿番茄~甜甜的酸酸的很美味~不过吃多了会有点腻味~海鲜饭挺实惠的~三个人吃都够~再来就是他们的招牌尚一汤了~味道还可以~就是喝起来感觉和自家老爹的水平差不多~没什么特别的印象~里面的料倒是挺足的~,0
16442,每次去来福士都会被里面的肉香所吸引，今天总算忍不住买了一包回去，肉质不错，很有嚼劲，考的稍微有些焦，但肉铺的风味倒是更浓郁了，可是肉铺虽好，却是减肥大敌啊，看来下次买要过一腔了,1
23151,从岳麓山出来。。。随便吃了点东西。。。步行就到了橘子洲头。。。\n从湘江大桥上远眺。。。便能看到远端的主席像。。。欣然前往。。。FOLLOW了驴友们的建议。。。搭了景区20块钱的旅游车。。。就直奔主席像了。。。\n一路的景致感觉和网友们的讲法差不多。。。也就是一个有星级的公园吧。。。而且冬天恰逢湘江的枯水期。。。湘江北去，百舸争流的那份壮观也只能靠想象了。。。\n旅游车开到终点站。。。主席像果然很壮观。。。同行的游客众口一词交口称赞。。。说主席年轻的时候非常帅气。。。想到那个时候主席从韶山老家出发去广东开展农***动。。。途经长沙。。。在橘子洲头边写下《沁园春长沙》。。。那份豪气与洒脱。。。真是“数风流人物，还看今朝”。。。,1
27228,感觉去了大雁塔就要去小雁塔的说，可能是我感觉就是要这样的吧。虽然小雁塔人气不过，但是也给人清秀之感，清静的感觉让人不是在旅游倒像是在散心。照片拍出来很好看的说，门票贵了点儿，可是也很值得,0
26841,去婚博会的路上饿了，看见就进来了，15元一个，味道还可以，而且个儿也不小，据说是因为健康所以肉很少，但是蔬菜确实有很多种。只是管一时的饥饿。,0
25929,"系一个超级大型噶商场,有娱乐,唱k,超市,美食,购物噶天地~\n分区明显,容易稳,但实在太大了~如果要全部行晒,真系要好耐好耐~\n仲有好多档口未开~开晒噶话一定比宜家更加旺~\n地铁吾算直达,交通比较吾方便好少车去到~\n有都系系附近就落车,行过去~",1
43411,老爸老妈心想好，老清老早跑去吃面。。。个么我自然要他们带菜包回来咯\n看大家都说这是最好吃的菜包，早就心痒了，无奈太远，一直么去\n带回来的菜包。。。色面就弱了，5个包子，3个破的。。。烂无各级的\n马上吃了一个：面粉僵的，都么发好。里面的青菜是青的，但是不脆，还有些豆干，香菇，真心一般。真的只是很一般的菜包，难道是我买到的水平失常？？？哎，罢了罢了，吃过拔草也断了想念了\n老实说还没有美琪旁边的那家菜包好吃，还米有公司楼下食堂的好吃。。\n爸妈说面也不好吃。。。,0
27805,送朋友的时候去的，味道不错\n面不是像泡面那种哦，好大一碗，牛肉也好大~~~\n还有配的酸菜很好吃呢\n打算这星期回家前再去吃一次，不错！,1
20386,这边的环境还行，最不喜欢的就是喝水要加收。\n喜欢吃它出的菠菜薯仔蓉，好好味，软软的。\n那个雪糕三文治（不记得个名）还是不错的。\n日式pizza就看个人口味了，就是芝士不多，但是下面是一层干的饭和紫菜，比较特别。,1
20803,挺早以前去的，朋友请客。\n记得当时朋友还点了特色菜呢，可是，也行比较普通吧，竟然想不起具体是什么了\n有机会再去一次，重温一下,1
42414,跟朋友在五棵松倒地铁的时候看到了 觉得照片看起来还不错 人也挺多 就决定完事儿回来的时候进去吃\n于是晚上七八点吧 我们完事儿了 坐车回到五棵松就进去了\n都这个点儿了 人还是不少 我俩就随便找了一个离料理台近的位子坐了\n我点了一个番茄牛腩面 一杯热奶茶\n她点了一个也是什么什么面 不记得名字了 还有一杯酸奶\n我俩还要了一个什么什么薯拼盘\n后来上菜了 每一样都吓我们一跳\n那个量啊 还真不是一般的小\n再说味道 \n酸奶就是很普通的酸奶 加上一点玉米片 没有什么特色\n我点的那个番茄牛腩面 有一种奇异的香味 特别奇怪 也不知是放了什么香料 受不了\n奶茶的奶味很淡 茶味特别特别特别重 咽下去以后还要苦好久 \n反正挺失望的了\n不过好在那个拼盘味道还行 算是补了一个缺,0
27973,在牡丹园休闲广场里的餐饮还真多，那天和朋友去了一次，晚上人比较多，全是男服务员，点了炸酱面，很快就上来了，可就觉得酱味道不浓郁啊，感觉油有点多，哎，有点小失望的，他家芥末墩好吃，炸灌肠炸的比较脆，环境还凑合，就是座位不舒服，服务还是不错的，总体来说，店家的北京的风格比较浓。,1
38754,因为看到哈尔滨满街都是这间的连锁店\n于是最后一天就去尝试了一下\n点了酸菜猪肉饺和韭菜饺 还有炝土豆丝和拌三丝(?)\n饺子是东北水饺那样的 味道还行 价钱也不贵 吃了1盘半左右就开始饱了\n不过还是比较习惯吃湾仔码头的速冻水饺 (真是对水饺没什么要求|||)\n凉菜的拌三丝蛮好吃的酸酸脆脆的\n原本还叫了盘三鲜水饺 最后上菜的速度实在太慢了 就给退掉了 \n没吃上也就算了,0
29315,不知道什么时候，这里已成为我想喝咖啡的必来之地\n有段时间基本天天泡在这里，和朋友侃天侃地\n和某某戏称说来这里才有归属感\n喜欢有太阳的时候坐在外面。\n期间也试着开辟别的场所，\n后来发现自从某某心水的店倒闭后这里似乎还能成为退而求其次之所\n也成功培养了我家崽子吃重乳酪的爱好\n从以前的大杯经典转入拿铁，只是为了一个心理安慰而已\n最近发现以前的经典喝完后照睡不误，\n可现在早早的喝个拿铁居然半夜还睡不着\n以前看书上说，不好的豆子含的咖啡因多，所以才导致睡不着\n好的豆子咖啡因含量较少，并不是非常影响睡眠\n我仔细回忆了一下，大概也许是从他家频繁开始做团购开始吧\n正在寻觅新的根据地，有神马好建议呢？\nPS；那个皇家芝士是第一块把我吃吐的蛋糕，实在太腻了,0
38060,就是看了奶酪二字去的，但是吃了之后觉得无比失望。奶味很淡，很稀一点也不会有惊喜的感觉，就觉得还清不错。当然也不会再去第二次。好像周围去过那的同胞都这么评论滴。,0
15178,中午人很多，这家店的座位这儿一块那一块的，犄角旮旯真是不好找。\n宫保鸡丁饭15，好少啊，饭量一般的女孩可以吃饱，根本就不能叫宫保鸡丁，辣椒炒鸡丁还差不多，挺难吃的。\n中午的油条也不好吃，软软的。\n饭上的倒是挺快的，刚坐下就送来了。,0
14657,闺蜜来玩，帮她找到这家离虹桥机场比较近的宾馆。其实找了好几家，最后是她自己选择了这家。房间整体很好，环境也很温馨，很干净，服务是我们最值得表扬的地方，工作人员的笑容让人觉得那就是自己的家！呵呵~说的貌似有点夸张，但是他们的态度真的很好！,1
35849,这的所有面里就一个仟味牛肉面好吃了。其余的都很不想样，鸡翅很不错，奶茶凑活，凉菜的黄瓜很入味，就这些了，其余的都不推荐，要一个牛肉面，一个鸡翅，一份凉菜再好不过了,0
31424,赶火车，就随便挑了个东方既白，这店在市区也吃过，还行，哪想到，到了火车站价格倒是不见太亚花花，可是25元的卤肉饭，居然几乎看不到肉末，只有一层油浇在上面，要不是赶火车没时间和他绕，真的要好好争取下自己的权益。太差了,0
39249,听朋友说有家老家的烩面，迫不及待就去了，还真是不错，挺正宗的羊肉烩面，还送从小就喜欢吃的醋蒜，味道不错，价格也很实惠。,1
11441,现在改名“何鲜菇”了。\n毕竟是火锅店，一楼还是有点嘈杂，一进门有三台电脑可以上网，方便带小朋友的客人。\n酱料都是自己配的，不过比较贴心的是墙上贴着厨师的推荐搭配，告诉你如何用什么配各种酱。\n今天中午吃自助餐肚子很饱，晚餐就少点了一些，点了一份蘑菇，一份肉，一份蔬菜，花了200。\n锅底汤很好喝，涮菜之前服务员会给没人先盛一碗，再放蘑菇，蘑菇有不同价位的，当然价位越高的蘑菇营养价值也就越高，可以单点，也可以点整套。服务员下蘑菇的时候会把每种蘑菇的功效和价值简单做个介绍。蘑菇还是很鲜嫩的，蘸上自制的蘑菇酱料，很美味。\n肥牛我倒是觉得一般，不是很新鲜的说。他家还是主打蘑菇。,1
1607,今天中午预定了包房，约11点多到的，这边唯一好的地方大概就是包房无最低消费，不过听说晚上就只有套餐，定金100，菜还要提前订好，还好住的近。\n   进来服务员连包房位置都不大清楚，上菜刚开始还好，到十二点半极慢，等一道桂鱼等了整整一个小时，实在太不像话，直接买单走人，隔壁也是有几个菜等不及，买单走的。\n    另外一个恐怖的是排骨汤里有菜虫，难道都不洗菜的？\n    没有什么印象深刻的菜，鱼也退了，以后不会再去！,0
10211,我也不知道为什么，去过几个家乐福了，但是都有一种怪怪的臭味-。-这导致我不怎么喜欢逛。都是迅速买完，迅速走人。\n东西还比较全，活动做的也比较多。尤其是周六日的时候，人满为患。\n购物以后，养成了看购物小票的习惯，已经碰到过几次差价事件了。,0
39894,说真的，茶点还可以吧，呵呵客观点评论，也不要那么认真了。\n说起菜式个人没发现很特别的\n就是茶点还可以罢了。呵呵。工作餐可以选在这里。。,1
23951,我因为住的近，一说要出去逛逛就会去那里。很多年了。嗯，夫子庙里面的景点值得一去，但是我很早以前去过，所以也不常去。作为一个南京人，还是喜欢在夫子庙里面逛逛商店。个体的夫子庙小吃基本上都是宰外地客的，没有什么特别的南京风味、要是外地人来的话，还是比较赞成去里面的老店吃小吃。那里的小吃还是有南京本地风味的，\n对于，购物的话，里面的几家真维斯，３６１，金莱克，都是很不错的，经常打打折啊什么的，很划算。伊迪嘛，去不去没什么关系。夫子庙的里面的火锅都是傣妹一类的，比较便宜，但是环境。。。就那样儿吧、、、我很喜欢在夫子庙去三福逛，里面有两家呢。\n另外说一句，夫子庙里面有一家麦当劳，两家肯德基。。。（水游城还有一家麦当劳）,0
26658,好吧，实在不知道为什么很多人喜欢HM，这不，又被朋友拉来逛了~~\n衣服款式倒是很多，也挺时尚，但是有些衣服的那个质量哦~~真不是一般的次。。。布料看起来都皱巴巴的，做工也一般，成份大多都是什么涤纶的。当然也有好的，但是好的都挺贵，而且要会淘啊~~有一件像我家桌布一样的衣服，居然还要卖299。。。\n虽然平均价格不贵，但是这个品质，真的是没什么购买的欲望。而且因为人多，衣服都乱七八糟的，堆得到处都是，不同的款不同的价格标签都混乱了。用我另一个朋友的话说，HM的每个店看起来乱糟糟的，像垃圾场一样，他根本进都不想进去，衣服也就是超市货吧。不值啊~~,0
6317,很不错的餐厅，小小的，但有很多老板淘来的有意思的家具\n餐具有很多是宜家的\n周五晚上有表演 ，到的晚了都没座位，附近有美院，所以常常有打扮的很艺术的人出没\n大盘鸡、抓饭、烤肉、酸奶、拌面都不错,1
26927,过生日的时候去的 鹅肝酱真是不错 红菜汤做的很正宗 吞拿鱼沙拉很实在 好多鱼\n看菜单牛排都不便宜 就没点 其实算下来 少点两个小吃也就差不多了 \n味道还是挺好的 下次去要尝尝牛排味道怎么样,1
3861,要了一个石锅拌饭，一个鱿鱼盖饭和一个水果沙拉，送了几个小菜\n味道还是比较不错的～～～\n对得起那个价格\n下次可以考虑继续来吃的,1
37428,还行吧。\n馄饨个大。\n都是包好的。速冻起来。\n虾仁的好吃。\n素三鲜的也不错。\n免费的酸梅汤。千万别喝。巨难喝。。。\n还是喝馄饨汤吧。。\n味道不错,0
25721,"去染过头发,前后整咗2-3个钟头,全程俾厚重的佛教音乐包围着,感觉店铺太过自我,不太顾及顾客嘅感受,试问如果系不喜欢这类氛围的,闷坐被逼听3个小时梵音真係唔好受.\n虽说店内不停地播放佛音加之宝香袅绕,应是超脱之境吧,偏又是住家管理方式,店的小小开在里头调皮捣蛋搞屎棍,总之整个感觉怪怪地.\n说说手势吧,给我做头发的师傅还挺细心的,见到楼下大家热评的女发型师,她没有给我弄.头染得还算入色,药水也可以.\n不能确定下次要做头发还会不会帮衬这家了喔.",1
10429,（1）这次是参加团购前往该地的。（2.1）去到第一印象就是环境有点失望，与团购前在网上看到的华丽景象存在相当的差异：2011年4月21日傍晚6时左右，团购的中后时段（本人是有意挑选的时间，以免点评对其不公道），当时餐厅的灯光很暗淡，地方也比较狭小，沙发桌子也陈旧了许多，并不是之前网页照片看的那般宽敞明亮奢华，但依稀是能够感受到她们是曾经存在的，至于为何消失了？过中一定发生过什么吧。（2.2）餐厅全部基本浏览过，二楼靠近冰场的位置值得一坐，那曾是多年前在冰场外眺望向往的一处美地，原来她就是蓝玛赫。（3.1）言归正题，至于团购菜品，主菜之一果木烟薰烤牛小排配黑松露汁是不要吝啬地表扬地：牛肉本人要求全熟，肉很厚，但依旧香、嫩、多汁，且软硬适中。（3.2）主菜之二阿拉斯加黄金鳕鱼柳配韩式柚子蜜酱，一定打死也不要再吃，除非他给我换好的鳕鱼。难以想象，厨师怎么可以这样出手自家的杰作，鳕鱼肉粗、老、无特定香味，也不赞成配柚子蜜酱；本人最得意的香煎银鳕鱼是蒜子肉、香、嫩、纹理清晰，配的是香草汁，多年前的味蕾感受，至今难忘。（3.3）汤品都不错，只是分量太大，浪费；有点遗憾的是，盛放的器皿没有团购前在网上展示时那般有特色。（3.4）甜品椰香奶酪布丁配巧克力薄脆，赞，很椰很香，对于椰迷们就是少了点；另外，巧克力薄脆也忒抠。（3.5）饮品也可以，就是杯子太普通，与整体格调不那么般配。（4）向服务生索要了菜牌，不是新的，已见使用多时，当中找到了我们的菜单《548元的蓝玛赫奢华双人套餐》，而大众点评网的团购价是138元，初步判断与事实相符。（5）餐后，还有免费海岸城停车票。（6）最好真心说一句，如果可以的话，重新装修，还原那些美好的东西一定是值得做的事。,0
33565,在夫子庙逛的时候，被这家所谓的秦淮八绝给吸引了，入座后朋友去上洗手间，我开始点菜。因为不知道该吃什么好，就拿出手机上大众点评网看看大家的推荐菜，不看也罢，一看全是差评啊。难得来南京一次，可不想糟蹋了一顿，就等朋友出来后准备去其他地方吃晚饭。结果那服务员就追着我们骂，说我们是骗上厕所的。见鬼了，以为夫子庙就你一家有厕所啊。等我们下楼了，听到上面还在开骂，素质太差了。就冲着这一点，就知道这家店的质量了。,0
28087,环境挺好，东西好吃，其实觉得哪些小吃比pizza本身还好吃，推荐带cheese的，忘记具体名字了，好像是个什么培根什么的，味道很不错,0
12050,去过几回感觉非常的好，什么都有，感觉就是一个市内广场 吃喝玩乐购物全都有。这应该是我去过最大的商场了。尤其是电影院。我最爱去。。。,1
35929,"桌球室环境很好,桌球台也很好,服务不错,价格实惠,平时老公会和几个朋友相约一起在那打球,还办了张会员卡有优惠,也是个休闲娱乐的好地方.",0
38582,很便宜的一家饭店，性价比很高，主要是经济实惠，老字招牌，适合填饱肚子的一家餐厅，大饼还是老味道，这里的环境一般，服务一般，口味适中！地处中街人流较大，有时需要等位！,1
4273,花鸟市场买东西挺多的，这里不光有植物小型宠物鱼类还有家具古董兼卖一些水果。\n每次来这里转转都会捎一两样东西回去。植物，鱼，或鱼食。看看很多东西，逛逛半天就没了。,1
1016,和亲爱的一起吃的，本来是想在来福士吃的，后来说去南京路逛一圈 ，然后走到了置地..拿了情人节的钥匙扣..奥利奥的很好吃,1
15203,刚好 内个 三八节嘛 。。。\n \n探店嘛。。。\n \n纳尼。。。\n \n那里新装修嘛。。。\n \n \n因为还没装修完。。。刚进去感觉很荒凉呐，整个大厅就一帅哥  ，还不热情。。。\n就直接电梯上了五楼自助餐厅\n \n \n \n我和老妈的座位。。。有软饮。。。不过还是柠檬水健康好喝\n \n餐前先两杯柠檬水垫点。。。有助身心健康\n \n环境随便拍拍\n \n各类烤禽类。。。还不错呐。。。满地道的感觉\n \n暂时减淡了肉球 我这段时间对 杭州那偏僻的 新开的 试营业期间的 全聚德的 向往 。。。\n \n叉烧好好吃啊。。。。 油而不腻     \n \n鸭子的那个皮呐。。。。\n \n它的那个膘呐。。。。\n \n她都用不着减肥呐。。。。\n \n她不减肥就是死路一条呐。。。。\n \n \n各类糕点 和 冰激凌\n \n还有macaron 。。。 这里的不是很好吃哎 做的不好\n \n太甜。。。\n太硬。。。\n咬下去，里外不和谐。。。\n \n真货不是真的 不是真的。。。\n \n \n这里的巧克力喷泉好虚弱哦 \n \n寿司一般般\n \n喜欢 那  喜欢 那 \n \n冰激凌尤其是巧克力的\n \n感觉跟爱西西里一样了\n \n人家可是28块一个小球 今天\n我吃 \n多吃 \n狂吃 \n极度吃 \n \n一碗接一碗的冰激凌 \n \n还自以为是 旁若无人地搞起了冰激凌艺术\n \n追求更高 更美好。。。。视觉味觉双重享受可厉害~了\n \n \n \n挺喜欢这的杯子的。。。那朵花是真的\n \n \n派 macaron 和布丁\n \n \n \n鹅肝。。。\n \n \n最后的一个收尾之作。。。。\n \n那个\n美呀 \n 好吃呀\n 享受呀\n除了巧克力的 \n香草的 香芋的也不错 \n \n草莓的 咖啡的 提拉米苏的 次之\n \n当然 每个人感觉不同。。。偶是那么觉得,1
22227,去的第二次搞定小石头，选的还是看的第一颗，第一个戒托。主要是服务的小施态度很好啊，说话也很实在，看了几家感觉价格也比较实惠，所以马上就定了。主要我讨厌人多，柯蓝，小鸟人都多的要死。,1
13129,在南山第一家去的电影院 所以对这里的印象非常深刻..\n当时的票价是40元一张..没有学生价..比较不开心..\n不过现在价格似乎一直都是这样..,1
2106,基本上物品都是打包出售的，这个太不好了，买这么多回来肯定吃不完，最后还要东送西送的，太麻烦。\n买少量的物品建议还是去普通超市吧~\n      进口的物品很多，品质也有保证，每次去都要买一大车东西。\n    物品价格有的比外面稍高，不过还是有性价比很合算的商品的！,0
11859,"感觉位置不是很便利,房间还不错,不算大,但是很干净,周围没什么闲杂的人,这点还比较好,服务比较一般,价位不清楚,不是自己买单",0
8218,天气热 下午茶时间搞点甜品吃吃还是很惬意得\n这家在洪武路 没想到我才去过一次 阿土面线就关门了 可惜 他家的芋圆冰还蛮好吃的。。\n品种不是很多\n【雪山紫米黑珍珠】22米\n冰欺凌 紫米 名列子的搭配 底是白雪底\n有密集恐惧症的TX鸭梨很大 我表示我很喜欢吃那个名列子\n冰欺凌还算浓郁 紫米很实在的一大坨 就是底的冰太粗了\n【芒果双皮奶】\n这个不错啊 芒果给的挺足 双皮奶不算太甜 挺细腻\n【杏仁蛋白】16米\n唯一热的\n浓浓的杏仁香味儿 喝着还挺舒服\n就是杏仁渣子有点多\n【榴莲往返】28米\n榴莲 我的最爱~\n我不是太喜欢把榴莲全部拌到冰里吃\n还是喜欢挖一块榴莲 再挖一点冰 这样榴莲味儿更重一些 我是重口味啊 哈哈\n榴莲很纯很多 吃的很爽 同样的问题 冰有些粗\n【芒果海底椰西米露】24米\n海底椰应该是罐头装的 结果发现是好长的一整个 吃起来不是太方便\n西米煮的火候不错\n【椰汁西米小丸子】16米\n这个比较一般了\n小丸子的口感还不错 但是椰汁底太淡了 椰浆放少了 都是糖堆起来的味道\n【杨枝金捞】25米\n这是我上次团购的\n9.9还是很划算的\n柚子我没吃到 里面的芒果冰欺凌味道很不错\n芒果有点酸了,0
8171,百盛里面没什么水吧，LP说去超市买水吧。看到一个柠檬汁，我们也没仔细看说明，就是被包装吸引了，包装特像老外拿在手里的那种酒壶。结果LP打开一盒，没给酸掉牙，嘿嘿原来是浓缩汁。晚上带回家冲着喝去了。。。,1
42947,朋友请客夜宵去吃的。大老远跑去的\n听说口味还不错\n尝了下确实还可以，不过感觉也就那么回事情，呵呵\n不过人气好像很旺的样子\n价格和其他地方的小摊差不多，有的还略微便宜些\n喜欢他们家的蔬菜类\n豇豆啊，金针菇啊，蒜薹\n吃吃夜宵还是很实惠的，不贵又自在,0
36674,名气很响，下决心一定要去吃一次，去吃后很失望，怎么会那么难吃，淡的要死！没味道的，下次再也不会去了。。。不知道为什么那么多人会说好吃。。,0
12397,每次去这家湘院子都是爆棚，人太多了。味道当然非常好，够辣够香，小菜也做的不错，但是服务态度真的不怎么样，每次点餐要等很久，找钱也要等半天。不过好在味道好分量足，等等也无妨。,1
27191,新开的这些店转了一圈，最后选了一家看着好看的就进去了\n装修真是很得我心\n除了花是假花，其他都喜欢\n点了一个橘子茶，一个热巧克力，￥30/38\n杯子很好看，杯垫也很好看\n我的热可可喝着有点腻，微酸，不能算很好喝，但至少不甜\n另外一杯是别人的\n给冰水，是黄色的，后口觉得也许是大麦茶啥的，喝的不多没喝出来\n还想再去,1
1991,9月5日，是我们期待已久的一天，一大早就来到了米兰婚纱的外景基地--泰晤士小镇，这里的欧式建筑很迷人.......感觉自己好像到了国外，哈哈~~~   咨询顾问是淮海店的周姐姐，给了我们很多宝贵的意见，人也很爽气，给了很多优惠，总体来说性价比还不错，蛮满意的。   化妆师柴老师给我老婆化的彩妆很漂亮，简单的几笔就有很好的效果，很自然，很显功底。   总体来说米兰的工作人员都是蛮细心负责的。因为我和老婆都很高挑，他们给我们配的也是最高的摄影师，能考虑这个细节，我和我老婆还是很满意的。   摄影师LEO，人很好，蛮会抓镜头的，很多照片都是不经意间拍出来的，所以都比较自然不做作。,1
15275,朋友喜得千金，要去祝贺一番的！感觉这里的东西挺不错的，衣服的手感不错，款式也挺可爱的，质量也挺好的，虽然价格有点小贵，还是买了。,1
20778,2011-09-15 到达北京后的第一顿正餐，选择了颇受好评的便宜坊，感觉名字起得好，让我们误以为价格是比较实惠的，吃过之后，里面的菜也不便宜。两个人菜也不好多点，半只烤鸭（108），芥末鸭掌（48），木瓜酥（32），炒菌菇（38），燕京啤酒（12）\n烤鸭味道不错，特别占了上海没有的白糖，但还是有点油的，吃不了太多。芥末鸭掌是看推荐才点的，但是不太合我们的喜好，炒菌菇不好吃，后悔点了，木瓜酥很惊艳。,1
19844,西塘臭豆腐、招牌黄鱼、小鱼锅贴、手撕包菜做的都不错，江浙一带的口味，比较清淡。不过，有些蔬菜较为一般。对于食量不大的人来说，菜肴分量还是可以的。,1
34050,一个综合商场基本上各大品牌都有：一层化妆品，女鞋，必胜客；二层女装，还有一个吉野家；地下一层有一个华联超市，东西比较贵。,1
21619,红豆冰：我只能说，一点都不惊喜，还是想念一茶一坐里挖到最后的布丁——冰堆得很高，但是不够绵密，好硬，炼乳也是不是少了点，红豆颗粒不是很完整\n芝士咖喱焗猪排饭：进烤箱时间久了点，猪排已经不脆了，拍的粉也多了点，肉质不弹牙，有麦德龙冰柜的味道在。饭粒偏软，米粒嚼久了有纤维感。咖喱酱貌似也是很普通的中式咖喱，辛辣味比较重，芝士多一点，不知会不会中和的好一点\n蜂蜜厚多士：面包烤的不够酥，冰淇淋居然是已经融化了的装小碗里的OMG！不是一点点的失败！\n紫米芒果布丁：口感还行，只是偏甜了点，紫米煮过头了，烂烂的像粥,0
18373,逛了一圈还是想吃这个 大食代里的都差不多的 点了 牛蛙和鸡翅 鸡翅不好吃 再加了点蔬菜 金针菇加了蛮多的 别的都不多 量还是少了点 59块 送的粥也不好吃,0
10715,羊蝎子羊蝎子.好好的越做越不好吃，量越来越少咱就不说你了，还越来越贵，然后就是越来越少人去那里吃，生意也越来越不好。\n现在环境菜色都跟不上其他的。。,0
13845,服务很给力啊，生日的时候居然送了礼物和一大份水果盘，还有几个服务员过来唱生日歌，当时就hold不住了，真的已经是无法阻挡了！,1
12558,种类太多了 价格竞争也很激烈  差不多整个家庭装修都在那里买全都没问题的  各个商家各有特色 而且一到周末人特别多,1
24318,川菜都是大同小异，这家也没什么惊艳之处，春夏秋冬鸡还算是比较有创意的，但是服务水准实在是不敢恭维！不知道是不是中午人手不够，虽然是在包房，但明显是被遗忘了，服务员叫了几次都不出现，些许郁闷。,0
4988,脏乱差！！我发现台东的饭店都是这个特点！！环境差，人爆多，服务也慢，上的菜量倒是大，但太油腻了，一看就是庄户做法，实在不敢恭维！！,0
35422,周边真真没啥好吃的，这家乍比起来已经不错了~~点了四个菜，茶树菇牛肉，茶树菇很好吃，牛肉就一般啦；干锅牛蛙，味道还可以，只是大蒜头太多了。。。蟹粉豆腐水准中等；最不好吃的就是加菜的清炒西兰花，真真只有清炒的份。。。。西兰花炒过头了。。。很老。总体来说上菜速度和味道还是蛮好的。,1
30745,自从去年开业以来就一直有优惠的活动，来了几次。\n比起越来越不厚道的钱柜，麦乐迪的性价比明显更具优势，只是音响不太给力。按理说安定门店作为新张店面，音响应该不成问题才对。经我分析可能是调试上的问题，建议店家找音响师重调，稍微多加一点点混响，高音部分再给一点力。还有过于厚的话筒海绵罩对声音的过滤导致话筒对高频部分的拾取很差，后来尝试去掉海绵套，果然好一些。还有一点是歌曲更新不够啊，而且很多歌都不是原版，是重制的MIDI伴奏，这种太悲催了。。。\nPS：会员卡只有半年有效期有木有！！！！爱唱歌的孩纸你们伤不起啊！！！！,0
9034,饭后运动散步，今天换了条路线，沿着内江路一直走\n发现新开了一家寿司小店，和宝寿司，彩虹寿司差不多的那种\n开店的像一对父子，爸爸负责点菜，儿子和小工负责做寿司\n店内也可以堂吃，一屁股坐下把运动都忘记了喏\n活该我越来越肥！！！天天出门走路总归要买要吃，没一天太平回到家\n岩螺军舰 10\n给料满豪气的，紫菜包饭团\n一盘三只，螺肉大颗，甜中带脆，不错吃\n三文握寿司 10\n三文切太薄了，一口吞吃不出鱼味，性价比不高\n以后考虑他们家三文鱼腩刺身\n白金枪寿司 10\n比三文水准高，厚度有了\n鱼味和三文差不多其实\n一直觉得白金枪比赤身金枪嗲\n还点了个摩托罗拉卷，牛油果一小片，金枪一小片还有些许蟹籽\n中间是吞拿鱼酱（这个比较反感）的紫菜反卷\n层次感有，可惜搭配上口味不太出众\n两公里以内可外送，二十元起送\n以后难得想吃寿司又不高兴走动就这家叫叫外卖\n随便吃吃还算可以的，价格很便宜就是啦,0
41196,去过两次 一次和单位 一次和家里人  第二次专门为了去看小岳岳 \n地儿不是很大 但也能容纳23百人吧 相声票里包含一杯免费的盖碗茶\n座位的最后一排离舞台也不算远（比德云社近很多）\n感觉挺好的 都是年轻人\n有机会还去看小岳岳\n对了 在后台还有缘跟他和了张影 嘻嘻,1
41640,歌少，音响差，装修俗，真不知道为什么还能开这么久。。。。。。难道就是因为开在学校边上，价格也不算很贵？？？？？\n字数不足一刚。。。反正去这里唱还不如走远一点到曹杨影城边上的歌城去-。-,0
44257,这星期和妞子们的聚会终于不让我再往西边跑了\n这次从点评上找的优惠券，大家也是东南西北哪都有，就找了折中的地方\n大石碑十一号院\n地方挺好找，从烟袋斜街进去，第一个胡同，右转\n走进去路边看到一个爬满了爬山虎的蓝色小房子就是了\n话说老板看来是个低调的人，饭店的名字写的都很不明显，要往房上看\n而且名字还是篆书。。。。。。\n后海这里外国人很多，这。。能看懂吗？\n也就是这样的神秘，让我们对这家店产生了兴趣\n到底要探一探吃的怎么样\n小店很温馨，刚一进门，老板就亲自迎接\n不过后来才知道，店里木有服务员，老板兼职服务员和打杂的，真是辛苦了\n我们有9个人，因为提前定位，老板给留了一个区域\n桌椅餐具全都摆好了迎接我们\n当时店里还有别的客人，所以就没多拍\n简单拍了张环境\n挺喜欢洗手间的镜子和水龙头，水龙头的秘密还是大家自己去体验吧\n我们9个人，用了三份优惠券，吃的四人套餐\n还单点了一些\n凉拌麒麟菜：12元\n麒麟菜是很好的消炎的药材，口感脆爽\n夏天吃是道很好的凉菜，不用多余的调料来雕琢\n有点咸味就很好吃\n海带扣：这个是套餐里的\n虽然是很普通的一道凉菜，也没用什么特别的料凉拌\n口感很好，味道更加原汁原味\n虾糕：这个也是套餐里的\n虾酱做的，口感绵软，虾味浓郁，但是很咸哦\n老板说在威海，这个做的会更咸\n还是希望大家能尝到威海本地的味道\n值得尝试\n深海石花菜凉粉：套餐里的\n强烈推荐这个凉粉，老板说胶原蛋白很多，非常适合女孩子\n口感和普通的凉粉是不一样的，有点果冻的感觉\n汤汁里有很多蒜的味道，吃海鲜，这个还是很必要的\n看我们人多，聊的那么黑皮\n老板还送了盘炸花生米给我们\n鱼露西芹：12元\n鱼露是用小鱼虾为原料，经腌渍、发酵、熬炼后得到的一种味道极为鲜美的汁液，色泽呈琥珀色，味道带有咸味和鲜味\n平时吃这道凉菜也就是简单的拌一下，放一些香油\n但是加了鱼露的味道就不一样了，有海鲜的香味\n芙蓉鱿花：套餐里滴\n是道热菜，听芙蓉，还以为是鸡蛋什么的\n原来是炒“鱿鱼”~~\n一上来时候就很香很香，鱿鱼炒的火候刚好\n熏鱼：套餐里的，单卖68一份\n鲅鱼做的，别看卖相不是很好，熏出来的味道还不错\n偏干，但是还带着水分，刺很少\n鱼肉很新鲜\n黄花鱼锅：套餐里的 750克  单卖是68元\n好大一锅，一定不要碰到那个锅，很烫手，我就被烫了一下。。。\n所以保温效果很好，鱼肉很嫩，肉质鲜美\n酱香味的\n清蒸带鱼：套餐里的 单卖58元一盘，500克\n带鱼去掉头尾，都是中间的段段，咸鲜味道，很香\n自制玉米饼子：套餐里的，给我们上了两种\n我喜欢前边这种，老板说这是蒸出来的\n扁的那种是烤出来的\n蒸出来的吃起来有点水分，带着玉米微微的甜味\n好喜欢好喜欢，下次去专门打包一些贴饼子不知道老板卖不\n干炸小黄鱼？\n这是老板新推出的菜，还没有放在菜单上哦\n看我们来的人多，给做了一份尝尝\n价钱也还没定，象征性的收了20元\n话说这道菜是我们这次FB我最喜欢的\n和别的地方做的干炸小黄鱼都不一样，外表裹了像玉米碴一样的东西\n炸制出来特别香\n外表酥酥，肉质嫩嫩，咸淡合适\n希望老板能早点把这道菜推出\n真的是特别的好吃\n海鲜大会\n好大一盘子，这是我们用三份套餐的辣炒蛤蜊换的\n为了能看到下边的海鲜，上边本来是放了六个扇贝，让我们给拿下去了\n9个人愣是没吃完，都很新鲜\n最爱的扇贝，肉质肥美，配的蘸料姜和汁的配比很到位\n鲅鱼丸子汤：价钱没记住\n鲅鱼肉手打出来的，要打好几个小时\n汤比较清淡，有海的味道，丸子很鲜美\n配了一小碗胡椒粉，自己调味\n鲅鱼饺子：套餐里的 3大盘子\n手工包的饺子，鲅鱼肉质很新鲜\n我们要的是韭菜鲅鱼的，老板太实在了，韭菜就放了一点点\n都是鱼肉。。。\n还有芹菜之类的馅儿料可以选\n最后算上饮料啥的9个人吃了不到530块钱\n人均58元，在后海这个地段，海鲜能吃出这个价钱可真算是便宜了\n当然也要感谢点评网的优惠券啦\n小店很温馨，在胡同里也很幽静\n有个包间特别惬意，可惜我忘了拍了。。。\n老板是个和我们年龄相当的帅哥，因为现在没有服务员，亲自服务\n趁着有优惠券赶紧去尝尝吧,1
31138,以前去过二次，今年去了感觉水质挺差的，儿童戏水池水都黄色的。厕所也在修整。有个大的滑道好象从来也没有开放过。\n 因为这里的水比较浅带孩子来玩还不错，就是水质差了些。,0
18208,生意超级火爆 可是我觉得太咸了 可能因为我不喜欢太咸的口味吧 不过吃的人真的非常的多 从早到晚都要排队 尤其是吃饭的时候 呵呵,0
12349,是睇微薄去滴 \n在宝岗大道地铁站A出口 一直往前走 有个小区 穿过去就系啦\n店面比较细 得7张枱\n第一次系星期4去的 第二次系星期日去的\n我觉得星期4去的时候比较好点 1，醋饭冇甘散  2，上的比较快  3，分量大D\n这件野价钱真系冇得弹 走得是平价路线 \n分量足 不会像有D寿司店 只是醋饭大 上面的食材比较小 这间反而上面食材比比粗饭大份\n但有一个问题就系 醋饭五够酸 （可以讲系完全食五出的）寿司 醋饭很重要 有提味的作用\n建议醋饭多下点功夫,1
4604,上周和同事特地下班地铁相约去吃老鸭粉丝汤，居然涨价了，现在是12元一碗的，又加了4元的料，鸭肝还是那样的有滋有味，，但是加了料之后的量也不见得多，以后去吃要单独加料，不能混在汤里，，,1
40448,"交通:南京路和营口道交口,津汇广场5层\n环境:一般,开放式的快餐厅,一圈是点餐的档口,中间是桌椅,平日基本是周边写字搂\学校等的食堂,节假日是购物者的用餐点,所以人比较多,很嘈杂\n服务:一般般\n口味:良莠不齐,基本都过得去,但也没有特别好吃的\n价格:很实惠,所以叫亚惠吗",1
26400,团购的试吃小本本，狠超值的东西，每月都会两个貌似。\n所以闲来无事就吃吃吧，恩恩很方便的说，\n而我来也是得益于表妹的那两张。\n早就听闻一茶一坐的饮品甜点不错，今日一来只尝其一，甚是遗憾。\n服务怎么说呢，不同服务员的服务质量不同，一开始我们遇到的很好，后来就悲剧了。\n首先每人上来一小碗茶，味道有点像杭白菊，但是不知道是什么菊花。\n总之口感并不是很好，于是当热可可亚上来的时候，我们都感动了。\n真心好喝的感觉，很温和醇厚的感觉，没有粉末的感觉。\n喝了一口还想喝，我和表妹貌似都非常喜欢呢。\n然而，当我们喝完之后询问服务员的时候，却得知另一个甜点，这个店是不可以领取的。\n要吃必须去万象城，瞬时间，我们石化了。\n被掘了，是啊给你点阳光你就灿烂啊，给你点洪水你就泛滥。\n总之是一次开头很美好，中间很享受，结局很悲剧的尝试。,0
23194,基本上每个礼拜五晚上六点都会和朋友们一起来这里踢夜场。 七人制的人工场。还不错。边上貌似还有个室内篮球场,1
36184,基本每个礼拜都会去吃，晚上8点以后可以续杯，不过现在晚上没有下午茶了，好失望啊，每次去必点鸡翅，还有蛋糕也非常的好吃，三个人打完折之后平均每人只要40多就差不多了 能吃到撑,1
7447,喺BF带我嚟食噶\nd驴肉味道唔错\nBF好中意食饺子，次次去到都点饺子\n我就比较中意食距d驴肉多d\n白切驴肉再点距地噶酱汁，简直一流（不过白切要热天食比较好，冬天可能会觉得距冻冰冰）,1
23899,"和平饭店现在改名叫做费尔蒙了，是费尔蒙酒店集团管理了，旗下还有Swiss hotel, raffles等等，比如常德路的瑞士宏安也是这个集团的。\n改装后的和平更加大气了，房间的装修也分日式，欧式等的风格，非常的奢华和漂亮，老电梯也很有特色，朝着黄浦江的江景的房间比较少，价格比较的贵，房间内的洗浴产品为进口的沐浴产品，卫生间的设计是个亮点，面积非常大，干湿分离，明亮通透。\n再说说这里的餐饮，high tea是继半岛酒店之后又一个有名的high tea去处，甜点精致美味，甜点师主管可是个外国帅哥哦，晚餐我吃的自助餐，餐点中西式结合，很多的食物比较新奇，与其他5星级的酒店不同，东西也比较新鲜，一不小心很容易吃胖哦。",1
743,我吃了这么多的豆捞，这家真的让我太无语了，点了热红茶，续杯加热水，10分钟没来，问服务员怎么回事，居然回答我，水没烧开。因为是晚餐时间，在门口等也就算了，从坐下了到上菜，起码30分钟，服务员互相推脱责任，这个真的要好好改善。,0
35937,上次中午去吃的！菜还可以！那个蒜泥蒸虾还是蛮好吃的！鱼也可以！点的蔬菜也蛮好吃！就是点心一般性！上菜速度也还可以！,0
16379,家庭聚会来的，本来要去吃海上阿叔的，到了才发现关门了。\n于是来了这家。价格是辣手的，不过味道的确是很赞的。\n正好门口广告说有清蒸野生白鱼，点了，还不错，不过没吃完。\n那个瑶柱菇什么的汤很美味，点的时候没注意，上了才知道是每人一份的，心痛啊。一份就要八十多……\n蔬菜很好吃。黑椒牛肉粒，清炒河虾仁什么的，很好吃啊。价格都忘记了。,1
43978,实在是懒的不想出门 又不知道吃什么 偶尔才会叫 毕竟吃这些垃圾食品没营养啊 不过有时侯就是想吃 也没办法 只好放纵自己的肚子拉 希望不会发胖,0
15487,月初银行卡打折去的，预定的位子，但是非周末所以人不是很多，品种不算少，但是味道做的一般，没有什么特别出彩的，环境非常好，旋转是最大的特色。三文鱼还算新鲜的，补充也及时；牛排很难吃，很失望；烧烤区的品种挺多的，烤小黄鱼味道也一般；没有看到鹅肝；每人送了一只公的大闸蟹，挺好的；水果也丰富新鲜，不过被我看到了不好的一幕就是在水果区有两个大厨站在那里，突然有一个打了一个喷嚏，好像还是冲着食品打得，恶心死我了；甜品一般；冰淇淋是哈根达斯很棒；她家果汁味道好几种还有啤酒都免费的，这个很好，我喜欢葡萄汁；服务员服务挺好的；有优惠的话还可以去吃吃，但下次不是很想去了，不打折还是算了吧,0
12749,天气热了，夏天衣服穿出来为了避免露肉，想去减肥，看这家评价很好的，据说是篱笆网的，去看了看，本来打算买个580块10次体验卡做一下，结果正好有个MM转40次卡，即将结婚，没空去，所以转，我想想满好的，1700划算的，就转来了。\n环境真的不怎么好，不过客户很多嘛，余姐人也热情，我生过孩子肚皮松了，腰围78CM，还好没屁股，穿个娃娃装能装一下，所以就减腰腹，如今已经去了2次了，第一次去做，好难受啊，非一般人能忍受的，尤其是点穴，又酸又麻的，吃不消，第二次好很多，体重50.5KG。\n又去了两次，说真的，肚子肉还不见少，有点郁闷，听说要去10次才会看到明显效果，不过上次点穴后，回家就拉肚子了，标准的排毒哦，其实我平时没有便秘的，不过是人肯定有宿便的吧，本次体重50.9KG，居然重了！,1
12273,爸爸在这家和合谷吃饭时，爸爸居然盛赞我的刀工~\n哈哈~\n他家的宫保鸡丁饭~\n那么老大的块儿~\n我爸爸说还不如我切的呢~\n哈哈~\n我觉得他家的宫保鸡丁饭是不错的~\n双拼也不错~\n最棒的就是南瓜羹啦~\n哈哈~,1
7935,以前以为很合算，但去了之后发觉吃的东西很烂，品种很少，味道也一般，还是只能唱唱歌，所以根本一点没什么优惠，环境还是可以的,0
15019,"朋友介绍来的,介绍的时候把这里的DD说的花好稻好的,受不鸟go in还是来了\n每天中午都有套餐感觉很划算\n点了85米的牛排套餐\n分量是真心的足,而且原来都是老板亲自挑选从市场里买回来的(朋友说这老板是中国第一个米其林三星主厨)\n牛排要了7分熟,后悔了,有点小老...应该5分就差不多了\n里面的肉比较嫩还有汁水,但是表面真的有点老\n配的土豆泥还满好吃的\n加了一份青豆澳带汤,说是一点其他作料和调味品都不加的\n汤就是最纯净的青豆捣出来的味道\n很清爽,鲜的感觉不是味精带出来的,果然是原汁原味\n最后要了份提拉米苏\n号称是全上海最棒的\n有点小失望,奶油是很细,而且味道浓不腻,不过要说全上海最好,确实还没到这个级别",0
44604,4人点了一个部队火锅，就是各种肠和粉丝一起乱炖，没觉特别好吃，另有点了两份肉一份红薯，肉的量不大，味道偏咸。但是南瓜羹是无限续的，味道也还不错。Aqxcghhhhhhhhhhhhhhhhhhhhhhhhhhhhhgqe】\ncHJ他家的人很多但是空气流动不好，很闷，油烟味很重！而且人多很吵，要是聊天要很大声才行。q`ZS2W;',0
25935,这是我迄今为止吃过的最好的，虽然里面有时候烧得有点软，但还是很喜欢这个味道，最早喜欢王府井地下一层的那家，后来没有了貌似,1
38613,这家店的芝士蛋糕还不错。上次妈妈不在家，我在这边买的。还不错哦。价格也挺实惠的。最主要的是好吃。而且做出来的东西也很好看。看着就会有食欲了。,0
35824,新婚照片在桔子摄影的辛勤协助下终于拍摄完成了，可能是进入状态比较慢吧，动作显得有些僵硬，好在有桔子的工作人员非常耐心的指导，摄影师年纪轻轻水平的确不错，彩妆做的效果我们都非常的满意，灯光效果师傅也很卖力扛了包裹陪我们爬山，回到家已经是午夜了才想起来没有请人家吃夜宵呢，桔子的敬业精神很是让我们回味，已经开始幸福的选片啦，呵呵！\n摄影：阿伦\n彩妆：琴子\n灯光：大树,1
27602,"嘉顿广场是新开的吧,里面有些地方还有在装修的呢.旁边是奥巴马会所,搞笑的名字呵呵.这家人气算是里面很OK的拉,同样也是老外哈许多.色拉很大盘...其实是绿色蔬菜很多而已,有时候就有吃草的感觉了.牛肉色拉,木瓜虾色拉比较喜欢,还有大份的三明知和卷都不错,甚至里面有个豆腐卷也不错奥,可以尝试下~一直吃多了重口味的东西,偶尔吃下这种清谈的也不错.",1
22621,去年，2010年去的，真是大失所望，也是为数不多的我做的功课中比较差的一家，幸好下了DP 100-20的券，否则性价比太低了，这样的价格在上海胜过它的比比皆是，菜品不算正宗更算不上小资，点了个春卷以为是油炸的那种，上来后才发觉上当了，是凉菜，菜单上没说明，服务员也不解释，郁闷到结账。,0
39204,好久没来点评了，最近去了不少新店，先从这家开始吧。网上定了restaurantweek套餐，之前打电话过去确认预定的时候，是个外国mm接的，问她会说中文伐，她说不会，个么就问了下是否有我的预定，她说有一个预定不过没有预定者的名字，这也太随意了吧，想想估计也没什么人去，就不管了。\n饭店就在田子坊门口，不过是开在面包店楼上5楼，要坐个破电梯上去，我在门口再三确认才敢上去。结果跑到楼上的时候6点，一个老外跟我说还没6点30开门，好吧，先在里面等一下，装修不算豪华，不过感觉很舒服，厨房是开放式的，很干净的样子。\n菜单都是写在小黑板上的，菜色不多的样子，因为已经定了套餐，所以没有多留意。头菜是蘑菇和番茄片，然后是茄子派，主食是三文鱼通心粉和牛肉培根卷。\n通心粉跟牛肉卷都不错啦，不过没有吃到点评上推荐的千层面和pizza有点遗憾，下次来要尝试自己点菜。\n这天吃饭的时候除了我们这桌，其他还有4桌全是老外，吃完走人的时候也就这么几桌人，让我有点担心这家的生意，周日晚上才这点人好像冷清了点吧，不过人少安静，很适合约会哈哈。,0
30905,这家羊蝎子很正宗，非常入味，口感很不错，比之前吃过的羊蝎子都要美味~~面片加入羊蝎子汤汁中，也非常入味和好吃，赞。会常来的。,1
10453,最悲剧的事情，莫过于带了伞去西塘，逛的时候却没有随身带着，结果还是淋雨了。。。。\n于是随便找了个地方吃午饭，这家虽然咱临河而坐了，但东西很一般，也不便宜，觉得最好吃的鳝段汤要58。。。。。椒盐南瓜光瞧见面粉了。。。。。。,0
1843,听住在附近的人都说这家好吃 人气高\n就终于去试了价位是还算便宜的 像麻婆豆腐啊什么的价位都是个位数\n但是因为便宜 所以也就点多了 总的买单的时候也不贵的\n只能说 这家店这能随便吃吃 如果宴请什么的 就差了点\n就觉得熏鱼还行 不过这道菜竟然是最后上的,0
37940,家门口的店，有时候逛过去吃个晚饭，还算不错，特别爱那里的白灼斑节虾，很嫩很好吃，其他菜还好，反正无功无过。服务态度很好，还有打折卡，偶尔去吃一下，挺好,0
10688,一向对我淘宝嗤之以鼻爹妈忽然和我说定了东方CJ上面的一个床垫，我真的有点接受不了···之后居然还有愈演愈烈之势···\n还让我在网上注册了东方CJ的账号，方便查看积分···\n我只能说，人是会变的···不过一般性的一些家用品也随他们去买了~只要不是很离谱的东西就行了~,1
26714,听同事介绍去尝了下，爬爬虾，龙虾还算饱满，但是没有想到会那么辣，如果在点菜的时候可以选择辣味程度就更好了。店面不是很大，以至于感觉很拥挤！,0
29611,看到不少人买，就吃吃看了，随便吃吃，填饱肚子还是不错的选择。要了羊肉炒饭加老干妈，非常有锅子的香味。长勺的技术很娴熟，选择的花样也不少！,0
33881,以前总去，喜欢他家的麦香鱼和吉士汉堡，巨无霸和薯条也很好吃，现在搬家了，附近很多KFC，没有他家的店，也就很少吃了。,1
21019,"亲戚的婚宴设在那里,除了价格和地段说明有五星档次外,其他都一般般.\n地下车库要换电梯才能上到五楼,热菜的量不少但味道很普通,上菜也慢.菜单很普通,没有重量级的菜.\n鱼翅汤里干贝较多,料还算足,其他的真对不起这个价.\n服务一开始还算勤快,时不时换骨盆,到后面就很不耐烦了,汤匙是扔到我盆子上的.\n主席台的蛋糕是泡沫做的,我们一桌人开始研究了半天,分别派两个人上去验证了才算相信.\n真是五星的价格,三星的水平啊!",0
30150,点评上的分数还可以，5毛钱一个随便吃吃也无所谓，所以就放在计划中了。其实就是看这么小的粽子比较可爱，以前从没碰到过，才买的，况且嘉兴粽子有名，总差不到哪里去。\n店面倒是找了半天，一开始是不知道下西街在哪里，后来发现点评上的地址是错的，明明是54号嘛。\n吃了肉粽和栗子的，还真是小得一口就能吃掉。味道还行，不过还是肉的更好吃，有肉有油，比较香。\n吃完问题就来了，手油啊，所以在店里面洗手，结果发现里面苍蝇满天飞，脏得不行，顿时一阵恶心，这卫生也太不保障了吧。,0
13420,菜量不是很多，但是口味不错，价格也比较实惠，老婆婆喜欢吃萝卜皮就点了一份，一看才3元，空手道28元是椒盐猪手，口味不错，外酥里嫩很好吃；牛蛙也是他们那推荐的经典菜，食材比较新鲜；老奶奶豆腐花16元比较清爽；干捞粉丝煲，粉丝很有味道，我在很多地方吃的粉丝褒很多烧的不是干粑粑没味道就是烂糊糊的，他家不错，不干不烂，我们家老婆婆和老公公表示这个是年轻人来的地方，约会不错，总体感觉比较小资，他们这下也和我们来享受了一次，在湖南路这个地段能找到这种价位的菜还是可以接受的，呵呵！,1
4068,每次人都不是一般的多\n尤其是这家华联的店\n估计逛完商场都来吃了\n五道口另一家人还稍微少些\n也是要排队排队排队\n每次吃个呷哺容易么,0
22379,就是卢沟桥边上，岸边，就是永定河畔，河堤上种上草，顾名思义叫绿堤，人不多，也不要门票，现在又放水了，真有些公园的感觉了。,0
18266,铁锅炖鱼哈尔滨有很多家，不过这家给我留下印象很深。\n铁锅很大而且每一桌都是砖砌的现场烧柴的灶，服务员一般是大学城的大学生很勤快很热情。东北菜的热情和家的感觉在这里都能感受到。\n东北江鱼很多，在这里可以大胆尝试。\n外地朋友可能不太知晓东北的鱼类，值得推荐的很多。这里都是活鱼然后现剖下锅。鲶鱼很新鲜可以大锅煮，入锅的时候带血带黏液是正宗做法不要害怕，因为这样最鲜美。\n不过最推荐的还是酱焖嘎伢子（唇边带须子的小鱼，水箱里有）。只有一根刺没有任何杂味，上好,1
21617,很便宜 - -||| 种类比学校食堂多很多。。。里面几乎什么都有。。。性价比高 - -不过至于卫生么。。看你个人肠胃了。。不过能肯定的是，吃不死的·~~~,0
803,虽说是以蛙命名的店，但是我们全家每次去点的都是干锅鱼。\n这个鱼几乎是无骨的，吃起来也没土腥味，不错的。\n他们家的菜就是一个辣字，即使偏辣也不轻了。\n另外推荐他家的一个黄瓜，具体菜名叫不出，只是除去芯子，黄瓜皮包卷，口感略甜，调价辣菜的佳品。,0
6242,是个挺好的小学，附近的孩子很多都希望上这个学校。听说老师的水平不错。每天看到很多父母来送孩子，想想我们小时候，哪有那么好的待遇啊，还不是自己挤车去上的学。,1
1438,我是本地人，出差半个月，想吃串想的都疯了，去了深圳的丰茂，味道完全不一样，还是家里的好吃，得快点找点时间去吃串了。,1
12777,姐姐订婚前去那吃的饭  当时正好下面有婚礼 反正我饶了N圈才找到包房 也没服务员 想问都没的问  菜品味道还是不错的 在同类饭店中 价格比较合适,0
6126,东西口味一般\n提拉米苏是偏冰激凌口感的，当然我喜欢这个类型\n芒果汁一般，咖啡一般\n仗着设计有些品位吧\n不过也只是在无锡这个没多少文化气息的地方\n估计让我做一个，能做的更好些。\n帅哥店长也加把油\nPS.巷子太深了，昇平巷确实是条安静的小巷子,0
1456,就吃个环境。。。东西一般。。50字以上50字以上550字以上0字以上50字以上50字以上50字以上50字以上50字以上,1
24778,11-2-24：\n工作日的晚上被An带去的\n门口很不起眼，进去后发现人满为患\n95%的洋人，感觉我在店里反而成了外国人。\n我们没订做，去的时候刚好就是横下一桌在角落\n是个高桌椅，靠着空调很挤\n整个店灯光非常幽暗，适合情侣们去劈情操\n我看完菜单几遍后\n仍然有点举棋不定\n店员应该是东南亚的，说着很好的中文和英文\n在店员的建议下我最终点了个set加一分沙拉\nAn点了个土豆派\n再点了两小瓶饮料，气泡苏打吧。(menu上是英文的，没有soda字样，但喝着像，我老土了)\n还想来个薯片的，但是服务员很友好得提醒你们两个肯定够了\n先这些吧，不够再点\n真是超级友善的。\n很快，我们的前菜上了\n番茄烤面包，小脆的面包抹上调酱的番茄，还真挺开胃的。\n然后我的沙拉就到了，巨大一盆，忘了我点的什么source了，太酸，有纳豆的感觉，我无语。\n我的set登场时满心欢喜。\n辣味酱+鸡胸肉+炒时蔬+自制德国小面。\n吃起来就郁闷了。\n炒时蔬还算火候刚好，菜品也很新鲜\n但是鸡胸肉实在太老了，割老半天，都切不下来\n搞得心情全无\n吃起来那个口感，哎，糟糕透了。\n德国小面也还不错，是面疙瘩，小粒小粒的，手工的，还不错哈~\nAn的土豆派就有吸引力的多了\n一个砂锅上面顶个煎蛋在表面，四周围着土豆泥加培根加超级厚的芝士\n我迫不及待赶紧抢了点来尝尝，那芝士拉丝不摆咯，浓香。\n土豆泥很细软，培根碎碎得裹一起，人间美味。\n隆重推荐！！！\nAn是意大利的，他说这个味道很正宗的欧洲风情~~\n搞得我直后悔说自己选择失误\n不过后来他的几乎都被我抢过来吃啦！\n哈哈！\n那么高的洋人比例，就知道这家店真的超正宗啦！！\n起初想点pizza的，但是他们家好像只有周一周二才有pizza哦\n想念土豆泥派了，抽个时间又去解解馋~,1
33909,怎么说也是全国闻名的医院 可是里面还是有乱收费的状况 自己没有用的东西也给加了上去 只能妥协了 医院的设备真的很差 应该更新了吧 还有就是住院在这里面更是比较困难 不是一般人就能住的啊,0
7515,现在的华人以前的歌仙。在五里河商圈挺有名气的，他家以接待婚宴和商务宴请居多。我去的都是包房。装修环境服务都不错。碗筷杯碟都很精致。服务人员端茶倒水的挺殷勤。第一次去是，印象最深的是有一个专门送菜的通道，由小窗户直接递进去，包房里面的服务员接菜，各类菜系都挺好吃，电梯和楼梯都有满足不同客人的需要。,1
27061,上学时常常吃~~~因为便宜，味道也不错~~\n蒸饺： 那个时候是6元一笼好像是10个吧~~每一个都是手工包的，饺子的样子像一片叶子，蒸熟后皮子也比较有韧劲~~蛮好吃的，就是有点油。。。我不吃油的，对我来说太油了，。。。每次吃我都会把油清掉~~哈哈~~味道还是很好的\n云吞   7元一碗~不是简单的馄饨哦~~叫云吞，肉质和皮子是不一样的，更有韧劲！馅料更有弹性没有葱姜的味道，呵呵我不喜欢吃葱姜啊~~所以这个对我来说整合胃口\n炒米线  有点像我妈妈家乡的米线，有小时候的味道，米线很细，炒的却很香，感觉就像港式菜里的星洲炒面米粉，对很像，但价格却平易近人多很多了\n卤味：没怎么吃，寝室的同学很爱吃他家的卤味，说很入味，很好吃，我觉得挺辣的。。。。没怎么吃,0
12646,同样是一茶一座，竟然口味、服务有别。\n我们点了198的家庭套餐加了三杯饮料，茄汁鸡甜的能把牙齿甜到痛、盐酥鸡一看就是隔夜货、沙茶牛肉做的和浆糊一样，咸的很、别的什么菜我就不想说了，因为感觉不是他应该做出来的。\n接下来说饮料，出于好奇点了洛神冻饮，服务员端上来的时候我们问他这个洛神是什么东西做的，他极其不耐烦地说了，“这个谁知道！”，转身就跑了。。\n我想说的是，若是不买账的顾客碰到这种情况是会直接要求免单的。\n厨房的门打开，油烟呛得我们直咳嗽，反正不会再来了。,0
824,对一个闻着很香但是很辣的鸭比较有印象，忘记叫什么名字了，感觉分量很小啊，不是很实惠，还有一种叫万年青的凉菜很好吃，服务态度倒是不错。。。,0
37805,这家新亚大包离我们公司很近，每天下班都会路过，有时下班感觉到肚子不争气了，便会进去满足一下可伶一天的小胃，东西还算可以，环境一般，服务员的态度么都是阿姨级别的，冷淡淡的。总体一般吧，性价比并不高,0
33235,绿色的店面\n好像邮局一样的装潢 \n去的人也蛮多的\n外面看着就很不错的感觉\n店开的比较晚\n路过时候还没开门呢\n名字很可爱,0
38484,有一次正好路过就想去吃吃看，味道一般不能说难吃也不能说好吃．就是很普通的家常菜吧．价格一般，跟KFC是同一性质的．,0
39321,经常吃他们家的云吞，带水的云吞比较好，拌云吞虽然比较香甜，但是太干了。蒸饺也不错，那个辣椒酱，让我想起了外婆家，就是那种味道。\n就是老板说话听不懂，不知道是不是真的是福建人？！！,0
2882,曾经是我很喜欢的一家店，总觉得他家的烤鸭比隔壁的好吃，再来一盆鸭汤，美的很\n可是后来的菜系不知道为什么越来越辣越来越辣，如果不要鸭子会误以为在吃湘菜，不喜欢,0
14126,楼梯口在送券，就去看了看，都是小女生的东西，太粉啦，可爱死了，可惜不适合我！90后爱的吧。西西！！！,0
37581,10·30\n一早和爸爸妈妈、老公出发去常营公园，玩了半天后出来，本来没想来这里的，在车上一个老太太给指路的时候提了一句，我就想起来这儿的烧饼了，那肯定不会放过了。\n地方还算好找，问清了就好办，来的时候是下午快两点了，还怕烧饼卖完了，不过还好现在是全天营业的。\n就是一间小屋子，门口摆了几张桌子，地方很小也很破，交钱领号排队。\n烧饼（1元/个*8）：烧饼确实好吃，个大还沉，一看就是用料作实的，芝麻选的都大小一致，咬一口外酥里韧，很香，真挺好吃的；\n豆泡汤（3元*3）：爸爸妈妈和老公要的这个，我就尝了一口豆泡，还不错；\n羊杂汤（4元）：我要的，这特别好吃，羊肝、羊肠、羊肺，撒点芝麻酱和辣椒，非常香，尤其是芝麻酱，真特好吃，东西做的也干净，汤都差不多喝光了；\n吃饱了回家了，这一天玩下来也挺累的呢 ^__^。,1
29860,味道和“味千拉面”差不多，价格也还可以，环境也不错，服务态度也很好，就是上菜的速度有些慢，可能是因为刚刚试营业吧，呵呵,0
386,估计是因为自己一向不大喜欢自助烤肉 反正觉得味道实在是很一般的 不是很划算就是了  不过人倒是挺多的,0
24953,上次团购了牛排，指定在华联店使用。以前经常去另外几家店，没去过这家。谁知吃完后回去和男友拉了两天肚子，以后不会再去了。,0
9794,下午5点去的，还没有什么人，点的干锅鸭头，先吃鸭头再涮锅，鸭头麻辣口，吃完非常过瘾，可以加汤涮锅，选了一些自己喜欢吃的菜，再涮着吃，吃得很饱很过瘾。,0
39041,烤鱼， 一条二斤二两的大鲶鱼，号称是它家最秀气瘦小的了，上面盖着花花绿绿的洋葱、柿子椒、辣椒、蒜瓣等作料，香气四溢，先尝上一口近骨的比较薄的鱼肉，感觉香料已经完全入味，甘腴可口， 说来惭愧，之前没有吃过其他真正的好烤鱼，因此不好比较，不过此家烤鱼的味道确实有些令人欲罢不能。不过鱼身上大块的鱼肉虽然软嫩，但是鱼肉很厚，因此不太入味，特别靠近鱼头的部位甚至微微有点腥。\n    素三鲜饺子表面是煎过的，酥脆而不油腻，里面的馅是韭菜、鸡蛋和虾仁，恐怕虾仁算不得素食，不过它家的饺子味道虽然不错，还可以让店家给盛一碗饺子汤喝~\n    最后略提一句乌鱼蛋汤，里面的乌鱼蛋倒是挺多的，不过胡椒粉实在放的太多了，一碗喝下去喉咙火辣辣的。,1
10992,喜欢法颂坊的面包，样式很新颖，味道也很好吃，尤其是喜欢吃万花筒，里面夹了好多的坚果粒，不过价格有点贵哦。,1
16568,"偶尔经过这面包店 , 第一次在这店买东西吃\n那个男收银是带着情绪工作的 , 黑口黑面的 , 也没有效率 , 有意拖延工作的 , \n前面只有一个顾客外卖几个面包 , 那个男收银员故意慢慢的把每面包个别地放进小胶袋 , \n再把小胶袋放进大胶袋 , 俺就不想外卖也不想浪费胶袋 , 但俺堂食一片餐巾也没有给 , \n见其他人外卖和堂食都有给的 , \n相反俺初初选择面包时那些女店员是很和善的问俺有什么需要 , 让人感到舒适的 , \n两者成了强烈的对比",0
15773,我是带孩子去珠海玩的游客，其实当时时间不多，而我儿子想看看海景，就把车停下了，一下车先交十元停车费，那也无所谓了，因为儿子下午要去比赛，所以我想就近就在菱角咀吃饭算了，坐下对着海感觉还不错，就让儿子先坐着，我去点菜；被带到海鲜池一看，品种很少，就几种贝壳类和几种鱼，因为儿子不喜欢吃鱼，所以我就点了俩种贝壳类的，其中一种叫花甲，很普通的东西，市场都有卖，就算在饭店最贵也不超过28元一斤，可是这里48元一斤，我也算了，叫了一斤半，谁知店主随手捞了一把，我看最多也就一斤一、二，可是抗议无效，说就这样的了，因为壳重（当我是傻瓜了，我可是天天买菜的家庭主妇耶！）然后我又叫了一种贝壳类的（实在他那里品种太少了），然后就想点一些炒菜，可人家店主不干了，要我再点一条鱼，因为我儿子不喜欢吃鱼，所以我也不想点，店主就大力推荐，我问：多少钱一斤啊？答：120。我一听坚决不要，那么普通的鱼120元一斤？当我水鱼啊？还是想点炒菜，因为带我点菜的小二哥跟我说是有炒菜的，结果店主说：没有，来到海边就是要吃海鲜。你就点俩样海鲜厨房没法做！我说：是不是我不点鱼就不做我生意？店主很坚决的说：是！我说：OK！我不吃了！结果带着莫名其妙的儿子离开了。一肚子气啊！本来我很喜欢珠海，风景好，人也挺和善，可是就是有那么一些人要做这些破坏珠海人形象的事，不过我还是很喜欢珠海的，不会因为这些“老鼠屎”就破坏对珠海的印象的~~~,0
8294,有一位同学疯狂的热爱着这的烤鱼 他几乎带我们吃遍了天津的鱼酷\n味道真的不错！汤料的味最棒，蘸什么吃都好吃\n最好提前定位子 不然很难等到,0
27359,网上查了资料去的，真的非常好吃，海鲜很新鲜，花生酱很好吃，我和LP2个人刚刚到青岛，太饿了，点了很多东西，本来以为吃不完，想到最后居然都吃的差不多，结果出门2个人都撑到走不动了。,1
24497,"十一和朋友还有他家可爱的女儿来这玩,真的感觉就是一个累,可是看小家伙真的体力非常好.我就充当了摄影师,给可爱的小家伙拍了好多照片,比竟是女孩子,还会摆出各种动作,呵呵,太专业了",1
43191,全家去小汤山郊游看到这个店就去了，很农家的味道，价钱嘛也比较合适，服务员给推荐了杂鱼锅，小锅58，大锅78，种类倒挺多的，最后再点点配菜往锅里一倒感觉成了东北乱炖了，呵呵。,0
40196,"离西湖最近,适合小坐坐,朋友特别喜欢DQ.虽然热量不高,但是太甜的东西不好吃太多,否则会腻.\n暴风雪必点,经常有新品,总体不错喔!",1
31621,来过两次，环境挺好的，很大气，服务还行不错，不便宜。\n狮子头貌似不错；毛蟹炒年糕挺好吃的；大煮干丝不好吃，汤的味道怪怪的；雪菜炖豆腐不错，一小锅，吃着很暖和；干煸荷兰豆一般，味道还行，但是太油了，而且荷兰豆侧面的丝没有择；宋嫂鱼羹还行吧，没什么特别感觉。\n总的来说还可以，清清淡淡的，吃完可以领停车券，免费停车2小时。,1
17978,阿童木，儿时的回忆！可爱正义的象征！LG有件绿色阿童木的汗衫，要200多块，个人觉得很呆！现在居然用来睡觉穿！材质也没啥特别的，穿时间久了就皱巴巴了~跟普通汗衫没啥两样嘛..还是小摆件等周边产品可爱点呀！,0
21580,6英寸火腿三明治（12.00）好像是早餐特价～在虹桥机场里面已经算是超划算的了\n3块饼干（8.00）：很大很软的饼干～,0
34928,每次说到这个偶都想哭啦。。。小新 你干嘛浪费钱呀。。。还不如把钱给我呢 真心贵呀\n好吧既然已经花钱了，那就海吃吧 吃的是自助的。每人将近200呀，为了把这些钱给吃回来，我是吃到嗓子眼了 = =撑死老娘我拉 说说菜吧\n爱吃日本料理的 会觉得很好吃的饿 我就很爱吃呢\n上菜的速度有点小慢 不过我嘴巴甜，服务员的态度也就蛮好啦\n牛舌 三文鱼 牛小排 还有刺身（量比较少）很好吃的,1
18945,吃了几次，味道还成，没什么特别好的，每次去都会尝试小菜，但几乎每次都失望，反正口味感觉怪怪的。没得吃了才回去吃，一般不会主动去吃,0
29922,来西安玩的时候朋友选择了这家，说可以打折，貌似后来确实很便宜，4个人才花了220，在沿海大城市都不敢想象的。\n据说在西安算是挺高档的KTV，音效么还可以，不过似乎隔音效果比较糟糕，感觉很嘈杂。看起来布景很时尚，而且房间都是用星座命名的，感觉蛮有趣，只是服务员有点不够热情，这一点要提出批评的。\n反正玩玩也好，我也没去过西安别的KTV，这一家如果在沿海大城市算不上很好，但是它的价格也相对便宜，果然是一分钱一分货。,0
33432,看朋友头发剪得不错，我也想去试试，我选的是剪发最便宜那一档，好像是38，剪完效果没有预期的好，可能要是选再高一档的理发师弄会更好些，因为朋友剪得真的不错。,0
3984,拌面汤面烩面炒面一应俱全，适合果腹的面馆，味道也相当赞，小碗的量超大，大碗的就是超超大了，面条做的稍有点硬，好在非***道，汤底味道浓郁，牛肉汤鲜咸，肉粒和墙上的图片完全不符，图上明明是肉片嘛，此店适合能吃的爱吃面的人经常光顾，好吃不贵，味道不比苏式差，量却是2倍之多。\n吃完面条，忽然又想起来民宜家的老汤干豆腐了。。。\n朋友说的对，惦记，真是让人温暖又幸福的事。,0
35052,可能是周末去的，环境挺嘈杂的\n食物没有想象中的种类多\n我唯一爱吃的就是这家的甜品\n有人还说有佛跳墙\n我根本没找到\n可能这个价格也就是这样档次的自助餐\n中午是78，晚餐时88\n郁闷的是我都结完账了忽然发现是点评卡的优惠商户\n貌似可以88折呢\n算了下次记得用卡吧，呵呵,0
4288,斌仔倾情推荐，据说他当年每天都会在这儿喝一杯咖啡。\n今日一试，对过咸的pizza有点小失望。叫的是local cheese，香格里拉芝士。加了培根跟红辣椒，自制的面不错，香蕉奶昔也差强人意。\n环境不错，基本只有外国人光顾。\n小资一下就好。,0
43207,普遍不太喜欢他们家的衣服。用我同学的话说，他们家的衣服放在一起看还行，单拿出一个颜色来就不灵了。\n中环的店感觉还行吧，ユニクロ本来在上海就没什么特别好的店。上次去新天地附近好像有家还凑活,0
3760,有她家77折的卡，价格还算可以，她家的牛排、香肠味道还不错，还有番茄蔬菜面、烤鸡翅之类的小吃，随便吃吃都还可以，不过主要还要看厨师的发挥，时好时坏的,1
30114,三个人去吃的。点了三杯鸡，丝瓜蛤蜊和榄菜肉沫。\n三杯鸡不错。丝瓜蛤蜊是包在锡纸里的，好多汤，很鲜。榄菜肉沫以前吃过，这次做的太咸了，包着饼吃都咸。\n以前是在工作日的中午去吃的，人很多，还要等座。这次周末去，人很少。看来主要还是做周围办公楼的生意。,0
20995,装修就是很一般的火锅店\n给的是那种包好的那种一套碗碟，个人对这个很反感，因为觉得不干净 \n鱼是现杀活做的，选的是黑鱼 麻辣锅 很嫩 不腥\n每桌送一壶豆浆\n其他比较乏善可陈，有些东西直接是超市货，直接拆了包装，端上来,0
24968,好长时间没有去这家了，人还是那么的多，五点去排号都等了20分钟。4个人点了3份西冷，1个特色排，还有鸡翅，拼盘小吃。味道感觉没有以前好了，是不是人多了的原因，质量下降了，第二天朋友说肚子不舒服，不知道是不是材料有问题啊？,0
37033,光谷那边的去过一次，是圣诞的晚上，服务态度很好，就是现在的ＤＱ没有以前的好吃了，以前的很浓，现在的口感没有以前好，总之光谷店还不错！逛累了去那边吃吃还是很好的～,1
17974,"这学校敢使用新教程.它的教程是省实验型的.所以在这学校读的压力很大.一不注意就会退步了.各位家长,可以考虑一下!\n注：环境很好",1
41114,逛街饿了就直接去了，想不到周五的中午也要排队。基本上所有菜品都偏咸，感觉是用酱油味堆出来的。两人点四个菜其实就够了，我们点了五个，不过也都吃完了。生煎包没有生煎包美妙的汤汁，以后不要再点了。看那个皮蛋豆腐看起来好神奇，但吃着也没有普通的好吃。烤羊排味道不错，但是太肥了。 酸菜牛肉粉都是粉丝和调味料味。 \n感觉比较一般吧，不过生在便宜就是。\n哦，他们家无线网络是连不到网的，这个在我看来很不能忍受。,0
29843,每次路过这家店的时候都看着很火爆，本以为还不错，\n所以昨天和家人去吃了一次。\n什么破玩意儿啊！！一点也不好！！\n连菜单都掉页了....\n炸酱面的配菜太少，水萝卜丝都没有。\n还不如北京站旁边那家炸酱面餐馆看着正宗呢！\n芫爆百叶...简直是芫爆香菜！！\n豆汁就那么一小碗...也不够酸，怀疑兑水了。\n酸梅汤也没味道。\n炸灌肠...我就没见过灌肠切得那么厚的...得有1厘米了....\n也就开在这里才能人山人海，要是换了地儿，估计早倒闭了。\n这家店就是骗旅游的外地人的！！骗老外的！！\n这么不正宗！！真丢脸！！老板肯定不是北京人！！\n以后再也不去了！！,0
10495,感觉象在上海的商场，大都是大陆口音的，国人扫货热情足啊~~~\n店员很忙，一个人要对N个顾客。\nneverfull中号的涨价了，6150HKD，泪奔~~~,1
20604,我就喜欢喝他们家的奶茶\n布丁奶茶啊 珍珠奶茶啊\n双拼啊\n老实说我只喜欢这些\n也是他们家的特色\n奶茶也算上沪上这些类似的奶茶小店里不错的\n其他么。。。。应该要买还是买奶茶吧,1
33029,某天的中午，同閨密前來此處用餐，時間有些久遠，很多細節不大記得了。。。\n位于東方負層，很好尋，白色主調，客人不多，比較清靜，我們也是看中了這點，適于閨密聊天。\n二人點了如下食物：\n【土豆沙拉】\n份量OK，本來也就是很管飽的東西。拌了紫蘇，但吃起來有種我們都覺得熟悉的味道，但也都說不上來具體是什麽的味道。\n【咖喱鸡肉饭】\n貌似還行吧，其實我沒什麽印象了，但沒印象意味著不很好，但也不坏。\n【茄汁海鲜意大利面】\n貌似也還行吧。。。\n【飲料】\n真的一點印象也沒有了。。。。\n最後兩人吃的很撐，說明份量比較足，貌似還剩下了。\n好吧，我承認這篇點評很水。。。。。,0
935,"买咗来食好耐,但一直都唔记得点评。\n买咗6只味道,（时间太耐唔记得边6只）,芝士草莓果最难食,反正就系有芝士味道都唔好食,好奇怪。\n最好食都系抹茶。价钱都算贵。",0
24840,前一阵子室友过生日去的~~忘记评了~~\n当时我们是用了优惠券好像~~晚餐每人39~~下午五点半开餐~我们基本属于第一拨去的~所以~选了距离取餐台最近的位置~~服务员调好了炉子放上烤盘~我们去餐台转了第一圈~基本各种肉类一应俱全~海鲜类主要是河鱼~还有各种蔬菜~水果~点心~面食方面比较有特色的是朝鲜冷面和石锅拌饭~~\n过了一会，广播（好像是）里听到说到餐台可取烤好的里脊~~去取了一盘~~味道非常不错~~基本……比我们烤的肉都要好吃……还有要特别推荐的是他家的玉米汁~~特别香浓~~不是太甜~~适合猛劲吃一轮之后稍事休息时喝一杯~~\n人多的时候，服务员自然就忙不太过来~~所以换烤盘要招呼好几次，餐盘更是基本自理~,1
5206,地点很好，在李公楼路口吃处，一眼就能看到。餐厅在三楼处，是一间大厅，经理招待的，服务态度非常好，让人感觉很亲切。可以办婚宴。,1
6174,这么火的店，专门叫朋友来吃的，晚上20:20到的，人那个多啊，人行道都占满了；\n拿了等位票20分，拉到一广告牌下，一张小桌，马路上是剩菜桶，要求挪桌子到空地也不同意，说打扫卫生的下班了，还说要么坐这，要么………… 想着这么晚了，就忍了\n点菜后餐具没有，还是自己去拿的筷子，又等15分大份的最辣大盘鸡上来了看着好大的一盘，餐具还是没给，吃着小份的红烧也上来，小桌子都满了；\n看评价人一般都要的微辣，这最辣的我吃了1口嘴巴都是麻的，再吃红烧也是辣的，我们有3个人爱吃辣，2个不吃辣的，2盘都吃完了；大盘的有大半都是辣椒，这么辣应该加的味素，红烧的大半是土豆，但汤汁的味很好；\n人们来这都是为吃个痛快吧，但服务么根本没有，体验下以后是不会来了,0
32746,对装修什么的完全觉得OK\n很符合唐会这个名字的说\n场地很大，也感觉很有档次\n但是对服务一点也不敢恭维\n让我觉得和这个地方一点都不匹配\n单位去吃年夜饭\n印象中没吃到一个好吃的菜\n但是价格却贵得离谱\n估计不是商务宴请\n不会再去第二次了,0
668,每次从台湾带回来都大获好评！\n如果有去台湾玩不要忘了多带几盒。\n发源地是台中的大甲，不过现在在台北也买的到。\n101里面就有专柜了~,1
10864,当时是我刚来北京的第一个月。和同学逛街的时候看到这家店，很兴奋地买了一对戒指，上面是法文的爱意誓言。这是我和老公的第一对戒指。也许将来我们会去法国：）,1
37569,每回去都有惊喜。第一次跟同学聚会，吃到了农家豆腐，非常意外，感觉像土豆泥，很好吃~ 第二次去，吃到了一个用竹签炸的鱼，也很好。第三次去，点了上海酱鸭，哇赛。。。一大盘子，满满的。很实惠。\n注意！鲜榨果汁就不要在那里点了，都是兑水的，而且那天我正好看到了整个制作过程。。。。就不在这里赘述了。,1
6045,在旧鼓楼大街上，坐地铁在鼓楼大街下车后，从B口出，往南大概要走20分钟左右。店就在街面上，比较好找。[味福八爪鱼] 八爪鱼肉质筋道，有嚼头，酱汁微甜，不腥不腻不塞牙，非常喜欢的一道菜，推荐。\n[鲍汁辣魔芋] 说是辣魔芋，但是其实不太辣，呵呵，酱汁是偏甜辣的，因为喜欢吃魔芋，所以很喜欢这道菜。浇的汁味道很好。 \n[土豆泥沙拉] 实物跟菜单上不太一样，土豆泥非常细腻，很软糯，上面点缀了酸黄瓜和西红柿。个人很喜欢吃土豆泥，所以也很喜欢这道菜，不过总的来说这道菜做的中规中矩，感觉没有什么出彩的地方。 \n[烤鸡翅] 鸡翅烤的很嫩，咬开皮以后有汁，但是不太入味，我还是比较喜欢烤的焦焦的，或者是蜜汁鸡翅那种腌制的非常完全的做法，可能因为我的口重吧。 \n[烤肉] 包括三种肉和两种酱料。分别是烤羊腿、烤鸡排和烤肥牛。,0
39938,跟风和几个同事来的，第一次去的人肯定有点摸不到头脑的，小小的店面到了中午时间貌似有不少人都是过来解决午饭的，有不少穿正装的日本人还有不少带孩子的日本妇女。\n一进门先自取一个餐盘，确实有点食堂的意思，然后各色食物一并堆在台子上供食客选择，有小食、烧烤、炸物等等，最后还有主食，基本日料店有的这里都有了，只是口味上因为不是现点现做的，有些食物可能需要店员再次帮你微波炉或烤炉上加热一下，这个会有点影响食物的口味，但总体来说还是能找到自己喜欢的食物并且在这里吃饭速度比较快对于赶时间的上班族来说还是蛮理想的健康午餐，也不会担心很油腻或热量太高。,1
15876,2个人，茶位共10元，调料费共10元，这样就20元了。\n一个大鸳鸯锅，28。感觉油不是很干净，回家肚子疼。不够麻不够辣。\n野菜煎饼，神码糯米饼，裹着花生碎。\n羊肉牛肉卷各一份，白菜，冻豆腐和淮山。\n小份田螺。\n没吃出特别有印象的菜。,0
41585,很亲切，一进去看到传统的大红布还有红木桌椅。香肠超地道的，还有炒米粉也很棒，鲁肉饭也好吃，还有甜不辣，都不错！,1
18021,主要是一堆人一起去，便宜啊\n但是卫生让我很担心\n觉得傣妹的白沫子特别多\n东西新不新鲜让我很怀疑\n就图个便宜和爽了\n不过还是少去。。。,0
17661,在mix的光芒下显得很平民 但是装修绝对是一流的 没有舞池的设计也是首创 关键是不要门票 所以很多无票的人就进去感受感受 有领舞 有时有演唱 还不错吧,1
17881,真荣幸，来武侯祠碰上大庙会，有好多彩灯，特别有气氛哟，而且门票从60降到30了，不过人太多了！\n里面都是刘关张的塑像，还有演出可以看！呵呵,1
15218,"用的是点评的团购券,澳州肥牛很好吃,而且烤熟也特别快.培根不好吃,有点过咸了.三杯鸡石锅,没几块鸡肉,而且肉很干不好吃,里面的年糕味道不错,但是实在是太咸了太咸了.",0
14556,今天中午和姐妹们一起来happy的，就挑了这家刚开不久环境不错的店。馋嘴的小秒点了他们的特色BB鸭，甜甜的，很香，肉质也不错，很鲜很细很嫩，而且配料也很不错。手撕包菜很脆，我们几个小姐妹都抢着吃，没几下就没了。可能是中午吃午餐的人比较多，服务员叫好久才会从另一桌跑过来过来，有点小不美。,1
34548,就在公司旁边，曾经因为生意清淡停业了一阵，去年又重新开的张，不过把一楼租了出去，只保留了二楼。\n二楼只有楼梯旁边的四个桌子算是大厅，其它都是包房，不过包房并不收服务费，所以当然宁肯坐包房了。\n重新开张后价格并没有调整，锅底仍是26元，净鱼头26一斤，全鱼头是22元。但增加了特价菜品，比如花鲢12元一斤，除开特价菜品，还经常搞活动，比如满100送50等等。鲜椒锅麻辣味很重，这点还是挺不错的。\n但是有几点让人不太舒服，比如有时会被告知生意太好，花鲢已经卖光了，我觉得比较假，不够诚信。另外有一次某位据说是大厅经理的人服务态度也非常差，让人受不了。,0
30880,和朋友去过几次，比较实惠，性价比还是不错的，川北凉粉、干锅花菜，干锅牛蛙每次必点，服务也是不错的，上次去点了份菜泡粥，还打了包,1
30960,其实是三个月前吃的，具体吃的啥已经记得不太得了，就是那些，关键是它漏单了~抹不直啊抹不直！据说现在还涨价了。恩横,1
4763,上午陪朋友去这家DIY烘焙坊DIY蛋糕，结果没想到今天是中考，车子一转进四川中路就开始堵，一路上堵到甜爱路这里，很杯具啊！比原定时间晚了半个多小时才到，店家已经有很多人在做蛋糕了。此时看了下手表，将近11点。店家定在11点半休息，结果因为我们的迟到，他们只能放弃中午休息的时间了，很不好意思啊！\n    DIY蛋糕，先做了蛋糕的胚，鸡蛋清，糖，油，还有面粉，一样一样放，一步一步来，陈老师在旁边耐心地教导我们怎么弄，虽然自命一身力气，不过有力气不会使的话也会很累的，事半功倍，后来掌握了窍开，就顺手很多了，哈哈！在一边身边的那位，one day world。得了还是我来吧。弄完蛋糕胚就放进烤箱里面烤啦。\n    啊下来就是做曲奇饼了，我本来只是陪同拍照人员，结果后面变成了主力了，可怜了我“老婆”了，被我凉在了一边，一边做蛋糕，一边和老板聊天，说到现在的南海争端，老板和我都是群众，我朋友经常接受党员现金、性、教育，结果还说这说那的，我和老板的认识相同，越南，该打，该灭，没有理由。不动是因为到家都懂的，一个字，捞！\n    蛋糕胚子做完以后就开始做蛋糕啦，涂上鲜奶油了，因为是现做的蛋糕胚子，老板特地关照不能放时间久的，2，3天内就要吃掉。老板的手势绝对专业，动作哈快，蛋糕的一圈涂了一层，结果我朋友上去自己涂，就把老板涂的那层也给弄掉了，杯具！不专业啊！搞了一会儿后老板还是出手相救了，哈哈！在老板的帮助下，蛋糕完成。\n    一会儿曲奇也弄好了，出炉，收工，闪人啦！！！！,1
9882,最喜欢吃剁椒鱼头里面的粉丝，辣辣的，口感很好，鱼头汤蘸馒头也很好吃，就是环境稍显嘈杂，讲话要特别大声才听得清楚。,0
36031,∷∷∷∷∷∷∷∷∷【化隆面店（轻校店）】∷∷∷∷∷∷∷∷∷\n那次是去中山大学看电影，《南京南京》。\n面店倒是干干净净，比轻校门外的那条巷子的总体卫生状况要好。\n【牛肉大葱拌刀削面】9元。面多葱香，但牛肉不够嫩。\n【羊肉汤】10元。味道还行，材料很多，很大杂烩的感觉，象军阀割据。\n【葱花大饼】3元。这种葱油饼趁热吃很香，但冷了之后就象老油条一般难嚼。\n吃得太饱后看电影其实是很不科学的事。\n看洗具不敢笑得太厉害，看杯具很怕吐出来。\n∷∷∷∷∷∷∷∷∷∷∷∷∷∷∷∷∷∷∷∷∷∷∷∷∷∷∷∷\n【拿铁语录】\n战争是人性最丑陋的表现。\n最丑陋的战争则从根本上泯灭人性。\n∷∷∷∷∷∷∷∷∷∷∷∷∷∷∷∷∷∷∷∷∷∷∷∷∷∷∷∷,0
42609,去百盛、万达一带吃饭基本上首选这里，每次都要吃土大力套串、石锅拌饭，再点上一些其他的，吃到撑。套串里面的每一种都很喜欢。,1
18612,去到丽江既第一餐我地就点名要食腊排骨！跟住个地胆就带我地黎咗依间话说系最正既腊排骨火锅店~~间嘢系个市场入面，环境卫生大家捻都捻到啦...\n6点几去到已经坐满人，好彩等咗唔够5分钟就有位喇！大家都坐系D矮台矮凳度食，我地当然入乡随俗啦！（结果坐到我脚痹...）\n一坐低，唔使讲野就帮我地上咗煲腊排骨，仲有成车仔蔬菜放系你旁边，食几多算几多！\nD排骨睇落好肥美，但食落一D都唔觉得漏，仲好香添！+埋D辣椒粉同腐乳简直一流啊！排骨唔够可以再加！冻天食一流啊！！\n同场仲有两位阿叔卖唱添~都几多人点歌噶！\n价钱好平，我地5个人好似200蚊有找！\n（建议大家唔好饮咁多嘢，听闻个厕所好邋遢！）\n下次再去！！,1
38298,以前喜欢吃肉夹馍，不知道今天是吃多了，还是有点怕肉的感觉，吃了两口就不想吃了，也许是不想长胖的原因吧，自己还是要加油，不要长胖了。,0
44138,秋天的时候和现任男朋友在这约会来着，家住得近，走走五分钟就到了。\n露天的位置很不错，靠马路，还有投影的大屏幕可以看球赛。\n啤酒价格不贵，晚上来的，没有点吃的。下次再跟他一起去。老外比较多，室内的装修还不错。,1
28879,這家美甲店是算比較知名的了...因為朋友有的去過這邊做美甲...然後說這家是不錯的...我雖然對這種美甲什麽的沒什麼概念...但是這種我還是會跟著聽一聽的...總歸覺得看人家美甲什麽的都很美的...學校那邊有一家理髮店兼美甲...不過倒是沒進去試過...不過看過人家同學試過...塗好之後都挺美的...\n所以耳濡目染對這種美甲是有些興趣的...看到外面賣的指甲油都很好看的...顏色什麽的都不錯...不過覺得現在是決計不會去美甲之類的...不過上次陪朋友去美甲的時候去的就是這家...也正好能觀摩到他們家到底好在哪裡了...\n過去一看感覺是不錯的...他們家手腳的美甲都可以做的...有的女生也說做了之後覺得很好很喜歡的...他們家的顏色特別多啊...可以有很多供選擇的...我看到有人是每個手指都來了一個顏色...五顏六色很花哨...還有就是塗了之後還弄了花紋上去...他們家選擇的花紋也很多很美的...\n果然是對得起他們家的名氣啊...,1
4553,昨天刚从西塘回来 西塘一日游也就中饭和午饭两顿 \n中午到的晚 老品芳已经客满 钱塘人家也多到不行\n于是决定边逛边吃小吃 晚饭再到老品芳正正经经地吃一顿\n本打算去钱塘人家的 最后看点评 就因为老品芳比钱多了半颗星 就决定改吃老品芳 现在后悔了- -\n鉴于中午见识到了老品芳的人气 下午4点我们就去等位子了 这时候已经有两三组人等候了\n一般是4点半开门 大概4点一刻就会放人进去 看大家那个冲劲啊。。。 - -\n我们5个人 点的基本都是招牌菜 但这味道真心让人失望 不知道怎么会有那么高的人气\n而且明显感觉这个都是大锅菜 大家点的都是那么几道 就事先一起烧好然后分成几盘\n所以根据菜单上的“各类时令蔬菜”点了个清炒空心菜 直到吃完了还没上菜 \n估计是其他没有一桌和我们一样点空心菜所以他就不烧了吧 由此可以证明大锅菜\n第一道酱爆螺丝上来就是温的 好无奈- - 螺蛳个头又小 味道也全被辣味盖掉了\n蝉衣包圆也就是豆腐衣荠菜（青菜）包 有些汁水 一般般（感觉蘸醋不好吃）\n椒盐南瓜切片样子很难看 大小不均的 椒盐也撒的不均 一口闲死一口好淡\n响油鳝糊还行 但是太甜了 拌拌饭还行\n清蒸白水鱼还不错 鱼肉挺嫩\n菱角炒毛豆 我喜欢里面的菱角 粉粉糯糯的 吃了好几块\n馄饨老鸭煲 汤头倒是挺鲜的 但馄饨一般 皮还黏牙\n还有个凉拌黄瓜么 也就不评价了\n菜单上打星号的都是厨师推荐菜 每桌必点的 所以我估计这些都是一大锅一大锅烧好的\n点菜的时候阿姨还说你们点完了 冷菜可以加 热菜就不能加了 我就莫名了= =\n而且每个菜量都好少 每盆菜5个人吃吃差不多 10人的话够呛 难怪阿姨说我们这些菜肯定吃的掉\n服务么真心差 旁边一桌点完菜等两个朋友过来 结果阿姨就来叨叨 \n说人还没到齐就点菜坐着不吃 人家外面很多人排队等着啊神马神马的 听的人就不舒服\n我们这边也是 我们几个女生吃完了 男生还没在吃 那阿姨就拿着收拾的盆子在旁边看着我们\n还问我们你们吃完了伐 我们说等我们走了你在收吧 阿姨不管就冲上来三下五除二收拾了\n环境么 很普通 也不是临河观景的饭店 估计店家就希望你快点吃 吃完走人 可以多翻几次台\n菜式也不怎么样 还不如随便找家河边可以观景的小饭店 随便吃吃 估计味道也不会再差到哪里去了\n4点半吃 5点出门 门口还有好多人在等 真想奉劝他们一句 散了吧~~~~,0
28113,在深南茂业旁边，挺好找的地方。川菜做的比较地道的一家店，不算特别辣，可以接受的那种。水煮鱼、水煮牛肉、夫妻肺片等，味道都不错。服务也挺好的。去华强北那边逛街，经常会来这里。,1
11886,终于完成大片啦！感谢蔚蓝海岸所有的工作人员！谢谢你们热情的服务以及精湛的技术！\n客服：【小可】耐心可爱的MM，总是尽力满足我的需求\n化妆师：【君君】我的美女化妆师，长着一对会说话的眼睛，手好巧，总是那么快就帮我做出漂亮的造型，大爱~~~\n摄影师：【糖糖】超级漂亮的技术精湛，才华横溢的一位摄影师，听说她一直身体不好的，帮我们拍的时候刚好休息完回归，丝毫没有怠慢，还是那么敬业和专业，我跟LG没有拍过艺术照，动作什么的都很僵硬，她一点都没有不耐烦，一遍遍叫我们动作，帮我们找最好的角度拍摄！谢谢你！辛苦你了！！\n   助理：【超超&摄影助理】最辛苦的就是这俩孩纸了，跟着我们跑来跑去，打光，甩裙摆，补妆、换衣服、拿道具~，不辞辛劳 任劳任怨\n \n真心感谢上述的所有人！为了我们的美照付出了一天的心血与汗水，也谢谢你--蔚蓝海岸，给了我们那么与众不同的大片！,1
43672,去那儿开会，午餐就吃的EZ。\n真的很普通啊。\n如果我自己来吃真的觉得超不值。\n倒是作为一个公务餐地点不错，可以一边吃一边聊。\n落地窗旁边的位置很不错。\n至于吃的，就没吃到我中意的。\n寿司跟我做的差不多。\n大家说甜点不错。\n是我没吃到好吃的么。\n一个什么草莓慕斯，什么巧克力，还没DOVE好吃。\n如果为了吃甜点，还是去超雅吃乳酪吧。\n如果想去尝尝，不推荐了。\n商务场所，还是不错。,0
15895,昨晚过去吃的.那个一肚子的郁闷啊.上来的牛排是冷的.上的另外一个什么竟然是放了好多芥末啊.还好薯条是现炸的.很脆很好吃,0
30176,同事推荐的湘菜馆，感觉装修很一般，环境也麻麻的，服务就不咋的啦\n菜的味道还是不错的\n每次去湘菜馆必点的就是手撕包菜了，还OK拉\n性价比还行,0
28056,上个月本来想去的\n因为一直挺喜欢他们的东西\n不去不要紧\n一去真是要命了\n怎么那么多人在排队啊\n后来才知道 是在发售限量款的衣服\n有必要么,0
18881,游完泳好饿\n想吃烤鸭了 \n我一辈子吃烤鸭都没夹过葱\n有人说 这就是为什么我一直对烤鸭不感冒的原因 \n遂来考察\n的确耶\n不知道是应为太饿还是夹了葱 \n这次的烤鸭真的很好吃！！！\n后悔只要了半套\n完全不够吃！！！\n而且半套不给鸭架子 （挺不合理的，半只鸭也有架子啊，你们都凑2个半只去卖了吧？再少也应该给我们把）\n酸梅汤足够酸，我都喝不掉\n服务跟不上，服务员超多，但态度懒散，态度差\n而且厅里也不分无烟区，无数人在我身边抽烟，弄得我及其难受\n不过，环境很好，紫紫的很大气,0
26553,味道是不错~ 吃了个芒果的 里面还有蔓越莓 现在凭学生证买一赠一 还算超值啦 下午吃的这冰激凌 吃完以后就饱了吃完以后晚饭都没吃 哈哈 服务员服务态度超好的~,1
41472,我记得是一个月前的一个星期六，本来想去新旺茶餐厅吃午餐，因为没有做功课，记错地址没有找到新旺，加上最近不吃辣，所以只能去这家店吃午餐，记得当时是12点多到了那里，居然还要在餐厅外的座位上等位，外面还有一对情侣也在等位子。大约过了一刻钟，服务员便招呼我们，走进餐厅觉得环境还算可以，干净明亮挺新的感觉。现在就来说说他家的菜式和口味。\n   我翻开菜谱一眼看中他家的深井烧鹅，记得这只菜很贵半只就要一百多，结果被告知卖完了，只能点烧鹅加5元就能加烤排，这两种口味都很好吃，是我吃过的最好吃的烤排和烤鸭，价钱好像是48+5元。第二个菜是鳕鱼，鳕鱼炸的金黄，只有一片鱼肉嫩香，价钱挺贵好像要78元，第三个菜是冷菜手撕鸡，鸡被撕成一丝丝，鸡肉有点偏生，血丝中鸡肉有点生的颜色，不过味道很鲜美，鸡肉嫩又入味，第四个菜是点心肠粉，下面是蔬菜上面放着几根白色肠粉，入口味道一般般，价钱好像是15元，第五道也是点心榴莲酥，这道点心好好吃，还点了水煮鱼，我觉得不大好吃，除了辣吃不出其他的味道，绝对没有川菜馆做的好吃，还点了冷饮是冰欺凌球，水果里面的东西很多，样子很好看，不过冰欺凌味道不怎么的，口味居然像光明牌的三色杯。\n  最后买单三百不到，当时还送了50元券，要一月内用完，我本能觉得它家的菜性价比不算高，只能偶尔去吃吃。,0
7437,唉……别提了，在他家吃了几次粥，服务员总是晕晕乎乎的，真受不了……要么菜给弄错了，要么是钱给找错了，还有就是上菜好慢啊……,0
1394,这家店的泡芙真的是很好吃\n蛮大一个\n里面的馅儿很多的 吃一口 会流出来的\n香草 抹茶 巧克力什么的都很好吃的\n老爸每次过来都会买迷你泡芙给我吃的 一口一个 哈哈 虽然20元只能买几个,1
6638,路过看见有奥灶面吃，进去点了红油虾仁加焖肉，虾仁真是比较少啦，也许是最近物价涨的比较厉害，面很细，入口软滑，焖肉也烧得不错，应该加了不少香料，肥瘦相间。,0
32576,果然名不虛傳，不過好像漲價了，雞排11塊錢了，但是肉真的很嫩，而且炸出來的一點都不老，催催的皮，很好吃哦！下次再嘗嘗別的味道，哈哈！\n不過服務員的衣服好髒啊，帶的袖套也像很久沒洗過一樣，雖然服務態度很好的，但是。。能不能愛點乾淨啊！,1
4581,现在什么都贵，烧鹅仔的饭也随大流升到了最便宜7蚊了。招牌手撕鸡真的很不错，是最多人点的一样菜。我个人最喜欢吃烧肉啦，皮脆肉香，很好味！就是吃太多了不健康，而且有时候的出品很肥。。。\n不得不提的是，这家店的窗口里面有2位师傅，最外面那位专门负责外卖，得闲的时候会帮手堂食这边，如果饭盒经他的手分量很足；相反里面那位就少得可怜了。。。,1
4860,其实觉得周公馆的名字更有名，应该把名字和别名换下\n这个地方是卢湾区的小朋友爱国主义教育必来的地方\n很漂亮的小洋房，有车库还有大大的花园，绿化也非常的漂亮，地段么是极品了,1
4440,新派的纸上烤肉，烤出健康和美味。特味牛肉鲜嫩耐烤，黑椒牛肉味道纯正，香嫩耐嚼。每次去他家吃，基本都得站排，更看出他家生意之火。,1
32875,去过3次了，第一次实在08年刚刚去啊并不免费参观的时候，那时候人叫一个多啊，排队领票都得等半天。后来两次人都少了，还挺不错的，就是那两次最后的镇馆之宝莲鹤方壶没开放。,1
31960,这家桂林米粉店在桂林开了不少连锁，据说很不错。酸辣米粉，5元，味道确实不错，米粉口感柔软微爽，其实……我是个不太喜欢吃桂林米粉的人，所以，没什么鉴赏能力啦！～只是不知道是不是饿了？！觉得不错！！,0
36550,装修不错，价格也较为合理。距离火车站很近，大概步行5分钟就到了。\n某些家常菜还是不错的，分量相对来说也较多。\n总体来说，不错，杭帮菜也有特色。。,1
19101,老女人服务生态度极其恶劣，又撞上大厨出厕所不洗手，第一次来就成了最后一次了。不过还是纳闷在这位置看的店怎么都不长久？风水还是人祸？,0
12610,真的很不错，佛跳墙一盅126不便宜，不过味道也不错，料也不错；甘露球4粒28，虾肉裹了海鲜汁炸的，海鲜汁创意不错，但炸过后整体比较腻，不太喜欢；鲍汁扒螺肉45小份，很好吃，下面铺的芋泥，裹在一起尤其好吃；肉粽3元也还不错，理论上讲北方人应该也会适应；面线糊18小份，哭泣啊，好大一盆，北方人可能觉得不错，不会很糊糊，这边人可能会觉得很一般吧，2人吃的好饱，而且还吃不完，个人觉得比较值了。,1
44251,工作完的补餐，去的肯德基，虽说算是夜宵，倒是吃了点早饭的玩意。\n外偷小店买了点水，我喝矿泉水，胖秘喝王老吉，结果进去胖秘又想喝豆浆了，\n我买了碗粥搭搭，胖秘吃的汉堡和鸡翅。\n我吃的火腿蛋堡，这个味道还不错，糖糖喜欢吃有鸡蛋的东西的，哈哈。。。\n要一口，很大一口。\n啃根油条搭搭粥，还是有老油的油条好吃。,0
3480,书店是一个明信片主题店。主营明信片、手绘地图等。这里还有一面明信片墙，名字叫“寄给未来”，你可以在这里写了明信片，然后放在你选定的日期格内，到那一天，猫空会帮你寄出去，也许是给你的朋友，也许仅仅给你自己。还有一样更值得推荐的，就是做手工奶茶，品种不多，却是不添加任何添加剂，从香港的丝袜奶茶，到英国的伯爵奶茶，香醇美味。,1
6454,实在太夸张了，24小时的店，居然晚上关闭洗手间。难道是认为人在晚上吃喝之后都不需要去WC的吗？\n鄙视KFC不提供咖啡续杯和免费热水。,0
43943,就在中原路和工人路的拐角处，店面很小，经常去那里买鸭脖的，五香，微辣，辣的，和其他店面差不多，味道很好，交通方便。推荐一下那里的鸭脖。,1
10669,不喜欢他们家，首先是桌子和板凳的高度太矮了，吃饭的时候身体整个儿是倭着的，太不舒服了！\n肉夹馍太油，感觉肉也不是太新鲜！\n价格和份量比起来，差距有点儿大啊！\n关键是吃起来感觉没有肉香，不知道是原料问题还是手艺问题？！,0
27182,驾车去主要是没什么地方可以停车，还是得走一段路的距离。\n一开始是为了去猫记吃下粥，还有吃吃撞奶，后来才知道原来还是有几个旧址的，吃完逛逛走走。\n总体感觉像是一个商业村，脏乱，随意。。。还有就是公共侧所很恶心。,1
5617,环境一般，但是很安静！东西味道一般！我赶上的这个杯杯有瑕疵！我的风味牛奶味道还是不错的！朋友的摩卡外表很漂亮，但是味道一般！,0
37710,喜欢焦糖拿铁 网速很好\n人挺多的\n有个GG很亲切\n不过这是南锣鼓人气旺店的共性\n不太适合学习看书 应该不分无烟区域,1
3794,有两种价格，4元和5元，区别是料的多少\n我们当然要5元的，一开始还吃不准好不好吃，所以只买了一个，呜呼\n真心好吃，外面是热的，里面是冷的，一个根本不够塞牙缝,1
11958,几个同事一起过来吃工作餐，一走进店里，就有一股泰国熏香味道飘过来，有免费的柠檬水，我还是第一次吃泰菜，开始比较期待咖喱虾，但是后来发现泰国咖喱和平时吃的完全不一样。。。。虾么，就3小个，可以忽略不计。。。,1
21103,挺具有神秘气息的一个地方，往往这样的事物都很吸引我的\n方塔园的人气不是很高的，不过我个人还是很喜欢这个地方的，大多数都是和朋友一起去的，主要还是到那里去拍照的\n这个地方在松江说起来还是比较出名的一个地方了吧\n方塔园， 不过这里面更加吸引我的却并不是它勒，还是觉得里面的那些小景点挺不错的，例如那些小窄的小巷，两旁都是用石头砌成的墙壁\n走在那之间，就能感觉特别的用FEEL，那个方塔游乐园还挺 有意思的,1
24277,住酒店含的自助早餐，同我住过的酒店内早餐相比，这里还算不错。但另花费59元，应该是不值的。\n看到价牌上商务午餐是49元/位，晚餐是129元/位。\n环境是很好的。38层高的旋转餐厅。第一天早餐时没坐正位，所以旋转时还有点不舒服呢。,0
33308,很有情致的一家店，一个外国朋友请客，选的这里。\n地方虽然不大，但是装饰地处处都很有特色，不过唯一的缺点是地方小空调有些不好，有些闷热。\n点了米线、汽锅鸡、干巴藕条这几样，米线感觉很正宗，藕条也很脆，鸡就觉得一般了。朋友吃得比较满意，他特别喜欢米线，虽然不太会用筷子，就拿勺子舀着吃，哈哈。,1
13227,和家人到四川路去逛街，新开的商场就去逛了一圈，没有什么看的中的，就去吃饭了，里面吃的东西的店挺多的，吃饭不用排队,0
17702,手工制作的巧克力 味道还行 我感觉这类店都差不太多 味道不错 差不多都买过来了 还是觉得 黑巧不错 其中比较喜欢 85%的 对了 还有黑松路 比有些地方好 很喜欢~ 地方很小..老板人很好 很耐心的讲解 并且很有耐心的等我挑选~,1
12453,头几回几乎每个晚上都在那里用餐，都是点海南鸡饭，不要鸡翅膀不要鸡腿不要辣酱只要鸡胸脯和蒜蓉。然后，里面的服务员一见到我就直呼要什么什么。只是我唯一吃过的。喜欢蒜蓉，白菜清汤，鸡油饭吃多会腻,0
1139,评四星以上真的是太夸张了。上海的板长和香港比差距实在是太大饿了。首先服务是真心的差，东西是真心的贵，量是真心的少...三文鱼越切越小，难道是过年了备货不足？那要建议大家过年还是换家店吧。鹅肝烧得越来越焦，和猪肝味道差不多，是不是质量有问题，只有把它烧焦了才吃不出？服务就不说了，个个一张西洋怪气的脸，找个人来说一下，竟然说：你可以不要吃啊！\n请问：板长，你是肿么了！建议大家去之前还是三思，排队的时间也是很宝贵的！,0
20785,一直蛮喜欢港式茶点 看评价来了这里 菜品味道都还算不错 茶点味道也蛮不错 只是感觉还是和正宗差了一点点 价格一般 不过这种东西量还是比较少 俩人 240愣是没吃饱啊 可能是我吃的多的缘故吧 现在还有活动 满100送20元代金券 喜欢港式茶点的朋友可以试试,1
19490,店里的特色应该是芝士蛋糕了，可能是吃过太多种蛋糕的原因，并没有感觉这里的芝士多么有特色，很小的一家店，如果尝尝新鲜可以来尝试一下~,0
16556,很久前在阳光影城看过3D版的《阿凡达》，当时最深的印象就是发的3D眼镜上有好多划痕。。。。好在后来看阿凡达时电影的3D效果还是让我看的很投入。总体上说效果肯定比不上华星，但是性价比还算说的过去的。不过划痕的印象深深印在我的脑海中，所以后来再也没去过=.=,0
9278,因为小时候在这里看电影特别多的样子~现在还开着~\n有时候会路过这里看到变化好像跟以前有点不一样了~\n但是总体的规模什么的还是没有变~,0
28146,之前看点评上好多人都说咖喱锅底比较好吃，这次去尝了一下，果真味道不错，XO酱炒年糕味道也很好，不过就感觉价格有点贵，性价比不高。,1
871,在附近上课，顺便解决的午饭。\n       要了蟹肉包和菠菜的。\n       蟹肉和猪肉混合的肉馅，鲜与香的融合，味道很搭，\n       口味偏清淡，原味的肉馅，但是比较油。\n       第一口吃下去很兴奋，然后变淡，\n       江南风味，不见酱色，油盐却不少，不太适合自己。\n 想到两个事，\n       物价上涨，在文西买5元的午餐，能吃饱就很不易了，可这6个小包子，还可以让你吃好。\n       猪血脖子肉的产业链，甫经曝光，一片哗然，对包子水饺小店的声讨不绝于耳，希望这次午饭吃的是放心肉。\n        希望食品质监部门执法必严，你平时不吃包子，你家人或者朋友总有很多吃的吧！\n  ===================\n      因为我母校旁边的包子铺、肉夹馍都被曝光，那些垃圾肉做的，我和我同学都吃过多次，为自己的肠胃担心啊，也为中国的饮食行业担忧，\n 1，味达美现象\n     味达美、一品鲜等等，现在厨师的最爱。这种绵软的鲜味酱油，让所有菜都一个味了！而且完全没有传统酱油的厚重感，味达美的味道很娘们儿。\n      另，很多厨师也懒得熬制高汤了，用神马高汤精代替，于是味道也就被代替了\n      其实就是现在厨师不重视口味了，为了省时间、为了降成本，抑或自己半路出家，水平有限。很多时候都是应付。职业态度让我失望。中式正餐不能标准化，去厨师化。就是因为咱们的厨艺博大精深，咱们引以为豪的地方。\n2，日本牛肉分12等级，不同部位如何处理也很讲究。\n     咱们呢，只分两种：有毒、不能吃的，要仔细分辨，有时费尽心机了，还会被勿食了；\n      以及勉强能吃，吃了没大事的。\n      讲到烹饪，咱们能用用各种技法突出本味，相对直接生事或者简单煮熟，算是至高境界了。\n      说到取材，中国自古就脍不厌细，追求优质食材，不时不食，不鲜不食等等。\n     可如今，确实高不成低不就，技法，态度没有了，食材又无法保证放心，更何谈品质？金字塔顶层和底层都出现了问题，另，中层的花架子也很多，所谓的菜品创新，类似应试作文，空洞乏味，根本经不起时间考验。\n      \n伤不起啊，伤不起！,0
4805,"2010.1.7\n09年体检时还可以,参见俺10年6月的评论....\n去年12月又去,结果感觉服务明显下降.\n-〉 B超医生极度不负责，1分钟都没到就结束了。\n-〉 眼科医生态度很差，给我测眼压时一直骂骂咧咧的，说我头没恰好。\n  TMD不会好好说吗？\n-〉 心电图医生，检查结束后我问他怎么样，他理都不理，直接赶我出门。\n  开口说话会死的？？？\n-〉 去年给我感觉很先进的排队系统给我感觉就是故意降低效率。\n  明明大多科室的医生都闲着，非要我排人满为患的B超。不知道要平均分配人到各个科室提高效率。\n~~~~~~~~~~~~~~~~~~~~~~~~~~~~~~~~~~~~~~~~~~~~~~~~~~~~~~~~~~~~\n五星 \n2010.06\n公司安排的体检,\n早先是空军某医院,后来是仁爱医院,慈铭,\n去年去的是这家美年,感觉是目前最好的体检.\n首先有电子排队系统,环环相扣,不象别家体检跟个无头苍蝇一样,到处去排队.\n而且医生很负责,我有个指标超标,那边医生打我手机让我第二天再去复查一下,确认没有问题.而以前的体检,从没有医生主动联系我关于超标的问题.",0
39519,昨天公司食堂停电，领导就带我们几个出来吃饭，因为离得比较近，就选择这里。\n    中午去时，发现大堂也就坐了两桌，生意不太好，估计是这地段比较偏的原因。里面布置的比较朴素，真有点东北农家院的味道。我们一了一间包房，发现里面味道有点怪怪的，于是打开窗户，发现味道更怪。我们五个人点了松茸爆三鲜、铁板烧牛柳、黑木耳炒大肠、大拌菜、凉拌厥根粉、以及两个主食，店里送了一个凉拌豆腐。上菜很慢，估计光凉菜都等了近十分钟。多亏人不多，如果生意好，估计我们那几个菜可以等一小时。味道比较中规中距，都还不错，但也没什么特别的。,0
6994,沈从文的凤凰，黄永玉的凤凰；沱水边，吊脚楼，向往了太久。其实知道凤凰早已经商业化了，可还是不能不去一次。策划冬季旅行，本想窝在暖和点的地方，差点选了三亚或者广州，但突然萌发淡季游凤凰的念头，真是庆幸自己的选择，在对的时候遇到你。\n冬季的凤凰，难得一见旅游团，古城九景几乎全是两个人包场，城墙空旷得让人想上去骑自行车。过半数的店铺关门，少了些商业气息。服务的满分打给九景穿红色羽绒服的工作人员姑娘们，一色干净淳朴的年轻脸庞，从检票到解说都脸带笑意，特别真诚窝心，觉得在这样温柔的地方待久了，人也变得恬淡起来。\n九景里第一个去的是万寿宫，里面有一座许真君像！江西的万寿宫大家知道么，如果说万寿宫的前身叫铁柱观，我想武侠RPG爱好者就不会陌生了。许真君是不是就是二狗子的好基友，铁柱观老观主呢？楼下有一些苗家服饰之类的民俗小展品，楼上是黄永玉美术馆，大惊喜。其实对黄永玉老先生了解不算多，念大学的时候在校图书馆借过一本《比我老的老头》，觉得他可好玩儿，这次看过展览，更喜欢他了。他画笔下的凤凰是有多可爱，你们去看一看才知道。画里“起势”的地形现在已经看不到了，以怀念口吻提起的狗屎柑树，也不知道在哪里欢笑。后来在凤凰逛着逛着，发现到处都有他老人家留下的痕迹，什么“销魂是九夏芙蓉三湘烟水”的题画，什么“一笠到襄阳”的字。他的书法、雕塑和画一样好看，生动、富有力量，带有鲜明的个人印记，和一丝顽心。\n杨家祠堂是一个很好看的四合院，据说不定时会演出节目，淡季么，就没有看到，不大的院里别有一番清静的好看。\n崇德堂有些什么内容已经不大记得了，就记得一棵清香扑鼻的腊梅树，旁边挨着一丛翠竹。院子里还种了两树棵桂花树，一株石榴树，真是四时皆有好景致。\n古城博物馆的房子修得很漂亮，喜欢这样风格不扎眼不做作的仿古建筑。\n沱江泛舟，依然是因为淡季，不算乘船大叔蹦蹦跳跳的儿子，一条船上就只我们两个乘客，悠悠淡淡漂漂晃晃，像一首歌。\n当地特产姜糖，买了糖姜片、裹核桃芝麻的脆姜球、软姜糖几种来吃。也产猕猴桃，到处可见猕猴桃干、汁一类的商品。每家饭馆的特色菜都一样，一个血粑鸭，一个酸汤鱼，菜价也是统一的。随便挑了家顺眼的馆子，名字也不记得，估计家家的菜都是一样好吃，加个没听过名字的绿叶“青香菜”，配一杯甜甜糯米酒，一流也！,1
26625,这里也是朋友介绍去的还好还不错比较实惠的一家店味道也比较好就是交通比较不方便之类的、这里的味道还可以大家可以去试一下奥。,1
15107,本来想去的，结果开着车沿着东湖路绕到淮海路也没找到门。生气了，就不去了。\n现在上海这种有花园洋房的餐厅人均越来越高了，都要500/人。通货膨胀厉害啊！,0
37552,吃过好多次俏江南但是每次吃完都想不起来俏江南究竟是个什么味道 名气大于内容 一直以为太原的店应该没什么人吃去了才发现生意真是好啊,0
16482,第一次去他家的时候 应该是大一，那时他家还没有涨价\n东西分量足，用料好~\n服务态度也很赞\n但是自从他家火起来后，就不喜欢去了，\n原因。。。去过的人都知道的吧。。。,0
8891,同学里面一个北京姑娘评价说，吃炸酱面不要来这家店，然后有非北京姑娘吃过之后也对我说，吃炸酱面不要来这家店，所以上学时候虽然这家店一样不远，甚至比我常去的那家更近，但是基于同学们的奉劝，我一直没有敢于迈进这家店，听人劝，吃饱饭，呵呵\n但是看见大家的评价说口味偏咸，这一点就足够让我失去尝试的兴趣了：（\n不过如果以后有朋友让我陪着去尝试的话我还是很愿意前往感受一下滴，众口称赞的值得尝试，大家拍砖的也值得尝试吧：）\nps，因为没吃过，所以虽然听说的是“差”，但还是写上了“还行”,0
25980,吃的就是味道，无所谓什么噜。物美价廉，确实很超值，鸡脚很过瘾，但鸡肾没啦，有点可惜。。。。。。。。。,1
44358,老公的一堆大学同学从北京回来非要闹哄去听相声，自然大金台算是首选，人很多，确实不错，无有所值，相声演员返场很多次,1
19729,真心是好久没来吃过。也好久没写DP啦。~2011年的最后一餐和老婆来这海吃了一顿。6点半到足足吃了3个多小时= =！。连8点的《金陵十三钗》买了票都不去看了。 哈哈。\n地方还是一如既往的人多外加吵杂。但好在跨年这人多气氛还是大大的有。\n因为体型比较魁梧。这个把2个人的饭钱给吃回来的问题 我表示毫无压力。可最后还是发现小瞧了老婆的胃口。这个问题在她面前连问题都算不上阿！感叹如此个小身体怎么能吃下这么多东西= =。。\n不过金钱豹这种类型的店还是的确不适合2个人来吃啊。一个个去拿东西都不能享受一起拿东西的感觉。可惜。\n最后祝所有人都新年快乐。：）,1
14,以前常去书城，现在常来购书中心，这里人没有书城那么多，而且环境好狠多，楼下就有STARBUCKS买完书马上喝咖啡边看书，太惬意了~我还办了卡~可以打折，书城就不行了~而且这里很环保哦~没有袋子，都是用纸绳绑着~~,1
25079,同事婚宴办在这里，还好有地铁，否则路实在太远，真搞不懂他们为什么会办在这里，地方小，根本不适合举办婚礼，柱子太多，坐在两边根本看不到台上的情况，菜就是一般的本帮菜，没什么特色，可能是婚宴的关系吧！因为路远，估计以后是不会再光顾这家店了。,0
17169,那个三层楼的环境不错，干净，装修也还好。\n但是饭菜嘛，味道很一般，没有什么可圈可点。这家应该做东北菜吧。可那小鸡炖蘑菇实在一般。\n服务员还是比较热情的。,0
3377,去过两次，两次都是MIKE剪的。\n转向了清纯点的齐刘海直发 。\n效果还不错，\n不过我同事还是说我适合大卷。。\n千丝服务态度真的很好很好，而且也不推卡,1
24606,一開始是我吵著要坐纜車上昂坪，結果卻因為人多，改坐巴士上山，纜車下山。\n第一次去，聽聞有齋菜可以吃，於是，買票，一行人先“苦修”（餓肚子）爬山，拜佛。\n下來以後，進不了寺門的我和另一個朋友在外面的菩提樹（希望沒搞錯品種）下聊天，其餘的人進了寶蓮寺。\n最後大家集合，進入齋堂。\n真的不得不說，比起其他的素菜葷做，我更喜歡這裡，雖然我不是一個能夠頓頓吃素的人，可是對於素菜，我更喜歡純正的原味，不自覺的吃了很多 ，哈哈，好久都沒有吃過主食咯。,1
398,恩，挺好的一家店，我用的团购券，但食物和服务丝毫没有打折，东西还不错，量很足，吃的比较饱，价格也相当实惠，地理位置也相当不错，推荐去品尝,1
28096,我和友人相约聚会，十点左右的时候也不是午饭时间\n就想找个地方坐坐\n谁让那个上海歌城要身份证\n我们两个有都没带呢！\n于是来到了人烟稀少的一茶一坐\n初中的时候就知道这个地方蛮贵的\n那个时候咱们有钱的语文老师和英语老师吃个中饭也是驾车过去的\n所以印象中就是一个字贵\n环境还是不错的\n门口的姐姐热情啊\n捡了一个靠窗的好位子\n拿到了菜单\n好贵\n没办法进来就不好意思出去了呀\n于是勉勉强强点了两个冷饮\n一个是大份红豆冰\n还有一个是什么，我也叫不出名字了\n最后结账80左右\n哎哟 我的妈妈\n以后我可不冒昧进来,0
21337,这是我所知道的必胜客生意最好的一家 常常排队 去上影看电影的时候 偶尔会去。最喜欢鸡翅 比肯德基的更嫩更多汁 冰淇淋蛋糕也好吃 至于比萨 我觉得就那么回事。,1
33184,人多、人多、还是人多。什么时候去都得排队，每次去必点猪蹄非常好吃，不过现在价格涨了好多，两人去至少也得100多了，北京已经有外送服务了，西安不知道什么时候有呢？,1
11032,一进店里就闻到了一股榴莲味，但本人实在不爱吃。点了杏仁与芝麻糊，菜单上蛮还看的，可拿到手里就不是这个样子了，反正吃到肚里都一个样，随便。味道还行，但杏仁味多了点，盖住了芝麻的香味，有点可惜。,0
21857,第一次对一个餐厅这么差的评价 首先说服务！来餐厅消费 虽说不上让你把顾客当上帝吧 起码得当个人吧 上去了找了个地方坐下 等了一会没人理 然后叫服务员（两个服务员在楼梯口那个台子旁边聊天）白了我们一眼说：等会！我靠 好 本人脾气比较好 一会过来了 把菜单往桌子上一扔 真的是扔！！！一句话没说扭头走了 一会我们点好菜 叫服务员过来 这时换了个服务员 当然这个过程没发生什么 一会服务员送来了餐具 没有收菜单 过了一会一个男服务员问我们点过菜后就把菜单收走了 但是 他竟然把我朋友的勺子也收走了 开始我们没反应过来 因为在说话 一会我突然发现 我朋友的勺子不翼而飞了 我确信开始时我们都有勺子的 我们面上来之后就向服务员要勺子 服务员说没有了 得等！！！！当时都一点多了 餐厅坐了大概一半人吧 好吧 我们接受了 等了半个多小时 我们又要 一个男服务员就拿过来了 但是 他是怎么拿过来的！我形容不上来 就是一只手拿着勺子柄让勺子在手上一晃一晃的过来的 关键是我朋友伸手接时他仍然在晃动那个勺子 然后来了句：如果你们不打算点餐了就结账吧 我们刚吃到一半为什么要结账 我们会吃霸王餐吗 我们本来打算吃完饭喝个茶吃个甜点的 他说 我们店里没有咖啡 我倒 一点心情没有了 不喝了大爷 所有菜品都被这服务弄得味同嚼蜡 环境也很嘈杂 再也不会去了 ！！！！！！,0
4487,靠近丈母娘家，一直叫外卖的，有时候路过也会买点回去。\n重辣鸭掌是大爱，就像今天，烧刚退就跟LD吵着要吃了，哈哈\n世界杯快要到了，他家的生意又要好了,1
8216,非常好吃的贵州菜，味道很不错，非常喜欢那个不知道叫啥菜名的一道菜，周围放了几个空心的小窝窝，盘子中间的菜放到小窝窝里，然后一块儿吃，超级喜欢这个味道~,1
14004,离市区很远，没有公交车到都，只能先做公交车，然后再找私人的那种三轮车才能到。\n和寒山寺挨着，可以两个地方一起玩。\n这就是著名的枫桥夜泊作者写下那首诗的地方，不过我们来了有一点点失望呢。\n其实是很小的一个地方，门票居然要25，真的很不划算。\n主要是里头没什么玩的，都是些后来的人加的建筑，盖的小亭子，或者在运河上搭个桥什么的。\n有一个巨大的张继的雕像，很多人在那照相留念。\n这是我们旅游比较不起眼的地方。,0
38418,挤死人，唯一给我的感觉就是挤死人呀！高峰时间，最好能避开二号线，实在太拥挤了，上次下班去浦东，在南京东路等上车，一连等了两部，实在太吓人了。非高峰时期倒是还好些，有时候下午去中山公园的方向，还能有位子坐，相对空一点。,0
30828,周日的时候去的，天气有点阴但还算温暖，先在院里溜达了一下，桃花开了一部分很漂亮，有个小小的动物园，可怜的孔雀羽毛都秃了。用餐的人很多幸亏提前订了位子，要不得等了。送的餐前面包不错，干干的嚼着很香，点菜的时候服务员也没提醒会有面包送，自己点了一份配樱桃番茄和大蒜片的面包，下次这个可以省了。奶油蘑菇汤很浓的感觉。扒自制香肠配烤土豆和菠菜，味道不错，女儿好像对配菜的烤土豆更感兴趣。鸡蛋宽面配辣味橄榄油，面有点硬。火腿蘑菇披萨，饼坯很薄。提拉米苏不错，应该比某些连锁快餐店的要好很多，这一份差不多都被女儿干掉！,0
10748,这个是人家请客去的地儿，貌似塘沽的没几个不知道老渔民的，挺有名气的，但是觉得很一般呀，也许是市里好吃的太多了，没觉得这个有什么特别之处，倒是有一个菜让我印象深刻，就是醉蟹，偶滴个妈呀，请客的人一再的宣扬有多美味，可是吃得我差点儿没吐了，鲜没尝出来，倒是挺腻的，因为螃蟹是带膏的，还是生吃，就是拿酒腌一下，晕！,0
37464,这家会所很漂亮环境很好的，设施也很齐全，周末和朋友一起来运动，真的很写意。这里的销售都很NICE，之前帮我办卡的销售听说不在了，还以为没有关我了，没有想到我接的了另个销售的电话，说以后我在会所朋友任何事情都可以找他。真是太好了，这里服务真是好，赞一个！,1
33127,经常同学聚会的时候去，环境挺好的，特别喜欢喝他们家的清汤，一般去他们家就是为了能喝到美味的汤，服务也挺好的，重在是口味合适。,1
20351,"超王记,已经有很多年的历史,\n至少到现在看来,\n王兴记卖的是历史,超王记卖的是产品\n所以从性价比来看,超王记是远远的超过王兴记.",1
30503,环境不错，店面有点小，可能是人比较少吧\n服务员态度非常好，基本都会微笑服务，还有半跪点菜，让人很舒服\n披萨的话比必胜客要好很多，当然也贵些，不过披萨也就算个快餐，没那么多讲究,1
12912,不知道为什么这家店生意比不过HAPPYLEMON 我觉得他们家奶茶是我喝过奶茶铺里面最好喝的了\n不管是牛奶味还是茶香都很浓 甜度也刚刚好 赞极了,1
14718,有段时间超喜欢吃。。。几乎都尝遍了\n最喜欢的是芬迪系列的，口感不会那么甜腻~~\n另外还有一个什么安琪的也不错。。。里面夹心奶油的。。。\n集点活动换到了一个马克杯~~,0
33267,进包间前，两边同时拉开门的感觉真是很会所。\n消费的价格也令人咋舌。\n唱歌的设施倒没觉得特别好，但服务生都受过比较好的培训，倒酒切水果还有鼓掌什么的。\n偶尔玩玩也觉得不错了。是一种享受,0
17944,"???????,??????, ????????????! ???????, ?????????tm??! ??3???300 ?, ????! ????????!??! ?????????????! ?????! ??13???????????????? ??????! ?????5??,?????tm??! 68,??88??,????~ ????????, ????????????! ????! \n?????????????,?????????????!",0
40493,我在这吃过一回，挺好吃的。我和老妈来的，后来带娜娜来过一次，结果人家说休息，不营业。搞得我很郁闷。结果和娜娜去别的地方吃的。,1
37872,环境并没有想象得好。尤其服务员，就是小服务员而已，态度那么猖狂！极其傲慢！服务态度让人作呕！价格一点也不值！\n单冲服务，也绝对不能去！！！太失望了！！！,0
44734,实在是太贵了，那天部门吃饭，8个人，点了一瓶清酒，一共花了4000多元。食材和口味一般，类似于其他的日本料理。可能是在五星级酒店内，所以价格很高。如果以后朋友聚会不会选择那里了。,0
41794,真心喜欢闵行的交大啊！可是我只享受了半年就被赶走了〉_〈。记得大一刚入学的时候什么都很新鲜，寝室四人每天都在想去哪个食堂去哪个社团去哪个图书馆。选择太多了也是非常苦恼的。喜欢交大所有的食堂，半年也没有吃遍过，图书馆里书很多环境很好，我离开后又建了一个更大的图书馆，唉没有福气享受咯。。。还有很大的操场和体育馆，还有思源湖，还有空调的教室，各种怀念啊。。。真想回到过去回到交大的日子,1
28651,自己很喜欢薄荷的味道~所以觉得味道很好~~\n我们3个人吃了很多东西~然后大家一起分~\n结果被隔壁桌的法国夫妇围观了囧、、、、、\n恩 走的时候老板给了棒棒糖\n对了 还有个土豆啥子的一个菜 味道很好~但是忘了菜名。。。\n里面装修很别致 很精致~~,1
28240,儿子九朝在这里办的酒，请了4桌客人，很幸运，订到了4桌的包房。由于没时间，订位子的时候没有点菜，服务员告诉我没关系，到时候点也可以，他们上菜很快。问题来了，当天提前1小时点的菜，上菜的时候每桌的菜上得参差不齐，上菜速度极慢，几次客人都吃得停下来。最离谱的是吃到最后有些菜都没上，客人都要走了。第一次吃酒席遇到这种情况，而且竟然发生在我身上，我自认倒霉。\n服务员态度还行，不断的抱歉。还有上菜的顺序有严重问题，点了4个凉菜，才上2个就开始上珍珠圆子这种菜了，郁闷ING.,0
41205,比起老店差远了 环境不好 菜的味道也有差距\n点的葱烧海参 吃起来咯吱咯吱的 应该是沙子吧....\n老字号的酒店 幸存的已经很少 有些人该反思一下了,0
6712,是慈禧太后身边红人李莲英的私宅，保留了原有的建筑风格，略加装修，不起眼的门脸，但进去之后仿佛步入皇家园林。菜系只要是官府菜和粤菜海鲜。价格极高，适合商务宴请,0
43349,满心期待，结果大失所望！我不知道是不是因为做活动，或者是有团购的缘故，食物的种类真是少得可怜，食材质量也太对不住Westin这块招牌了吧？老婆吃得很不Happy，撂下狠话：再不来了，这一顿甚至比不上洪山宾馆的自助早餐。,0
8315,前两天看到有人说加州风情自助如何如何，我也来说一下自己去吃过的感觉。 \n菜不多，三文鱼不新鲜，还有热菜到了6点半都是冷的，吃的胃不舒服，不过麻辣烫和面条还不错，烧烤不用自己去点，一直有人来分 不同的肉啊鸡翅等等。至于订餐，服务员在电话里说不用订位，自己早点来，可是我去了之后人家又是另一种说法，我就奇怪怎么不能定呢，总体来说服务有好有坏，反正有些人挺不客气，也很冷淡，没有长兴楼相对的好。虽然长兴楼宾馆菜也不多。但环境还是不错地。,1
17008,难得的市内禅院了，香火很旺。\n有次和朋友聊天说最近不顺要去烧香了，其实当时是随便说说的，可是朋友说不去要倒霉，没办法就只有去了。\n听说这里的素斋很不错的，还没时间来尝过有机会一定要来试试。,1
24407,环境非常好，服务员的素质比较高，是平时晚上去的，人不是很多。餐厅的细节都做得比较到位，管理得不错，给我印象深刻的是洗手间整体布置的很特色而且很整洁。主菜我们点的鸡鸭肉和羊肉，都做的稍微有点点老，个人比较喜欢鸭肉配餐的豆子，甜甜的，羊肉配的是意大利面条。分量比较大，我们点了沙拉，主菜和一个苹果派，最后有点吃不下了已经,1
1806,好似未试过e度嘅奶茶咪试试，价钱都算公道，奶茶味就一般，而且香精味重咗d，不过e度嘅选择好多，5会话好单一无得选择，价钱也相对便宜,0
18812,再没看新闻以前特别喜欢去的地方，怀孕的时候都去吃了一回。很喜欢里面的牛肉。直到看新闻说他家是成都最大的潲水油老板，忍着口水也不敢去了。,0
11759,之前，路过的时候去店里吃过一次，因为想吃排骨米饭了，味道挺不错的，不腻。特别喜欢配得小菜。现在想吃还吃不到了~~呜呜~~排骨米饭是青岛的特色小吃吗？,1
38492,送上门免费试吃的 可是还没吃到嘴里 LG就被人噱进了 办了张卡\n太远了 选个近点的还能去实地考察一下 崇明的实在不大高兴跑一趟 崇明实在没太多好玩的地方可以去\n青菜以杠子为主 为了保鲜方便吗？菜的味道还行 但是菜场里应该也有本地的菜农吧？\n这样的有机农庄的性价比实在一般 送一次也没多少东西 15块 不过有些菜倒是菜场少见 成了热爱钻研和创新的厨神LG的心头爱了,1
39594,生日蛋糕之类的还好。手艺属于中等水平的。\n面包做得可以，比较喜欢吃他家的豆沙馅面包和咖喱肠面包。\n小点心做的不怎样。,1
36519,"环境一般般,服务一般般,菜色不讨好\n和家人来吃的,结果除了我之外其他四人都说不好吃,再也不来了\n卤水其实还可以,就是量少了点\n价格偏贵了,很嘈杂,而且卫生间不大干净",0
42524,虽然是去的是8点场，但是东西却没有任何减少，而且哈根达斯也回归了，现在有2个牌子的冰激凌可以选择，不错。楼下有免费停车位，很方便。,1
43819,必胜客来了南昌之后，质量就明显下降很多，尤其是百盛那家。\n所以这家新开的棒约翰还是不错的，人少环境也好，比有很多小孩吵吵的必胜客好多了。,1
23609,周五原计划和朋友准备在人民广场吃饭的，无奈要排两小时的队，想去剪个头发，朋友去过这家店，说效果很不错，它家的地段非常的好，在正市中心，环境也不错，给我剪头发的叫纯子，她说我看上去比较帅气，就给我剪了一个日式发型的，好像就是把左右耳朵边的头发削了很薄，中间微微上翘的那种，做完感觉还不错。,1
16235,我只觉得虾粥是最好的。那个虾饺简直好可怕。其他的东西也就是一般般啦。凤爪和排骨感觉像是有添加剂一样。不过有时吃夜宵还是合适的。,0
10785,农业银行的卡之前有一张 绿颜色觉得还可以啊~ 呵呵\n家里附近有一家的 有时候人满多的 有点挤啊 不过现在家里这个搬掉了 离家两条马路吧 原来的营业厅现在变成24小时的ATM机了\n这个卡后来给退掉了 办了那么多卡 还是整理下 留个一两张够了额~,0
30071,逛家乐福到饭点了，找到这家吃的，口味真是一般般。价格还不便宜。不值得去第二次的地方，不推荐呢。不过估计有人会喜欢,0
25670,服务态度之差简直令人发指！\n今天中午组里去吃饭，第一次点单，漏了四五个菜。\n第二次加单，过去半小时毫无动静，询问下才被告知原来根本没有下单。\n第三次只能再加单点些甜品，又过去了半小时，居然又漏了一份。\n气愤之余，找他们经理出来要说法。\n经理一来就口气凶恶的指责我们想要吃霸王餐，还找来店里一高大的服务员，口出恶语相威胁。还口口声说，饭店点单漏单是很正常的。最后居然还找来几个服务员对我们动手动脚。\n因为下午还要上班，没时间与他们作过多的纠缠。不过这样的***，建议大家不要再去了！！！,0
10406,最近开发的一家小店，第一次去就感觉不错，蛮正宗的小店，很惊喜~去过几次了，每次点的都是石锅拌饭，量很足，味道也很好，价钱也合理。牛肉石锅拌饭18元，鱿鱼石锅拌饭20元。有免费的海带汤和泡菜之类的小菜，自取的，人多的时候略有不便。店很小，饭点的时候要等位，有外卖~还不错~,1
36906,巴适血案呀。同学聚会，大力推荐此处，说辣的好正。慕名而至，人气是旺，环境一般，味道一般，咸而不辣。那天真真好运，烤鱼的头居然血色一片，看的我们直反胃。叫来部长居然免单。只能得出服务很一般的结论了。唉！,0
40265,第一次去保定的时候中午饭在他家解决的，当时去的有点晚了，饺子没了，要的炒菜，那水平实在一般，据说是保定口味的，宫保鸡丁，巨甜，也不是一般宫保鸡丁的模样。熘肝尖居然是酸的，开始以为猪肝有问题，后来才尝出来是放醋了，服务员说在保定只要是带熘的，都放醋！晕~~还要了个什么鱼，说是当时新品，还不错，反正去的通知们不要点川味菜，他家确实不会做,0
22120,第一次做饼干哈 因为是偷偷的给他惊喜\n所以是邀了好友来 一个人做的\n真是累啊\n揉面粉什么的\n不过老板挺好的 还帮忙哈\n话说我我还比预约时间迟到一小时\n真不好意思\n下次要做肯定还会来哈,1
589,很地道的天津煎饼果子，刚摊好的特别脆，特别香\n每天排队的人很多，很多人买好几套，所以排队要有耐心\n总之她家的煎饼味好料足味好，值得推荐,1
40499,都说这家是最早开的炸鸡腿店，但我说绝对不是最好吃的。\n或许是生意做大了，口味大不如从前了，炸鸡腿绝对没有门口那个摊子的好吃。服务态度也不是很好。,0
27961,服务态度真心差啊!!!居然赶客人一刚，而且一杯热水也需要收费…无语…好吧…下次再也不去这家店了!!!,0
42807,挂着羊头卖狗肉，服务态度不好。小吃品种越来越少，上餐速度慢。员工流动性强，老换服务员。什么都不懂的人都能去服务。越来越不懂的什么是服务。,0
21571,"用的拉手券.2个人2个小饮料还有1个小爆米花总共是49.\n就是换饮料的时候人家说我们没别的,只有芬达了.让偶感觉很不好.\n厅总共就10排.很小.不过椅子还算舒服.",0
2877,喜欢吃面，就来尝试一下\n点了两个油泼面，一个牛肉的，一个三枪的\n味道是不错，但是价格是贵了一点，并且分量偏小。\n不过最后我们总结了一下，油泼面分量再多点也吃不下，太油了。,0
22991,今天去吃了烧腊饭，说实话，可能去之前期待太高，所以有点失望。感觉脏脏的，没有港式茶餐厅那么干净，旁边桌的大哥在大谈进城记发家史，十年前来武汉，现在又去上海发展云云。\n期待很高的烧腊饭，其实就是蒸饭，上面加了腊肉和香肠，旁边一壶酱油倒进去，虽然看着不怎么样，味道还可以。\n所以说，来这里，要保持平常心，就当吃路边摊，跟什么乐乐啊，永佳啊，差不多的。但是味道确实很不错，难怪可以越做越大，老字号啦！,0
12053,小店不大，有3张桌子，每次去必点朗姆酒味的，喜欢那个味道。夏天的时候有蜜豆的，感觉太甜了。由于位子少，周末的时候基本上只能带走吃。,1
42037,我很喜欢吃火锅，这里比较适合一个人来，环境稍微差了点\n东西都比较便宜，套餐就更加的合适了\n一份套餐一个人就饱了,1
26273,同事聚会去吃饭，20人，订的中包，有点挤，菜的味道很好，菜码很大。自制豆浆浓浓的，喜欢鱼子土豆泥，还有香芋卷、鸭头，味道真的很好，希望有机会还会去。,1
32351,排队等了半个月才等到位子真不容易，为的就是来吃这里的酸汤乌江鱼。的确是名不虚传，分量很足，鱼很肥，肉很嫩，而且刺少，所以吃起来很给力，汤汁浓厚，酸酸辣辣的，很好喝。鸡丝米豆腐，美味豇豆和娃娃菜也不错，平时吃油腻的吃得比较多，换上这些素的很营养，而且是纯天然的绿色食品吃的放心，虽然价格比一般的地方要贵那么一点，但是让我吃到了正宗的酸汤乌江鱼，心里挺舒服的。,1
2478,奶茶 是我的最爱 呵呵 口渴了 我只喝奶茶 白开水我喝不下去 嘻嘻 不要笑我哦 我喜欢喝珍珠的 和椰果的  红豆的  百喝不厌,1
19608,我经常来这个地方吃饭，说句实话，同胜祥真的可以说是郑州的老字号了，我同学从93年来郑州的时候就到这里吃过饭，听说这个老板还是东盛丽都的老板～～～这里的特色就是烩面泡馍，他们现在的价格非常不便宜。牛肉泡馍12元一碗，烩面大概也是同样价钱，如果是优质的话则是二十多元。他们的泡馍烩面是我在郑州吃的这么多家中评价最好的，记住不是最好之一，是最好，是第一，同时向老字号致敬，当然就是价钱也有点贵了。,1
25943,随便爬爬随便兜兜 环境真是很灵 感觉像杭州吧~ 都是绿树~ 空气很好 也不会很高 慢慢爬 很舒服~\n下次还要来~\n还有看到这里有在卖房子 说便宜五十万。。。那原价要多少哇~~~,1
42742,聚餐小憩的地方，很喜欢当中的起司蛋糕，啊啊~应该说都喜欢，看起来就好好吃的样子，吃过之后真的回味无穷了，凉凉的甜甜的，到心里去了，夏日必去之地哦！\n而且那里的饮品和其他地方的不一样吧！最喜欢那里的奶茶了，还有果汁，很纯正的味道！每次去的时候，展品柜都有新品上市，很有创意的糕点，不会感觉一丝的腻烦，而且取得名字也很温馨，带着最爱的人，品尝幸福的甜蜜哦！！！,1
21715,挺高档的一家牛排店，分量很淑女，价钱很贵诶，菜还行，做得挺用心的，服务很周到。不过还是嫌太贵了，还不能办会员卡。随便一吃就三位数了。,1
16561,环境挺好的，味道还不错，朋友聚餐或者其他的都适合。关键是实惠，适合在校学生聚会。就是菜式单一了点，经常换一下更好，,1
2410,在儿艺的旁边，很好找，交通也方便，里面不大，舞台效果很好，看得清楚，可以和演员很好的互动，孩子们都很喜欢这里，票价也相对便宜。,1
4274,逛故宫，然后来这儿找吃饭的地方，想去旁边那家，无奈人实在是太多，看到这里有人刚走，就进来了。\n点了：\n爆肚：2盘、20元/盘，量也就那样吧，不算特嫩，但是也还可以，没有特别浓的味道，所以湖南同学还吃得不错，也吃得惯~~~\n炒羊散丹：26还是28一盘了，忘记了，反正不便宜，感觉和爆肚真没啥两样，只是有点羊肉的膻味，此处不推荐~~\n小料：3元/碗，碗很小，不过味道确实还是不错滴~~~\n麻豆腐：忘记多少钱了，好像也要十几元吧，有很浓的羊肉味，我吃着还行，但是湖南同学就有点吃不惯了，太膻了~~~\n门钉肉饼：主要是想让同学看看到底啥是门钉肉饼，呵呵，一份4个16元，说句实话，挺贵的，一个小小的肉饼就要4元啊~~~，不过味道还是不错滴，薄皮大馅，稍微有点腻~~~\n拍黄瓜：还不错，很爽口~~~,0
41539,很久没去了，香荤至尊、沙拉吧居然被取消了~~环境不错，服务也好，法式蜗牛、酥皮奶油蛤蜊汤是我的最爱。有85折卡，吃起来很开心~,1
874,随便路过吃吃的地方，味道谈不上好，只不过是刚出炉的比较新鲜，散发着热气，酥皮也没有被哈软，店家也算是达到了良性循环，不过一去买东西就问要不要加点钱买点别的新品，看不要，脸色就不太好看，真讨厌。,0
6199,沈阳的老牌酒店，房间宽敞，干净舒适，但说实话装修显得不够新了，不过不影响居住的舒适性，呵呵\n隔壁楼以前是海关大楼，现在是机场候机厅了，方便啊，离火车站也很近。\n没点吃的，不知道味道咋样,1
36646,感觉和味仟有些像，餐具、环境、食物种类等等都像，但味道却不是很像；\n点的面端上来时，本该放在上面的美美的配菜都沉到下面去了，感觉好差，就像是一般路边摊一样，第一感觉就不好，但味道还过得去；\n你家为什么比别的面店贵啊，除了食物，这个面的装盘、环境、食具都包含在里面了，应该提供更好的东西给顾客。,0
29106,家住海岸明珠.....所以除了好吃，更主要是图方便。\n每次不是点蛙就是点酸汤鱼。老公是贵州人，他觉得这家的菜，在贵州以外的地方，做的算不错。所以除了嘴非常刁的美食一族，普通人想尝尝贵州风味，可以考虑来这家试试。\n我是比较喜欢酸汤鱼，汤酸酸的味道很刺激食欲。每次都吃好多。蛙肉比较嫩，口感好。\n老公喜欢他们家的糟辣椒炒饭，每次都吃一大盘。我喜欢米豆腐，感觉和我在贵州吃到的差不多。,1
34849,稻香蛙的味道还不错的，大家吃过的朋友肯定都觉得，本人还觉得那里的手工面不错，老板娘说是她家点击率比较高的菜，咬上去很有劲头，汤汁也很鲜美，朋友们可以去尝试以下~,1
18857,和朋友去湖南路逛街时，经常去这家肯德基店。店面位于狮子桥，里面人蛮多的。就是前几天，和表妹一起兴冲冲地来到这家店，发现它竟然正在装修，只好去了狮子桥的麦当劳。,1
851,中午过去吃的，貌似双拼饭点的人比较多，我们几个就点菜吃，什么西兰花，白灼芥兰，叉烧，烤鸭之类，口感一般，奶茶倒是不错，连吃2个中午就。。。,0
9587,粥做得和汕头街头的大排档差不太多。。。还行\n倒是手撕包菜真的很好吃！椒盐牛蛙也还行。。。。\n但是没有发票。。。感觉几个服务员态度满油的。。。\n算了算了，咱就是吃个饭，管他那么多。。。如果有人去的话，推荐手撕包菜！,0
5310,刚才在这家店，朋友不小心掉了手机，然后店员打电话通知我们去拿回手机。这种拾金不昧的精神是超级令我们感动的，当今这个社会，争鲜寿司店带优秀品德会让我时刻光顾。从店员的人品就可以看出店品是多么的优秀。,1
9350,点了博多拉面和另外一个 忘了 囧。。\n我喜欢喝汤 汤的味道还是不错的 很浓 比起味千肯定好 量也更多 味千是越来越坑人了\n章鱼小丸子味道很一般 不咋的 甜虾味道真的是甜的哦！,0
20111,中午去吃的，人不是一般的多啊，包间早就满了，只好在大厅，大厅也是满满的，十分的嘈杂。算了，大过年的也不能计较这些了。点了一个跺脚鱼头，点了一个几乎每桌都点的烤基围虾，还有两三个素菜。剁椒鱼头还是蛮好吃的，就是红油放的实在是太多了。赠送的老鸭煲味道还不错，我连喝了三四碗汤，还吃了两三块肉。其他的菜口味都一般了。服务员几乎都是大妈级别的，反应迟钝，都忙不过来。最后不是我结账，我也搞不清多少钱，不过应该不是很贵。,0
17558,好多人都很爱啊。。。可是为什么我就没有爱啊。。。\n天生对这些不感冒= =当然经常有人请的话也可以喝喝啦。。。=v=\n就，觉得虽然花色很多，但也没有特别吸引人的地方。。。,0
2837,非常喜欢，喝过那么多饮品还是觉得这款最好，浓浓的奶茶味，还有果冻、珍珠豆、另外一种不太晓得是什么，但是服务GG和服务MM给的料超足，差不多有小半杯，嘿嘿，总之就是喝得十分过瘾的说，感觉比外面的6元奶茶好太多了。,1
5003,平时很少去居酒屋类型的日料，这次总体影响不错，给78分。\n周二晚上七点左右去的，要等位十五分钟左右。装潢并不华丽，但日式味道十足，居酒屋门口无停车位，需要往南再开一百米才有停车场。其实地铁会比较方便。\n均价五十到七十，满百元反十元券，价为不高，适合小资们聚会或者是情侣约会。\n点了招牌海鲜饼和天妇罗，另外一个三文鱼刺身、吞拿沙拉、泡菜猪肉火锅、鳗鱼饭和炸冰激凌。\n招牌菜海鲜饼有些差强人意，虽然口感不错但是没有惊喜，感觉像是章鱼丸的Pizza版本，但本来沙拉酱和鱿鱼须的味道比较讨喜，因此一般分数不会太差，\n天妇罗胜在种类繁多，除了经典款之外还有香蕉等新口味。口感不错。\n三文鱼刺身四十元一份，九厚片，很新鲜软嫩。是我吃过的店中性价比最高的，强烈推荐。\n其他的菜表现平平，基本上跟预期的口味差别不大。但炸冰激凌是一个比较严重的败笔。首先冰激凌口感太假，不象日本mingzhi或是其他冰激凌那样润滑。另外包裹的面糊没有完全炸入味，可能是因为太厚的关系。但是其实炸冰激凌的皮是可以非常薄的，只能说厨师进步的空间还很大。\n这次并没有看到日本人在，倒是有不少鬼老在光顾。不过不排除是因为附近外贸公司多的关系。,0
16095,他们家的咖啡可以说是用缸来装的，喜欢喝咖啡的朋友来这里肯定很爽，特别是楼上的大沙发，一个人就这样陷进去了，很软很有安全感！朋友谈事约在那里很不错！,1
33353,静佳的东东，正品觉得还可以保证吧~~\n舍友在上面买过一个杏仁鲜奶身体乳，唉呀妈呀，味道太美妙了~\n香的我都想把自己吃了。。。\n觉得别的牌子没有必要在上面买，自有产品想买的话倒可以，不过没用过~,1
42564,很久以前吃的了，印象中非常好吃 的馆子，最爱的糟溜鱼片和糟溜三白，吃过这的吃哪的都不好吃，以后还会去而且环境也不错,1
7619,他家刚开时就一直光顾。当时还搂了一张老主顾长期饭票。o∩_∩o\n味道一直没变，就是叉烧越来越肥了，时令甜汤从8块涨到了12。\n严重说一下服务，这的服务生是一啵不如一啵，一前服务超好，人勤快还不错单，还能给建议。现在………缺心眼比较多。不仅一问三部不知，还常常漏单，今年试过连错三次，都心有余记了。弄得现在下完单再核对一边打印条。而且服务生比较没眼力劲儿，非常懒散，他家女老板在与不在差别较大。\n无语……………因为服务问题我已经现在多转战太兴了。\n这的价格真的很贫民了。早餐套都很不错，很港式也实惠。评价贵的真让我无语。\n推荐美食：银芽炒面，招牌海鲜伊面，\n特别推荐的是排骨煲仔饭，虽然等半小时但绝对值得等，很厚的饭焦，浓郁啊。个人认为目前是各家港士店里最美味的。白鳝的也不错。\n特式西多式，这个也不错，目前仅仅它家这么做。\n皮蛋瘦肉粥，鱼片粥，叉烧汉堡等等\n推荐饮料：鸳鸯，什果宾治，廿四味…………,1
191,只能说很垃圾吧。。\n菜品实在是一般，而且感觉不新鲜。。\n那粥真是难喝，刷锅水的味道。。\n服务态度也是稀烂。。\n打死都不会再去那家店。。,0
38127,吃过莲花园店的下午茶自助餐，中大果间的午餐，上下九的午餐。\n唯独是没有来过这家以环境优雅，情调一流的“遇”餐厅。\n周五下午6点时分，慕名前去。\n可是服务态度麻麻。\n有礼貌地询问是否有位，服务员眼尾都唔望下我，就指了指一楼，叫我自己入去稳位。\n找到位置坐下了，由于位置是对着收银台，那里站着5、6个服务员，一副闲聊不鸟人的样子。\n于是，点了个“狗仰大名”的“野莓批”。\n之前有朋友极度推荐，说如何如何好。\n5分钟过去了。批没见端上来，闲聊的服务员由6个增加到8个。\n于是，我催了单一下。\n于是，闲聊的服务员由8个增加到10个。\n至于么？现在一个人吃饭也要受你们气吗？\n再5分钟过去了。我又催了一下单。\n服务员爱理不理地说，已经下单了。\n于是，又五分钟过去了。\n只见一个服务员从一个冰柜那里慢悠悠地取出批，端到我的座位上。\n这家店真有种啊~呵呵。15分钟的时间。我面前已经站了12个服务员~\n这是我迄今为止，去37度2中，服务最差的一间！！！！！！！！！\n闻说，批应该是温热的。但是这会明显是冰的。\n真的很失望咯。而且各种莓都是酸的。。。完全没有甜的口感。\n不会再来这家了。差劲到爆！！！！！！！！！,0
20598,里面的石锅拌饭真的是蛮好吃的\n特别是鳗鱼和牛肉的\n韩式石锅拌饭就不用吃了\n不怎样\n还有里面的烤肉最好不要点\n不好吃\n不过炒年糕还蛮好吃的\n价格也划算\n就是要先付款,1
3423,搬来公司第一次就是吃他们家的米粉 我觉得味道还不错 \n满鲜的 最喜欢吃的还是酸辣笋尖粉 我的最爱\n其他的粉 同事说也还可以 下次尝试之,0
23200,给自己找了个山西老公，导致最近吃面的几率大大增加，这儿都快成食堂了！他家的面条还真的算是很好吃，关键是价格公道，凉菜在4-6元，符合小饭馆的消费水平，而且味道还不错。推荐凉拌白菜心，每次都会吃一大盘子，昨天吃的土豆茄泥也挺好。除了刀削面以外，其它的面食等的时间都比较长，得有点耐心。他家的蒜充足供应，可以多吃两瓣，都是今年的新蒜，够辣的但也舒服，记得吃口香糖哦,1
29206,一直坚持不断的参加DP的美发体验，好不容易让我中了一次。刚好头发要修了，自从知道抽中自己后，就一直等店家联系我，最后约了10月底去做的。\n首先，800秀很好找，7号线下来就到了，但是tim's time不好找，隐秘在办公楼里面，而且外面也没有招牌提示。\n进去后发现跟一般理发店还真的不一样，放的轻音乐，更像是一家cafe或者lounge，看到前台没有人，还在傻傻的张望，一个男孩子看到了，马上就问是不是点评来的，之后发型师jeff就出场了。先是跟我沟通了一下，了解到我想要的样子。之后便叫他的助理帮我洗头，动作很温柔，洗的时候也根据我发质给了我一些洗头时要注意的事项。因为是短发，想留长，所以Jeff也没有大动剪刀，只是帮我修了些层次，刘海剪的我很喜欢，本来就是一刀平，因为我还想要这样的齐刘海，所以Jeff就在原来的基础上帮我剪短，再修有点弯弯的弧度。之后Jeff还很细心的边帮我吹干边跟我讲解平常如何烘干头发。\n之前还蛮担心会推销，结果是我想多了，Jeff只是稍微提了一下，改天来店里他帮我烫个发型，还有就是建议我重新染个颜色，现在的发色比较适合秋季。作为发型师，这个我理解，总是希望能有一个全新的发型在自己手中诞生嘛。\n对了，还有护理，因为我头发很干，所以护理只做了10分钟，而且没有加热。是不是威娜的，我没注意，但是香味很喜欢，回去路上一直很得意自己飘香的头发，哈哈。\n总体来说，是次很愉快的体验！,1
14366,味道跟一般的日式拉面店比没什么特色之处，性价比不高，基本面食都在29元左右，量也就是正常的一人分。我妈妈觉得贵。。理由是毕竟它只是一碗面。炒面吃过日式抄乌冬，口感酸酸的，不是很适应，不知道正宗的是不是也是加这么多醋。\n饮料还不错，10元一大瓶，要是没什么人的时候来当下午茶喝不错。周末去的时候人很多，服务员要一直叫才有空来，但是平时服务还是不错的。万达的店里总感觉有点挤，可能还是格局的问题。这种店更适合一个人吃。,0
2446,这家汤包其实不难找，只是店面看上去很一般，若不是真的很爱汤包的人，不会进去吃。\n西红柿汤包是我的大爱，不过还是油腻了一点，其他的别人都评价了很多，在此我也就不赘述了。好吃，真的好吃，配上一杯冻奶咖，真的美味...,1
39795,这家店地方有些小，所以排队=了一会额。但是菜的味道很好，点了一个羊排烤虾，感觉味道就要比南丹店味道做的好，别的都差不多。很喜欢他们家的菜！,1
37173,这里做的是杭帮菜，菜的口味也不错，特色菜里面，红子鸡的口味有点类似吴山烤鸡，皮又薄又脆，鸡肉配上特调的调料味道更好吃。沸腾虾也是值得品尝的一道菜。这里还经常推出特价菜活动，吃吃还是蛮实惠的。,1
40246,这家店只适合打包外带，因为太小了，要是中午想坐在那吃的话，找位置都要找半天呢，而且还挤挤攘攘的，感觉跟打仗似的，主要是中午那个午餐时段的套餐太优惠了，不到20元就能吃饱，简单快捷，但是为了健康，这种快餐还是要少吃，呵呵……,0
42109,每次来这家，总是带着特殊的情怀，和丁丁的相识在这里，最后一次送走她也是在这里。作为一个爷们，发乎情止乎礼的根深蒂固教育，注定了我是个失败者，为毛？现在的妞，早过了跟你鸿雁传情，细水长流的时代，你止步就意味着退缩。\n西堤的服务一直都是重头戏，就像一篇小说，序的好，再拙劣的篇章也会有一批拥护者，何况，西堤的食物也占有可观性，赏识性。\n我喜欢肥美的食物，所以猪排绝对是我的倾心主菜。78、128、168的三个档次各取所需，建议你折中。前菜蘑菇酱配新烤出来的法式面包浓郁香滑，芝士总是能挑逗我高昂的情绪，再加上它的免费添加足以满足了我的口腹之欲——意尽欢。\n西堤的各式饮品均好喝，咖啡奶茶的香浓，果茶的清爽透彻，探寻着引导甜点的隆重登场，甜品出自西堤的甜点师傅之手，很多的西餐店都是外购西点。总是执着于一种心理暗示，考究的西餐厅必须配备专业独立的甜点师傅。因此对西堤我不免厚爱有加，味觉通常在感官之后成为升华之杰作。,1
36525,全国连锁的店，在北京从小就吃，上了四年学终于在南京开了，很亲切地去尝尝，味道还不错，但服务真的太差了，可能跟当地环境有关，毕竟就没什么服务意识。真正的汉拿山，服务员是主动烤肉的，要跟服务员说“不用麻烦，我们自己烤”，可到了南京，服务员压根儿就不搭理你，得请他过来烤,0
27010,吃中餐，在教育路工商银行旁边，味道都不错。不过就是比轻精点，种类不算多。如果找不到地方吃饭，也是一个不错选择。饭后还有糖水送。,1
31567,北京最后的一个比较大的室内轮滑场地了。地方足够大、木板地比较滑，不适合苏话。人均十块。是最早首体新潮流的人开的。,0
13888,好大一个\n要了混合的冰激凌\n巧克力多于香草 不过我不介意的 我爱巧克力\n他们家的巧克力味道蛮浓的 香草的也很好吃 皮也脆脆薄薄的 好吃的,1
16854,"已很久不去电影院看电影了.女儿女婿带去的,开车也花了不少时间,离市区很远,就是在园区到那也不近.不太方便.电影院分成好多个小间同时放映不同的电影,给我开了眼界.影院造的也很现代.我们看电影的一间不大,电影是3D的,要带特殊的眼镜,内容很简单,好像是说一对恩爱夫妻一块慢慢变老的故事.我觉得花这个时间跑这么远来看这个电影不值得,但女儿女婿都说好.那就好吧.因比较偏,停车方便.影院小,音响效果不错,但我不会一个人去那去看电影,乘车不便.",1
29228,"白金枪鱼刺身 58元 六片,蛮厚的, 还行，没想像中的嫩\n海神寿司 48元 8小块 蛮好吃的,只是下次要关照店主不要放葱\n摩托罗拉 48元 8小块 没有海神好吃\n芥末章鱼 好像15元 拌得不错，章鱼稍稍有点老\n八爪鱼  好像15元 甜甜的，挺好吃\n梅酒 38元 一小瓶\n乌龙茶 8元一杯\n该家有免费茶水，乌龙茶多点了。\n店很小，里面最多坐十几个人，位子就像吧台，高高的，不是很舒服，是家快餐类型的店 \n总体还可以吧 店主很客气，很有礼貌。",0
31737,泰华也是苏城较成功的高端商场，西楼的一楼都是高端品牌，很多人听到泰华第一反应就是商品价格贵，普通收入的人根本不会去光顾。,1
37981,最早知道何夫人还是从纯净水开始，后来就是啤酒节上的何夫人了，在欧风街开始的时候还没有何夫人，现在就在7-11对面，迷你酒庄出现了，来自德国的酒水品牌，卖意大利肉酱面，薯条。。。全男生的服务还是很有特色的。。,1
3641,某天朋友生日去吃了这家自助。\n感觉比沸城那边那家好得多。\n这边的菜都是用盘子装好用保鲜膜封好摆在自助台等待挑选。\n虾，牛排，精品肥牛，中翅味道都很好，尤其是虾，很新鲜，个头也很大，当天吃了十几盘虾吧，当时大家都开玩笑说光是吃虾就把自助的钱吃回来了。肥牛都是大片大片的，不过提供了剪刀可以自己剪得小片小片的。石锅拌饭也是可以随便拿，看着还像那么回事，分量不是很多，可以尝尝，味道还蛮好的。,0
4946,去过麦凯乐的 感觉就是一般般吧 还要提前结账 败了 就是离得近 有时候还是回去 不过以后如果方便的话应该是不会再去的了,0
3701,我个人觉得不怎么好吃，而且价格都算蛮贵的，相比于我之前在其他地方吃的汤包都要贵，才8个包子就要22块，平均下来还是蛮贵的。,0
29407,去鼓浪屿呆2天，查了岛上的一些家庭旅馆之后决定住这家娜娜附属的猫窝旅馆，住前十几天预定了房间：可爱猫房和笨猫房，到了岛上一上岸，走了一会会就看到了很大的娜娜旅馆的招牌，到了娜娜就是到了猫窝，一个在3、4楼，一个在2楼，我们拿了钥匙直奔房间，一进房间就闻到一股淡淡的檀香味，空调也已经开好了，感觉很舒服，房间很新很干净，墙上挂着几幅猫咪的画，很可爱，卫生间不小，漱口杯什么的长得很可爱，都是搪瓷的，淋浴和泡泡浴缸是分开的，还装了浴霸，房间里有个中央控制的音响，有时会放轻柔的音乐，就一点不太好，房间里收不到手机信号，这点很不方便，要打电话只能去走廊上才有信号，不过总体来说已经很好了，我建议尽量订最便宜的房间，性价比比较高，价格高的房间基本只是地方大了一点点，设施什么的都一样,1
26329,中午来吃饭，在人还不是特别多的情况下居然上烤肉类的还那么慢。等了半小时烤盘空着没有东西烤，催了四五遍才上来一五花肉。以后绝对不会再来了，还不如汉拿山一半,0
43612,这间嘢环境一般，胜在便宜，价钱好实在，自助餐噶嘢较少，音质差了点，歌有点儿旧，房间有d细\n就去过一次咁多，以后无去过,0
27200,点了一个水煮鱼团加了豆腐，辣味不用说欲拔不能的香啊，还有棒棒鸡半只，辣油味香扑鼻，本想点粉蒸排骨，还有猪蹄黄豆～结果都没有，只有点上汤豆苗味道一般，还有鱼香肉丝很不错和北方的样式颜色味道都很不同，结果打包了很多，有免费豆浆一壶，如果人不多，基本不需要茶水,1
17670,是家乡菜所以主观觉得还不错，份量很足，味道只能说是新疆菜但差老远了，很多菜都改良了，味道不足，就冲份量和价格海事合适的,0
36160,在这里给女朋友买过饰品，感觉款式比较多样，而且都蛮好看的。\n实际上遇到喜欢的手饰，价格贵一点点是无所谓的，重要的是心意。,0
13587,每次来都是好多人啊，等位真能把人等崩溃啦，没办法啊，谁让我总是馋咖喱锅呢，呜呜，特别喜欢咖喱锅里面加上肥牛、土豆、金针菇和豆皮儿，爽SHI啦，对啦，那个火锅面放到咖喱锅里也是别有一番风味呢。强烈建议亲们，下次再点咖喱锅的时候，记得在麻酱里加一些沙茶酱，特别美味呢,1
18770,比起长乐路那家Le Saleya 我更喜欢泰安路的这家Le Petit Saleya 幽静的泰安路给人非常恬静的感觉 \nPetit是法文中small的意思 这家店真的很小 一眼就能望尽所有的桌子 \n靠边的长条沙发适合晚上朋友聚会喝喝小酒 聊聊天\n老板是个法国帅锅 做事亲力亲为 接电话 点单 送菜 样样都做~\n餐前面包中规中矩 还是那个黑橄榄酱比较好吃！！！\n前菜: 奶油蘑菇卷/尼斯色拉\n都满好吃的~对前者期望很高~幸好没让我失望哦~外皮有弹性~里面包裹着各式菌菇~奶油味满浓郁的\n尼斯色拉是错有错着 朋友本来想点奶酪饺子的 结果手指一划 指歪了…哈哈~里面的金枪鱼还是很好吃的~量特别多\n主食:嫩煎羊排X2\n我想念的海鲈鱼木有了~服务员说换过菜单了~这菜以前有的。。。\n那我们就点2份嫩煎羊排 果然没让我们失望 羊排很嫩~带点肥肥的最好吃~三块下去真的饱了！\n配的薯条也很好吃~最近我中毒了~~每天都想吃薯条啊薯条。。。\n甜品：苹果派/熔岩巧克力蛋糕\n对苹果之类的东西都不太喜欢吃。。。但看了DP上很多TX都推荐呢 那就冒险试下~果然被惊艳到呢\n做的非常有韧性 边上一层酥皮非常好吃！！！上头的香草冰欺凌球味道也很纯正！！\n软巧克力被我用勺子挖了个孔就像熔岩般涌出~~浓郁的巧克力气息占据着我们的嗅觉和味蕾~融化在口中~回味无穷~~\n下次找个机会挑个阳光明媚的中午去感受下他家外面的玻璃房~~\nPS:周一休息，周二到周日营业。,1
38913,我也喜欢巴排。\n价格适中。口味大众，\n缺点太油~~~\n也许油少就不香了。呵\n呵呵平凡人吃的小吃喽~~~,1
31144,每次买书都来这。说不上很好，也说不上不好，书的种类还是比较全，个人觉得面积不算很大。深圳人喜欢看书，以后还是会经常去的。,1
39688,服务差~~~漏点菜~~害我们傻等半小时~~还不承认~~~另外菜的味道也一般~~在本帮菜馆中属中下水平~~~,0
36916,地址：五道口，挨着城铁那里，很近，很近，很好找滴说~挨着呷哺~呷哺的味道很香啊，吃饱的时候就感觉不到香了。\n \n服务：服务还可以，到了就说下是团购的，12点到的，到的时候还有几桌空滴，所以还比较幸运，之前提前打电话定位置，人家说不用定，直接去就可以了，不过还是得早去才成。\n香锅：东西是都订好的，种类挺多，肉肉给的也不少，很爱吃培根，当然还算烤得嫩喽~端上来的时候，感觉有点少呢，不过吃完还算很饱滴说，服务员上来都会把所有的套餐内容给点一遍，找到里面的东西，防止说缺斤少两。\n 吃完后，会过来问下够不够吃，还会送上2个杯子，哈哈，第一次遇到这个~开心ing~,0
7924,下午去的，下午茶其实也没什么吃的，环境也有点旧了，就是一般的茶餐厅，只有蛋挞是值得回味的。\n咖啡一点也不好喝，还不如叫奶茶。,0
34395,口味很不错，尤其是咖喱，做的很好吃，量也是比较多的啊\n跟我的老板来吃过一次。。。。\n还i可以的啊。。。。\n下次跟男朋友一起来试试啊,0
15253,见到我爱广州上次的聚会系果度搞..感觉应该唔错吧..而且系几年前试过佢呢度既虾胶酿炸面..觉得都唔错..所以某天中午就同亲戚来呢度食中午饭啦..\n午市好旺..去到得翻1、2张台西未订的..\n菜单上面菜式既价钱都唔贵..好多人都点柠檬猪排&虾胶酿炸面..\n周一的特价菜式系 冬瓜炆鱼腐16蚊..\n啲冬瓜太厚..虽然啲汁够味..但系完全渗入唔到旧瓜入面..鱼腐一碟好似先得7~8粒..完全发挥唔到平靓正的效果..宁愿加多几蚊食正价菜\n骨香鲈鱼球..30蚊..呢个应该系当日最好食的一个菜..啲鱼好滑..味道也不错..\n华香鸡..其实就系白切鸡..半只就32蚊..贵到飞起..而且又无咩特别喔..可能系特别细啦..大同既湛江鸡一只先系38蚊..\n柠檬猪排..23蚊..恍如此店的招牌菜..好多张台都有点..柠檬汁酸酸甜甜几醒胃..不过炸得太老..唔点见肉..或者呢个同佢既切法有关啦..\n虾胶酿炸面..如果单点呢个系26蚊既..不过服务员话不如要个双拼啊..30蚊就可以试多款..拼春卷..不过呢个春卷服务员强调系新鲜包既..的确系甘..新鲜~~~\n好多谢个服务员提醒我要双拼..因为个虾胶酿炸面实在太难食啦..虽然个春卷唔值呢个价..但系起码我唔使食得甘痛苦..\n虾胶酿炸面..啲炸面无再炸过..或者只是将虾胶煎熟就算啦..因为成件野都唔系好热..虾胶唔弹牙..仲好霉添..估计系用机搅的..最后啲虾胶酿炸面就要我将剩余既一半全部食完..惨..\n春卷..呢个系现包现炸的..馅料方面系虾、蛋、韭黄、芽菜等..炸得好脆..好好食..不过啲虾就好差..滑“闪闪”的..每条春卷都有2只虾均匀甘分布..\n上面既价钱应该无点标错..外加茶位5个人共10蚊..3个白饭共6蚊..6支珠啤20蚊..今餐合计167元..\n很傻很天真的故事来了...\n买单果时见到张单上面有两个数字..167【实收价】..同165..甘我就问个服务员个165系咩意思..服务员答..165系折实价..不过无发票..\n心林...想用两蚊鸡就收买我价值167元的发票未免太天真了吧..而且仲会比人觉得你好小家..2蚊鸡等于买一次南粤风采的价格..同样我要发票也是为了抽奖..何必为佐你个少一次机会呢..而且收少两蚊算点姐..有心想无比发票既就打9折啦~甘相信好多人都会选择唔要发票咯..\n总结..质量无想象中既吸引...,0
9480,分店很多，味道都差不多，有时候下班路过他家会进去果腹。锅贴和蛋挞是每次必点的，还有蔓越莓果汁也挺好喝，闷面味道也还可以，就是有点太油了。虾饺也还行，不过有点小贵了。,0
4217,我和LG去的，而且是晚上6点以后到的。刚好看见有买一赠一活动，感觉很实惠。点的是牛肉的。但是吃完，感觉没饱。后来又去别的地方吃了点别的。算下来，非特价时候去吃，还是有些贵。,1
6900,还是过年那会。天气寒冷。晚上11点多钟，去时打电话预约，说马上就到。接电话的说有个大包房。等到了以后说没了。让坐在外面的一个通道上，心情就没了。味道一般般吧。,0
41219,每次来都是吃这里的牛杂火锅 味道很不错 汤很清 但是要先喝汤才能下牛杂下去\n不过热量是很高的 适合冬天吃 \n还有卖一碗一碗的 没吃过 下次可以尝试,1
11522,智联木有51来的好，因为在智联上挂的简历，基本是石沉大海的。\n自从注册过之后，就一直收到智联的广告邮件，灰常讨厌！！！,0
15849,香港的“大家乐”人声鼎沸，回上海马上找到了五角场的 “大家乐”，味道相差不大，人气却有不同。过段时间再去尝尝，回味一下……,0
5809,以前哥再那里上班。经常去吃的一家小饭店，上次朋友过来，也就请在那里吃饭的。味道一般吧。基本都是味道很重的那种。辣的很辣。油放的很多。感觉有点腻，不过他们服务员和老板都很热情的。很喜欢和客人打招呼。这年头啊，就是这样的。做生意就要笑脸迎人。不管自己是开心还是不开心。,0
4194,口味就那么回事，不是很有特点。\n从开业到现在，老是买一锅赠一锅。。。。\n抻面和宽粉不错，还有鱼滑也还行。\n但是服务员估计是不是太少了，好几次，要的东西老不上，最后告诉没有了。很气人。尤其有一次老爸想吃碗面，就一直等，结果等我们吃完了告诉没有了。差点没吵起来。\n刚开始还没发票，老说发票机坏了。天天坏啊。我现在也不去吃了。夏天还是少吃羊肉。上火：目,0
31524,"在这里买过许多家电了\n电视,冰箱,洗衣机,空调,手机,笔记本……\n周末人很多\n经常搞些特惠活动\n东西质量还可以 服务嘛~~很热情！\n而且开车 坐车 都很方便\n可以刷卡 还可以分期贷款购物 挺不错的",0
27119,对于我们这些一般收入人群来说，这家算是不错的，性价比还不错，口味也过的去\n公司同事聚餐基本上都来这里，要预先订位置，一般7，8个人也就400块左右，而且吃的很饱很high了,1
41086,入夜，酒精的作用已经让我记不起太原街的潮汇在什么地方\n还笑呵呵得告诉司机我没去过，你载我到潮汇附近，海底捞还是海里捞我自己找\n嗖嗖的冷风吹过，酒劲稍稍减退，哦，记起来了 笑笑居酒屋\n卖场已经打烊，侧面的门 直梯到顶 海底捞的小伙儿笑脸相迎\n听说我找人，和我说，您直接进去找吧，现在剩下没几桌了\n走进一瞧，小伙儿你就谦虚吧，是没空几桌吧 \n入席，火锅配红酒\n服务生忙前忙后，又是毛巾擦手，又是倒酸梅汤\n价格决定着服务，上上个公司的BOSS常说，羊毛出在羊身上^_^,1
41034,可能是因为地理位置比较好，每一次去人都挺多的，喜欢里面的环境，可以带朋友去聊聊天，氛围挺好的，里面吃的喝的都 比较多，我比较喜欢木须盖饭，因为给的挺多的，嘿嘿！食量太大了没办法，还有每次都会点的是蛋挞，不过要等久点！人多的时候，服务可能会差点！,1
37168,一直觉得穿上婚纱的是最幸福的。。前几天看到张柏芝在采访中说，她对婚姻的遗憾在于没有步入穿着婚纱步入婚姻殿堂~\n哈哈。。趁着有空，，第一挑自己喜欢的婚纱，第二就是要刺激下自己，，哪里可以藏肉哪里一定要剪掉~\n偶们家某人真的越来越会拍了。。拍了几张让偶回家做对比的~\n这是偶第二家试婚纱的地方，，没想到遇到能hold 住全场的主婚纱~~~\n名字超好听。。叫海誓山盟~\n这个名字寓意好。。所以很中意的呢\n大家也可以来帮偶挑下下。。哪款礼服更加适合偶。。试了2件主婚纱，5件礼服吧\n蕾丝大拖尾。。。朋友说很隆重。。很有羽毛感~整个房间都可以铺满般\n图片：很蓬蓬\n相比之下，，海誓山盟更加适合偶，，简单中还有2.5米长托。。。图片“选了”\n一定能HOLD住全场。。。喜欢喜欢\n紫色的那件礼服。。某人说偶很贵妇，，很富态。。啊晕。。这件如果手臂剪掉后。。绝对首选。。\n红色一款绛红色的那款，，，一开始真没看上，，但是上身之后，，第一显白哦~第二。。很显瘦~\n第三灯光下面超好看。。。很亮丽~\n还有2件没选上，，是纠结款，，一款水蓝色，一款金色的。。喜欢那款高腰设计，，可以遮住偶的小肚子~\n继续选择礼服啦。。。初步了解了。。设定偶的主婚纱就是这里了。~\n山盟海誓~此志不渝~,1
17509,偶而来龙之梦 ，几个好友冷不丁的就逛到此\n这里的东东很漂亮，做工也考究\n不过价格方面没什么优惠\n虽说如此，可我们还是一人一件小东东\n服务小妹很漂亮态度也十分地热情,1
42300,周四预定周日的会员卡15元三小时的活动，说已经预定完但是让我们当天过去看下，说不定有位置。周日下地铁特意电话过去，如果人多就不必白跑一次，结果服务员说让我们过去，人不多，电梯到楼上果然没人等的人，肯定可以唱了吧？结果服务员死不承认他说过的话，还和我们硬争起来，话说我还办过会员卡的，必爱歌就这样子培训员工的？服务态度真是差到极点，要投诉明明员工胸口挂着的工号还说没有工号，后来就躲闪着，这样子的服务态度，怪不得必爱歌做不大，以后不去必爱歌唱歌了，会员卡费了就费了！！！,0
15566,和朋友一起去的，哈差劲，九点半就什么都没了，点了招牌买一送一，只有热的！空荡荡的碗里只有五六个芋头，薏仁一点也没煮酥，加了三块号称台湾第一的粉果，超级难吃呢一种甜品，仙草黏黏的，像小孩的鼻涕，无法和芋贵人相比！失败的一家分店！还是大悦城的店给力！,0
31816,永和是最常吃的，但是某天突然发现他涨价了，我上次吃卤肉饭的时候才9块，一段时间没吃了，已经涨到11块了，其他的更不用说了，基本都涨了1-2块\n永和都一个味道，他们家的东坡肉饭和鸡腿饭是我点的概率最高的，卤肉饭已经不点了，9块钱的时候吃太多了，哈哈\n那个豆浆真的参水参太多了，如果同行的人没要求，我是绝对不会点的\n还有那个白粥，都是水啊~~~~,0
10235,好吃！点了奶酪，味道和奶酪魏的没差~，白粥，皮蛋瘦肉粥，虾饺烧卖，虾饺皇，馄饨，还有比较经典的就是白灼芥兰，菜真的很嫩，总之很正宗，正点！\n就是菜单东西比地坛那家少很多，都是些小吃，还有就是人多的时候服务有些混乱，差点找了我们2次钱，呵呵,1
38352,晚上下班过去的，环境很好，不是很吵。和必胜客差不多的价位，但是环境好很多。服务员也很到位，很少有忙不过来的时候。一般牛排套餐就可以吃饱，如果选小吃的话尽量选A餐搭配，不然可能会吃不完浪费。可以自带笔记本无线上网，鞍山西道这一商圈大部分店面都比较小，这家相对而言还稍大一点，比猫眼餐厅和五月相比更正规也更舒适。ps：罗宋汤口味有点重，不点饮料的话建议不要喝罗宋汤,1
32944,本来下载了148的优惠券准备吃套餐的，结果担心太多还是单点了。土鸡还不错，酸辣土豆丝也很下饭，豆腐煲感觉一般般。可以参加满100减20的活动，或者也可以直接打8.5折，感觉差不多。服务员有点少，生意倒是不错，我们去都要8点了，还有8成满的样子。,0
20842,杭州的城市化坐标之一么，经常有展会的，有时候去看看还是蛮长见识的，装饰的也很不错，地段很好，是一个不错的展览中心,1
16562,布置得富丽堂皇的新疆菜馆，可以说是京城清真菜馆中最奢华的地方，而且特别的喜庆，同事的结婚宴就是在这里举行的，很让人满意的地方！\n出品的菜式也是味道十足的，很不错！虽然价格有点小贵，但是物超所值的！,1
17565,排骨饭倒是不贵，不过有点淡，没想想中好吃，也没家里做的好吃，总之吧，搜搜。排骨倒是脱骨，汤也还好，算是原味骨汤了，米饭硬了。,0
40037,面粗得不行，实在不怎么好吃。\n两个人分别点了有汤的番茄牛腩面和干锅牛肉面，没啥特色，特色就是面粗。\n竟然还看到有苏格兰打卤面。。。\n另外还有煲仔饭之类的卖。\n服务不好。,0
36784,便宜实惠好吃没话说。这是我在成都吃的最便宜，性价比最高的一家店，适合上海人口味。下次有机会一定再来光顾,1
32154,以前聚会的首选，很久没有去了，前天去了次真是怀念啊。只有一摞华的银鳕鱼最好吃！吃过好几家日是烧烤都没有他家的好吃 还有牛尾汤可以喝下两碗，就是清酒有些参水的迹象。。。但是吃的味道还是很赞~,1
8768,第一次来吃豆捞，一直对火锅这种没有特别偏好，但是这家的服务的确是出乎意料。吃到一半，服务员端上一杯红糖姜丝茶，杯子上还贴了便签，说是送我的，但没听清楚原因。接过杯子后仔细看了下便签，大致是说看到我有点感冒，估计是工作劳累等等的原因，免费赠送一杯姜丝茶，希望我感冒快点好等等。哈哈，真是有点受宠若惊啊，我大概就用纸巾擦了几次鼻子，服务员可是真周到啊。当时还没搞清楚状况，杯子端上来时还搞的一头雾水，也没好好谢谢那个服务员，只能在这里再次说声谢谢啦。,1
38200,"属于快餐中比较健康的,至少他家汉堡里的肉基本上是烤的而不是万恶的油炸食品,味道也还可以吧,只是价格在同类快餐中有些小贵.",0
36970,以前出差最喜欢住如家，价格便宜，环境干净，外观很像小时候家里的房子，后来快捷酒店陆续多了起来，感觉如家的价格有些偏高。,1
40382,上菜的速度真心的慢哦~~~~~~~~\n下午茶点了B餐和D餐。柠檬红茶参杂着王老吉的味道~真的不好喝~凑活着休息休息随便吃吃就~,0
31427,住在酒店里，所以温泉票是100元一位。\n年初一泡头汤，第一次泡很好奇。进去的时候人相当少，这点不错，省得像热门温泉人挤人，像下饺子……\n小鱼池很舒服，刚开始的时候小鱼咬在身上痒痒的，有点奇怪的感觉，时间长了就习惯了，有点点麻，专咬下半身死皮的地方，泡好后很舒服，身上光爽了好多。那个像按摩椅还有石板的也不错，冲在穴位上，像是在冲浪一样。红酒池很烫，不一会儿就有点头晕受不了……总共貌似有近二十个池，接近中午的时候人渐渐多了于是又有新的开放……\n餐厅里提供免费的水和一碟小食——水果、饼干、蜜饯，二楼还有商务套餐，有点小贵。\n人不多的时候有点像包场，优哉游哉地很舒服~,1
14422,属于川大南门外面的苍蝇馆子，钵钵鸡比较有名，味道很巴适，五角钱一串。另外还有面、饭和家常菜，味道也不错，价格比较平易近人。不过钵钵鸡这个东西呢，总让人觉得不够卫生。另外对外地TX普及一下川菜常识：其实钵钵鸡并不是鸡，钵钵鸡就是把各种各样的菜和肉穿成串，泡在红油和调味料做成的蘸水里。很入味，但是据说签子和蘸水都是重复利用的，所以卫生不佳。,1
13902,经常路过的一家店，味道还可以吧，总体偏咸，与总店有些差距，人不是特别多，夏天多半是在外边，中午时人不是很多，晚上比较兴旺。,0
42844,无心来到这家店，晚饭时间人气很旺，排队排了半小时左右，由于之前没有来点评做功课于是点的都是平常自己爱吃的。推荐腊味三拼，三个品种可以按照喜好自己组合，味道非常正宗；丝袜奶茶不愧为每桌必备，非常淳厚；咖喱鸡的咖喱奶香十足，记得要配白饭哦！服务员态度亲切还会给我们意见。总之这家餐厅相当惊艳，价格也实惠！,1
21129,能在里面找到挺多舞蹈啊音乐啊之类的图书和音响，基本需要的东西都可以找到。所以说东西还是挺全的吧。我的论文参考书也是在里面找到的...帮了我大忙啊,1
19149,占地面积广，装修的环境很不错，正对面一个大戏台，经常有拍卖活动，古色古香的装修，可以自由选择档口的食品\n但味道普通很差，价格很贵，非常不值，还不如华天小吃好吃呢，一点特色没有，量还很小，可惜了这个定位和装修了，极不推荐,0
18384,离上班地方和家都蛮近的，偶然几次吃饭时路过，都会瞥见长长的队伍。\n好奇去吃了两次，听推荐试了黑椒牛肉和照烧鸡肉，饼皮挺酥，就是饼身过厚，味道还算好吧。,0
15007,"没有一次是自己买单..所以忽略人均吧...\n地点蛮不错的,面对长江,环境也还不错...\n里面的包厢在镇江还是慢可以的,菜的味道尚可",1
32450,公司聚餐的时候去的，外面装修看起来破破的，其实里面环境挺好的。味道也很好，够辣。品种也多那天我们同事都直说吃的值！,1
5611,小同学要离京回家，这离北京站近，就约在了这。我被她带的，也快要爱上麻辣诱惑了。。。\n我到的早，在排位区等，发现麻辣诱惑现在也有免费指甲了，还有桌游区，就是围棋跳棋什么的，看来全民提高服务质量啊～\n小同学出地铁之后，直接电话遥控我点了菜，我就进去坐了，她还没走到，菜就上了一个，真速度。\n领位很赞啊，还帮她拖箱子进来了。\n俩人点了小毛血旺，小牛蛙，炝炒圆白菜，理论上是够了的，米饭吃没的时候，肚子已经有点撑了，但是嘴还是想吃点再吃点啊！\n这就是美食的魅力吧！\n环境很好，座位挺多，6点的时候呼啦啦从电梯间那边出来一堆服务生，所谓的晚高峰啊！\n我们出来的时候才开始排位，或者说还在排位？7点40的时候吧。\n要是有无线网就好了。,1
21966,这家店开业多年了，从以前起就有很多日本人来这里吃饭，因为地段好，而且店里的食物都比较正宗。价钱不算太贵，出品也比较精致。服务员的服务也不错，只要订了位置，哪怕让后来的顾客在门口等，也不会让出桌子，会一直保留给订位的人，这点从以前就是这样，比广州其他店都要服务得好。但另一方面，如果是两人吃，只要人多，肯定是要搭台的。所以尽量4个人去或者3个人去比较不那么容易被要求搭台。\n最划算的应该是饭类和火锅，饭的话20元打下肯定够饱，而且吃得不错，猪扒、滑蛋鸡肉、鳗鱼都可以吃到，以前做的蛋包饭更加正宗，现在已经比以前省功夫了。不过比起其他地方还是很好。火锅的话，分量很大，汁很香甜，相当实惠。\n其他推荐的小吃，土豆沙拉，这个我的最爱。然后是鸡蛋厚烧。毛豆加啤酒也是下午茶的好选择。天妇罗固然好吃，但分量大又是油炸食品，爱漂亮的MM可能会嫌弃，不过我们是每次都点。还有牛油土豆。店里做的菜凡是关于土豆和沙拉酱的都不错。\n寿司刺身新鲜，但现在广州的日本料理店的平均水平也上来了，这家店在这方面也就没什么突出的表现了。\n总体来说还是很不错的点，水准保持多年没有走样，值得再三去。,1
12142,东湖度假村的马自达黑车带我们过去，起先不要想连档马子：土鸡煲炒米味道很好。就是价格小贵128；白煮虾38；水煮牛蛙28。青岛啤酒6。,1
20303,这家H&M还是很大的，占了3楼\n 东西很全面，鞋子包包饰品内衣衣服什么的都有\n 去大悦城，这家店是我必逛的\n 人不是很多，试衣不怎么用等的\n 逛好，还有很多吃的东西~,0
5335,昨天下午还和家人一起去了上岛，东西很一般，可以在里面聊聊天，翻翻杂志，上个小网，可以一下午在里面打发时间，环境雅致，就是沙发太陈旧，服务态度超赞的。,0
20525,公司附近 位置很好 环境很棒 服务很到位 座位在楼上 一般没什么人 很安静 适合看书什么的 就是价格好像不如旁边的巴拿米实惠 可能旁边总做活动的关系,1
35697,人那叫一个多，还限流呢，就跟卖白菜一样，各种人群各种试穿啊，我溜达一圈就出来了，真心的贵啊，不知道为什么那么多人长草这个,1
4164,停好车突然看到了久违的这家锅贴店~\n于是走进去，就为了回味下锅贴的味道~！！还真的是好吃。虽然肚子不算饿。但是锅贴皮薄，肉多，汤汁也很鲜美。。。。大爱啊。。。想每天的早饭来一两锅贴。是多么幸福的事。。可惜。住的太远了。。\n还有牛肉汤，味道也不错~肉很嫩！,1
11222,感觉还可以，是因为有城市规划的年会，所以去了一下，做的是志愿者，感觉还行，就是地段不怎么样，太偏僻了。但是不的不说，河西现在搞的真的很好的！,0
26630,超喜欢吃这里的年糕团的呢，来这里买这个的人很多自己非常的喜欢，每次来都会排上一会队偶尔也会吃吃这的面也都还不错。,1
28153,很久之前去过一次，对于菜品都基本上没什么印象了，只是觉得性价比不高。装修的样子就觉得不像日常吃饭的地儿。应该比较适合商务宴请。,0
20316,去过好几次了，很不错的一家店，最爱三文鱼面包沙拉，餐前面包也很赞，海鲜汤很不错的说，牛排其实味道还行，不过对于不喜欢肉食的我来说实在没有吸引力。价格小贵，偶尔去去还行。,1
43258,这家店卫生情况曝光前去过，当时觉得味道还可以的，想不到……唉……\n其实哪里都一样，只是有些卫生差你看不到，有些你看到了罢了……\n整改又如何，这个社会的大环境就这样儿！炎黄子孙自求多福吧……,0
17676,这间正扬很大，招牌大，店面也大，让人疑心他是不是真的有那么多人来吃饭。。。\n试了一下他的蚝油云吞捞面，蚝油很少，面也不好吃。总之觉得不是我的口味。\n服务员很傻的样子，点什么都说不知道。。。\n油鸡味道一般，不够浓郁。\nXO猪颈肉，肉非常大块，颇有要把人噎死的势头。\n上汤芥菜还可以。,0
5343,装饭的盘子很大，可惜量只占了一半，饭有一点硬~~~\n强烈推荐冰稀饭和牛奶糯米饭，味道比主食好~~~\n花了5块钱办了一张VIP会员卡，可以打9折，而且办好就打~~~\n铁板的菜有点小辣，不过还能接受~~~,1
17186,太好吃啦~拉面做的很有味道！\n每次去了人都超多，可见受欢迎程度了！\n拉面里的肉越来越碎了，为什么啊...伴肘子肉还挺好吃的！,1
37994,7个人消费的，去之前在网上找的，环境可以，到不是特别好吃，就是感觉还行吧，特别要说明服务很好，服务员很敬业，让我难忘，所以互补了,0
42394,做早餐是在是奢侈呢……\n【豉汁凤爪】味道香浓 肉质细滑鲜嫩\n【白粥咸菜】白粥熬的很浓稠 黏性都熬煮出来了 有天然的米甜香 咸菜不咸 反倒是甜口\n【蘑菇肠粉】外皮Q滑 蘑菇脆爽 酱油汤汁相得益彰\n【虾饺皇】不愧是火爆产品 虾肉饱满大块 很强的大快朵颐感啊 饱嘴 有意思的是调料 颜色较醋稍淡 味道除了醋还有一股卤水拼盘蘸料时那个酸口的卤汁味道 问了服务生皮是怎么做的 他说是类似凉皮的那种做法 怪不得很有咬劲\n【菜心】酱油做底 清爽 菜心很新鲜\n【牛杂米线】早餐吃太辣不太舒服 牛杂还可以 算嫩 但是总觉得汤底有一种康师傅辣牛肉面的味道 有点廉价\n【鲍汁腐皮】饱嘴感不输虾饺 里面还有三个魔芋丝团团 腐皮内包馅 中应该有鲜肉 马蹄 木耳 鸡蛋等 味道香浓 就是稍稍有点油\n灯光下每道菜上面都亮晶晶泛上一层油花 看着倒是很晶莹的样子\n粤菜来讲的话 算是平价,0
5836,经常和老公一起过来吃\n东北人开的 味道还是蛮正宗的\n地热超级舒服\n喜欢这里的南瓜汤\n强烈推荐铁板豆腐很好吃\n另外可以外卖哦,1
4201,门脸很小，里面没什么装潢，服务员少 ，客人离开很久了餐桌都没人收拾。不可以刷卡。家常带鱼就是一个面疙瘩，不好吃。上菜还是可以的。,0
37294,"以前找地方吃饭去的,在学校旁边,那个时候还是刚开,老板都亲自出来的,觉得服务很棒呀~\n我还不太吃东南亚菜系的,觉得这里的味道还蛮不错的~",1
19038,春天的周末，和同事去踏青，就近选择了朝阳公园，阳光暖得有些晃眼，天气还有些凉，公园里一路走来，感受到明显的春的气息，长凳上静静阅读的外国女士，草坪上兴奋地吹着五彩泡泡的孩子，三五成群来野餐的人们，和一个个色彩各异的旅行帐篷，罗马柱下，旋转木马旁，数不清的情侣在拍摄婚纱照，吸引游人驻足，欣赏那份美好，想起一句话：你站在桥上看风景，看风景人在楼上看你。。。,1
12925,朋友介绍的，真好路过就买6个带回家尝尝，喜欢他的外皮比贝尔爸爸的脆好吃，但是里料感觉稀了一点，喜欢香草和巧克力的，宇治的怎么感觉有点苦呢？,1
6553,吃过之后，觉得生意好，但是味道和价格。。。他家5块钱的猪耳朵但是满好吃额，小小的一碟，满足了1个人吃的量少，可以多点几样菜的需求，客家豆腐22块，好吃，有点小咸，不过还是蛮好吃的额。                           \n                                  \n但是，但是，他家的“牛仔骨”，千万 千万 千万 不要点啊啊啊啊啊啊啊！！！！！！！！ \n                                 \n58块钱，但是难吃到了级点，几乎是咬不动的，于是让服务员再拿去加工了一下，等了好久 我们都买单了，端上来，好了点，但还是不属于人类吃的类型，肉里明显加了东西，而且加太多了，那肉的味道就不对了。于是，全部的不要了，也懒的理论，这么难吃，怎么好意思收这么贵哦！                        \n                            \n还有个咸鱼饭也难吃，反正是除了豆腐和猪耳朵好吃之外，就没社么好吃的了。连汤也不好喝，根本就没有味道，加了盐也。。。。。唉 总之，失败的晚餐。,0
43741,昨天去吃的~感觉一般！不如一开始好吃了~量小了点~但是个人还好~味道一般般了~主要都是遛累了到点进去添一下肚子~要是讲究口味的人还是不便去那里了吧~,0
18007,公司年夜饭选在这里，吃过不少自助餐，很期待五星级酒店的到底怎么样。\n可选择的东西很少，海鲜品种只有四个，只有一个什么螺，一个基围虾，一个青口贝，再有就是蟹腿。\n刺身同样品种很少，而且很可怜，每份居然只是在小盘子里的区区很小的十几二十片，还是用筷子夹的，这个是自助餐吗，还没三文鱼。\n热菜的种类也不多，而且看上去每个都不好吃的样子，几十个同事居然都没人选热菜，都说看上去很油，没食欲的样子。\n烧烤类的只有羊排，个头比较小，还有就是玉米棒和一个什么肠，其他没了\n本人超喜欢刺身，第一轮拿了几片之后，晃了一圈实在觉得没什么好吃的，于是又回到刺身餐台忍不住问了句有三文鱼吗，然后狗血的一幕出现了，那个服务员从餐台里边拿了几片给我，我问能多给点吗，帮同事拿点，回我不能，赶紧回去告诉同事，三文鱼居然是藏起来的，要问才给你个可怜兮兮的四，五片，后来同事看见有服务员端着生蚝走过，可是就是没在海鲜餐台找到，于是我们学三文鱼那的问了句有生蚝吗，我靠，这才给了我们几只。\n真的是不想评价了，甜点那的东西也很少，品种少，供应量也少，喝的就茶水和雪碧。\n总之除了环境和服务过得去外，就食物本身而言真的不怎么样，可选择的东西少之外，供应量也很少，有的居然还是藏起来要问才给的，这样的自助餐我是不会再去第二次了,0
4420,刚刚开业的，在小区里。市场也就不是那么大。当然门面也小小的，两个服务员，一进去就对你微微笑。\n开业的时候有点活动，满10送面包或者蛋糕的抵用券，说是数量有限，不知道现在做完了没。\n早上七点开，正好赶上我出门的时间，但我早上去买的蛋糕却也是头天的日期，不知道是偶然还是什么。\n葡萄干的切片面包，足足13片，才7.5好像。面包入口即化，葡萄干也很多。我本以为可以分两天做早餐的，结果回家发现剩下的已经米有了。\n要是再有点热饮就好了，或者甜品。最遗憾的没有看见蛋挞，我的最爱。,0
27819,装修非常特色，古色古香啊，就是服务不算特别好吧\n黄鱼煨面和虾仁煨面真是不错的说\n比起特意去苏州吃苏式面，我建议大家还是上海吃吧，苏州比上海贵，还不好吃,1
14127,这个“渔港”开了也有3年多了吧应该\n本来一楼是大堂\n现在全部都改成包房了\n装修阿什么的都还不错\n就是中午的时候感觉稍微昏暗了些\n点大海鲜的话肯定起码3千多一桌地\n我们都点的比较普通家常的菜\n味道还不多的\n冷菜里面么那个咸肉挺好吃的\n不咸但挺鲜的沾点醋吃不肥腻口感更好\n烤菜么不用说来\n吃宁波菜么就要吃烤菜的亚\n个人认为稍微干了点\n其他还ok\n热菜\n苔菜小黄鱼\n炸得很透的裹着拌有苔菜的面粉很香\n咸肉茄子煲很好的下饭菜可惜我没吃饭\n。。。。。。\n还有个什么花雕鸡\n里面还有猪蹄一起烧得\n很大一个煲马子很大的\n鸡很酥烂也蛮入味的\n蹄子没吃\n海瓜子的个头不是很大但味道还是很鲜美的也很新鲜\n上汤娃娃菜应该叫做娃娃菜煲\n不是一般外面吃的上汤类型的菜\n汤很多的\n基本可以当汤\n也蛮好俄\n很清爽\n红烧肉\n价钱蛮辣手额\n量倒也不少\n但是吃不惯因为不甜\n估计他们家红烧肉的风格就是这样的\n而且太干了就像肉干\n。。。。。。\n点心里面的一个麻糍啊好像这个名字\n特别好吃\n甜甜诺诺的\n偶吃了两个\n嘿嘿\n女生都特别喜欢的\n建议大家一定要点这个哦\n本来要点海鲜泡饭的\n但这个市一人一份的\n所以我们改点了雪菜面疙瘩\n汤里面有雪菜和笋丝特别鲜\n价格么也不贵,0
10245,每次来都要站大排，不清楚为什么会这么火，一个洋快餐有那么有吸引力吗，被朋友拉这个店里好几次，经常碰到不是这个没有，就是热水器坏了 ，续不了杯，这地方真很一般。,0
12746,大家一起聚餐吃饭，看了蛮多店，觉得这里环境和价位不错。点了些普通的大陆菜式，白斩鸡不错，吃了一盆，又点了一盆，蜡黄蜡黄的鸡皮，估计是蛮正宗的三黄鸡。上菜满快的，服务也不错，适合热闹聚会吃饭。,1
12774,快过年啦，和同事一起去中欧附近找个饭店吃吃饭，放松一下。一龙烧肉以前没有来过，同事说前一阵子刚重新装修过，应该还不错，就进来了。\n菜单还是挺多选择的，中午还有海陆空铁板烧套餐。因为想吃刺身，所以没有选择午市套餐，直接选了上等刺身套餐，而且因为想吃烤鳗鱼，又单点了一份。\n套餐80元，有三文鱼、北极贝、鲷鱼、炙烤金枪鱼和肉身白白的一种鱼不晓得是啥。。。很新鲜，没有丝毫腥味，肉身弹弹。尤其是北极贝，个大味甜，很赞。配的蒸蛋也很好次~一个气泡都没有，滑滑的，像布丁。味噌汤也不会很咸。搭配的小菜是土豆色拉和泡菜，分量很小，但是配餐也够了。还有两片橙子。\n抹茶粉冲泡的茶随便喝，饭后还有咖啡、冰淇淋或者水果（还是橙子）选择。\n烧鳗鱼也是80元，有5块，肉身挺厚实的，很弹牙，酱汁香甜。不错不错。但是据说搭配烤肉套餐附送的也是这款烧鳗鱼。。。一模一样。。。顿时心理觉得有点不平衡。。。\n总之东西味道不错，但是价钱也不便宜就是了。不过偶尔吃吃奢侈一下还是可以接受的，嘻嘻。,1
15210,我比较喜欢他们家的香辣鸡腿汉堡。。。。虽然这个汉堡出来的时间蛮长的。。。。不过我总觉得他比其他类型的汉堡好吃 。。。。,0
33457,嘻嘻，瑟瑟本人滴英文名&德文名就是：Elisa。读书时，德语外教一定要求每个人起的名，拿着一本德语姓名手册翻来翻去，翻到最后不得不做决定了，就Elisa了，被同学和老师叫了4年，竟已经非常习惯了，所以出去工作后自己也依旧用这个名做英文名。\n于是在安特卫普看到这家Elisa Pralines的巧克力店真是狂激动哦~~这家巧克力店的装修风格也很温馨，室内也是人头传动。店内主要是卖praline，品种样式是花样繁多，几十种不在话下，除了praline，还有长了丑丑大大的truffle(做了很粗糙，所以么有买)，坚果巧克力块，和巴黎一样的柠檬橙子沾巧克力片以及水果巧克力baguette。\n立马决定给阿弟买手信。praline都是按照分量称的，价钱不贵，选了一个小盒，大约是10欧左右，请店员帮我选praline，下层是选口味好的，上层则挑最漂亮的。店员挑巧克力绝对有一手，装满一盒巧克力praline起码有20个左右，而且搭配了养眼十分。\n挑完后，又请店员小姐给自己挑了6粒好吃的praline，自己吃。这家的praline满有特色，特色在于内在不似普通praline又厚又实诚又甜，里面大多是放了奶油或者慕斯状的，所以也不经碰，有几粒我是放自己包里带回家的，已经奶油漏出模糊了不想样了。而每一粒的口味又有着明显的不同，口感很滑满细腻，又不过分甜，是符合我们国人口味的praline，亦是带回国送朋友特别的手信（一百年GODIVA的，最讨厌了~）。\n229,0
34469,出品是无得说，一个字好!但价格也实在是贵，性价比比较低!要是吃点普通菜式，用这个价钱就没有必要，要不就吃名贵点的，有保证!\n昨天12个人喝茶花了700多元，也没吃到什么!,1
8359,在看得到整个人民广场的露台上晒晒太阳吹吹风真舒服，况且又有喜欢的人陪我圆梦--周yn，侬梦哈多！这里意面还算不错，menu有点小差错服务员也没有推诿，马上调整了。mojito里的薄荷叶有点发黄但满浓的，香蕉郎姆蛋糕进口超市货，打动不了我。,1
4022,地段不错，1号线黄陂南路下来走过来很近～\n外部环境真是不错，体检办公楼的小洋房也漂亮，只可惜是在高架的另一侧，来回跑得我累死。。。\n上海的医疗资源真是越来越紧张了，空腹抽个血排队都排到我九点多，那么多人排着却只开一个窗口，还要为了退休干部和老爷爷老奶奶们无偿奉献出排队等候时间，很多人都在抱怨，应该多开一个窗口专门应对特殊人群们呐。。。\n医生护士们的态度还是在可接收范围内的，抽血的阿姨手法很到位，我这个小细胳膊困难户，她应对自如，佩服佩服～～～,1
33349,吃过很多次，味道不错，值得推荐。\n一般我们两个人去点一盆牛蛙，一份手撕包菜，一瓶可乐...牛蛙点的时候都会跟服务员说不要皮，因为看到皮总觉得怪怪的..呵呵\n牛蛙口感很好，越煮越入味，不过也会越煮越辣，下面的萝卜煮软了味道特别好！\n新装修了后环境好很多，不过我觉得东塘店的牛蛙貌似没有总店的好吃，不知道是否是个人感觉问题。,1
38895,我儿子很爱吃这里的包 所以我一周会来买个几次  价格是稍微高了1点 不过东西还算实在  推荐的包是有一种里面包芝麻的 叫啥名字我忘记了   大家可以试下,1
41594,"来福士的顶层，纠结着吃鹿港小镇还是小南国的时候发现了地理位置极其优越的这里，人不多，进去才有一两桌，沙发很舒服，通透的玻璃望下去的感觉超级好，东西单价都不贵，但是和分量放在一起实在是...平均一口寿司怎么也7,8米，小菜一口也10几米，想吃饱没有人均小一百下不来，寿司的味道中规中矩，没有特别惊艳的地方，只有金枪鱼寿司的感觉很厚实好吃，小菜里的小鱿鱼超级好吃~8点后寿司半价，可惜那时候已经快吃完了唉~~以后八点后去吃寿司哈哈~~",1
38371,开了好多年的老牌火锅店。口味还可以，部分菜品可以点半分，价格便宜，到饭口经常需要排队或者拼桌。环境一般，适合小型聚会。,0
33970,原来朋友在这里上学 经常过来玩\n很喜欢学校里那几只羊 每次过来都要跑来喂一下\n还有草坪 还有鸽子 还有小湖\n学校的地理位置不错 周围的物质资源丰富\n咖啡厅网吧台球小吃一应俱全\n偶尔还有推着小车卖小宠物的老头经过\n每次我都p颠颠的跑过去看\n还买过一只5块钱的大蜗牛 我管他叫牛哥 哈哈\n记得男友在那上课的时候 我也经常跑去蹭课\n现在他毕业了 我们还是喜欢去附近的小吃店吃东西\n还有很好吃的夹很多肉的鸡蛋灌饼呢,1
13904,儿子生日，离家近，看了网上点评，想去试试。刚开，环境自然很是干净，同行的老爸老妈嘴很刁的，他们吃下来觉得不错，说以后可以请亲戚过来吃。说说我们吃的几道菜\n醉鱼红烧肉： 外婆家也有这道菜，有点油，但很下饭\n千张猪骨煲：像火锅一样，也可以下其它蔬菜什么的\n烧牛筋：    QQ的，糯糯的，本不喜欢吃筋的我，也吃了好几根\n凉粉：      老爸说不新鲜\n山药：      酸酸的，儿子全吃了（他一岁，只有吃这个了，没有其它适合他的！儿子快快长大，那就什么  都可以吃了）,1
20227,环境很赞，门头看不出，上了二楼才别有洞天的感觉，很别致舒服。不像一般火锅店很吵闹，很适合姐妹们聚餐或者小情侣约会~~ \n姐妹们都好火锅，就来吃一下试试~~~ 丸子类特别的很多种，神马麻辣丸啊，海胆丸啊，芝士丸很多种，点了丸子拼盘都试下，感觉每种都不错呢~~~ 口感很好！特别要提虾滑真的赞哦，嫩！鲜~~~！ \n饭后还点了甜点，杨枝甘露很赞，芒果大块，柚子有一点点苦，味道刚刚好~ \n新店开张吃了还有卷送，不错滴~~~~ 下次再和姐妹们来~~~~,1
8520,这家生意老好的~~瘪谷coco好像生意都好的呀~\n最喜欢可可~双拼不错！\n就是这家店正好位于冬凉夏暖的位置~\n排队有点辛苦~\n这家店的态度很不错的！,1
32564,一年多前去吃的了，也是听了大家的评价，中午去基本没多少人，牛排吃起来很老，跟当班经理提出来了，他反复强调“我们这里的牛排不是绿茵阁那种...”，我们压根就没和他提关于绿茵阁的半个字...好在还不错，最后给我们重新换了一份，这个值得赞赏!\n印象也不深了，性价比不高。相同价位的话我选择戈雅。\n牛排冷盘吃起来没有铁板得劲...,0
20479,位置稍偏，大概是因为隐蔽的缘故，人不是很多，就餐环境不错，菜实惠，够吃，干净，适合聚会，服务员很勤快，少了好多跑腿之苦，总之是不错的一间馆子。,1
16834,回民街的酸梅汤真的很好喝，呵呵。\n是一个有回民男朋友的家伙带我去吃的这个小酥肉，说是很出名，每天去晚了都吃不到了，果然一到那里，满满的都是人啊，终于上来，吃了一口，味道还行。可能之前期待很高，没有想象中那么好吃，呵呵。花椒味很重，麻麻的，也很咸，因为名气很高，所以客很多吧，不过这个就着米饭吃还是很下饭，整体还是值得一尝。,1
28531,没有去过，有时在公立医院排队，而且碰到医生不好时，真的想去民营医院试试。还有休息日和晚上，有时有点小毛病就不想请假了，但公办医院你下班他也下班。不过看了点评估计一般情况不会去试了。,0
19591,一家新开的餐馆，装修还算不错，有着自己的风格，毕竟沪上又多了一个尝“湖鲜”的地方。\n其菜以鱼和农家菜为主，更以“千岛湖鱼头汤”为招牌之菜，那鱼汤炖的白白的相当到位。那“梅菜肉夹馍”味道也不错。其他的鱼和农家菜烧的还算可以。\n在上该店前，曾在网上看了些对“千岛湖人家”的点评，因为喜欢吃“螺丝”，所以也注意到了“臭螺丝”之评，但还是点了一盘，或许是运气好吧，“臭螺丝”没缠上我，其肉嫩而且很入味，烹的的确不错。\n吃完了之后，感觉其口味、环境、和服务都还算不错，价格也较适中，性价比实属不错。\n哈哈讲讲，点评就是这样。,1
37900,今天中午在这解决的午餐 点了三菜一汤 分别是虾米炒盖菜 宫保鸡丁 紫菜蛋汤 日本豆腐煲\n日本豆腐煲我觉得还是很不错 豆腐很Q的感觉 宫保鸡丁个人觉得是最具有川菜风格的\n在这道采中 难得能吃到花椒 这是在福州餐馆中很少见到的。,0
40273,当时为了庆祝到了这边，是第二次品尝权金城了，没有失望。他家的烤牛肉，牛舌，蛮不错的，喜欢吃他家的石锅拌饭，据说五花肉挺好吃的，不过我没怎么吃，还是喜欢吃纯瘦肉的东东。看着热气腾腾的烧烤，就那种气氛也会让你食欲大振的。何况他家的东东还是比较耐吃的。更好的注重服务，生意会越来越好的。,1
19946,最喜欢抹茶杏仁　甜筒也不错现在ＤＱ门店好像越开越多，在万达的小角落，适合朋友之间小吃一下，比起金鹰ＤＱ店的水平，其实万达还有一家爱西西里，巧克力酱按理是一整勺，说说浓情吧，保持始终如一的暴风雪杏仁提拉米苏，可通常都只放半勺，一般不会坐在那里，吃的很爽ｄｑ就是这样呗，到处都是，最爱ＤＱ的浓情巧克力和奥利奥芝士，工作人员仿佛很舍不得这巧克力酱似的，杏仁碎粒很多，实在是有差距，最近爱上芒果杏仁味。,1
36882,经常光顾的店呀，虽然价格比较贵，不过东西还是不错的，东西\n很好吃呢，我个人就很爱吃日本的一些进口糖果，口感很好，每次都买很多。,1
7396,小南想吃麻辣香锅，说这边的应该好吃，应该~~~拿就是没吃过了。\n已经是下午13点，人不多，居然还有二楼，一般的成都小吃哪有这规模。温度刚好，不会感觉冷，桌上都有免费的豆浆，淡淡的味道，但是还算好喝。\n菜量很大，整整一锅，最后没吃完，打包回家，今早热过，就着米饭，还是很好吃。锅底不要钱，所以一个香锅，一个豆角炒茄子，还俩碗大碗米饭才80多，便宜。\n服务也还好。小南说，只要是便宜的，我都觉得好吃。\n呵呵，是吗？不是吗？不知道，只是觉得这个味道对得起这个价格。但是其他的麻辣香锅贵了，味道也没什么特殊，就觉得贵了呗，不好了呗。,0
16595,非常喜欢的一个公园，春天的时候就是一副青山路水图，而且人挺多的，早上有锻炼，下午有遛弯遛狗的，还有等会、庙会，非常的热闹,1
12918,好像金额超过最多的了。。。\n没法填额。。。\n果然是奢侈品~(*^__^*) 嘻嘻……\n过个女人节犒劳下自己~\n拖上老公去买了个爱马仕的包包~另加上一块丝巾~\n爱马仕的东东真的超喜欢的~\n觉得大街上到处都是仿的LV啦~什么的~\n爱马仕还是比较少哒~\n枚红色的鸵鸟皮~O(∩_∩)O哈哈~精致的搭扣~\n美极了~\n还有春天啦~买块颜色鲜亮的丝巾搭衣服~那个美啊~,1
36314,从学生时代开始吃麦当劳，已经有很长的历史了，Kfc也一样。这次些点评是因为小丸子赠品，由于本人喜欢小丸子，所以为了收集厚着脸皮去点儿童餐。苍天啊，新世界底下的这家只有一种款式啊，至少我去的半个10月份都是这样！就是很囧的表情，脸上有阴影，黄色衣服，背绿书包的那款。明明有8款的！唉！11月底活动已经结束。现在觉得麦当劳的麦旋风很不错，外面也可以单买哦，不必在里面挤在一起。虽然也排队！,1
33016,公司外卖米粉，就选这家，味道真不怎么样，笋尖又老又不入味。木桶饭的饭生的比熟的多，向店家反应，回复说我们的客人都喜欢吃这种的。无绝倒，弄当无牙舞蛋啊！,0
27204,星巴克的东西哪儿都是一个味道，比的嘛自然就是环境了。\n比起天一那儿商店附近比较闹的星巴克，我还是比较偏爱这家的。\n外滩边，位置自然是得天独厚，有露天位，夏天晚上坐在外边，喝喝咖啡吹吹江风一定无比惬意。二楼的沙发蜷缩在里面几个闺蜜聊聊天也是件美事。\n服务态度很不错，那天晚上来的，还特意让我点low caffeine~蛮贴心的。,1
20661,手感面不错的，很正宗，有西北的味道，比坑爹的拉面好吃多了，肉炒面片我最喜欢滴。下午吃饭人超多，住在城西的同鞋有口服了。,0
39036,速度那叫一个慢哦。。。进门的时候只有一桌2个客人，已经在吃了，然后下了单，然后一直等到店里坐了有2/3的人，也没见面端上来，大家都在眼巴巴地看着，服务员打情骂俏学客人讲话，上来的面和以前在别的味千吃到的色面也不一样口味也不一样，还不如路边摊来的香。。。。,0
37087,很好找，就在宣武门地铁边上，紧邻公交和地铁，这点真的不错\n剧场也非常的好看，看上去很古典，很有韵味，喜欢\n我们是在这里看的话剧，貌似都是小剧场形式的，里面都不大，只能坐下100人左右吧。位置分布的比较均匀，照顾了每一位观剧的人，并且不用麦克风，剧场里的每一个人都能听得见，不错\n这里的建筑都很美，适合演古装剧，也适合拍婚纱照哦。,1
21914,对面有个自力教育，所以生意还算好\n东西很少，但是价钱挺贵，一杯奶茶都在7-12元左右\n本来点的烧仙草，不知道被那个服务员听成了仙草奶茶，还说我说错\n算了，味道还可以，里面加了芋圆，还不错,0
24224,我儿子就在这里学钢琴，以前很早就来看过的，那个时候想学吉他的，可惜老师说他太小，外面只好向选择钢琴，钢琴课是80一节课的，50分钟，每个星期一节课，外面是星期日早上的课，感觉下来还行。在这里学习的小朋友蛮多的，大朋友也有，很多都是考级的。天目琴行最先的店以前是在文二路上的，后来才搬到这里的。老牌子了，还是靠得住的。,1
28824,上次和同学三人小坐了一下，点了饮料，忘记是什么了，外形和味道一般，没什么吸引人，没有什么印象了。有点小贵，一般般般,0
20937,"披萨没有想象中的好，普普通通，不会有什么印象，点了一份披萨饺，味道也一般，还有土豆，虽然外形有星星的形状，不过我并不觉得好吃,总体感觉没什么印象，就是个吃披萨的快餐店而已",0
27047,从小就喜欢吃这里的特香包，奶油味很浓。。。\n面包软软的。。一次可以吃一个，也不会腻。。。\n环境还不错，服务时好时不好。可能也要看服务员的心情而订吧,0
34452,物美价廉，一个食堂内吃遍很多地方的小吃，不过环境不好，桌椅地面都油腻腻的，且人多嘈杂。不过饭菜可口，量足，价格当然是学生消费的水平，不贵。,1
25752,因为妈妈生日所以去吃的··名字很好，但是实际上就和雅泰来差不多，感觉环境还可以，吃的没多少，也不便宜啊···4个金针菇卷就19元啦，牛排没有吃因为下午了么还是要少点点肉肉的好，点了个PIZZA，味道真的很一般，虽然是一半一半的，可是没吃出区别，都一个味，还要靠仔细分辨上面的肉粒来区别我的点的两个口味，西瓜奶昔一喝一嘴打碎掉的西瓜子，那个郁闷，还好最后帮我重新换了一杯没子的，呵呵~~~我想是不会再去了，不怎么有特色的样子啊~~~,0
16486,这家店在大雁塔北广场喷泉对面，应该生意非常好的，有许多外地游客来光顾。\n是跟KFC一个模式的，但是便宜很多——汉堡买一送一，也更本土化，有手抓饭吃！比起天天汉堡可以舒服多了~\n另外拿了优惠券还送一杯果汁，不错！,0
15777,说实话，味道真的很一般啊，随便吃吃还是可以的，如果要填肚子的话一个肯定是不够的。第二次经过的时候就不想吃了，反正就那样了,0
20004,"一直都很喜欢吃这里的水饺,味道一直都还不错,只是现在的价格真的是涨了不少,水饺加个汤起码20几元,点的好些就要30多,哎物价高啊，这么平民化的东西也要消费不起了。",0
20299,"典型的咖啡馆, 里面的沙发, 看着很舒服, 有无线网络, 这是我比较在意的, 喜欢这种点杯咖啡, 上网的生活, 这次去点的我爱喝的拿铁, 还不错喝! 以后可以试一试其它口味!",1
41821,有次加班和朋友路过去吃的，很有特色，那上面的粉也不知道是什么- -很特别就是了，后来和朋友又去了一次，感觉没有第一次好了- -可能是连着吃感觉有点腻，不过确实很特色。,1
10610,在闺蜜家陪她话疗了一下午，晚上出来觅食，早就对这家川菜长草了，可是这儿不是我的活动范围，就搁浅了。\n结果从他家后院出来，就看到了川香人家的招牌，旁边就是同样长草的盆盆香。\n鱼和熊掌不能得兼，舍盆而取人家也。\n进店后就囧了，满屋子全是烟，它家是不是抽油烟机坏掉啦。\n非周末非饭点，人较少，三四桌的样子，窗边，就坐。\n点了酸菜鱼，鱼很鲜嫩，而且不是很辣，闺蜜说不敌中街的那家好吃，不晓得她说的是哪家。\n魔芋，量很大啊。泡椒的热菜，感觉不是很入味。\n蕨根粉，爽口啊。很喜欢。\n毛血旺，有鳝鱼段，还有貌似牛舌之类的东西。\n豆豉鲮鱼油麦菜，量出奇的大。\n三个女生，剩了一大半。\n餐前有小咸菜和银耳羹送。餐后有小罐辣椒酱。\n加上两瓶啤酒后才130块，好便宜。\n发票确实是假的。。。。。。看在物美价廉的份儿上，也没追究了。\n不是那种吃过念念不忘的好味道，但也不难吃，在附近的话可以去尝尝。,0
43434,春节回去和朋友小聚，很多烤肉店都关门歇业，只有这家开着。记得以前这家的味道还是不错的，不知道为啥这次感觉很难吃，板筋、烤肉、腰子、洋芋没有一个入味的，烤饼一般般，倒是烤素鸡还不错。对这家店很失望。,0
4254,在坐车的过程就远远看到这个人工瀑布，当时还不知道是人工的，进门后，只看到两个破旧的风车，还有一个好久都没有开放的水上乐园。没有太多景点。印象最深就是这个延伸看不到尽头的木梯。木梯是围绕着瀑布而建，貌似很多级楼梯，每到一处都会有一个名字。原来还自信满满的想一鼓作气上去山顶，结果有两个美女往下走，告诉我们上去就是一个水库，什么景色都没有，而且她们等了一个小时都凑不起人开车下来，只好自己走下来。经过一处休息站，吃了个豆腐花，那店家说，这个瀑布是水库放水才有的效果，到了下午6点就会关闭。一听大失所望,0
10170,是个吃海鲜很便宜的地方，比饭店便宜。\n卫生条件一般，但是东西也很好吃的。\n这里的海鲜比较多，放在象鱼缸一样的玻璃里面。\n有生蚝、扇贝、麻蛤、螃蟹、海红、皮皮虾、墨鱼仔等。\n树军家是比较好吃也是在这里最早的一家。\n人也相当的多。\n有意思的是，选海鲜要去马路对过，然后要回到马路的另一边去吃。,1
3658,#心太软#松软的蛋糕裹着香浓朱古力流心，我觉得稍甜；\n#香草疏孚厘#表层烘焙得岩岩好，内里好香滑，劲赞！\n出品唔错，有大酒店的水准，依家新开张有7.8折优惠~~不过目前品种唔算多，今晚老板透露下月会出多几款新品~\n除甜品仲有一人一煲式的打边炉，由于我喺食完晚饭先去的，所以试唔到个火锅，下次再去试试,1
11119,每次都来吃，觉得鸭血粉丝的汤很好，就是分量少了点。桂花凉豆腐就是黑凉粉，夏天喝很爽。红豆汤里加西米露感觉也不错。地段也比较好找，就在百盛后面，感觉这家比栋一的要好~,1
35727,连着2个双休去他们家腐败，感觉还是非常不错的，每次都点了烤鲶鱼，非常喜欢那样的鱼味，除了那鱼有点缺斤少两，其他的都还不错，小资情调推荐。,1
44222,近一个礼拜都感冒了，其实是不适合吃这种热性的东西的，不过我还是很固执的，看中的就一定要f掉，不然要得相思病。。。\n前几天做了件刚事情，我把手机里的某个文件夹消息统统删光了，我以为我把优惠券放在优惠券专用那个文件夹，后来一看没有诶，商家也没有下载了。\n就出现了我“苦苦哀求”小姐，晓之以情动之以理的场景，其实有点难为情啦，8过那个时候才5点，到的早，就我们一桌客人，我就黄寺黄了。还好老板娘很Nice，给我们一张50块的抵用券说到时候可以抵的，真好诶！结果买单之后又给了张50的抵用券，啥时候用呢，让我想想。\n一进门就看到一只也不知道半只羊在被切。。。就是我们后来吃的那只吧\n位子是一排排红色的沙发，空调有点不够力，挺热的，中途老板娘上来把左边的窗关了，好了很多。\n冲着热气羊肉去的，锅底点的骨头锅，担心羊蝎子太heavy了。骨头大约有6，7块的样子，味道比较普通，加了汤之后越吃越咸。不过也就30块，挺合算的哦\n火力很猛，不过一开始烧的时候锅子会发出闷闷的声音，换了一个也是这样的情况。\n金针菇好多呀，猪脑大白菜普通，蛋饺半份8元/5个，肉质松散我不太喜欢。热气羊肉2个人有点多，不过后来还是努力夯掉了，好吃的！不沾调料也ok.别的肉类价格都很平哦，就算没有活动价格也很实惠的，和苏武牧羊相比还便宜一点呢。\n带dp卡去可以打8.5折，老板娘说因为买了一个月广告，付给dp网1万5，严格来讲这个抵50的活动在2号已经结束了哦。\n服务挺好的，也许现在天气不好，又是夏天，吃的人不是很多，所以服务员相对来讲比较空闲，速度都很快。\n没有赠送饮料，调料是一份份点的，我们就点了一份，也没吃多少，因为锅底很咸，对我来说挺少见的\n买单，126，付了76块\n走了时候老板娘又很热情地和我们打招呼，嘿嘿\n回去后没发，很好,1
17197,唐山也有巴贝拉了，开在万达，很不错，现在万达的吃的很全的说。巴贝拉物美价廉，东西也不差，鸡翅是特色，洋葱圈味道也很好，我喜欢，带一点点甜。披萨种类很多，价格也都不贵，比必胜客便宜很多。,1
9489,那天路走得糊里糊涂，在科园四路和六路中徘徊了一阵，还是在市委党校西门等朋友捎了一脚才到，估计就是去的和这家差不多的餐厅。进门见位子坐了一半。吃了清香鱼，除了2条大鱼，加了藕片、豆腐、青叶菜，配了酸奶，因为男士都开车。味道自是正宗，更难得高谈阔论，聊兴正浓。\n门口较好停车。,0
29876,很不起眼的一家小店，来者基本都是熟客。酸萝卜鱼是招牌中的招牌，第一次尝到这种口味，萝卜酸得带劲，鱼也很新鲜　鸭蛋黄蒸豆腐、酸汤肥牛味道也蛮不错，附近的上班族的大爱,1
28755,这是我在高中吃得最多的一样小吃\n其实就是天津的煎饼果子，但是我们这叫它鸡蛋饼\n如果你在一中门前过，看见一个电话亭，但是在卖小吃那就是我说的这家鸡蛋饼\n最开始只是一个小摊，后来开了个篷车，再后来就固定下来的电话亭卖鸡蛋饼～可见他家的发展速度是很快的～\n他家的鸡蛋饼做的最好吃，每次都要排好久的队～有的时候为了早点吃到，我会偷偷跑出去～～嘿嘿～～他家的浆味道独特是关键所在～～已经很久没吃过了～～不知道现在怎么样了～～如果有人去吃了告诉我～～,1
3132,前两天去那里的人工草皮小足球场踢球，太久没踢球了就是想运动下，整个场地用铁网围住不怕球被T的很远拣球要跑半天，费用有点小贵1小时要350块，十个人踢的话每个人也要70块了,0
1465,其实我最喜欢吃的就是一份辣辣韩式汤加一份米饭，对我就足够足够了，所以他家基本蛮符合我的喜好的。\n用点评卷去的，觉得这个价格也蛮合适的。说起来有点丢人，我一个人要了一份套餐（蘑菇豆腐汤+石锅米饭，送小菜），结果吃了一半就饱了，让服务员把剩下的一半汤和一半米饭打包回家当晚饭了。我的饭量就不算很小的了，想来一般MM要吃的话一份肯定富裕，要是GG的话这个量应该也够了。\n所有汤都是一个价格，我因为比较爱吃素所以这次要的蘑菇的，结果不是很满意，里边就是金针菇和一点香菇，下次一定不要这个了。\n豆腐挺好的，是那种嫩嫩的南豆腐。其实我觉得韩式汤用北豆腐味道也会不错的。\n虽然开业没多久，不过好像生意还不错，工作日的中午能坐的七七八八了。老板是韩国太太，中国话只会一点点的，有事直接招呼服务员吧。现在不能送外卖，老板说人手不够。,1
18017,确实是老牌的西餐厅，环境氛围，包括一看就已经工作多年的服务生（真像原来大家族里的管家呢），都有累积了多年的底蕴在。口味经典正宗，无需多言。,1
1192,120106\n上周五第二次去，五个人。阮、阮同事两人、石灰，还有我。木地板场地，灯光略微有点晃眼。有厕所，还有更衣室。关键离公司近，还可以蹭球打，真欢乐。,1
6484,红烧蹄髈，值得推荐的。骨头上有瘦肉好吃，闷的很烂，可以用刀叉切的吃的，一点都不肥腻的\n非常喜欢啊 \n烧烤的味道很好 很赞,1
21176,中午实在饿得不行了，又走不开去吃饭。上必胜宅急送网站一看，网上订餐免运费，就点咯，本来不在系统默认的送餐范围，但选了最近的一个地址，然后附注具体地址，他们还是送到了，看来有生意谁都要做。速度一般，但服务很好，派送员提醒刮发票，果然中了5元，又省了。,1
12000,对于游艺场我的印象最深的就是汤姆熊和百盛上面的红帽象了，可惜后者后来关掉了。。。\n机器的品种还蛮多的~~就是代币不禁用啊~~~~\n很久没去过了呢~偶尔玩玩吧~,0
22779,第一次来蓝色港湾，本来想着去星巴克，结果看到这里没吃过就进来了。\n服务员推荐的经典款，我要求少加了巧克力酱，并且把巧克力蛋糕换成了原味蛋糕，吃起来口味不错。服务员还专门从星巴克拿来发票，因为店里发票机坏了。呵呵。\n以后还来。,1
21456,这里人通常不多，比旁边八佰伴的肯德基人要少，味道总归是一样的，唯一特别的是发现这里是世界第9000家肯德基,0
40199,很喜欢迪卡侬哦。以后要来这里买冲锋衣~~这次买了双雪地靴哇咔咔\n还办了张会员卡~\n这两周连续两个周末来了迪卡侬~~囧呢~~~,1
7956,这家店开在久光对面，茶余饭后或跟朋友约会也是个好去处。\n这个地段这个价钱也是可以理解的，这里还算蛮干净的，烟味不重，服务员会换洗烟盆的。这边只有美式台球的桌子，没有斯诺克的，所以适合随便玩玩。\n在点评上看到有优惠券了，就问服务员可否使用，服务员的态度好到让我要给这家店五颗星！说当天凭短信/优惠券就可以免费获得一张VIP卡，里头无充值额度的，若需充值也可以操作；当天办理当天即可享受VIP的八折优惠，这点很不错。至于送礼，当天是送一个小挂件，我没有要就算了~这里服务不错。\n另外这边最近饮料有优惠，买一送一，不过加水比较多，各类饮料都很淡的~,1
21869,很喜欢到城市超市来买一些一般的超市里面没有的好吃的东东哦，\n我呢就是一个小小的可爱的好吃佬所以呢这个城市超市确实是让我感觉太高兴了，\n不用走太多的路就可以吃遍全世界的美食了，\n呵呵，虽然说这个城市超市的东西也不是包罗万象什么都有，\n但是吃到一些本城市没有的东东我心里还是美滋滋的咯、,1
31032,这地段够冷门的，感觉不是太好，设施看上去比较旧。常去的会买张卡，比较划算，一般常客 都会在里面开个包房打打麻将什么的，表演实在没什么好看。,0
44162,路过此地发现这里开了家开菲尔\n一向喜欢喝酸奶的我很是意外 停下必须来一杯\n他这里不光卖酸奶还有奶茶沙冰之类的 \n我点的【五彩都酸奶】 酸奶还是那样的酸 要不是有五彩豆陪衬真没法喝了\n最后把豆豆吃光了 酸奶扔掉三分之一\n朋友点的 【太妃奶茶】 味道就像怡口莲 比较甜\n【北海道奶茶】 不像太妃奶茶那么甜 口感挺淡的\n【蔓越莓沙冰】好凉 这天吃不合时宜啊 不过挺大一杯的\n \n老板特热情 就是做东西的速度太慢了……,0
64,既然是来喝粥的那么主要还是关注粥的质量。\n 我个人觉得不知道是当地的口味问题还是我的问题，我个人感觉这边的粥做的很稀很稀，而且感觉米和汤是分离的。为什么这么说呢，因为==我们点的乌鸡粥，感觉鸡和粥都是分离的，而且没有什么粘性，所以实在是一般。难道苏州的TX就喜欢这种粥和汤分离的感觉么，还是这家点做的不到位呢。\n Location是不错的，为什么搞的店里面破破烂烂的，很不干净的样子。\n 我个人建议把店搞的高档一些，然后先把粥熬好，之后在将佐料放进去再煮，这样才会比较粘比较香比较好吃啊！价格贵一些也是可以接受的。\n 苹果酪不错，蛮灵的。,0
15154,第一次吃台塑牛排感觉非常好吃 趁着生日和父母一起过去 这次不知道为什么 牛肉似乎老了很多 虽然浪费了很多 心里不舒服 但是服务员的态度超级好 看到我和父亲剩下好多 忙主动提出为我们重新烹饪一份新的主食，冲着这份服务态度 失了水准的台塑牛排就烟消云散了 最终我们还是谢绝了他们的服务 难得赞人的爸爸也称赞他们的服务 以后还是会去得,1
14136,因为每天早饭习惯吃面包……然后欧尚离学校好近…………所以常常去买。对比楼上的另一家面包店 85口味要好一些 而且常出新品这也是重点~特别推荐这家的蛋糕 都不太腻很好味~,1
31018,活生生的从德泓居的北沙滩店旁边搬家到了林翠西里这家店的旁边，想想也有点意思。周六早上头不梳，脸不洗的，戴上口罩就开始搬家，中午全部搬到目的地。然后下午开始收拾，总之就是饥肠辘辘的一天，到了晚上6点，顶不住了，虽说浑身疼，也得出来找食吃了。就近去德泓居吧，以前住6号院的时候也去过几次旁边的德泓居。\n进门以后得先上二楼，装修和北沙滩那边的如出一辙。\n要了3个菜：\n糖醋里脊22元：必须是爱吃锅包肉的某人点的。我也饿得不行了，尽管是我不喜欢吃的甜口菜，但此时此刻我也吃了好几块，好歹也是肉；\n老妈茄子20元：来一个此类的下饭菜是十分必要的。茄子除了切成小段外，每段上海都改成小刀了，只不过不切断那种，所以这个油性可想而知。里面的肉丝不算少，蒜末，香菜一拌匀就开整吧；\n芥末墩10元：真是下了猛料的，第一次吃了一大口，直接内牛满面。这二次就扒拉来一小块吃，同样的杯具，致使我最后只能打包回去放醋再吃；\n出来找食前就看这家的推荐菜居然是烤鱼，去了以后还真发现很多人吃烤鱼。也不知道味道如何...,0
30906,吃过多次。每次都要最便宜的那份，服务不错，东西的话应该说性价比很高的。以后会常去，在这种地段不用等位真好。,1
43984,巧克力蛋糕很好吃 蛋糕不是甜得让人难受的那种 很细腻 入味 配上一杯茶更加舒服\n价钱不便宜 一小块就二十几元 期待其他蛋糕,1
25053,祈福新村食街里面最喜欢这家！\n生炒骨炸奶弄得很好吃 对生炒骨很高要求的话也觉得十分好味道！！不过炸奶就真的可以再提高少少水平\n炸大肠很好吃 吃起来不油腻 下酒绝对一流\n整家店铺到了晚上很多人 是其它餐厅比不上的 不知道为什么在这里点评那么少。。。,1
13365,"感觉这个牌子的东东很有性格，很有强调的说．．．\n情人节的时候买了个皮夹子，铆钉镶在上面的，看起来很TOUGH,很MAN...\n还买了件格子衬衫,那时的我正是格子控时期,买了回来没穿几次,但还是满喜欢的撒...",1
17238,大概是司机理解错了，我们想去的是“老城一锅”，结果把我们拉到了“老诚一锅”，羊肉有点硬，不给发票，说给一听可乐，后来磨蹭半天说给借一张，好像是去隔壁金山城开的发票，我怀念中的羊蝎子啊……,0
6576,去的几次都是家庭聚会，环境还算可以菜式么什么都有，本帮川菜等等。比较喜欢这家的玉米烙，大大一盘甜甜的就是多吃了会腻；小牛排和糯米甲鱼还可以其他的没太多印象。上菜速度一般，菜量么倒是一次比一次要少了。可以拉卡，晚上人比较多要包房的话最好是提前预订。,0
40496,吃完烧烤想吃点清口解腻的东西，找车站的时候刚好看到这家了\n要的芒果神冰和杨枝金露，端上来几乎一模一样，杨枝那个多了几粒西柚，超苦，不搁也罢，然后其它的区别是芒果冰下面是芒果豆腐（？），杨枝下面是很稠很稠的西米，两个甜品用的芒果都是温热的，夏天耶，觉得店家不用心\n店里没什么人，空空荡荡的摆着桌子，服务员凑在角落里玩手机，墙上一幅竹子的画，想附庸风雅但是和店的感觉不搭调\n服务没什么但是服务生那个狐臭真的要命啊...,0
40253,都说和合谷的创建人是原来吉野家的员工，2家风格还真雷同！支持国货！鸡肉牛肉套餐味道都无限接近于吉野家，种类比吉野家多。我爱吃麻婆豆腐的！鱼香肉丝也不错。,0
25697,就餐环境还算不错，我的感觉同档次的餐馆里价格算是偏高了，好在菜的味道还不错。家常黄豆芽做的不错，我平时不喜欢吃黄豆芽，因为有一股生乎乎的味道，不过这里做的还不错，很入味把原由的味道基本都遮掩了。酱焖黄花鱼，鱼都很新鲜，酱汁收的很好，酱香都浓缩在里面，是我每去必点的菜。再就是甜沫，因为不喜欢去小摊吃早点，所以这里的甜沫是我经常的选择了，虽然价格高了点儿，不过，花生、粉条、豆腐皮...料足味美，呵呵,1
41581,夫妻肺片：众多菜品中比较喜欢的一道，因为够辣，够爽！菜品中包含牛百叶、牛肉，搭配香菜、辣油~\n干锅牛蛙：感觉很一般，真的很一般，不是很入味，配菜比较多，不过配菜中的藕片还是比较好吃的，牛蛙比较嫩~\n水煮鱼：零星的水煮鱼片，剩下的全是豆芽，但鱼片爽滑，不容易夹散，口感很好~\n凉拌萝卜：很好吃的！没有萝卜带有的辣味，腌制过，咸甜口味，有咬劲，也清脆~\n炒田螺：好多田螺的尾部都没有剪掉，即使剪掉了的，也吸不出来~\n蛤蜊炖蛋：还不错，不是很稀，自己比较喜欢蛤蜊炖蛋，所以赞一个~\n每天都有一道特价菜，不可以刷卡，提供机打发票~\n其他还有很多菜，都不太记得了！以后想起来，再来补充了！,0
36006,对我这个狂爱糖炒栗子的人来说，看见栗子店真是分外亲！\n某天下午特意出去买了5块钱，装栗子的袋子很赞，有两个提手，方便拿\n栗子味道还不错，还比较好剥的，不过吃出了几颗坏掉的，这就没高记的好了\n味道还不错，糯糯的，好吃！,0
10262,团购的代金券，下午四点多去就被告知团购指定的面包已经基本都卖完了，只剩下几款又贵又不好的，不知道商家是不是有意少做团购的产品，而且即使是团购价性价比还是很低，只能是赶火车的同志饿极了果腹了,0
39184,在可以容纳16人的包间用餐，这个包间真的不错，桌子非常大，椅子放置的也相当从容，丝毫不局促，装修得也很大气舒适，大电视有K歌包间的错觉。吃的小锅。锅底味道依然不错，不过鸳鸯锅里辣味锅很一般，大部分还是在清汤里面涮的，完全没有必要要小料。羊肉和肥牛都很好吃，忘记了具体是哪一类了。,1
42434,来伊份在南京来说，是零食最全，店面最多的一个品牌了，说到东西的口味嘛，还可以，但价格也够漂亮的，在同类里算是贵的了。所有的东西都是小包装，虽说小包装看起来比较干净，携带比较方便，但想一下，买八九十一斤的东西，那外包装也按这个价买了，确实有点不甘心，最好店家能把这个重量扣掉，相信这样的服务会赢来更多的客户与口碑。,1
14332,女王DDP点的【什么烧皮蛋】，太硬。。。\n不像是南方人喜欢吃的那种外面包了泥巴的那种糯糯口感\n我家胖子点的【黑椒牛排】，MS名字是这个、。、量很多~·\n肉肉太嫩。。。。怀疑吃的是生的那种太嫩。。。。。。哎，我是挑剔的DDP\n我点的【豆苗圈子】，这个豆苗感觉长的太粗壮，但是口感很嫩\n圈子。。。感觉甜了点，还不错。量很多~~\n【蒸肉南瓜】，啤酒姐夫点的，好像这菜式蒸出来的。肉很嫩，南瓜就差口气的僵住了~~\n恩，我是美食家DDP\n【手撕包菜】怪不得20元一道哦。这个素菜不简单。\n上来时候口感比较生。女王DDP喜欢烂一点的。。。我们用了两个小火炉才把菜菜炖烂。。。其中还把圈子下进锅里加热。~~~很好吃啊。。。从生到酥~~~~\n12元半打【生煎】，就有小碗直径大。底部都是白芝麻。褶子上都是黑芝麻。。。里面汤很多，肉也很大。。。这个是叫的最早上的最晚的、。。\n推荐大家要吃的话，在脱衣服做下前，就快点叫吧。。要是进来看到很多人做满。你就边走先边叫掉吧~~~~~~~~~~~以上是DDP个人的呓语，可以不要当真\n忘记解释不给票的事情。。。\n他家不能拉卡~~要付现的\n还有你不要发票的话，抵扣还你十元钱钱、、、、\n \n忘记说了【苹果玉米烙】22元大洋、。。。\n如果不是我看过名字，就基本会忽略那苹果粒。。。苹果味道不香,0
21651,太差了，点的粥是锼的，意大利面是凉的，炒年糕的半生的。真的不好吃！环境一般有点冷，价格虚高，甜品都38，还极难吃。,0
15576,好久没吃味千了，昨天和老公逛好超市在附近吃了下新品。麻麻辣辣铁板牛肉饭和烤芝士牛肉饭都还行，不过还是最爱麻麻辣辣牛肉炒饭…铁板感觉料不多…味道也淡…个人喜欢辣到家的…,0
40261,用了维诺城买二送一的优惠券，买了黑巧克力和紫芋，送了抹茶。\n外皮是糯米，里面冰冰的，都很好吃哦，但是如果没有优惠券就真的贵了，但愿下次还有别的优惠券好用就去吃吃瘪的口味，因为我在用这优惠券的时候还被要求写下了姓名和购买日期，估计大概只能用一次……,1
17172,真是爱吃啊，每回跟朋友见面问吃什么，那绝对的必胜客，我爱吃海陆至尊还有加芝士的恩很好吃我能一个人吃4-5块就是爱长肉，水果我都是要自助的但是种类太少了希望种类多点,1
3070,环境真的不错。一栋独立的小楼。菜价大概一个菜100不到些。不能算很贵，但是量一如既往地少。\n如果当月生日是有送小食，饮料或者甜品的。整个菜价最后要10%的服务费。\n中午有套餐。晚上有太鼓表演。\n觉得来的大部分都是中国人。不晓得日本人会不会来。\n比较fusion的地方，虽然打着日式的旗号。,1
36603,这家分店开在乐虹坊一楼，一进大门就能看到，很好找。\n环境很普通，就几张桌子几把椅子而已。\n冰激凌的价格不菲，但是味道也不错，个人认为比哈根达斯好吃多了。,1
27632,鱼酷的烤鱼还是挺不错的，基本上每隔一段时间就会吃一次，各个口味基本都吃过了，除了辣度不同外其他差别不大。黑鱼比较好吃，清江鱼也不错,1
14413,其实觉得没有俺娘做得好吃，可能我家口味偏甜，而且咖喱酱也比较厚（妈妈用百梦多做的ww）\n这里的薄，而且偏咸了，可能因为我口感不是这样的关系，但是吃到后来也渐渐能适应了，还行。我是吃的菠菜香肠咖喱饭，香肠的味道和菠菜也多普普通通，和咖喱饭其实关系也不大，只是这样的配搭，以后也学到一招了。蛋包饭最终还是没点~,0
20902,挺喜欢在那里座缆车的，感觉真是挺爽的，和老公到这里去过好几次的了\n紫金山的的名气还真是不小呢，到这里来的人真心的多呢\n我觉得这里有一点很好的地方那就是交通很方便\n每次和老公来这里，觉得挺近的\n紫金山的人气一直都是很旺的，还有着不少的外地来客呢\n有着很长长的阶梯，每次都还没走到一半就觉得累了，和老公边走边休息，有时候还打闹一番，呵呵,1
22269,这家店的人气很旺！晚餐时间过去，需要等很久才有位置，尤其是夏天。\n店内环境一般，由于是居民房改建的，所以面积不大，人气爆棚，很嘈杂。\n服务呢~最早开店的时候，服务态度相当好，现在可能因为客流量大了，服务明显不如以前。\n烧烤上菜的速度不是快，需要等很久，要有耐心。炒菜类的上菜速度相对能快一点。\n烧烤的口味很不错~比较喜欢他家的蘑菇筋、肉筋、海肠、鱿鱼、舌头鱼、鳗鳞。\n烤鱼类的价格，店方称根据鱼的大小，所以同类鱼有不同定价，但实际有时候根据鱼的新鲜程度，建议点每类鱼种的中间价格偏上的，最好不要点最便宜的。,0
16308,和同学去聚会的！环境蛮好的，色彩很喜欢！菜色也挺丰富的！饮料种类很多！菜吃的不多，酒喝了不少！感觉还是多吃点才划算！哈哈~~~\n下次有团购的时候再去！！！,0
26886,第一年\n“去哪？”\n“别告诉妈妈”\n“我不告诉，你告诉我去哪啊”\n“。。。。。”\n第二年，\n“去哪？”\n“告诉妈妈”\n“不是不告诉吗？”\n“。。。。。。”,0
38456,帮我点餐的服务员态度超差的 哎 运气不好吧\n早上去的 只有早餐 没有吃到海南鸡饭和番茄牛肉饭 鱼四宝也不错 奶茶不用说了 真不错啊,0
29732,跟老公去過很多次了\n印象最深的是聖誕節都等不到座位\n挺無奈的\n那天還下雨了\n不過最後還是等到了\n第一次去的時候推薦的什麽富貴鴨？忘了名字\n不過挺好吃的,1
8897,口味真的是一般，吃惯了城一锅的，觉得这家的还是不够入味；环境还可以，地方挺大的，尤其是窗边的沙发座看着挺不错的，可惜我们去的时候都被预订了没坐到；\n服务真的差的可能，点餐时点的葱花饼，吃到一半了还没上，问了三遍服务员不知是真没听到还是耳聋，好不容易叫过来一问，竟然给我们一句“我也不知道，你们等会儿吧”，-_-!!! 这叫什么服务啊！\n还有最要说的是，肉真的不是一般的少啊！由于是第一次来，没有点精品，点的普通锅，端上来后我们当时就傻眼了，这哪是羊羯子啊，量特少，还都是骨头！几乎看不到肉！老公是肉食动物，当时就发话了：下次别来这儿了！因为几乎没有肉，最后两人一小锅都没吃完，把点的其他菜和肉吃完就走了...\n我不知道为什么评论上都是好评，我就是每次坐车都路过，又看了点评才去的，结果真是很失望...精品锅我没吃，大家如果要去就选精品别选普通了，太不值那个价位了。我们是不会再去了。\n结帐不能刷卡,0
26114,小街风情意大利餐厅其实一直都想去嘎\n味道几好 芝士味道够浓 适合喜欢芝士的人去食呀 \n可惜距唔系每天都有意粉同千层面嘎 要厨师心情好先有\n不过本身58元的中午餐唔算贵 性价比还可\n我主要觉得距的SALAD几清淡 外国人模式的 不是不中不西的样子\n中午的鸡羊牛猪扒就普通左D 呵呵\n反而芝士西兰花 芝士菠菜都几好味呀 香浓 我平时是对芝士很一般的噢\n喜欢甜品的也可以去 里面也20种左右的甜品选择\n当然出品不及一流的西点餐厅啦\n外面还有大露台 有新鲜空气\n外国人占了1/5左右的 所以都算几合距地味道吧\n总的来讲喜欢芝士 喜欢清淡SALAD 又想试试不妨一去~~\n.,1
13985,日本留学的同学回来请吃饭。。不然还是小奢侈的\n点了麻辣诱惑蛙 水煮鱼 毛血旺 白灼洁兰 西芹 碳烤鱿鱼 泡椒虾球？忘了名字。。 然后两杯冰桔茶一杯芒果\n说非常好吃也就那样。。但是服务和环境真的是好到爆！\n结账的时候是530+ 服务生主动提出冲卡更优惠 可以返两次120元 一个当场可以抵 还有一个下次可以用\n同学就冲了1000 给的时候多给了一张 服务生马上当我们面数了一次然后归还了。。。\n期间还有两个插曲\n①同学ip4上的吊坠掉了 为那个服务生有木有502.。多么苛刻的要求 结果。。服务生真的找来了\n②我们吃完休息 服务生主动提出有免费美甲 如果我们没事 可以去弄一下 还主动带我们去那个美甲位置\n  美甲做出来感觉也不错的 美甲的服务生态度超nice\n不输给海底捞哟。。虽然小贵。。。,1
24227,我很喜欢很喜欢的一家饭店\n吃饭的人也是超级多 经常不订位就要傻等很久\n大厅不是特别大 包房比较多\n这边的烧饼和汤都是每次来的必点 总之味道都不错 可以来发掘发掘\n服务员态度很好 每次还要写服务意见 不过这也有点影响吃饭啊,1
30104,地理位置那是相当的好呀，就在秦淮河边上。传统的苏浙菜做得还是很不错的。当然价格也不便宜，很适合请客。就是奇怪一点，明明是这么传统的苏浙菜的餐馆，为什么搞出那么多川菜来。而且味道不佳。这家店几点关门不太记得了，但我在另一家咸亨吃饭，竟然8：30就来哄人了，说9点他们就下班了。真牛呀！,1
17609,"他们家的面包做的很精致，看上去就很有购买的欲望。\n味道吗，我觉得还可以，LG最喜欢他们家的，我还是最喜欢BTalk,\n不过大家一人一个口味嘛。\n价格稍微有点贵了，大多数面包在8+/个",1
9617,以前读书的时候，学校一直组织来佘山玩。天主教堂一直是那时候的至高点，而且还有个索道上天主教堂的。\n现在东佘山和西佘山已经分开来了，所以来西佘山的主要景点就是这个天主教堂。\n感觉还是延续了以前的风格，没有多大的变化，进去之后会有礼拜或者有人给你讲解之类的。还有个天文台也是在西佘山的，但是感觉西佘山还蛮好爬的，主要就是个教堂。,0
37727,在西班牙，哈根达斯就是在小商店门前冰柜里冻着，相当于和路雪吧，而且时不时的还有买二送一买，三送二的活动。不过平心而论味道确实还不错。,0
35793,章鱼烧3个15元！6个25元！9个30元！\n面糊有点黏糊糊的，感觉水分大了点\n没有吃到神马大块章鱼，小块而已，总体来说小贵~\n住的离南锣鼓巷不远，特地去吃了来评价的,0
33014,上周末跟着BF去那里搓麻~~顺便在里面吃了晚餐，觉得味道还行，就是服务态度非常有待提高！点了一杯奶茶过了一个小时都没上来，追问N次后被告知奶茶已经上了，只是不知道被端到另外的哪个包厢去了~~~~然后就没了下文，服务员也不知去向，估计是怕被骂，不敢再进来包厢~~~~~再然后等了差不多一个小时才上我们点的奶茶~~~~~~~~~~~~~~~,0
25318,很有名的一家西餐厅，价位较贵，味道一般。西点不错，各种口味的都很好吃，西餐太贵，环境还不错，也比较好找。服务一般，不是很热情。,1
34727,我们是10个人去吃的 他家其实还是挺大的 上菜速度挺快的 可能是我们都比较饿了 刚开始上了三道菜 我们两圈下来基本就差不多了\n服务员下次来上菜的时候就撤了上面的三个盘子 不过我想说的是他家的锅包肉真的挺不错的 还有干过土豆片好吃 绝对的！！不对 就是他家的土豆就是好吃 一锅出里的土豆也超好吃的 那里的豆角也好吃 很有东北菜的风味 还有那个干煸四季豆也不错的 不过那个刀鱼卷饼感觉其实不太好还有那个拌酸菜不建议点 不好吃 我们几个人加起来好像就吃了五六口吧 他家的三道鳞太嫩了 简直了 但是就是少点味道 但是鱼真的不错,1
10892,老哥请客几个兄妹姐弟吃饭，行业内人，所以特别会点，选了上海最高的酒店，嘿嘿，酒店环境就不讲了，毕竟是高级酒店，服务也非常好的，虽然今天去的时候是阴雨连绵，好多棉花糖在空中飘，18点上去的时候还能看到黄浦江和地面车辆，8点多出来的时候，已经被白云环绕了\n面包大概有4种选择，卡上黄油，味道很不错的，小小的，不够还能多要1个\n前菜是一个蟹肉什么蔬菜，不记得名字了，比较清淡，颜色也很好看，看了菜单，估计要150左右\n超赞的黑松露鹅肝，还有一片面包，和鹅肝酱，都说味道不错，的确百闻不如一见，价格估计在180左右\n海胆龙虾汤，还配了几个小面包，貌似有芝士的，大约在180元左右，一点都不腥气，海胆很新鲜\n银鳕鱼土豆泥，土豆泥很好吃，吃了不少，可以自己加，银鳕鱼入口即化，不过吃完就感觉有点饱了，貌似210元\n还有一个主菜是牛排，虽然做的有点点老了，不过味道还不错的，特别是意大利泡饭？忘记叫撒了，浸泡了汁液，味道超赞，280元\n甜品是热巧克力+冰激凌还有一个蓝莓还是什么甜品，甜品味道太甜了，不过白色的冰激凌真的很漂亮，都舍不得吃，像一个圆形的鸟巢，更贴切的可能是灯罩？绝对的艺术品，不舍得吃啊，价格估计在100左右\n总之5个人加一个小朋友，总厨超有爱，给小朋友配了一个意大利面面，和一个甜品，总价是大约4600左右+服务费，怎一个贵字了得啊，还没有点酒，每个人大概2杯橙汁，奢侈了，晚上7点半以后客人还蛮多的，可能是真的东西不错吧，一顿饭下来，就觉得贵啊,1
36586,刚开的时候吃过一次\n是买回去吃的\n感觉一般啦\n不晓得为是么每次都有那么多人排队\n底不够焦不够脆\n里面的肉的话倒还不错啦~~~,1
36053,小面馆~红豆铜锣烧和绿豆铜锣烧晚了就没货了~！最近在搞活动，铜锣烧10元四个。。我怎么感觉越做越小了呢！！面面我老公喜欢吃~还有烤串什么的~我不喜欢~宁愿自己做呀~不过懒得做饭或者不想吃太复杂的时候还是很喜欢来的~！服务不错。果汁也蛮好喝的~最近吃了个排骨什么面31元啊~~太夸张了。。红豆馅，面和汤包也不错。超市也有卖的。~可以自己回家diy~~原来夏天的时候去吃小元子~~冰凉凉甜丝丝的可好吃了呢！！我一次吃两碗哈哈！,1
29227,小说《小武家宴》作者小武也有个真实的小武家宴。\n一周开一桌，\n主打家乡风味贵州菜，\n食材大都从西南空运来的。\n想吃得打电话预定本周是否开桌。,0
14783,第一次来个时，已经觉得食品好细碟，又贵，出品又差，除左觉得D位坐得好舒服，无咩好吃，心谂下次吾会再来，揾笨一次过。\n 年初三个时，因为屋企同尚馆距离太近，逼住第二次去，仲衰，D位窄到行吾到出去，可能生意好左，想做多D几头客，出品已经吾掂，而家仲差，点左最普通萝卜糕，算可以，其它就好差，反正去到已经就住就住吃，四碟小点已经120元，我系下午茶（旦达，凤爪，萝卜糕，一碗粥），哗，D野贵到过分，再次钝心口，打死都吾过来。\n  各位吃客，我吾会随便踩一间店，但系呢间系我第一次踩到甘尽，千万吾好去（食品小，价钱贵）去左都 后悔，去附近明记，出品都好好多。,0
12951,挺好喝的奶茶 喜欢那个奶茶三兄弟 名字也很可爱\n原因是我很贪心 想把辅料各种品尝一遍\n里面有布丁红豆和珍珠\n珍珠很Q很弹 布丁滑溜溜 红豆煮的烂烂滴\n口感不错歪\n就是感觉门店少了些~,1
39273,和朋友两个人一共点了一凉两热一汤一饭\n红烧乳鸽，皮脆脆的，还不错~\n红烧猪手，炖得很烂乎，挺好吃的，下面还有几块土豆，面面的，整体口感偏甜~\n凉拌四角豆，小青菜一道，去去油腻~\n福建炒饭，饭下面还有点汤，不知道是高汤还是海鲜汤还是什么的，饭有点干……\n汤本来想点玉米、西红柿、龙骨的那个，结果没有，点的凉瓜黄豆猪骨汤，汤很清淡，自己加盐，最后汤喝完了，服务员把里面的料捞了出来，哇，好大一盘，肉还不是特别柴，沾点酱油吃味道也不错~\n下午五点多去的，比较早，没什么人，不用等位，吃完出来七点多，人就多了，各种等位……桌与桌之间确实摆得比较挤，服务还好，有个大妈挺亲切的，盛汤的小弟一开始很热情，不断帮着添汤，后来人越来越多，就顾不上我们了，不过叫给盛汤还是很勤快就过来了~,0
33274,很有特色的一片区域，似乎刚刚规划的，去年中秋来的时候大多店铺还是空空的呢。\n但建筑确实很有味道，甘熙故居露在外面的门脸好小，找了半天才找到入口。\n门票20还是25我忘记了，不过，很值得的，里面可以逛好久呢。,1
38940,中午吃顿便饭还不错，这里有午间套餐，一会会的功夫，坐满了，除了上班族以外倒是不少日本人，地方不大，点了招牌拉面，味道觉得一般，和味千的也差不多，一个好像叫田园色拉的色拉，酱不错，很开胃，有一个小香肠炒饭倒是味道很香，因为小香肠很香，烟熏的味道，还有黑胡椒的味道，黑胡椒配上烟熏味倒是相得益彰啊，酱汁乌冬面，还可以，酱汁不是很入味，随便吃吃还是可以的，只是想点烧烤的，没有了。车子可以停在旁边的云峰宾馆，10元一小时。,0
18145,胡同里的一家小馆 夏天坐在外面吃感觉不错 屋子里的环境一般 盖饭的味道很好 量也很大 比较实惠 黑椒鸡块和红烧牛肉比较好吃 他家还可以送外卖,0
13343,前面已经有的简朴寨的店找了半天不知道是哪个，就加一个店吧\n还不错，这个店，六点多去的时候，还有位置，不过不多了\n点了几个菜味道都还可以，不是我去点的，菜名都不知道，呵呵\n笋子、生菜、香菜馓子（下面有皮蛋）、胖头鱼、干锅花菜、薏米肚片汤、番茄圆子汤,0
31607,上次陪姥爷来买花的~里面有一个封闭式的卖花市场很好~种类繁多啊~还有一个专门卖狗狗的地方~那些个狗狗啊，都超级可爱~姥爷买了盆绿萝~我则收获了一小盆仙人球~嘿嘿~,1
42326,很大的一家的粤菜餐厅，喝早茶选择余地不大，正餐菜式很多，周末的话需要订位，不然就要等了，人气很旺，他们家的老火汤是一绝跟我在广州的喝的一样，喜欢这里的乳鸽，清蒸鲈鱼，腊味菜心，还有咸鱼茄子煲做得非常的地道，他们家的粤菜在上海来说是做得非常地道的，价格也还不算贵比那些动辄人均几百的算是便宜的了。,0
27213,作为快餐店来说，是不错的了。丰俭由人，最喜欢这里的奶茶和小食的了。不过，这里的米饭就不怎么了，没饭香的。环境和肯德基一样，人也多。服务OK啦。,0
33742,由于星巴克我喜欢上了咖啡，香浓的美式加香滑的牛奶，味道好极了。早餐或下午茶，可以加多一个三文治或芝士蛋糕，免费WI-FI，上网喝咖啡，我爱上了这种有限惬意的放松时光。每次北京出差，进office之前都在这边带上一杯加奶不加糖的美式。\n拿铁很香，奶味很重，无论是绿茶拿铁还是香草拿铁，都有些腻腻的香。最近推出的冲调咖啡，25元3包，可以在家随时随地享受星巴克的品质。\n很喜欢，很常去。。。,1
9127,某人说好久没吃了硬要吃，个么没办法被他拖过来。\n点了一个鱼卷的套餐，主食选了火锅饺，另外再加了一个豆皮和粉条的双拼，主要就他一个人吃。。。\n味道就这样了，我对火锅无爱\n这家店平时生意不咋的,0
18902,曹张手推馄饨店可是我从小吃到大的呢，手推馄饨的皮真是没话说，有韧性，而且很滑，红汤白汤都好吃，是一对老夫妻经营的，老板负责下馄饨，老板娘是打下手，总之很好吃的，前几年店面装修了，价格稍微贵点,1
32425,就在我家对面，有点小毛小病就会跑过去的，里面有停车，5块钱好像。。\n  \n  医院还是蛮大的，人也是超级多的，平时去挂个号都要排蛮久的队，双休日就更不用说了。门诊和急诊都在一栋里面的，急诊在后门。。平时去如果没有发烧的话不让挂急诊的号的。。\n  之前下巴摔破去缝针，也是反反复复跑了N多个科室，这个科让我去那个科，那个科让我去另外一个科，最后还是跑到第一个地方，晕倒。然后换病人服，第一次躺在手术台上，恐怖。。因为缝下巴，大概医生怕看到我看着他干扰到他，就用布把我整个头包起来了，露出鼻孔以下的部分，囧。。。不过还好，就打麻药的时候疼点，之后就没感觉了，然后缝针医生和护士还在那里聊天，昨天晚饭吃什么啦， 新买的车子怎么怎么样咯什么的。。大概10几分钟吧，就好了。缝了6针，伤口长的还是蛮好的，基本看不太出来，所以还是挺满意的。毕竟在脸上嘛。。\n  印象最深的是去年12月份感冒，然后下班回家吃好饭后就和妈妈跑去了，到那边大概8点左右。那时候已经么有门诊只有急诊了。一个蛮大的房间，好像一共3个医生在看，但是那个人真不是一般性的多啊。不但病房外面坐满了人，还站满了人，病房里面也是挤的papa满。。病房没有门的，就一个护士坐在那里，手上拿叫号纸，一个个叫号。人往里挤根本管也管不住，最后叫了个保安一起管。医生每个累的都不行了，给我感觉估计医生自己都要歇菜了。。我前面竟然有80几个号一刚。。和妈妈毅然决定去东方路那边一个水果摊买点水果，然后拿回家，再在家里坐一会再过来。。结果我们做好上述行动之后，大概是一个半小时之后了，再回来的时候前面还有30多个人。。再这样下去估计我没病倒就累晕了。。也没地方坐。。就和妈妈跑到门诊大厅坐着，门诊灯已经关了，还有些人干脆躺在那里睡觉了。幸亏没几个人发现这个好地方，我和妈妈就坐在那里听听mp3。。时不时跑去急诊看看叫到几号。。结果等到轮到我看已经11点了。。晕倒。。医生就看看扁桃体，然后问问情况，旁边么一大群病人抢着问问题，医生一脸菜色。可怜。。然后我么无需置疑的要验血。验血结果倒是很快的，10分钟就出来了。。然后医生问我是否需要吊盐水，我说等多久，他说大概吊2个小时。。马上拒绝，开了点消炎药回家。。到家已经12点多了。累死。。,0
5025,新开的小店，面的种类很多，还有不少盖饭，看着挺新鲜的。价格适中，每天还有2款特价的，很实惠。\n中午饭点人很多，还有周围学校的学生。\n有早点，我吃过馄饨，个头很大，就是咸。\n最近新添了烤白薯和老玉米，曰绿色食品。,0
32867,新锦江对面，是下沉式的。环境比较局促点，没有和平广场那么惬意，但是也算是螺丝壳里做道场，都紧紧巴巴的。\n依然吃的是荞麦面，冷面。三文鱼和鲷鱼刺身各一份，明显量少质高，还是不错的。秋葵没有-每次的小菜都不是一样的，使得我喜欢的秋葵不能得见~~~555\n对他们的烤鸡翅鸡肉丸子都没什么兴趣，同去的朋友倒是一定要尝尝。\n南瓜色拉比较喜欢。,1
32334,兜好大润发出来会顺便兜一下，商铺很多。有我爱的85度C，有一直叫不出名字，但会经常买1杯红豆奶茶的奶茶铺，有达芙妮，还有两家服装店，没事体的时候会兜兜。,0
14361,冬天时公司在这里举办的聚会，不知道是不是因为当天有办喜宴的缘故，感觉菜是提前做出来的，上来也是凉的都没有热一下，就是这凉菜还很久上一个，偶尔吃到温的就很稀奇了，最后的酱油炒饭到是不错，热热的，味道也不错，一大桌菜剩了很多，只有茶和米饭是热的，其他的菜味道算中规中矩吧，但服务实在不敢恭维，以至于后来再说吃饭大家习惯性的问 是热的吧 。,0
9544,自从杨浦大桥底下的四八零五厂游泳池关了以后，很久没去游泳了，算是离家比较近也比较规模大的游泳馆了，于是去年网上买了一点票子，约了三五同学一起去游泳了。\n夏天的时候真可谓是下水饺，特别是周末的晚上，浅水区就看到人山人海的人在戏水，只能在深水区游的开。另一边的泳道里的也挤的都是人。\n冬天的时候去过一次，虽然是恒温泳池，但是从冲凉的地方到泳池这一段来回还是非常考验的。冬天来的人大多都是用年卡的老泳客了，人也比较少。\n泳池经常会放一点最新的流行音乐，还时常能听到HipHop，大赞,0
2978,一直在美食城吃午饭，这边倒是没注意过。看了点评今天过去买了，没有惊艳的感觉，但也不难吃。用料比较实在，吃一个是能饱了。,0
44011,最爱火锅，吃了很多种口味的火锅，这么时尚的火锅怎能不吃，老公过生日的时候请他去吃的小火锅，拿了号去逛了会大悦，回来正好吃饭。\n鲜虾滑、澳式鲜虾丸都特别鲜美，是我的最爱，牛羊肉组合永远是老公不二的选择~~~,0
25820,靠近共康服饰城，旁边是莫泰168，朋友小孩双满月，菜式挺丰富的，还有龙虾伊面，快赶上婚宴级别了，菜式中规中矩的，味道也中规中矩，冷菜中对熏鱼情有独钟呵呵，甜甜的，香香的，吃了好多。,0
42212,公司出差，和朋友一起\n吃的海鲜焗饭，虾仁木有，要了比目鱼的\n还是很不错的，就是有点腻口啦~\n价格 量都不错，嘿嘿，出差还是有happy的地方的……,0
12759,是朋友带我来的呵呵，真没想到这里还藏着一家寿司店，很喜欢这里的气氛！\n而且来的人挺多的！这里的寿司做的真的挺好吃的！不错！,1
238,最喜欢的是芋头芡实羹，奶味十足，咸中带甜，芡实很有嚼劲，这时我每次必点的。另外有一个菜里面有蛋黄，牛肉粒，饭这个也超好吃。附件的饭店不多，这家价格实惠味道好。值得推荐,1
20499,昨晚去吃的，以前在甘泉路时吃过几次。味道和以前吃的差不多，就是价格直往上涨。服务打0分是因为全程都是自己动手！\n特地问了石泉路上的老郎面馆是分店，可是个人觉得味道清淡了很多。,1
21478,这个地方一般人可能都不知道，逛完东方明珠很多人就选择速度离开了，因为从那么高的高空下来都有点怕怕，O(∩_∩)O哈哈~\n但是这个地方真的很不错哦，可以很生动的了解上海的历史！,1
31273,“蛮正宗”的湘菜。“招牌”剁椒鱼头是“最爱”，剁椒“香辣恰好”，鱼肉“鲜嫩可口”，“每一个部分都很入味”，吃起来“很过瘾”；面条“挺筋道”，蘸以酱汁，“非常美味”。价格也“公道”，请客吃饭很“合适”。不过得“提前预定”，“去晚了可能没位子”,1
42495,在华强北，逛街是很方便。\n不好的地方是，周边人实在太多太杂了，有点吵杂。\n老牌酒店，服务非常好，客房及配套都很好。\n楼下的早茶非常好。,1
35959,去吃过几次，第一次也是唯一在武汉吃过肠粉的地方。\n以前也没吃过，所以也不知道味道是不是正宗的，但是总体感觉还是很好吃的。\n喜欢那种爽滑的口感~~~~\n虾仁的，香菇的，都尝过，很好吃，一般是3卷，一卷主料，一卷青菜，一卷什么都没有，酱料很好吃。~~~,1
41891,朋友的朋友有vip卡，生日请客就来的这里，只要有卡提前预约的话打85折，送了杯子果盘和红酒。\n音效个人觉得还不错，就是周围的墙上没有切歌按钮，每次只能让在屏幕前的人切有些麻烦。\n环境不错，尤其是厕所，女厕的门上贴了很搞的一段话。\n自助也就那样吧。小包也很大，能坐8-10个人\n总体来说不错。,1
25374,鱼肉和肥肠一起煮在汤里面，青花椒味道，肥肠很干净，很入味，好吃~鱼肉比较嫩，喜欢，我喜欢没得小刺的梭边鱼和土鲢鱼~\n汤好喝，并不辣，不过喝多了有点小油腻~\n吃完肉肉煮菜吃，粉丝最好吃，吸收了汤味~豌豆尖、金针菇、凤尾、饺子都不错~豆腐不是很入味，不推荐~,1
15440,去年夏天来杭州出差，只有半天的时间空闲，想找个地方既能上网办公又能惬意地欣赏西湖的优美环境，同学就建议我来这里啦。即使这里只能提供是世界上最烂的食物，我想自己肯定还会再来的。当时听到边上有客人在打电话，说这是世界上最美丽的星巴克，呵呵，同感。,1
4627,弯弯鸭脖味道其实还是不错的，很香很好吃。不过感觉就是鸭子的脖子骨头太多了，每次吃都要吐一堆堆骨头。现在好像还没什么廖记棒棒鸡做得好，在味道和选材方面要下点功夫才行。,0
42288,慕名前去 坐了将近两小时的车 最后感觉很一般 冷冷清清～是我休息肚子两小时后吃的第二家 面和紫菜叉烧卤蛋似乎每家都一样 也就汤的区别～单尝了一口 腻 恶心…整体吃来还行 送了一个煮鸡蛋 日本拉面怎么这么像方便面呢？…店家厨师原来都不是日本人～比较失望…还这么贵！,0
3540,每次去基地，都要在这等朋友，所以是必来的地方，有时候就是几个人累了，就在这买杯饮料。现在离开东营了，突然觉得很怀念。尤其是跟姐们们一起逛的时候，现在真有种回去的冲动,0
14486,上海滩有很长的海岸线，可是天公造物未赋予上海一个宜人的沙滩。于是奉贤、金山两处海湾相继人工\n堆沙，营造出供人们休闲戏水的“碧海金沙”。\n      论“金沙”的规模，金山不及奉贤，但漫步沙滩，极目远眺，浩瀚海天，同样令人神往。\n      人造的毕竟不如天造的自然，虽经严格限制区内化工企业的大气排放和污染治理，但海水还是显\n得混浊，实在谈不上蔚蓝。\n      环境保护的综合治理，任重而道远。,0
15048,丫丫@蝶专业按摩(新会路店)\n用的是点评年会送的一张78的足浴券，\n那天正好去新会路次饭饭，\n而且下班早，就提前预约好了。\n新会路靠近胶州路，还蛮方便的，\n七号线下来走一点点路就到了，\n在一家宾馆的二楼，电梯上去开门正对着他家。\n环境跟一般的SPA馆差不多，蛮幽静的。\n跟前台确认了项目之后有小姑娘带去了一间房间，\n房间里空调很足，暖暖的，\n有两张沙发椅，还有电视机来着，\n其实我倒是更喜欢听听音乐的。\n按摩的是个大妈，先让我换了裤子，\n然后端了个热水桶让我泡脚，\n感觉还是我家的洗脚盆比较舒服吼吼~~\n边泡脚边帮我按摩肩颈，大妈手力很足，色伊~~~\n按完了以后躺在沙发椅上翘着俩腿让大妈按脚，\n边看电视边跟大妈噶三胡，还是蛮舒服的~~~\n最后搞笑的是。。。\n去吃饭的时候才知道我隔壁房间就是一起吃饭的某哥。。。\n☆ ☆ ☆ ☆ ☆ ☆ ☆ ☆ ☆ ☆ ☆ ☆ ☆ ☆ ☆ ☆ ☆\n☆    ╭~~~★        ☆◢◣☆        ╭︶☆.    ☆\n☆╱︶(o'.'o)︶╲  ☆◢██◣☆  ╱︶(-'.'-)︶╲☆\n☆~︶`(~)_(~)`︶~    ☆ █ ☆    ~︶`(~)_(~)`︶~☆,1
15713,的确适合商务宴请，饭菜不是一般的贵。。。似乎这样才能彰显品位一般。。。\n其实东西倒的确是挺精致，但是这个性价比就太可怕了。\n什么都没吃到还人均200以上，简直令人难以想象。。\n还好花的不是我自己的钱……,0
26597,这个地方是无意发现的，是连锁，中午人真的是很多哦，还等了一会，味道我觉得就那么回事，还没我家门口的那家好吃呢。而且人真的好多哦。,0
3166,由于靠近办公室，出差前都时常去那里解决午餐和晚餐，食物总的来说还可以，唯一不足的地方就是夏天空调不冷，时常一边吃一边抹汗。,0
27623,价格还是很公道的\n和老公点了一份馋嘴牛蛙  味道还是不错的 就是包菜太多  没几块肉\n还有一份什么鸭肠蕨根粉的  味道有些淡\n上次老公和便宜一起来吃过 \n他朋友点的菜比我们点的好吃多了  \n但是因为老公喝多了 所以不记得都点的什么了\nO(∩_∩)O哈哈~\n总体来说还是不错的,1
3122,"很好吃啊,之前听人说周黑鸦周黑鸦的,于是买了回去尝尝,结果真的很好吃,甜辣的,比其他的好吃,现在还想吃,不过只能偶尔吃,因为我能吃好多,太贵了.",1
35611,9.20烤肉：\n48元的餐，太丰满了(见照片)，肉给的量大的很，肥牛特别好吃，服务员还给剪成小块的，吃着方便，酸菜酸甜的，很好吃，豆腐也是，第一次吃呢，嫩嫩的，金针茹烤完也好吃，总之就是好吃，呵呵，和老公逛街回来特别饿，但最后我的大胃老公都没吃了菜，饭没吃几口，调料依然自助没的说，总之，这48元钱去哪也吃不下来这么美味的烤肉，服务态度还好，换纸很勤，还帮着烤肉呢，以后成它家的忠实粉丝了快，出团购是必买的了。\n============================================================\n点评团的质量就是好，去之前就听说它家服务好，去了之后验证了这个说法，确实好!上周六晚等老公下班一起去的，周末怕没座位还是在下午三点多打了电话问了下说是有座位的，原以为它家在建设路边上没找到，后来找到了发现是在胡同里，晚上5点55进去的，一进门被告知涮肉请到二楼，楼梯两旁都是一些明星的签名和照片，好多明星啊，还有范伟，徐锦江，沙溢呢，记得徐锦江的提词是羊大爷涮肉老好吃了，和和，明星推荐肯定不会错的拉!\n上到二楼，一个小伙大概是领班吧，相当的热情的代我们找了座位，两人位就剩两个桌了，小伙说我们这个位置清静点，和和，因为太火了，餐厅里还是挺吵的，坐下后小伙登记了团购号，因为团购里没有酒水本来还想点呢，结果小伙说有免费大麦茶不用点了，可以省点钱，人真好小伙，然后等着上菜咯。五分钟左右菜基本陆续而来，每人还给了一次性围裙和湿巾，围裙挺人性化的，吃麻将神马的很容易弄到衣服上的嘛，然后小伙说它家调料是自助的，随便吃，不错不错，我每次火锅基本就是沙茶酱和麻将两掺，和和，开始说菜咯：\n〈清汤纯净水锅底〉一个大茶壶，真的是纯净水吧，因为到最后汤都不是太油，证明和水有些关系吧，而且锅底是服务员当着我们的面现放的，还问我们有戒口的，有枸杞子，南瓜片，葱姜等等。\n〈相间肥牛#特供羊肉〉两盘是一起上来的，也没分哪种，反正肉下锅都是挺嫩的，但量大概和正常点的8成量吧，但也不小，没有因为团购而太缩水的。\n〈蔬菜筐〉整个一个玻璃大盘子装的満满的，茼蒿、生菜、菠菜、小白菜、油麦菜，洗的挺干净，挺新鲜的。\n〈鲜鱼球〉一共不到十粒，而且里面还有鱼刺呢，要说不纯也不让人相信吧，谁还会特意把鱼刺放里面吗，和和，口感一班吧，主要纯度高。\n〈三色火锅面〉是我吃过火锅里面最好吃的面条，不是切面，煮完吃起来口感特别润滑，软嫩，最爱这个了，而且是三种面，绿色的大概是菠菜面，黄色的是胡罗卜面，白的是鸡蛋面吧。\n〈黑木耳〉都很大一朵朵的，口感还行。\n〈水晶粉〉就是少了点，我最爱吃粉条了，煮完透明亮亮的，也好吃。\n〈豆皮〉一共四打，很普通的菜了。\n调料是每人四块钱，餐位费每人一块，这49块8的团购火锅餐两人吃相当的不错，量刚刚好，也能吃饱，而且每当一个盘子吃完服务员都会主动的给撤掉，很有眼力件啊，好后悔当初没多团一个到两个，吃着铜火锅，听着滋拉拉的声音，多惬意啊，如果环境要是清静点就更加完美了，走的时候小伙还是那么热情的说，姐吃好了呀，慢走呀，欢迎再来，让人倍感欣慰，这种水准的饭店，这种价位的团购餐，怎能不让人爱呢，一定要再去，再试试它家的烤肉下次，是老公和我一致稀饭的地方，这次火锅大餐相当成功，和和!,1
28924,老牌子的一家面包店了，面的别司忌算是最有名的了，现在有活动，可以打八折，好象到六月底结束，有兴趣的朋友可以去试试。,0
16016,"我们经常去那里喝茶的,东西还不错,儿子超喜欢红枣糕,上周去,一次要了3份!\n 皮蛋瘦肉粥还不错,我这个不爱吃粥的人都吃了1碗!呵呵!",0
40981,口味就一个字 差！\n点了六个菜，按上菜顺序，豆腐羹、玉米烙、酸辣白菜、香波里脊、手撕包菜、回锅肉。\n首先这个上菜的顺序就让人不爽，先喝两碗羹就半饱了。\n豆腐羹生粉放得太多了，豆腐和蛋花就一点点，放了一会整个都成糊状了。\n玉米感觉都没裹好面，有的地方面多有的地方就是玉米粒，而且白糖撒得很少。\n酸辣白菜还罢了，朋友说白菜不新鲜，不知道。\n香波里脊就是糖醋里脊加菠萝，做的不咋地，里脊全都黏到一块去了，成了一大坨。\n手撕包菜也罢了，这是吃得最多的一个了。\n回锅肉做得不够香，瘦肉很少，基本都是大块的肥肉，而且做得有点干了。,0
12967,今天刚好去北京办事，\n刚去做了来回，\n现在买票要用身份证了，\n而且票上会打出你的名字还有身份证号。\n在自动售票机上买了3张票竟然不挨着，\n因为以前也坐过，\n今天就没带水，\n以为车上有，\n不知什么时候取消了，\n可能抢水的能人太多了，\n不过我觉得铁路方面也想借此机会断了大家的水,0
44715,"这封点评绝对新鲜出炉呀，刚刚吃好就来写了咯。只地方实在是不起眼了点。在标示弄唐口进去，白白的门。门口有两个桌子（在纠结这个算露天位伐）。地方不大进去三张桌子都满了。等了一会，一桌三个老头子，吃了差不多了，一个拿出香烟，他道蛮自在的。没看到人家在旁边等啊。后来面都上来了咯，就放到桌子上，想着各记再冷不轻了算数了咯。跑题ING,面上来了咯。话说这个浇头味道还真不错呀。欢喜腰花，老嫩的咯。接着又来了三个人拼桌。吃饭话哪能这么多话额，在讨论年龄问题。看上去像大叔的居然87的一刚，还有大婶面没来在那里穷叫，（吃不消呀），也号称80后一刚，不然。。。哪能又跑题了咯。下次还会去吃的！",1
31853,今天去超市了人那叫一个多呀、买东西要排好长时间队哦、东西很优惠质量也很好、服务态度也很好、下次还会选择去他们家、,1
1531,贵阳能够吸引我的也就南国花锦到喷水池和大南门一带 而南国花锦附近比较大众化（不辣）的店就是负一层这里 dq的出品保证了水准,1
9023,我看的是治疗亚健康的，挂号费60，抓药200多，5服药，吃完了身体确实好些了，胃口也好了，以后打算春秋各吃两副。第一次可能用药贵些，以后可以拿着方子去药店买，能便宜不少呢。,1
4520,俺的周末是从星期五下午开始的，在西塔游荡到午夜，铁板烧、安奇丽诺咖啡、派对酒吧••••••下雪，天冷，路滑。\n太原北街上北四马路、北五马路距离不到200米两个路口就有两拨撞车的。其中，一个起步左转的捷达撞上一个直行的出租车，捷达前杠、左大灯完犊子了，出租车左前门、左翼子板撞瘪；一个小客货车把一个同向行驶的荣威350顶到嘉伦大厦门前的花坛上，荣威前脸儿基本毁容、左前门变形。\n半夜里走到海悦楼下取车，感觉有点儿犯困，也是因为和海悦有点儿关系，上楼开了间大床，睡了。睡到自然醒，起床，洗澡。到假日酒店楼下KFC 整一碗粥、两个蛋挞。后妈打孩子------又一顿儿。\n在KFC 吃早饭时，看见马路对面插着国旗的医大大楼，感觉它方头方脑的，线条挺硬，整的有点儿象北京的大部委办公楼，模样儿与门诊的老楼一点血缘关系也看不出来，看来啥玩意都有代沟啊。想起北京那个专拍老房子的哥们儿，于是就有了接下来kill time 的方向。\n俺有个嗜好，每到一个地方，如果有机会，爱去那里的大学校园转转。可这么多年下来，就没怎么进过医大的院子，那今天就去溜达溜达呗，反正也不用花钱买门票。走着了。\n这TM 那像个大学呀！连个省内二、三线城市比较好一点儿的中学都不如，连个塑胶操场都没有。新楼吧，图书馆、体育馆都挺憋屈；老房子吧，校部、护理学院、成教学院三个小楼也挺破败；那个半新不旧的研究生院和学生处楼，还看不出年代来；宿舍楼也挺糊滥，那个一号宿舍楼似乎有点儿前苏联的遗韵，楼顶上依稀还有啥“东方红”之类的字迹。最可恨的是院子正中位置竟然整个大煤堆、立个大烟囱，呜呜冒黑烟。靠！不都集中供热了嘛？不都提倡低碳了吗？丫医学院怎还带头破坏环境？那个刻在大理石上的校歌写的呀，实在不敢恭维，感觉上铁岭找个写二人转的都整地比它顺溜。在研究生院门前看到贴出来某某人等欠交某某费用的单子，感觉这学校这么整不太厚道。不是医学院嘛，怎就不考虑考虑贫困学生青涩而脆弱的心理呢。\n也许在医学院行事必须是严谨的、是不容滥发悲悯的、是不许太过人情味的。不知怎么想到了法语，据说法语作为联合国的第一书写语言，是以其严谨著称的；同时法语也是最赋人文色彩的，所谓“上帝只把最优美的语言留给了法兰西”。也许很多事情，在现有条件下，完全可以做得更细致、更妥帖，那才会营造出一个大学独特的、温暖的、熨帖心灵的格调和魅力。每个从医学院走出来的学子，都应该具备悲天悯人的情怀，而不仅仅是个匠气十足的手艺人。\n走在树秃草枯的校园里，走在阴郁干燥的朔风中，除了身上倍感寒冷，还有心里泛起的些许凉意。这地方不好玩！撤！往哪里撤呢？好像好久没去中街了，那就中街吧。\n中午转到恒隆广场，本打算去鹭鹭整点儿上海菜吃，上了四楼，看见那个电梯边上的赵记老铺王府屋里挺亮堂，就拐进去搂了一眼，看那桌布、口布都挺新，就坐下了。掌柜老菜就是老汤炖干豆腐，葱烧海参相当“单薄”，鱼翅酸菜汤就是炖酸菜。别听他们白话啥绿色、天然、野生、秘制、家传之类的，都瞎忽悠。这饭吃的没啥意思，赶紧记小本子上，下回躲着点，免得钱包、热情双重受伤害。\n晚上是和山东、北京回来的哥们儿姐们儿们在豆捞小聚，本来也就应付下场面。可期间听D说山东人的热情、淳朴、厚道，就又想起那个虚虚实实玩了一年多的S。尽管“那些心情在岁月中已经难辨真假”可还是会偶尔想，“她们都老了吧/她们还在开吗/我们就这样/各自奔天涯”。\n就有人说俺不会拒绝，只要得到一点儿温暖就感动，可那感动容易给人造成错觉，接下来就不好整了。 俺是这样吗？还TM 真有点儿是。\n可感动错了吗？俺珍惜与俺相识、相逢的每一个人、每一个机缘，一个问候、一个眼神、一次注视、一次凝望、一次握手、一次拥抱、一次旅行、一次合作、一次茶叙、一次倾谈、一次流泪、一次欢颜••••••这一个又一个、一次又一次的细碎感动，用岁月串起来，那就是哥的情怀呀！人在江湖，身不由己。性情使然，在劫难逃。能对一个人痴上一次，那是哥们儿的福分。\n感觉上天待俺不薄，俺得到的超出自己的预期，俺对此心存感激。有些东西是化学反应，不是物理指标，应用数学算计不了，语言天才难以尽述，权利财力纷纷落马，商业智慧无可奈何。\n分别的总是要分别，相见的总是要再相见。纵使世间多舛错，穷尽余生仍孑然，直到老去的那一天，还会是欣慰和感恩的。至少俺期待过、幻想过、得到过、失去过、努力过、经历过。还不够吗？足矣。\n“你我相逢在黑夜的海上/你有你的/我有我的/方向/你记得也好/最好你忘掉/在这交会时互放的光亮”\n看昨夜，星空秀美；看今朝，雪霁放晴。\n看花倾城一日为记,0
34103,"帮同学改论文就选在了costa,\n友谊商城人真的不是一般的少，在那里坐一个下午到是件很舒服的事情\n桌子的比星巴克大\n电源插座倒是蛮多的，可是不能上网就让人有点小小的郁闷",0
36939,因为就在家附近，过来很方便！元宵一个人在家所以来吃碗面~服务态度一个比一个冷淡！像我欠她多还她少一样！从来就没觉得这家店的服务态度好过！大过节的有必要吗？讨厌~！还有她们店长，总是穿着自己衣服在店里晃来晃去！无语到极点！！！,0
12909,新开的大宁剧院，进去看过一次迪士尼。虽然是刚装修好的，但是里面有些地方看上去很粗糙。不好和大剧院比的。目前的一些演出也比较二流，所以人气不是很高。不过看好未来吧。最近一次还发现，今年还有不少惠民演出，票价只有20、30、50的，可以考虑去看看，普及高雅艺术嘛~~~,1
2619,周末经常带宝宝带这里玩 但是一般下午来玩的话 会很拥挤，人超级多，大孩子也特别多，我们一般玩一个小时就出来了，太热了，里面空调太给力了，一个个都热得不行,0
22125,晚上过来人还挺多 三个女生 点了鱼片还有什么忘了\n鱼片好像不是那么入味 还有什么既不是很清楚\n就是随便迟迟 其他的没什么印象,1
1149,去年过年期间去了北京 住在海格 \n很多饭店都关门歇业了 \n李老爹就在酒店的二楼 几顿正餐都在这里吃的\n点了几个菜感觉虾不新鲜 肉质都很松散 量也很少\n过年了生意冷清 菜的质量都没有保证,0
37815,穿短裤去的于是被要求套上店里的裤子，否则就禁止入内，这……女朋友的裤子比我都短啊~~~性别歧视呀~~~~\n天台很不错，大沙发很舒服,0
30277,龙之梦里人总是很多，这家店也不例外，\n逛累了可以去歇歇，东西么和其他咖啡店区别也不大。\n环境比楼下的星巴克好一点。,0
29727,因为人均消费低 菜量也少 比较适合人少的时候吃~\n高中的时候逛街 经常跟朋友来吃\n喜欢吃方便面（哎。。。真是太没出息了）\n如果太注重卫生的 不建议来这家 因为看起来不是太干净\n服务很一般 服务生太少 人太多,1
16182,红烧大虾 鸡蛋炒韭黄 辣炒蛤蜊很好吃很好吃很好吃很好吃！\n只是店面很小，里面人爆多\n周围就是步行街距离栈桥不远\n推荐！,1
41965,周五 和某人看完家博会 扫荡两个抱枕后决定找个地方吃饭\n这家店 九州拉面 就在光大会展中心对面 \n一开始我以为是味千呢。。。\n运气不错 饭点时光二楼还有靠窗的沙发位子坐哦\n \n点了 日式叉烧饭 服务员态度还不错 说这个有点辣的\n还有 九州拉面 日式手造煎饺 \n \n日式叉烧饭 18米 叉烧是一块块的 日式的是这样的吗 不过料还蛮多的 吃上去是辣辣的 也蛮有咬劲的 配的是白菜还有豆芽 脆脆的 爽口的\n还配有几段黄瓜 辣辣的叉烧饭搭配清单爽口的黄瓜 还是蛮营养健康合理的\n还有一份味增汤 不是很好喝 偏咸了\n \n九州拉面12米 好便宜啊 所以说性价比还不错辣\n面条一般般没有什么特色 但是汤头蛮好的 白白的 蛮浓的 喝完也不觉得口干的\n搭配的是豆芽 木耳？半个鸡蛋 还有两片蛮厚的肉肉 应该是猪肉 \n \n日式手造煎饺7米 一共6个 个头蛮大的 我吃了4个 煎饺的馅料蛮多的 \n就是有点淡了 蘸上醋和辣椒酱正好 这个绝对推荐的\n \n茶水是免费的大卖茶吧 \n吃吃饭 晒晒太阳还不错啦 \n就是后来等位的人太多了 几个日本人在我们位子边上唧唧歪歪 \n我还是可以听懂一些日语的 \n还好我是好人 好人一生平安 催着某人抓紧吃饭然后走人\n \n这家店是先买单后上菜的 自己找位子的 \n所以有时候会很混乱的 你说有人站在你边上 看你吃 你吃的下吗\n这个要好好调整一下的哦\n还有就是只能付现金的 不可以刷卡 不过可以开发票的,0
30220,"优点:菜的量很惊人,基本人人都要打包;\n缺点:就是不好刷卡;\n口味:反正和一般的东北菜没区别;\n希望:老板可以把价格降低,把菜量减少,这样比较不浪费",0
13489,以前长沙公司的聚会，就选择在了这里，位于商务楼里的酒店就是不错，感觉很豪华， 要了个很大的包间，点了很多菜，全是湖南的特色，他家的红烧肉简直就是一绝，非常的好吃，油而不腻，顶。,1
37288,丫丫@mayli's coffee\n在学校南门附近师大新村门口的一家小店，\n店面很低调，几次经过都想进来看一下，\n今天跟小良良约好过来喝咖灰，\n特意带了本本过来，坐了一下午。\n中午有事，小良良很早就到了，等了我一个小时。。。Orz。。。\n店门小小的，推开门进去一楼是水吧，\n有两个小小的位子，走进去有条楼梯，\n上了二楼才发现地方还是蛮大的，\n木质的地板木质的桌子木质的窗户，感觉很田园，\n坐在靠窗的位子，窗台还有盛开的小小花朵。\n环境的话感觉还是能给三分的，\n不过食物貌似不哪能，给两分算不错的了。\n焦糖玛奇朵，28米，比星巴克的还贵，\n如果去冰的话还要加两块钱。。。。\n喝起来第一口相当甜，心想玛奇朵本来就很甜，应该是正常的，\n又喝了几口才发现是糖浆没有调开。。。下面很甜，上面开始苦苦的。。。\n中午没吃饭，所以叫了一份奶油菌菇烩饭，\n味道还行，整体偏淡，\n不过服务员有拿来盐罐，自己加一点还是不错的，\n就是盘子实在是太乡土了，\n而且除了饭其他什么装饰也没有，感觉很单调。\n有无线上网的，带着本本可以坐一下午，\n放的音乐还是蛮不错的，\n布艺的沙发的靠枕，蛮舒服的。\n要是整体价格再低一点我想生意会更好的。\n感觉只会偶尔来，太贵了啊~~~\n☆ ☆ ☆☆ ☆ ☆ ☆ ☆ ☆ ☆ ☆ ☆ ☆ ☆ ☆ ☆ ☆\n☆    ╭~~~★        ☆◢◣☆        ╭︶☆.    ☆\n☆╱︶(o'.'o)︶╲  ☆◢██◣☆  ╱︶(-'.'-)︶╲☆\n☆~︶`(~)_(~)`︶~    ☆ █ ☆    ~︶`(~)_(~)`︶~☆,0
3691,现在的酒店自助都怎么了，菜品普遍偏少，万豪这个更是少中之少。。。少都不要紧，关键也不够精致，刺身这些都不奢望了，热菜菜品不像五星酒店，反到像中餐自助。。。应该不会再去了，失望！,0
9602,上周六去的，三个人。冷菜点的是蛋黄肴肉，两者结合得不错，我吃得最多。另一个是素的，叫什么拌三菇，但我们吃了半天，只尝出两种菇。这天的特价菜是蒸鲥鱼，原价298，特价98，所以就点了。味道还真不错，就是感觉黄酒的味道稍浓了一点，我喜欢清淡点的。尽管如此，三个人还是吃了个精光。另一个是黄鳝，菜名忘了，里面有腐竹，猪肉，肉皮肯定是炸过的，酥脆可口，我一下子吃了好几块。还有个蟹粉豆腐，里面的蟹粉还是挺多的，还加了蛤蜊，所以特别鲜。白灼芥兰脆脆的，量少了点儿，但味道还行。点心点的是榴莲酥，但吃了以后有点失望，感觉里面的馅不足，光有味道，吃不到多少榴莲。\n总体来讲这家的口味属中上吧，价格有点小贵。,1
19863,因为朋友办了舒适堡的健身卡，所以送了2张舒适堡的美容卡。下了班直接过去的，一开始在前台，接待员很热情，但是估计听我们的口气是不会办卡的，就一下子没热情了，和旁边的人去聊天了。之后另一个接待看不下去了，就大叫，这2个人谁接待的。她才慢慢过来。把我们带进去换衣服之后又不见那个接待了，她就在和其他客人（估计是老客户）聊天。我们只好自己摸索，也不知道在哪里等美容师，就跑到前台，前台说，在转角沙发等。\n    后来来了2个美容师带我们2个人各自进了一个房间美容，一开始态度蛮好，帮我修眉，去粉刺黑头。之后和我聊天也就是探口风看我会不会办卡。反正只要美容师做得好，我也就不计较。毕竟离我公司近，办卡也是可以考虑的。\n    按摩好，开始上膜，嘴巴也封掉的，虽然是经过我同意的，但是之后这个美容师就把我一个人留在房间里。你说这个时候你什么感受？一个人在也一个房间一点声音也没有，嘴巴也是封掉的。。。。以前去做过美容，但是从来没有这样的事情。。。把客户一个人留在房间的，我都不知道过了多久，起码我自己手去接触面膜，都干了。我都想自己手去撕面膜。最后美容师来了。我算心定下来了。\n    起码我个人觉得，你可以离开，但是要告诉我一下，大概多久。而不是我很莫名的在哪里等，也不知道等多久。特别是什么也看不到，不能说的时候~！！你知道客户有多恐惧吗？？？\n    最后说一下之后帮我修的眉毛。。。真的还不如不修。。。我又要养几周了。。。否则怎么见人~！！！\n    总体来说，这次是一个不满意的体验。。。真的很不满意~！！！,0
21650,在无锡吃过它们那里正宗的无锡小笼 之前是觉得这个一个个比上海小笼大多了 现在也越来越小了 味道还是甜甜的没变 这里的味道还行 就是价格貌似贵了点,0
4863,因为***在附近学跳舞，所以总是在这里叫便当，最喜欢吃的就是脆皮鸡腿饭，也是这里最贵的，那个鸡腿好大个的，吃的很爽，然后就是肉燥饭，真的很好吃。,1
25572,上学时候就老去的一家店，店铺不大，做的东西很好吃呢，无骨鸡腿，里脊，南瓜丸，鸡肉，都很好吃，肉都很入味，说着说着口水哇,1
9833,环境还不错，有个吧台，不算很大，不过看上布置的蛮舒服的！\n上班的时候几个人说都要吃双皮奶，不知道可以交外送的，还是小主管说可以外送的，点了5杯双皮奶。\n速度还挺快的，二十分钟不到就送到了，口味还蛮不错的！\n店里品种还挺多的，不过还没尝过其他的口味呢，下次有机会会多多光临的！,1
36573,最爱他家的暴风雪，量足，超级好吃，且价格相对比较便宜，各种甜品都比较好吃，就是和吉野家在一起，六日经常没位子，太火了。,1
25728,一家台商的店\n入口的通告欄上有很多活動，生活訊息\n咖啡和茶的問題不錯\n有提供素食，不過素食的披薩有添加洋蔥\n播放的音樂很喜歡，是60-70年代不錯的典藏哦,1
41726,85度c在杭城有好几家呢，诶~面包么就是那样，什么牌子都差不多啦啊。就是这人少些，排队人少，在河坊街附近开会比较好，觉得这都是给旅客开出来的饭店，不实在，想省钱的可以来这种连锁店，吃得放心,0
31708,因为在欢乐谷对面 所以玩完了就来这大吃特吃啦 哈哈\n这环境不错 而且这比较人性化 虽然餐厅建在一个高台上 但是估计想到大部分人是从欢乐谷出来的 还在门口设置了电梯 福音啊\n坐在靠窗的位置还可以看到激流勇进呢 黄昏时很美\n最近新出的一个好像叫焗薯泥 味道不错 就是分量小点\n双薯沙拉味道一般,1
32989,老妈来苏州，想请她吃不一样的菜，所以呢  就去了十全街的哇哇叫，在楼下的等待区等了快半小时，看到里面的人吃的那叫一个爽，所以还是等下来了，点了干锅牛蛙 还有几个小菜 里面的土豆和藕也超级好吃，快吃好了 还可以加汤变成火锅，真的不错。就是等的时间太长了。希望可以扩大门店，多开分店了。,1
40304,比起这家的环境，上海所有的星巴克都不值一提。七月的中午也有人坐露天位，可见美景的诱惑。就是得中午就来占位置，稍晚一点就没风景看了。,1
27150,因为比较近，所以过去挺方便，懒得跑远的时候会去。\n但是歌比较少，新歌的话就。。。\n另外隔音比较差，唱歌的时候还能听到隔壁的声音……,0
11336,有两栋的，\n北面那栋是吉之岛\n南面是保利自己的\n南面的开了\n很冷清啊\n不过装修显档次\n品牌都很有名\n水玲珑，伊丽莎白，大家乐等,1
246,味道还可以，我喜欢在牛肉面里面加醋，里面的牛肉块很大哦，冬天喝一碗热腾腾的牛肉面，感觉很好，但是我好像只吃过牛肉面，对里面也没有太多推荐，我觉得点碟小菜也不错，呵呵。,1
513,东余杭路菜场走到头，就这家了，最近一次去，说是小店关门，过年放假了，只能转战去了前城。\n发现搬了家之后，家里附近的这些小吃店一直在吃却从没想过点评，今个有空就一起说说吧。\n每回去生意都一直老好了，也不乏有些开车的叫上三五好友来吃一顿。感觉吃饭应该能想象，聚餐吃小吃好像蛮特别的，不过在这里这是常事。\n看着这家小笼价格一路涨上去，但还是一直去吃，小笼的味道真的是可圈可点的。咬个小口一口汤水，不油不腻，肉馅是一团肉，不散的，嫩嫩的蛮有弹性。\n小馄饨也蛮好吃的，不过一定要早去，估计早上9点半以后到买完了，想吃这口也没戏唱了。\n三鲜馄饨，馄饨个头蛮大，肉馅比实在，榨菜几乎尝不到，开洋味还是有点的，不过他们家馄饨的汤一直淡唧唧的，不知道为什么，人家都有榨菜、蛋皮、紫菜，他们家就有点像下馄饨的面汤水，也不知道是怕喧宾夺主抢了正题的风头，还是老板省钱。\n一直老三样，看吃面的人很多，以后有机会再试试其他的。\n再废话两句，说是这家和前城还有万寿斋是一个老板，但是感觉这三家味道还是有点差别的，后来才知道，其实是一家子，兄弟姊妹分开来各自做老板开的店。,1
4615,"味道还行,羊汤里面肥肉末很多,就是觉得有点腻,所以倒了很多醋,到了山西不吃醋可不行啊:)羊割也一样,有一种饼的味道很好,可以一吃",0
26915,感觉很特别！是非常好，猪排的肉质是颗粒状的，吃起来有些松散，温泉蛋很好玩。晚上去要等位，因为去晚了，最主要是能无线上网，哈哈哈！,1
38076,已经第三次去吃啦，这次是拿团购的票去吃的，但是不知是什么原因，就是感觉没有以前的味道好了啊，肉都没有什么嚼头，不过酱依旧很好吃，生菜依旧很新鲜，服务依旧很好。秋刀鱼吃不习惯，嘿嘿，馒头很香哦，就是培根稍微咸了一点啊。,0
44354,"和同事一起去的,感觉还是很不错的,去他们家可以自己买一些吃的带上去,价格要实惠的多,平时人少的时候去还是很不错哦,不用等我最讨厌,要等了,那样就是浪费自己的生命,环境和钱贵还不是不好比的环境也不是很好,要是同事多一起玩玩还是很不错,去那玩就玩的一个气氛,随便玩玩开心开心还是很好的.....",0
39965,公司旁边，偶尔去一次换换口味，还行吧！只能这么说，\n招牌牛肉，每次都吃这个，饮料就自己带了，觉得在这喝不划算！吃的多的就别去了！,0
5179,7块钱的珍珠奶茶，味道一般，珍珠不Q又很少\n让店员多放些，还一脸不情愿的样子\n满5杯起送，指定的几种有买5送1\n昨天买了4杯，但是不能累计\n要一次性购买满5杯才送\n还不是很人性化,0
36656,去过两次，第一次是老姐结婚，就对烤鸭有印象，其他的菜一般。\n这次，同学突然想吃烤鸭，就想到了全聚德，烤鸭还是一如既往的好吃，美味！\n蟹黄豆腐，好鲜好鲜啊，眉毛都要掉下来了，味道超赞！！,1
20432,哈哈 以前经常去的地方 此公园不大 但风景还是不错的 就是有时候人太多了 人少的时候划划船 钓钓鱼 散散步还是相当不错的,1
20322,过来出差很想吃汤汤水水的东西。\n觉得米线一般，还是不如云南的过桥米线。\n送的一个肉饼子也没有吃完。\n环境还可以。晚上9点就关门。,0
19193,一杯浓郁芳香的奶茶入口，让人心情很舒畅，满口还是留香，那种味道似乎很难形容。\n鼓浪屿是不是出奶茶的地方哦要不怎么有这么多的奶茶店。\n很大爱的小铺，但不经意也很容易错过，很大爱的奶茶，我还会再来的。,1
21848,去吃的是婚宴，包场的宴会厅，但为什么有散客坐在旁边四人的桌子呢？这是为什么呢。。。。\n总的来说，还可以吧，因为要论腔调的话，饭店和宾馆还是有差距的，但是同样的价格吃的东西饭店要比酒店量多不少，但是肯定没有酒店的精致，不过酒店的饭菜也就是看个样子，大多数的菜量还是比较小的\n饭店感觉比较老吧，不过结合性价比，也可以了，不过音响设施差强人意\n要说菜品，乳鸽我还是蛮喜欢的，膏蟹也还可以，就是龙虾的做法不太喜欢，当炒菜一样了，不过的确是一顿能吃饱的婚宴，已经可以了，我要求不高,0
35757,和朋友吃个便餐时去的~因为周围没有类似的咖啡馆~所以生意还行 套餐什么还行~水饺 榴莲酥什么的一看就是冷冻速食的~谈个事什么去这里也还不错~,0
2871,维纳斯的店面真的挺大，还有几家分店，我们来到这家四川路上，不过拍摄是到佘山拍摄的哦。\n我们订的是在佘山拍摄，维纳斯的独家摄影基地，那边的店面比这边的还要大很多哦。\n据说这家是接单子的哦，我喜欢的是佘山的场景，维纳斯的服装太多了，挑的我总觉得那件都很好看。\n哪件都想穿，想想那么多漂亮的婚纱礼服，全都是那么喜欢的，礼服师问我比较喜欢的，我说全部都喜欢。\n礼服师笑的呀，最后还是礼服师帮我推荐，帮我分析，要不然我都不知道选衣服要多久啦。\n我们的摄影师老帅了，是个帅哥，说话很有意思，他一说话我就想笑，摄影师说我都成了笑星了。\n和维纳斯的工作人员拍摄过程中，前前后后都很开心，也很放松，像和朋友一样。\n没有那种顾客和工作人员的感觉，所以笑的很开，也放的很开，主要是我们的工作人员太会调节气氛啦。\n我看相片的那天，选片的工作人员说摄影师夸我表现的很好，拍的很漂亮，嘿嘿，得意的我呀天天都开心的。,1
21819,还可以吧，没有大家说得这么糟糕。但是价格相对高了点，一碗面要二三十块，偶尔吃吃还可以的。服务态度也一般，不够热情。最好吃的还是猪软骨拉面，推荐一下。,0
10286,这家店的牛丼饭还是很好吃的\n最早知道这家店也是一个同事介绍的\n说是味道还不错的\n于是\n一帮子同事也就一起去吃吃看\n结果发现的确是还挺好的\n也就爱上这家店了\n其实这家店的很多饭都吃过了\n味道都还不错的\n我可是个很喜欢尝试的人\n每次几乎都点不一样的品种来吃\n不过比较喜欢的\n还要算是牛丼饭\n还有照烧鸡排饭也不错\n这两个都很香的\n这家店本来是送外卖的\n到我们单位也不远的\n但是有一天下雨\n我们叫了外卖\n结果等了很久很久也没有送过来\n实在是那个心急啊\n最后打电话过去\n说是啥不认识路啥的\n但是那明明不是我们第一次叫它家的外卖了\n后来就演变到还要夸张的地步\n这家店以后就好像不提供外卖了\n我们也就再没吃过这家店的饭了\n还挺神奇的经历的说\n现在不知道还有没有外卖了,1
43650,慕名而去的，十点半就晃过去了哈哈~菜果然很便宜的，点了几个比较有名的招牌菜，老鸭煲前天晚上吃过了所以没再点。酱鸭超好吃，甜甜的，不咸~白水鱼也很鲜，河蚌豆腐煲河蚌太少了，郁闷= =其他菜么无功无过~就是他们家是在生意太好，所以上菜有点慢，服务一般般吧~等位的人好多，我们菜还没上齐，两位大叔大妈一直站在我们桌边看着我们，叫我们快点把位让给他们，实在是很无语= =,1
24834,前几年刚开业的时候就去过，朋友还给一张贵宾卡。那个时候感觉算是周浦那一片硬件最好的洗浴中心了，后来卡里钱用完就再也没去过了，呵可,0
24520,"知道百脑汇贵,但也有点太离谱,难怪说要货比三家呀,好在我买的只是小东西,3.5英寸的盘卖70一盒(10张),后来我去别地买才35一盒,还带票,郁闷",1
29448,"DP的照片也改版了呐。\n这里有我得意的一张照片，禅茶一味，恩，竖版缩略图（会员主页—图片）已经惨不忍睹了。\n咆哮什么的是浮云，要通报的是移步过程加快进行中不犹豫\n恩，照片部分不会有更新。\n好多网站都在改版中都忘记了自己的初衷。\n文殊院是在成都最想久窝的地方，特别是太阳满满的时候~\n院里面有茶馆，当然它不叫庙中茶馆，题字“禅茶一味”~~早晨堆架起来的竹椅子可是很有味道的~~\n除了茶馆，里面还有个素菜馆，还有个图书馆, 就在空林讲堂楼上~~所以如果太阳好，喝茶吃饭看书，可以悠闲上一天。\n距离文殊院步行距离还有成都人民喜闻乐见间老是排队的文酥园（蛋黄酥，蝴蝶酥，泡芙大爱）。\n隔一条街是文殊坊，美食小吃聚集地，环境好口味好，价格是锦里的一半。“龙抄手”文殊坊店，大赞~",1
28704,很久没有吃麦当劳了，今天为了等人，就进来小坐了一下，用了一点优惠的优惠券，点了提拉米苏味道的麦旋风和麦乐鸡，感觉不如奥利奥的好吃。可能是好吃的吃的多了吧，已经失去了小时候已看见麦当劳的感觉了,0
6125,差不多有四年没有烫过卷发了，贝壳整天唠叨：小宝呀，快去做头发吧，卷卷的好看~~~是呀，四年清汤挂面的直发，也该改变改变了~~\n在点评上看到这家亚男的工作室不错，地点在上海大学附近，哈，离贝壳很近~据说手艺好，预约都排在了一周以后。小宝特意抽了个平时的时间，还好，排上了。\n12点钟准时到了。小宝之前电话里预约时说的是剪发，其实当时没注意，只是把所有染阿烫阿都归类为剪头发了，不料，他们以为我真的只是要修修头发，没有给我预留那么长的时间。后来，得知我的真正意思后，还是帮我安排了。非常感谢~\n整个过程大概四个半小时，先软化，再定型，然后上色、修剪。这其中，亚男会很细心的调整座椅的方向与高度，方便顾客看电视。\n以往染发，小宝都会挑选酒红色，比较低调沉稳，不过这次亚男推荐了棕色给我，那就试试吧。刚做完，说实话，小宝非常不习惯，觉得颜色有点偏亮。不过回到家后，头发完全蓬松开了，形状非常好，就跟时尚杂志中差不多；颜色也很漂亮，很衬肤色，很洋气~~扎起来也很好看。\n贝壳也很高兴，觉得这次发型非常成功。\n并且价格也很实在，以后还会去的，如果能有个打包价，染+烫在一起，稍微便宜一点点就更好了，哈哈~~,1
11553,朋友带我去的，想起好久没玩保龄球了，朋友就说这里有，过来也挺方便的，里面设施么，不是很新，不过玩的爽就好了，好久没玩了，以前一局能打200分，现在掉到100分都不到了，4年多没玩了，一点手感都没了，打了3局后才好点，130多分，看来要多和朋友去练习下,1
20639,最开始是E美食的活动。。每周二四晚餐90.。去了几次。。东西蛮多的。。刺身一般。。最爱焗蜗牛。。奶味很重，里面的土豆泥也很好吃，，不能吃太多，，一吃就饱。。其次就是虾子和烤鳗了。。味道不错的。。就是虾子的味道稍微旦了。。有活动的时候去吃还是很划算的,0
40175,以前的乔家沙，生意不错，差不多每天都会排队\n和LG点了元宝虾锅、干煸刀豆和牛肉炒年糕\n元宝虾锅看上去量蛮大，里面配了小年糕、耦片、土豆片等，味道吃上去不错，不比爆爆虾什么的差，只是这个虾——一半以上都是还没发育好的托儿所小朋友，只听说过乳猪、烤小牛，真还没怎么听过乳虾，我想店家能不能耐心点，等等小虾米长大再烧，这样残害小朋友总是不太好吧\n牛肉炒年糕，味道也还不错，只是菜端上来的时候，我和LG对看一眼都笑了，我脑子里的第一反映就是东方即白的广告词————好几根牛肉丝啊！\n干煸刀豆不功不过\n不能拉卡，现在不要发票送饮料或啤酒，总的来说，味道不错，量的话，哈哈有点外强中干的意思，一般般吧，在中原地区算是不错了,0
39810,有老同学从新加坡回来探亲，几个高中同学就订了这里。到的晚了，冷菜已经吃掉了一大半，香干马兰头很精致，素鲍照例很有嚼头，与其它店做的不同，　这里的素鲍切了薄片，又加入了芥末汁，非常入味，值得推荐。乳鸽可能是冷了，觉得一般，有点过头，肉不够嫩。芒果色拉中规中矩，难得总的保持芒果的质量。\n热菜中很喜欢蟹粉豆腐，蟹粉的料很足。凤爪只觉的很糯，事后才知道是鲍汁的。蒸了一条鱼，有点过头。红豆沙汤圆很喜欢，特别是做汤的红豆沙。有一道菜是一厘米长的排骨，不知道什么名字，口味和美极虾很相似，非常喜欢。\n美极虾口味很好，但是感觉虾肉没有弹性，很怀疑原料不新鲜。糯米蛏子口味一般。\n总的来说感觉还不错，有点出乎意料。朋友觉得服务不够好，老牌国营店的感觉，服务生都是职校实习生，我倒没有注意。吃的菜感觉口感很好，说是粤菜，其实很上海。下次还会再去，慢慢品位一下。,1
27615,1、这家店貌似开了很多年~~去过两回，每回去都能听见老板浓重的南昌口音。\n这一次去是因为思念炒粉了，就是想去尝尝为什么我炒的就没有那么好吃。。。\n点了毛芋牛肉（22）和肉沫茄子（18），还有炒粉（12），因为bf上次在白鹿喝过米酒，念念不忘，又要了他们的米酒，但是不是自制的，是江西买来的，装在瓶子里像饮料一样的。\n那叫一个酸啊。。。我们是皱着眉头喝下去的，所以请大家以后不要轻易尝试……\n炒粉的味道很赞~~~菜有点小贵，我觉得。当然和江西驻京办比还是好一些。\n2、因为离住的地方很近，所以上周末又去了一次，却是一次不愉快的经历。。\n上一篇就提到他家有点小贵，比如说米饭2块一碗，大可乐12，别地方基本都是10快吧。主要是你如果卖这么贵，起码你的环境和服务应该跟上吧。他家看着就是路边的小馆子，这个价格和它的外表真的不太匹配。。。\n说说今天不愉快的事情吧，去的时候屋里还没坐满，我们就挑了一个桌子坐下来。本来平时都是面对面坐着，那天我不知怎么，就说两个人坐一边吧，所以空出了另一边两个椅子留着。\n等上菜的时候，进来了很多桌客人。有一个女的就径直坐在了我们对面。如果这是在成都小吃，我肯定不会说什么，但是这毕竟还是不像成都小吃那么随意吧。我们也不是每人吃一个盖饭就走了。所以我不喜欢有人坐在我对面，像食堂一样。\n但是我也没说什么。继续等上菜。坐在对面的女人也还不错，和服务员说了如果有别的客人结账就喊她，她换走。\n等了一会儿，有一桌客人结账了。可是服务员明显没有叫她走的意思。我想，那要不就我们换走吧。于是我喊服务员来，问可不可以换到结账的那一桌去。服务员表示不行，说现在客人多，你还坐这儿吧。只有四个人的可以坐那一桌。\n其实也不是什么大事，但就是心里不舒服。哪儿有味了赚钱这么不顾客人感受，不顾环境是否舒服的？因为我们的菜没上，而且我保证她根本还没开始做，于是我提出要走。这时服务员说，给你们换吧。\n当时觉得服务员这样做有点恶心。如果我不提出要走，估计我也就只能和别人拼桌一起吃了。\n所以还是走了。\n说实话，她家的炒粉我还是很爱的。\n但是22元一盘的空心菜有点太坑人了吧，自从我在北京的菜市场买到了一块钱一把的空心菜之后，再让我看到22元的价格，反正我是不会接受了。在江西空心菜更是便宜得不行的夏天家家户户桌上常有的菜呢。,0
38123,虽然是餐厅 但因为下午茶咖啡店人满为患 所以去了 价位不提同时老外很多 点了拉丁奶昔 不是很浓 实话说一半啦 下次有机会吃料理去~~,1
19601,可能是我在深圳吃过的最好吃的老婆饼了。\n好吧，我承认我吃的不多。。。\n其他吃过一个蛋糕，巧克力的，不是提拉米苏，有点腻。\n嗯，还是老婆饼好吃，~,0
7446,小岛酒店的前台服务感觉好热情，住进去感觉就没服务台那么好了，小岛的早餐比较单调，就简单几样，就几样 ，有时候有的还就没了------,0
14023,2010年左右去的。\n　　　　拖到两年后来点评了。\n　　　　当时的三号湾的人气一直不是那么足。\n　　　　所以很多的店在刚开那会的优惠幅度就非常的大了。\n　　　　那时三号湾的nono pizza就非常划算，可惜现在好像关门了。\n　　　　二楼的著香是海鲜饮料除外全场打6.8折。\n　　　　卡布拉蛋糕专卖店是蛋糕买三送一，然后还有咖啡＋蛋糕十元或十五元的超值下午茶套餐。\n　　　　这个相差的五元就是蛋糕的区别了。\n　　　　卡布拉蛋糕专卖的咖啡是现磨的咖啡，还算是比较不错的咖啡，下午茶的时候生意不错的，附近的很多人都会光顾，看来都知道这个限时的特价确实是相当的优惠的。\n　　　　卡布拉蛋糕专卖的蛋糕品种非常多，可是当时参加下午茶优惠套餐的品种好像只有四五种，但是对那么优惠的下午茶价格来说，也算是可以了。\n　　　　店里面有几个座位的，点一份下午茶套餐堂吃的人可以选择坐自己喜欢的座位。这里有点半自助的感觉的。反正奶和糖包桌子上面都有的。\n　　　　　爸爸很喜欢这里的咖啡，而且爸爸喜欢喝清咖的，我不行的，我爱咖啡，但是咖啡里必须要加上奶和半包糖，清咖我受不了那个苦味的。加入了奶的咖啡我觉得更加的香滑，当然我也知道清咖对身体是好的，加入了奶和糖包的咖啡其实就喝不出咖啡本来的味道，可惜我实在不能喝不加奶和半包糖的咖啡的，那个味道实在太苦了。会苦的我想直接吞糖下去综合的。\n　　　　卡布拉蛋糕专卖店现在已经没有那么优惠的套餐了，一方面当时是刚开张，一方面过了两年了，东西都涨价了。,1
39078,东西比较齐全，周围也比较全。不远又有上品折扣，迪卡侬，特丽屋，还有kfc，大娘水饺之类吃饭的地方。旁边还挨着百安居。可以说是很理想的购物地方。东西价格还算合理。有的便宜，有的比较贵。现在的超市比较多，所以通常大家购物也是货比三家。这里就是种类齐全。基本想要的都可以买到。很方便。就是有点远。,1
43838,夫子庙这个章鱼小丸子是南京这些口味最好的，女友这么说。\n不知道从何时起，章鱼小丸子开始风靡南京。大街小巷和繁华商业街，都有小丸子的店面出现，生意也是相当的好。\n小丸子里的章鱼其实少得可怜，但是口味做得很入味，女友每次看到都眼馋得不得了，口水那个流哇~~\n到夫子庙一定要尝尝的，推荐！,1
31071,前几天老弟结婚在这里摆的喜宴，这还是走的关系不算酒水还要5000大元一桌，好贵，如果要是自掏腰包还真有些舍不得，好在不是！哈哈！别说，上来的菜品还真的很不错，可以说是色香味俱全。服务也周到的不得了。个人感觉如果是自掏腰包，一定要慎重而为之，呵呵！,1
6749,85家一直是我的心头爱，每次去市区总会到他们家败点面包蛋糕带回学校去，啥时候下沙也能开家85呢，期待ing\n 这次在武林广场这一家买了焦糖布丁、蓝莓乳酪、水果百汇还喝了奶茶玛奇朵\n 焦糖布丁是用小玻璃瓶装的，很可爱，吃完之后我还把瓶子洗了收好，布丁香滑可口，但是下面的焦糖分量多了，实在是太苦了，我吃到后来感觉挺痛苦的\n 蓝莓乳酪，买了很多次了，里面紫色的乳酪酸酸甜甜的，喜欢\n 水果百汇，小杯子也收藏了（最近我似乎迷恋上收集杯子瓶子之类的东东了），只有草莓一种水果在上面，下面是慕斯和一点点的蛋糕，慕斯做的不错不会腻，总体一般，性价比并不高。\n 奶茶玛奇朵，挺好喝的，之前红豆珍珠奶茶没把我给甜死，这回我也没说要少糖，但喝起来甜度还是合适的，很香很醇，冬天喝上一杯热乎乎的奶茶，感觉真幸福啊\n松子核桃米浆\n 它家的冬季新品，奶茶喝多了换换口味喝一下米浆也不错，核桃味蛮浓，甜度正好，很香的，散发的是营养健康的气味，运气很好去的那天是搞活动的第一天，新品便宜一块钱，很满意，推荐大家特别是老年人尝尝，暖心暖胃。\n帕玛森乳酪\n 很多亲推荐的一款西点，很大一块啊，乳酪味道很足，量也够多，口感绵密湿润，总之很给力啊，乳酪控绝对不能错过哦，就是饼干底实在是太硬了，我用附送的小勺去挖，勺子居然断了，可见有多结实，牙口不好的就只能舍弃这块底了，我咬着还是挺有味道的，呵呵\nPS：这回不得不批评一下武林广场的这家85了，店面小就算了，原本不是还有一张小桌子两个位子可以让顾客坐下来休息的吗？（至少我1月6号去的时候还有的）可是为啥我1月14号去的时候椅子已经没有了，小桌子也用来摆放礼盒了呀，我本来打算好买了米浆和乳酪在店里面吃完的，结果只能冒着风雨跑到KFC去，无奈地点了一份玉米沙拉，可怜巴巴地坐在里面解决肚子问题，呜呜-伤心啊-,1
33828,都这样吧，一般般 和朋友去过。朋友经常去 他们住那附近，我自己觉得没太大特色个人意见，很不如西北角乐乐家好吃，呵呵~！,0
35928,发现马卡龙的宣传单才进去的。。主营可丽饼的温馨小店。可丽饼分甜咸两种。旁边一盒一盒的马卡龙。大小不一的样子非常不靠谱。赶上当时还没吃晚饭。。进去什么都不买就走大家也尴尬。买了一个香蕉奶油巧克力的可丽饼。男朋友说不爱吃奶油。。我就咬了一口。香蕉块和棉密的奶油零星的巧克力酱再加上外面软嫩的饼皮。超完美的融合。。看到我***的表情。男朋友问我好不好吃。我说。。。好。。你吃么。他第一口咬小小的。然后说。恩。我再来口大的吧。一口就差不多把奶油最多的部分全吃进去了。当时我们已经走到国瑞大门口。。我有点想说再买个的冲动。。以后可以多试试别的味儿。。。。,1
14860,看完电影和同事一起过来吃，差不多1点半左右人不是很多。要了烤羊棒，这个是按斤来算了58元/斤，我们一共要了4跟，味道还不错，就是稍微贵了点，羊肉的味道蛮浓的。\n小砂锅羊肉汤鱼鱼33元：这个汤里面羊肉的味道特别浓，稍微咸了点。\n西贝面筋小份23元：这个就是像凉皮一样，酸酸辣辣的很开胃。\n孜香拆骨羊肉39元：这个孜然味道很浓，很好吃的。\n最后用点评的优惠折掉10元，感觉还行吧，羊肉味道够浓。,0
43631,大年初四去的，味道还可以，人不多，屋子比较小，服务员也比较热心，上菜很快。铁板豆腐不错，外焦里嫩建议品尝。鳗鱼炒饭一般，就是蛋炒饭上面放上一丁点儿的鳗鱼，比较坑爹，也不便宜，30元左右吧。现在吃50，返20代金券。实则意义不大，禾绿现在越发低端了。,0
28588,突然很想吃牛排，所以到点评上来搜了一下，看到这里的评价基本上都说还不错，于是就决定去这家吃。353广场的设计怪怪的，问了5楼的商场店员才找到餐厅。服务员都挺热情，牛排的味道也还不错，但是配餐虽然是可以无限续，可是选择实在太少了，味道也一般，但是7788点下来其实也不便宜，商场的营销手段可见一斑啊！总体感觉这样的价钱还是去吃西提比较划算呢！,0
24677,BF在附近上班，中午通常来这里开餐！\n单点碟头饭，10-15元有交易！基本上都是小炒饭！有汤送！\n没有试过套餐！\n味道我觉得还不错，在这附近，这样的出品，性价比算高啦！\n值得推荐喔！,1
18740,老浒记民俗酒楼，位于宣武区琉璃厂，一家以经营老北京吃食为特色的酒楼，价廉物美，贴近百姓大众，服务很国营。与琉璃厂传统古玩字画之意味交相辉映，环境装饰之古朴、菜品北京风味之纯正、民俗味道之浓郁，是我对其的第一印象。\n白菜芯拌豆腐丝\n白菜芯甘甜脆爽、豆腐丝豆香筋道，特别是所调拌的油汁，其中辣椒、花椒等香料与油的比例以及熬制火候的拿捏，那是相当的到位啊！赞一个！\n捣茄泥\n瓷质捣罐子与木质捣圆棒，很有意思吧！蒸熟的茄子，捣成泥，拌上特制的麻酱，好吃！只是在大冬天吃这么寒凉的东西有点受不了，夏天吃应该很不错！\n三鲜日本豆腐\n黑色的木耳、白色的银耳、黑褐的某菇类、嫩绿的豌豆、红色的枸杞、粉红的虾仁、米黄的日本豆腐，勾芡而成~~~五彩缤纷，五味杂陈啊！\n三鲜乌鱼蛋汤\n咸酸口味，以蛋花勾芡，有点类似炒肝的做法，老北京好像都挺喜欢勾芡成稠稠的状态呢！作为开胃汤还不错！\n烙饼夹酱肘子\n传说中的天福号酱肘子夹烙饼是老北京的绝配吃食，肥而不腻，香润腴口。老浒记的酱肘子倒也还不错，黑乎乎的，入味深厚。但是，搭配的烙饼冷了、硬了，不香了。温度没了，滋味迅即降低一大个档次。\n清蒸鲈鱼\n清蒸鱼菜式的主要关键就在于鱼的新鲜与清蒸的火候，调味为其次。这里的清蒸鲈鱼算是无功无过吧。\n烤鸭\n原来某美女对烤鸭情有独钟啊！这里的烤鸭有点肥腻，主要吃的鸭皮烤制得也不是很香脆。荷叶饼在酒精灯的加热中不断地丧失水分而变干，还是放在蒸笼里面比较好吧！个人觉得整体一般。\n水晶怪味虾（忘记具体叫什么名字了，这是我自己取的）\n这里的虾做法很怪。与北方其他地方的椒盐虾、胡椒虾不同，与南方的白灼虾更是不同，这里的虾应该可以叫做“水晶怪味虾”吧。虾经开背，过油炸制，然后居然炒糖色，以致虾的外面包裹了一层糖衣，看上去如水晶般晶莹剔透，最后再加入了辣椒之类的调料炒制。有点复杂，复杂得吃不出虾味了，只留得咸甜辣味了。不过，虾的个头倒是不小。,1
31812,环境音响都非常不错，当时去的时候有抵值卷，超市消费了150元，一共四个人去的，新装修，主要音响不错，歌也全，但我觉得有点小贵吧,1
17500,这家店是四川路附近少有的较实惠的茶坊，每次和朋友玩三国杀基本都去这家，里面的冰橘茶15元很大一杯，环境也还算不错,0
26308,外婆家附近的农家菜，和家里人来这里吃吃看了。\n点了几个招牌菜，于是前前后后一个半小时菜还没上去。\n基本上一个菜就吃空一个，吃的我非常不爽\n找服务员也没什么反应，就说会催\n比我们晚来的都已经吃完走了，生意是不错，但也不知道人满为患\n我们说找领导，服务员来冒充大堂经理，笑死人了\n总之，管理很有问题,0
10956,环境挺有特色的，看似挺普通的，不过细节到是还蛮出色的\n很喜欢里面的那些特别是的设计，还有那些顶的设计，感觉还挺出众的\n还真是有那么一些小情调的感觉勒，个人觉得到这里来约会之类的，感觉一定是很不错的\n可惜我每次都是和姐妹 一起来的呢\n挺喜欢里面的那些食物的，前菜感觉都还蛮OK的，不仅仅是份量挺充足的，味道也是着实的不错\n韩国菜里面，最让我喜欢的就是拌饭和南瓜粥了，这里做得都还蛮不错的\n烤肉也很有特色，不是很喜欢这里的五花肉呢，感觉有点油腻\n泡菜汤也算 是一大特色吧，个人挺喜欢的,1
14546,店里脏兮兮的，收银女也是板着脸，虽然选择很多，但是没有特色\n点了一个鸡鸭血汤，等桌上吃完了也不见过来，想退也不让退，硬是最后给上来了\n一个字 差,0
33137,再次抽到美发~感谢DP~感谢丽时~感谢RP爆发。。。。\n因为这段时间一直超级忙，接到电话之后居然就把这件事情给忘记了。。。直到最后一天，才匆忙给丽时打了电话，好在预约上了，紧接着。。下午请假撒谎。。\n到了店里。。我才发现。。果然是不应该匆忙的。。因为我拿了相机。。。但是没有带电池。。。我的手机，每次都在关键的时候没有电，我很遗憾，没有图片。。。\n店长是韩国人。。。可是汉语也很好。。。而且。。。她的脸。。只有我的一半大。。。真是太娇小了。。。。她说给我用最好的烫。。。我很感谢很激动啊。。。\n服务很好，有各种饮料提供，虽然我只和白水，可是还是很热情的给我倒了一杯柚子茶，其间还用笔记本上网来着，非常好，第一次体会做头发还可以办公，真是太方便了！因为我最近实在是太累了，整个做头发的过程基本上都在睡觉。。。。\n貌似像是个翻版的梨花头，因为之前剪的是沙宣的，可能再修理起来比较费力气，非常感谢给我弄头发的造型师，闵姑娘，应该是中国人，虽然打扮的很韩，哈哈，不过她会说，不靠谱，所以我觉得她是。我和她说，我特别不会打理头发，给我弄一个不用打理的。。。她说，看出来了，呵呵，我觉得，应该是。。囧。。\n由于我长这么大第一次烫卷发，所以我看到镜子里面的自己，还是有点不能接受，我觉得我好像一只羊啊。。。还是比较配合我的名字的。。。。\n回到家之后，她们说还可以，只是我自己可能还不是很适应，说话的声音都小了。。好像自己真的变成了一只羊。。囧。。。\n看到大家的DP，都有500代金券，那么我怎么没有呢？打电话问了之后，说，可以给，态度非常好~\n总之。。我烫了个很有喜感的羊羊头。。。。。,1
717,偶尔路过会买几个蛋糕 面包之类的尝尝，很喜欢里面一款叫“等你下班”的面包，呵呵，倒不是口味有多好，只是觉得名字很有趣，和“提拉米苏”一名有异曲同工之妙！,1
42374,选了今日特价~\n照烧鸡排~\n狠挫的是~\n次下来偶最最喜欢的竟是那些酱~\n甜蜜蜜哒~\n神马的蜂蜜面包一点甜味也木有~\n欺骗偶的感情了~\n最后跑到地铁里~\n两个傻蛋一顿狂啃~\n还好周围也没几个人~\n啃完就坐车回去了~\n车上碰到个宝宝~\n和dd长得哈像吖~\n他死活不承认呢~\n宝宝看到他也特别起劲~\n偶一个活生生的大美人在一旁也一点不能分散宝宝对dd的关注~\n不过宝宝真额太吵了~\n一边吐泡泡一边乱叫~\n暂且就认为是见到一张相似的脸蛋冲动一记吧~\n下地铁了感觉好撑呐~\n登牢了~囧~~~,0
35982,类似于大食代，充值自选，有很多地方小吃，太兴出来不解馋，再到这来转转~\nM和偶都钟情港式点心，于是果断拿下虾饺皇和豉汁蒸凤爪，外加一份红豆双皮奶~\n点心味道一般，随便吃吃ok，双皮奶倒让我小小惊艳了下，冰冰凉凉的，更似冰激凌的口感，爽滑可口~\n是个选择余地多，经济实惠的地方~,0
28738,这是我吃过的最贵的鱼吧，六个人吃了1000多。\n点了鳇鱼、大马哈鱼、白龙鱼一起煮的，据说是这里最贵的鱼，这里的做法很特别，用柴火烧的，鱼的味道特别鲜美，尤其是里面的汤，烧到最后只想吃蔬菜了，因为后面都是油油的，香菇、白菜等蔬菜放进去一起煮，大锅子的旁边还有现做的玉米饼，看上去吃了很容易饱，我没有吃，其他朋友吃的，说是味道一般。不过这里的环境不怎么好，感觉没有装修好。对了，香菜是免费，喜欢吃香菜的可以多点一点，哈哈。,1
40800,套餐很便宜啊，一个鱼排，一个鸡翅，一个蛋卷，一堆卷心菜=5元，很多男生去吃，觉得很合算，我么几乎很少去吃，饭给的太多，菜比较少,0
27266,老早想写的忘记掉了，要表扬一下的～\n春节带宝宝一起去苏州玩，回上海的那天中午在这里吃午饭，点了没几个菜，味道么中等，服务也还不错。\n走的时候因为宝宝睡着了，急急忙忙的结果把D90拉在餐桌上了。\n最离谱的是我跟LG一直到回上海后的第三天才发现相机不见了。想来想去这个地方最有可能，就抱着试试看的心情打了电话，结果相机真的在哦。\n一开始店里还说他们过来上海的时候给我们带过来，后来想想还是不麻烦了，就让LG的司机跑了趟去拿回来了。\n一定要表扬一下哦～～～,1
42247,服务堪称神奇，呵呵！\n奶茶一般吧，挺香的，但是奶味不醇、茶味不浓，一杯喝下有点腻了，料倒是挺多的，珍珠不错，超Q的！,1
43835,旅游季节去的，由于之前没有预定什么酒店，等西湖游玩好，就在找地方休息。\n很多酒店都客满了，后来就问当地人了，我们计划第二天去虎跑玩的，兜兜转转。。。到凌晨找到了这里。\n房间挺大，环境也不错。有卧室，浴室，衣帽间，都很干净。卧室床也蛮大的，设备齐全，浴室备有浴袍洗漱用品。总的来讲还算不错吧。\n下次如果再去，要先预定好酒店了，哈哈。,1
21287,最后一次去是去年7月份了，很失败，大叔一堆一堆的，酒也不算便宜。\n总之，越来越不喜欢这里了。\n相比较还是喜欢VICS或者COCO。,0
7561,没有什么评价的，不通风，很热，很差。\n地板差，气氛也一般。有些教练驻场，纯锻炼目的的初级爱好者可以报名学习一些。\n和电影院一起，停车位少，经常要停到路边，也不知道抄不抄牌。,0
38633,筒子们。夜宵次起来了\n很久没有这种晚上跑到外面去次夜宵的感觉啦\n又不下雨。天气也不热。\n爽哉。\n其实也没的挑。次面喽\n大肠鳝丝面+猪肝+素交+大排+荷包蛋\n上面之前会叫额。人家把我的面一长串报一遍个搜很多人都盯着我看。\n无比额囧。\n浇头现炒。油的来不行呀~~~\n因为放了一会儿面还是很烫额。你们懂否~~~\n不过。面很嗲额~~味道也很浓的。是我的菜~~\n我一碗面次掉48块钱也是灰常令人诧异额··\n至于环境么\n其实吃面的地方就这样。不过算的上是不错的~~\n据说老板以前是宝泰额\n下次去那里次次看呀~~~,0
10591,"和不同的亲友去过几次了吧，感觉没有其他地方的名山好，但在广州也算是唯一的选择了。沿公路走上去，快的话不到1小时，山上的景点说不上很著名，能仁古寺进去看过一次，其他一些印象不太深，只觉得进门买门票，去里面其他景点也分别要门票，有点财迷了:( 。登上摩星岭远眺一下市区，在山顶坐着休息，吹吹风还不错,有一次看到山顶办了个美食展，许多不同风味的小食摊档一字排开，大家吃得不亦乐乎。许多人定期来这里锻炼身体，节假日比如重阳节，中秋节，山上总是密密麻麻的人群，连坐公交车都因人多变得不太方便。",0
5084,火車站也有個三葉的 這裡也有 逛街的時候看到就進去看看\n和青雲路市場一樣的 都是1個個攤位 路過他們自己攤位的時候 只聽到他們會拉生意過來看看什麽的 其實現在的眼鏡真的是暴利啊 如果不懂分辨的話 真的要吃大虧了 正版和假的價格差很多的說~所以說很亂 自己看有腦子 除了看牌子外更要保證質量 不要被他們店面的人噱進去了 可以的話帶個懂的人 還是能很便宜的價格買到稱心有放心的東西,0
19305,这家的牛排算是个灾难，我点的海陆双拼，上来的东西根本不值58.\n算是我吃过最难吃的牛排了吧，自助沙拉水品很差，居然还只能搞一碗。,0
14195,"庆祝全聚德三元桥店20周年,倾情回馈,五星店震撼开团!仅售445元!价值808.5元：8个菜+一套烤鸭，4人餐。我没有犹豫就买了，因为2年前闺女过生日，我们三口在前门全聚德吃的，花了500多元，还没有8个菜呢。 \n   \n5月22日我们一家三口吃回来啦！很满意啦！周五已打电话预订了，所以上菜很快，环境好、服务好、免费停车，现在有的地方一小时就要5元、8元呢。\n   \n店外装修风格古朴、大气 ，店里四周都是这种装饰，让人一目了然，不用介绍全聚德的历史了。\n干煸四季豆（1份，价值32元）\n一道干煸四季豆，看似简单，但包含着火候和口味的掌握，用油将四季豆煸熟，出菜呈翠绿色，味道脆嫩，不焦不糊，加上微辣微麻，清口开胃。 我的感觉有些辣，结果没吃了。\n芥末鸭 掌（1份，价值45元） \n招牌美食，选用上好新鲜的鸭掌制成，保持了原有的口感，加以各种调料码味，配以精心调制的芥末汁，色泽橙黄亮丽，辛辣香鲜，口味细腻，更有香脆的口感，风味绝佳。招牌菜没的说------好！ \n烩 乌 鱼 蛋 鸭舌汤（4位，价值80元） \n招牌美食，这道汤汤汁清亮，略呈微黄，乳白色的乌 鱼 蛋漂浮其间，似片片飘落的百合，格调清晰别致，滋味鲜咸酸辣。 \n京城三味（1份，价值38元） \n这道凉菜是地地道道的老北京风味。这三样老北京的小吃，既沿用传统的制作方法，也给其加入的新的元素。炒红果的酸甜开胃，麻豆腐的解酒消暑养颜，还有芥末墩的清爽解腻，带来不一样的感觉。麻豆腐没吃完，炒红果都让闺女吃了------吃芥末鸭 掌辣着了 \n果仁菠菜（1份，价值28元） \n菠菜中含有丰富营养，而凉拌降低了菠菜的营养流失，加上各种果仁丰富了它的营养，观之翠绿诱人，食之非常可口。感觉有花生碎，其他的没吃出来好吃、又素都吃了。 \n精品毛 血 旺（1份，价值68元） \n毛 血 旺是川菜的代表菜之一，口味麻辣，汤汁红亮，现在经过我们川菜的新派大师加以改良和创新，将其麻辣鲜香、味浓味厚的特色加以发扬，加入高档原材料，并跳出传统的烹调方法，让人眼前一亮。味道很好、也不是那么辣，就是个大 杂 烩。\n火燎鸭心（1份，价值98元） \n招牌美食，剞花刀，加茅台酒，使得红褐色的伞状鸭心在嫩绿的香菜和洁白的葱丝的映衬下，吃起来焦香嫩透，还有浓郁的酒香，格外好吃。这个没用闪光灯，不是那么红，不过好吃不腻。 \n杏鲍菇炒鸭丁（1份，价值58元）此菜黑椒味道浓厚，咸鲜微辣，杏鲍菇口感鲜嫩，味道清香，营养丰富，具有愉快的杏仁香味和如鲍鱼的口感。杏鲍菇有些筋道，也好吃。 \n果木挂炉烤鸭（1只，价值238元） \n全聚德烤鸭原料选自北京填鸭，采用挂炉，明火烧果木的方法烤制而成。烤制成熟时间为50—60分钟左右。刚出炉的鸭子皮质酥脆，肉质鲜嫩，配以荷叶饼，葱，酱食用，香美醇厚，回味不尽。很可惜，忘了照一张整鸭的，看看已经片好了的吧，嘿嘿…… \n另外，还有香米饭、荷叶饼、甜面酱、葱丝、黄瓜条等50元，还有10%的服务费呢，这样都加在一起，就是800多元了，团购花了445元，相当于打了5.5折。最后打包回来的鸭架子、米饭、菜又够吃2顿的，所以说是超值~\(≧▽≦)/~啦啦啦！",1
35043,1.地段不错，看完电影等车前到店里打包。\n2.味道、价格中规中矩。\n3.芥末不是很呛人，酱油的包装很有意思。\n4.服务尚好，可以刷卡。,0
43022,小店一进去有条小廊，旁边有石砌的流水和水车，里面是二层的小楼。楼上是阁楼，三对宽松的沙发座，挨着木头窗户的座位可以看到楼下，墙边的座位可以涂鸦和留言，布局很温馨很有情调，灯光不是很亮。一楼还蛮大的，不过没坐过。。经常有一群群的聚会，比较热闹嗯。\n饮料都还成，反正一般点热牛奶之类的喝。。蜷在沙发里舔牛奶还是很惬意的。。\n印象里角落搁着盆栽的植物们，很舒心。\n感觉如果坐在能晒到太阳的位置看看书发发呆，这里实在是很容易忘却时光的地方。,1
7189,这里的烤鸭和全聚德没得比，但是比大鸭梨什么的要好一些。菜做得也不错，是我经常去的一个地方，价格还可以，菜量不小，适合朋友聚会。,0
1411,有3年连续在他们家订年夜饭，第一年最好，菜色丰富，海鲜质量也好，味道也好，接下来2年一年不如一年，价钱反而上去了，估计是换了大厨了，人气越来越不好，酒店的下面一层也换成别的店面了。估计以后不会再到他们家去吃了，菜的水平实在是不出挑。。。,0
38406,三文鱼50元一斤（服务员明确说其实只有八两）\n三文鱼腩80元一斤（同上）\n来这里主要就吃三文鱼是了，其他的真没什么特色的，味道算过得去吧\n三文鱼是很新鲜很好吃，三文鱼腩刚开始吃很好吃但吃多了会很腻,0
2625,话剧场略有一点大，贴近感不是很强。\n不过整体效果还是不错的。话剧场整体干净，舒适。\n看话剧不能带饮料进去，只能门口基寄放，虽然后面发现很多人都是放包里带进去的，不过门口卖的也平价，所以也ok.,1
24698,一家挺精致的烤肉餐厅，采用现在比较流行的纸上烤肉。我觉得这种形式挺好，貌似肉不太容易被熏黑。而且眼看着油被烤出去，感觉挺好。\n餐厅给配的小料有两种，其中一个酱我不是很喜欢，偏咸，又带点甜味。另一个是类似于辣椒面和孜然面的混合物，这个很不错。\n餐厅环境很好，干净整洁。桌子有点宜家风格，我很喜欢。服务也比较认真，服务员训练有素。\n缺点：不能开发票,1
28946,今年国庆节期间去的，我们的门票是别人给的，\n通票100元，包含温泉足浴的，我们去的时候温泉足浴关门。\n温泉足浴门口有卖烧烤的。呵呵！\n里面景色不错，大片的薰衣草，映入眼帘的是一大紫色；\n适合拍写真和婚纱照。\n庄园里有许多木头房子，估计是会议中心，\n冬天许多单位来这里开总结会\n可以温泉足浴，可以在熏衣草里拍照。,0
43379,走去坐13路车的时候，闻到传来的香味，才注意到这么一个店，店面非常小，柜台工具都很简单，因为朋友喜欢吃蛋挞之类的，就买来试试。\n    葡挞10元三个，单买4元一个，蛋挞6元6个。看到葡挞新鲜出炉，就买几个试试。闻起来是挺香的，里面的馅奶味比较突出，就是外皮做得不好，太薄了，咬下去口感很一般，所以整个葡挞吃起来感觉分量很少。甚至有一个的皮是有点焦的，都怪买的时候没看清楚。\n    而且打包带走不方便，只用一个纸碟承起来，然后装进一个塑料袋而已，拿着不好看，又容易弄碎。,0
9722,量有点少....菜上的有点慢...于是导致来一个吃光一个..\n下午时候去的\n每一桌可以凭优惠券送个菜\n送的盐酥鸡 味道还行吧 就是少了点...\n臭豆腐 很臭...很小..一口一个\n芝士球 里面芝士超级多...拉也拉不断..就想说...淑女吃这个怎么办...\n什么虾卷的..名字不记得了..反正就是虾仁放在油条里炸一炸..然后旁边裹层芝麻~就...味道还好\n麻油鸡的那个碗..实在是太惊人了...一筷子下去...筷子还在上面...惊到我了...然后味道一般一般呀...汤满鲜的\n红豆冰倒不错 冰满密的..就是里面有黄黄的东西 一直不知道是什么...看到人家说是布丁..我一度以为是蛋..\n最后满100送了猪颈肉 实在有点油...\n本来想点火锅的...然后一定要套餐...可是里面有菜我们不吃的...不让单点..无奈~,0
21013,"还可以,主要看上去比较干净.\n吃到过2次1块钱的神仙鸡,运气还不错.最近有很多特价菜,还是蛮便宜的,\n就是不分吸烟区和无烟区不大好,完全有条件可以分开.\n人一多,上菜的速度就不对了,人少的时候,上菜还是很快的,\n服务一般,服务员蛮呆的,问他这个菜是什么,那个菜是什么,全是直接回答你不知道.汗!",0
21099,中午吃工作餐的时候去的，在附近上班，中午人很多。\n我要的冷面，量一般，男生估计不够。以前在学校吃才5块，这里18让突然有点难以接受吧,1
5572,晚餐是238一位。去的早了没开门，饿死了于是找了家最近的麦当劳吃了个汉堡……汗啊！！亏大了！！！强忍着撑，吃了一盘有一盘的刺身~感觉每样都很精致，海胆尤其新鲜，比其他店里吃的都要新鲜~~,1
12416,场馆是由室内篮球场改造，由于在学校内所以基础设施还行，有独立的更衣室，厕所在2楼。\n整个馆子共6片场地，木质地面，由于有众多俱乐部的关系一到周末基本客满，场地间距略显拥挤。整片场地一侧靠墙另一侧为看台，其中1号和6号场地靠近看台，光线略好，但因一侧有立柱可能会影响选手的发挥。由于场馆坐落位置不错所以基本周末的场地都需要提前三四天预订，并及时付钱才能保证有场可打。看场的是一位阿伯，样子比较凶，喜欢大声吼，猜想可能以前是当教练的，所以打球的时候尽量准守场内规则。\n场馆周边交通便捷，餐饮丰富，自驾车也比较方便泊位。目前一片场地是45元/小时，一支球拍租借为7元/小时（租借的拍子挺烂，如果自认为水平可以还是建议自己带拍子来打）。推荐一片场地四至六人左右，订2小时，既可休息人均也不过25元。\n因场馆离家比较近，所以和朋友出来聚会一起订了好几次，整体感觉还行，但如果价格能便宜点就更好了~~~,0
10572,很久之前去过的，记住的还是环境的优雅，菜品不错，但没有印象深刻的了。20个字20个字20个字20个字20个字,1
25148,"黑色中带红色的装修很有质感,锅底可选的比较多,我们四个人分别选了麻辣、菌菇、去火和酸汤鱼，味道都不错！小料也很值，看似每人5元有点小贵，但是可以按照自己的口味随意添加多种酱料，还是挺不错的，而且这5元里面还包含糖蒜、炸花生米和泡菜，还是很不错的！鱼豆腐个头很小，不过还好量足够。虾滑很好吃！",1
38137,去七宝必吃的小吃，海棠花的模子里，一个一个的镶嵌着豆沙+猪油的海棠糕。现在涨价不说，还不好吃了，猪油变少了，还居然没化掉，因此豆沙馅就不够绵滑，外面的面粉也不够筋斗。爱。。。失望啊失望。,0
42432,他们家的双皮奶好吃，偶喜欢，而且不贵，要个甜品和朋友做那聊聊天也不错的，环境也还好，推荐红豆的双皮奶，甜甜滴，可以尝试,1
37529,"管理混乱的一家餐厅,点单后等一个小时也不见菜上来,期间催过3次,最后一次过来竟说电脑漏单了,如此的用餐哪还有心情,今后再也不会去了,真的很失望!",0
182,在转角处\n真的是贵呀~~\n而且设施也一般性，服务也一般，生意还那么的好，凭什么呀\n地段好吗是因为？？？\n偶尔玩玩还好，应该不会常去的,0
38782,中午没吃饭，下午正好路过日月光的美食广场，看到的人家桌上一个个大碗很好奇，凑过去看了一下是川菜一类的，颜色很有食欲，所以也想尝试一下~\n麻辣香锅蛮有特色的，食材是自己挑并且称分量的那种。我选了金针菇、鱼豆腐、腐竹、里脊肉。。。最后一共68块钱，店员不错还亲自帮我们端过来。\n香锅的色面很赞，有红有绿还有白（白的是芝麻啦~），看起来就食欲大开。吃起来口感不错，金针菇&腐竹最好吃，因为味道都烧进去了。其余的大概是半成品吧，味道一般般，不过还是很香地。\n给大家提个醒，如果有机会吃的话，一定要挑容易入味的东西，不然就吃不出香锅的浓郁的口感了。,0
13914,小桥流水 很新的一个仿古镇 去的时候人不多\n风和日丽 安安静静的一个小镇 悠哉的在这过过老年生活还是不错的\n虽说不能算真正的古镇 但是光是看看风景 散散心也挺好,0
36811,现在貌似搬家了吧，好久没去了都，记忆中的烧烤的味道真的是忘不掉，很少吃到放孜然的烧烤，这家的味道真的很好哎，夏天的时候烟雾缭绕，但是为了吃，忍了……,1
22153,环境很不错，不知道是不是去得早，每次都有座位，强烈推荐他家的干锅茄子，很不错。每次想吃茄子都会去这家的，哈哈哈哈。,1
44004,"哈, 今晚一家人母亲节去吃的, 很不错呀, 味道很好,大家吃的很欢, 它那里的蟹黄豆腐好吃呀!~ 赞一个哦, 价钱挺合理的, 重要是吃得开心嘛.哈哈!",1
757,美团上团的29元的2斤半的鱼。\n事先看过地图去的，一通好找，最后找到理想大厦北门，看外面的环境真的很差，小店的名字也不太显眼，差点就错过了，当时看到有些失望，主要是周围环境实在太差了。\n进去之后倒是给了我很大惊喜，里面装修很不错，风格我很喜欢，墙是彩绘过的，有几个书架把房间隔开，上面摆了很多猫啊鱼的小饰物，很漂亮。\n鱼味道不错，不太敢吃辣，要的是香辣口味微辣的，鱼很新鲜，不腻，里面的花生米很好吃；配菜点了青笋、水煮花生米和菜花的拼盘，还有一盘木耳，除了水煮花生米放在里面不太搭之外，别的配菜都挺好吃的。\n米饭有点贵，2元一碗，我们两个人吃了三碗，加上配菜一共花了22元，还给打了个95折。总体来说还不错。,1
26543,"吃过这里的烧烤,鸭子烤的很鲜嫩的.\n好象在当地很有名气,需要等待好一会.\n因为没有位子,等来鸭子,我和朋友就带着回去吃了.",1
18245,周末在苏州的最后一餐，想随便吃点小吃，看中了菜单上的炸酱面就进来了。\n面和饭都做得中规中矩，没有惊艳的感觉。\n飘香鸡有些像口水鸡，18块一盘，味道还行。\n招牌玉米羹也没有想象当中好喝，一般吧。,0
43915,炸粉与鸡排紧粘不会脱落，腌料未过头，店家挂保证未加嫩精，所以仍有新鲜鸡肉口感。听起来很基本的要求，但附近连锁的超级鸡车，鸡大排等店就是做不到......所以几经尝试比较后，公司同事点鸡排只点这家。\n饮料的老大杯1000cc，很给力的容量。有次同事请好心请我喝一杯，请我鉴定号称的“台湾古早味”？喝一口还真吓一跳......十几年没尝过这味了！就和当年放学路上小摊卖的，我最讨厌的那个过甜的红茶味一模一样！！！=______=bbbbb\n气得该同事发誓再也不请我喝饮料...... Orz 我真的刚好就不喜欢这一味嘛......\n喔对～后来有盒饭，不过只有蒲汇塘路那家分店可订。,0
33704,礼拜六晚上 在龙之梦不用等位 还有空位的饭店 估计很难找到了 这就是其中之一\n菜谱上云南菜很少 都是改良过的普通家常菜式\n点了20元一份的过桥米线\n上来一看 真的不值啊 碟子蛮多的 可惜里面放的菜有点坍台 不值这个价\n汤不够烫 蛋放进去很久才成型 而且蛋黄还是生的\n鸡汤味道吃起来还算可以 不过里面味精蛮多额 吃过之后很容易口干\n然后么桌子有点粘乎乎的 服务员么老是挡在空调前面自己吹空调 不给客人吹,0
11786,还行，室内大排档，冬天人多，夏天没有真正振兴街上的大排档受欢迎。\n串都一般，价格比露天的贵，比串姐客栈什么的便宜。营业到后半夜，去吃过几次，因为离家近。但如果不是因为近，不会特意过去吃。,0
20135,中午不用等位 直接进去了\n有段时间没吃釜山了 \n感觉菜单的内容少了很多\n点了牛舌 五花肉 辣炒年糕 香菇 土豆片 烤物都很赞\n不过失策滴点了个金枪鱼汤 太腥\n中午有88折优惠 不错~~~,0
41174,价格有点贵了，仙草的比较好吃。\n不过自从看了电视上曝光的这种酸奶里面加了很多增稠剂后，\n就不太敢吃了，偶尔来吃吃还行。,1
22473,肉酱饭真的……很好吃……哈哈~~~ 每次必点~~ \n披萨口味也很好，适合和bf一起去吃……\nbf知道我的口味 每次都会提前帮我点好~~~上菜还比较快  有几次我去了 饭快凉了~,1
23255,周末和朋友一起去吃。。。进了店门没有5个人的位置，希望他们加座位。。。结果那服务员傻的要死。。。带我们转来转去也不帮我们解决，后来通过经理才得以坐下。。。点菜时问他鱼多少大的。。他告诉我们3J左右，结果称下来3.9J。。。。我们说要在小点的告诉我们没有。。。让我们等会。。。2分钟后告诉我们你们就要了这条吧。。。不然要等很久。。。最后我们点了一个大锅排骨煲一个大锅鸡公堡，鸡公堡第一次上来是焦掉的。。。我们换了一次。。。排骨煲上来大概排骨就20块以内。。。绝对还是那种小的不能在小的。。。全部骨头的。。。而且排骨煲也是焦掉的。。。。。42块钱的1个的堡吃下去一点感觉都没有。。。可想而知东西多少少。。。而且小姐的态度非常非常的差。。。。让人非常不爽,0
13503,老公在这儿给我订的生日蛋糕，\n正方形的提拉米苏。\n生日帽生日蜡烛刀叉纸盘等一应俱全，\n提拉米苏也很好吃，\n蛋糕的嫩滑和冰淇淋的脆爽让我这个不爱吃蛋糕的人都赞不绝口。,1
31066,这是我们同事聚餐的常地。老板也已认识熟悉，去之前打个电话让他留个包房就行了。饭店在青浦朱家角，环境还可以门口有停车位。我们一般点的都是特色菜，油炸旁皮鱼，炝花生，周庄咸菜，百米虾，炒螺蛳，鱼头汤等，味道都是不错的而且价格也不贵，性价比较高。,0
37021,就是小时候喝的果冻啦，夏天狠爽口的，我们路过了，去了对面的永乐，放过了门口同样的摊位，特别过两条马路回到这里，因为老板夫妻看上去蛮和善的，感觉是下岗的，就帮一把\n里面放了白色的，据说是冰糖，咬了狠有颗粒感，我对路老师说以后甜品可以放磨过的冰糖,1
32594,公司请客，环境还行。因为是晚饭吃不了多少，没什么特别的菜式留下深刻影响，在北京呆久了，这家店的菜比其他店没有被北京化，不是那么咸，比较清淡。价格是比较小贵的。包间服务不错的。,1
9655,公司每年的体检都在这里了\n遇上个前台小姐，态度不冷不热的...\n各种体检项目都有\n感觉还是挺走马观花的\n空腹查血之后提供吃的\n所谓营养早餐就是——\n面包+鸡蛋+豆浆,0
32748,罗森便利店蛮小的，就是缴电费水费什么的还蛮方便的\n里面的东西不不多，随便吃点还是可以的，关东煮也不好吃，有时候早上来买感觉不是很新鲜，貌似隔夜的\n还有茶叶蛋也是的，蛋壳刨开里面的鸡蛋都有点硬硬的，明显是隔夜的\n服务态度也都蛮拽的，没什么微笑的，唯一合意的也就是中午的便当还可以，\n日式什锦拌饭是我常吃的，味道还算可以,0
31477,名字很不错，很好听的，上次也听朋友说过，感觉还不错，最后在网上也查过这个地方，环境很好，周末的时候没什么事就和朋友一起来这里玩，那时候也正是薰衣草盛开的时候，所以来这里的人也蛮多的，一进去就看到一大片的薰衣草，好漂亮，来这里的大多都是些情侣，也是呀！薰衣草代表浪漫，正适合情侣来的地方\n这个地方很大，空气清晰，环境优美，没事来这里散散心真的很不错……,1
252,感觉位置是蛮不错的~但是总觉得卓悦的东西都是摆得乱乱的~店铺也比较旧吧~但是细心慢慢淘~还是能淘到好东西的吧！,1
8443,万城店的服务很给力，预约的上周周末，去了以后服务员带我们落座，另外点了一个蓝莓山药，后面证明很成功啊，清新爽口\n烤鸭很足量，两盘满满的，鸭架打包带早回去研究一下怎么做比较好，鸭皮烤的十分酥脆，就着白糖感觉不错。我尤其喜欢绿豆面饼，杂粮健康嘛\n豆浆不仅免费，服务员加的也很及时，感觉不错，吃饭中间的小烧饼吃完了，服务员也及时添加了两个，总之这次的服务感受到了宾至如归的感觉，服务真的要赞一个。\n说其味道，烤鸭的味道实在不错，分量卖相口味都是一流，甜面酱不能太多，否则味道会太重了\n总之很喜欢这次体验，大家记得用餐的话办张会员卡每个菜都会便宜一些哦,1
6936,点了生煎和黄豆汤\n很好吃\n难得在外面也可以吃到熬了一定时间才出来的黄豆汤\n而且真的有排骨\n呵呵\n价钱也不贵\n喜欢\n看同事点的炒饭也不错的样子，下次去试试看\n生意很好的一家店,1
2206,不能刷卡，发票是手撕的那种，已经不能用了，不知道为啥店家还出，所以基本等于么发票，如果你坚持，她会到隔壁帮你开机控的。\n炸物多，烤类少，摔锅就在门口的小炉子上烤，那炉子还没哈密瓜的羊肉串炉子长。\n店面也是一个小啊，有半辣子还是搭在门口路面上，是一个电影里常见的拉面推车，有点意思。\n桌上的蘸料不错，但是这是在中国啊，不是霓虹，难保有人把串物反复下去蘸，所以叫服务员拿了新的单独的一碟，是上海怀旧辣酱油口味，喜欢，如果没有这堞酱油，估计这顿饭没有任何亮点。\n点了超辣拉面，上来的一看就不辣，结果服务员解释说，拿到厨房加点辣就好了，，真是无语啊，好歹你说换一碗嘛。。\n营业到半夜3点，夜宵的选择，也就随便哈77。。,0
2380,年初的时候在网上买的折扣票和朋友去泡的温泉，我们过去的时候是早上10点多，但是那里的人已经很多了，更衣箱已经快没有了，后来我们才发现有很多空柜子那里的服务员都不让我们用，说是已经有预留了，这点让我们很是气愤，我们只好被安排在其他较为简陋的地方更换衣服了。总体感觉不大好。,0
22637,喜欢卡布奇诺，点一杯坐下来，一边喝咖啡，一边上网，天南海北得任由自己的思维随便奔跑，挺舒服、挺放松的，要是有户外座就好了。,1
6062,终于独自去吃了一个！发现附近的小日餐真多啊！\n来了一套100元=两个菜+一份荞麦面（可冷可热）+一杯扎啤的，周末的话还可以更优惠。\n菜点的是天妇罗，猪肉青菜什锦沙拉（这名儿是我给起的，菜单是日语天书）。\n没去过日本，也无从和正宗的比较。第一次吃，觉得还好。大概凉面会更好吃吧！\n但这种优惠套餐，其实量也不小，我尽了最大努力，还是没吃完。\n去得比较早（不到18点），后来逐渐来了几桌，日本人、同胞都有。还有几个预订电话。看来生意还行啊！\n荞麦面是健康食品，下回带俺家那位三高人士去吃吃。,1
32264,名不符实，真的是很不好吃啊~~比起东北饺子不知道差哪去了。。\n还没有我家附近菜场旁的小店子做的好吃~~\n不推荐！！不如吃附近的卤肉卷~~,0
2185,没去过 但是在那里打桌球瞄了一眼 \n应该还是不错的 下回一定要去打一下 先给个好评吧\n价格也了解了一下还可以，就35元/小时,1
28386,东西越来越少了。以前的石锅拌饭挺多，也能吃饱，这次和老公去。我以为自己看错了。那石锅拌饭就锅的一半。越来越差劲了。物价上涨，什么都变少了。,0
16752,喜欢这里的家常菜，有种回忆童年的感觉。\n宫爆鸡丁真的很不错！推荐！\n鸭蛋黄焗玉米粒也好吃，而且量很大！\n还点了红烧日本豆腐，味道也很正宗。\n听说这里的焦溜丸子不错，打算下回来试试！,1
9148,这杯饮料喝得很气愤。\n前段日子，毕业回家办理签到事宜。\n走了弯路，兜了圈子，总算是办好了，\n坐车来华联这边逛逛，还没有吃饭，\n想先喝杯水。又不想喝瓶装水，想喝点饮品，\n这周围也就只有街客了。\n其实不太喜欢街客的，\n在成都就是，不过开在乐山也有些时间了，\n还是照顾下吧！前去观赏下。\n看看要喝点啥，大热天的，肯定得喝些冰爽的。\n看到有玉米汁，图片中拍摄得还挺诱人，\n4块的价格也不错，于是没问什么，\n直接叫唯一的一名女店员制作。\n货到手里，付钱，\n给了10块，可却只找了3块，\n我纳闷了，问道：“不是4块吗？”\n“一直是7块啊！”\n“那图片上写着4块的。”\n“那是小杯的，我们现在没有了，只有大杯的！”\n“那你这不就是欺骗顾客嘛，我是看到4块才买的，\n你卖7块不早告诉我，是7块谁买啊！”\n“我们现在都是7块大杯的！”\n“你就是应该先提前告诉我，4块钱的变成7块，你不坑人啊！”\n她没有很诚恳的解释，还爱理不理的，看得我很不爽。\n喝着那饮品，不停地咬吸管，\n味道其实一般般，就是粉粉冲调的，\n根本不是原汁打出来的，收我7块，过分，气愤！\n再也不会光顾它家，\n看来街客总的品质就逊，\n成都的反正我也不喜欢，味道没啥好的。\n上次春熙那家买的喝的，也是大杯，味道差，态度也不好，\n额，这就是街客的素质。\n还好一直说一直被模仿，从未被超越，好恶心的话！,0
26857,他们家的点心吃了几回都没留下特别的印象呢。大多数时候是冲着汤来的。\n部门聚餐来这里，点个四人套餐168，有汤有鱼有煲仔饭，还有两个菜。再送果盘。实惠，味道也好。\n今天喝的海底椰猪肺汤虽然也清澈馨香，但奇怪喝来比较像瘦肉汤。\n蒸红眉火候刚刚好。只是鱼身只有盘子三分之一大，卖相怪可怜的。\n“进口”腊味煲仔饭我一直不太能理解，加拿大腊肠是挺出名没错，可是就这么两片腊味薄薄的铺在面上，为啥就要卖88呢？一煲大概5碗，没有煲仔的香气，但有腊味的油。。。套餐还不如换成炒饭再加个青菜。。。\n贡丸杂菌煲，贡丸很脆，不是超市货色。放了胡椒的汤底也挺好喝。\n香芋烧肉煲，这个做得好，芋头粉糯，烧肉皮十分香口，肥而不腻，瘦而不柴，和上煲里香浓的酱汁。女生们也吃得起劲。\n装修很古代。加水不太及时，不过态度蛮好的，嫌空调冷可以让服务员拿披肩。,1
26306,这里的装修很好，貌似西餐厅的装修都是很不错的吧，这里相对比较安静，客人比较少，点的套餐，给的量很足啊，并不像大多数西餐厅那样，只有一点点。总之吃的不错,1
1303,非常郁闷的一次消费。买了一个嫩鸡柳，第一次给成卷，第二次去换还是给错，完全放弃了。就算是人多点，至于出这么多错么。又不是一大堆东西，就一件。服务员的培训是在不给力。这点人和K记M记的排队是在没法比。,0
10458,务有点乱，中午人手不够的样子。\n中午98元含税的套餐，内容是：色拉一份，三明治一份，咖啡或茶一份。\n咖啡很不错，三明治也好，色拉量太少，（98元在Wagas可以吃很大一份色拉加三明治啦。）\n上菜的次序好乱啊，先来了咖啡，然后来了牛肉汉堡，汉堡吃到一半，另外一份三明治来了，全部吃完以后，色拉到了。。。（牛肉汉堡很鲜啊，面包烤的恰到好处）\n冬天的时候来喝咖啡，78元，含一份饮料，一份蛋糕。实在是喜欢他们家的意大利咖啡，茶倒是太一般，就袋泡的，还没水准。茶具什么都不要期待啦，在人民广场看完电影，或者购物完毕歇脚的好去处。,0
25839,平时去吃汉堡比较少，\n一般喜欢麦乐鸡，\n做得很嫩，\n调料也很好吃。\n前段时间麦当劳出的饮料也很好喝，\n是液体和奶油混做，\n比较喜欢。,0
39966,"很庆幸南京有这样的面包店, 解决了我们的早餐问题. 价格跟质量来比, 是很公道的了. \n除了几种常吃的, 其他的随便试试, 一般也不会太失望.\n只有一款吐司 (忘了具体的名字, 只记得是方形的), 很让人不满意的是, 一打开口袋, 就能闻到奇怪的味道, 试了几次, 都是这样. 可能是包装袋的问题吧. 让人有点小伤心.\n作为面包店, 是我们的首选. 感觉甜点不是他们的强项, 不过随便吃吃也够了.",1
29436,新品“鲜奶红豆抹抹茶”：11元，杯子比5元的柳橙C还小；明明是热饮，给的却是塑封杯，用吸管喝第一口差点没烫死；搅拌了以后马上冷了很多，说明给前没有摇匀；味道一般，有点太甜了，吃到几颗赤豆，没尝出鲜奶的味道。\n柳橙C（热）：太酸了，吃了大概1/3，只能扔掉了。\n起士大亨：就是热狗肠面包啦，味道是不错，但要7.2，有点小贵。\n日式草莓泡芙：店长推荐款，外表挺吸引人；买回家第二天吃觉得味道。。。比较普通，而且里面的奶油有点腻。,0
4850,昨晚的喜酒\n门口停车很纠结的\n车子多\n车位少\n一切都是要靠抢的\n3楼的厅\n叫什么缘啊？\n我忘记了\n厅是长的\n这个很纠结\n坐在后面的客人完全看不到前面的情况\n就这样了吧\n菜色还算不错\n冷菜很多\n量比较少\n盆子大\n热菜彩色少\n量大\n肉类吃的不多\n龙虾吃了两块\n不敢多吃\n胆固醇高\n黑椒牛排上来的晚\n吃饱了\n吃了一小块\n常常味道\n那个翅羹。。。\n细数一下的话\n不超过5根鱼翅\n因为坐的是主桌\n所以是分好的\n其他桌似乎都是一大碗\n大家都没怎么吃得样子啊\n素菜我吃了好多好多\n减肥的娃口味都变了。。。\n突然觉得素菜好美味\n婚礼很简单\n据说酒水一桌180\n啤酒饮料畅饮\n1桌1瓶红酒\n黄酒就不知道算不算在里面了\n感觉还成吧\n还可以哒\n主要是新人幸福就好,0
7204,淘淘小东西还行，质量也就一般吧。会砍价去逛比较合适，估计能买到中意又便宜的。不过有些小东西确实还不错，没事逛着玩吧。,0
2078,电影院在新世界顶楼，环境不错，门口可以休息等待电影开场。票价一般贵，有半价，缺点就是不让自己选位，服务员选得位置太可怕。,1
1086,商务吃吃，朋友去不划算，一扎木瓜汁108块，一杯龙井茶25元啊！自己人没必要滴。\n    橙汁虾球，不错，酥脆酸甜，很爽口，虽然炸过，但是丝毫不油腻。\n    去骨鸭掌，味道很一般，粤菜风味，清淡得。\n    香辣膏蟹，还不错，味道正点的，就是太贵了，哎。\n    美极鸭舌，味道很正。\n    石锅鸡块，鸡肉比较嫩，里面有烧热的石头，但是器皿比较丑，一个很高的桶，看不见里面的内容，不知道店家怎么想的-。-还有就是分量有点少啦，味道一般。,1
9316,有乾清园，还有盛清缘……都是这种宫廷风，只是他家点菜要自己去一个地方，结账还要自己去一个地方……而且就连打包也是自己动手……她们家服务员真是有够幸福的,1
21474,店很大，不过没有什么新品，不过仔细淘，还是可以找到心仪的商品，就是号不是很全，如果你体型比较大众还可以，或者特别特殊的也可以找到，不过去一次实在不容易，面积又大，都逛下来太辛苦了。,0
23233,上周逛淮海路，正好到饭点，看到巴贝拉，想起以往的美好记忆，就进去了。照片上的蜗牛饭很吸引人，可惜上菜后才发现蜗牛实在没有几块，有点小遗憾。玉米浓汤还是不错。,0
10109,"便宜实惠的面包店，在现在这个吃个面包都要6,7快的时代，能找出个3,4块的真叫人惊艳。\n面包品种说不上多，有包装好的和现烤的两种。\n现烤面包里的丹麦红豆真不错，个头大大的，烤的一层一层的很酥软。\n其他面包蛋糕只能说是普通了，填饱肚子还行。\n他家最赞的还是老婆饼和蛋挞，老婆饼甜而不腻，酥软美味，蛋挞软软甜甜的，很不错。\n偶尔路过买一个老婆饼吃解解馋，很甜蜜、",1
13581,其实这家店就在家旁边，一直没有去吃过，后来去年下半年他家装修过了，就和老公、老妈去了一次，原来以为这家店应该不会贵的，但是，吃完后发现，其实还是蛮贵的。\n其实火锅基本上都没什么特色的，他家就是水果和饮料畅吃，不过品种不是很多，我们那次畅吃的水果只有橘子、西瓜，当然西瓜一拿出来就没有了，饮料有豆浆、冰爽茶、果汁……\n他家的锅底很给力，料很足锅也很大，如果胃口小的人，其实只要点个锅底就足够吃饱的了，我们点的是骨头锅，确实很多骨头啊，还有很多厚百叶皮，汤很浓……\n发现他们家装修过之后生意变好了，每天路过都能看到排队，和博山东路上那家的生意完全不能比的，果然大家都是冲着新鲜去的……,0
18126,就在门口，不过头一回去。挺好的一个地方，档次不低，就是不方便停车。粤菜为主，做得很精致，不过菜量偏小。厨师估计有点来头，刀工火候掌握得都不错。乳鸽、清蒸鲈鱼都是亮点。有人过生日还给上了一碗长寿面。据说扇贝值得一试，等下次再有机会吧。单间还算讲究，液晶电视，观景窗能看到大光明桥，外面繁华都市，屋里暖意融融。适合商务宴请，家庭聚会如果会点菜的话也不算太贵。不过好像一二层没看到有散座。,1
27324,由细细个果时就几中意八珍噶煎饺啦，广式生煎饺子，一直都觉得好好食，味道好岩我～\n以前成日望著距系度煎噶时候就流晒口水啦，不过，宜家就唔会好似细个果时甘去望著距煎啦.\n琴晚又去食左一次，7蚊一份噶鲜肉煎饺，其实里面系有韭菜噶，记得以前食系有姜噶，琴晚竟然食唔到姜噶味道喔，不过，始终都系好中意，大概系因为我本身好中意广式饺子吧。\n我个f仲叫左个紫菜汤，3蚊，都几大碗下，吓亲我个f，不过，我觉得，紫菜呢样野甘平，大碗d都应该啦～,1
24638,还记得当年的八月十五就是在这过的。\n还去外面的超市买了元宵煮过来吃。\n挺有纪念意义的地方。呷哺呷哺就是那个样子啦。\n馋了就过来。,1
22020,5.1在扬州玩，早上喝早茶的几家店都爆满，转到共和春来，离瘦西湖也近，吃好正好逛过去。人也好多的，我们等位占位点单付款拿吃的，忙活了一阵，终于大家可以开吃啦～～。我倒很想尝尝虾籽馄饨，不晓得是啥东西？味道还可以，比较鲜咸，汤水是酱油色，量很多，馄饨个头也比上海小馄饨大2倍。他们走的是豪放路线，上海讲究的是小家碧玉，精致。其它的三丁包，蒸饺的馅料偏甜，还可以。 汤包汤汁多的，肉也多，也不错。虾籽饺面就是虾籽馄饨和面条下在一起，我觉得没有虾籽馄饨好吃哦。大煮干丝不喜欢这个底汤，油味怪怪的，上面的干丝还可以，豆制品嘛。这家店还可以，扬州当地人来吃的比较多，选择这里还是对的喽，呵呵～～,0
6606,"最近一次来海淀医院,还是非典那一年.谁让自己那会儿发烧了呢. 进来换成隔离服,弄得挺恐怖的,最后也就是开了2和消炎药而已.",0
13453,我是真的很喜欢这家店啊！不知道为什么有人评价这么差。可能真是口味的差别吧。我还极力给同学推荐这家店呢！巨喜欢他家的口味，各方面都相当合我意。量也不小，服务也好。每次去皂君庙法雅的时候我都来这吃，没有一次失望的。总之我是各种喜欢。以后肯定还回来~,1
24284,还不错。里面的牛舌很嫩。私以为比权金城或者长白山之类的店要嫩。其他的肉觉得和别的韩国料理没什么大区别。石锅拌饭就中规中矩和别的店也没什么大区别。以前的新鲜劲过了也就没什么特别心水了。年糕味道还行。韩国烧烤基本觉得没什么大同小异的。只是在我小学的时候就开了。到现在生意还不错。应该算是家存活很久的店了。在家附近有亲切感阿。就是觉得喝完啤酒大声喧哗的大叔还是蛮多的。。,1
28537,苏州老字号的店了，\n糕团的鼻祖了，小时候妈妈带我来的时候就会一直到这里买双酿团给我吃，\n现在不知道还能找到小时候的记忆吗？,0
13835,本来走进这家饭店还觉得环境挺不错的，一间间的包厢风格很不错，档次也高。\n菜倒是不错的，味道也烧得挺有水准，小鲍鱼、牛舌什么的都很入味。可是真的很贵，2个卤水拼盘要156元，两桌酒席下来用了6800多。菜价贵倒也算了，毕竟是自己人点的，既然选择了这里就愿意承担贵的菜价也不好说什么。\n可是有 一点是让我非常反感的，就是这家人家完全是在抢钱啊。大麦茶八块钱一个人，雪碧椰奶12块钱一听，这倒也算了，毕竟人家这里也算是高档次的地方，可是服务员的做法就简直是在明抢了——\n点酒水的时候让她先拿个5、6听椰奶雪碧过来，然后服务员拿来了，放在旁边的小桌子上，也不管到底几个客人要救蹭蹭蹭全开了，这也算了，反正一开始总是人手一听饮料的。等吃到当中的时候，要加饮料了于是让服务员再拿个几听来，放着我们要的自己拿，一般其他饭店的服务员就会问下客人要开几听、或者放在桌子上，没开的等下还可以退掉，可是这名服务员蹭蹭蹭又全开了，于是反正开了也就喝吧，虽然已经有几听开着没人喝了。等吃饭到将近尾声了，那个女服务员看看一些客人的杯子里差不多喝完了，又蹭蹭蹭开了剩下的几听饮料，我连忙跑过去跟她说还有几听不要开了她才罢休！——拜托，客人们都准备走了你还开什么饮料啊？而且难道你拿几听过来就要开几听我们就要喝几听饮料？！难道我喝不完的你还准备给我带回去洗澡啊？！真不知道是这名女服务员的服务态度太“好”、太“主动”了，还是这家酒店做服务员培训的时候灌输“一旦看见客人的饮料酒水没了就开反正他们多喝我们多赚钱”。\n反正我是再也不会去那里了，印象分完全负值。,0
37533,喜欢去这，每次逛街都要去的一个地方，喜欢运动的我，喜欢阿迪，环境很好，店员的服务态度也是非常的不错，样子也很多！可以让顾客慢慢选择！,1
36112,1号线苹果园站出来就是 很明显的位置 一共两层 一层点餐 环境都大同小异吧 只是偶尔会去 虽然住得很近 没什么特别感觉 要是来这边逛街的话可以坐进来休息下 本身这边吃饭的地方不多 都是小摊贩 能有这样的地方确实不错~,1
20871,这家店在上海也很有名气，尤其小吃。不过昨晚去吃了一下简直让我吓一跳，冷冷请清的店堂与隔壁小杨生煎的生意有个鲜明对比。我自认为小杨生煎的牛肉粉丝汤难吃都是咖喱粉没想到沈大成的粉丝汤竟更变本加利，简直不能吃。汤是温的连里面的粉丝都是又烂又糊怎么让人吃吗？生意忙来不及还情由可原，客人都寥寥无几还做出这样的出品简直怀疑能生存多久。,0
27219,避风塘吃多了，到这里来换个口味。\n菜味道还过得去，不过小孩不喜欢这里的口味，没吃多少。\n本来给个中评是至少的，但从买单开始就不爽了。\n菜虽然点得多了一点，但人均100元显得偏贵了，这也无所谓。\n买单说不能用信用卡，感觉不太舒服，这也无所谓。\n发票说只能打个人的，有点奇怪，这也无所谓。\n吃了700多，拿来的发票是2600的，仔细一看居然是别人家的发票，这就很有所谓了。\n懒得跟他们搞，下次是不会再来了。,0
29484,顺路的时候，会要两根微辣的鸭脖子。\n微咸，口感还不错，肉质很紧实。\n微辣的，我不太吃辣椒的人也能接受。\n夏天吃很舒服，配上可乐！,0
5775,无论如何我都无法喜欢红高粱，虽然味道不差服务也不算差环境还是不算差。但它哪点特别好呢？我没看出来，成都能平价吃海鲜的地方也远远不止这里啊。被烟头烫坏的桌布，有着大块污渍而不更换的椅套，点了菜半天半天上不齐。。。。对它的印象我就记得这些,0
42181,毕业之前，一班人在这玩杀人游戏，大家资金都有些紧张，就着大盘鸡里的面条吃米饭，仍然是那么开心。突然想起一句话，再多***的时候，也比不上与你一起***的日子,0
31764,早就闻名了~~~\n这次特意去逛逛~~~\n卖东西的阿姨，很健谈，也很强！！！\n跟一个老外交流起来，相当流利~~~\n买了喜欢的T，还和阿姨合了影，下次有机会再去光顾,1
27770,其实是挺好吃的一家店，但是可能由于地理位置较偏，晚饭时间人也不是很多。\n主打海鲜的一家火锅店，但是其他菜品也都很不错，价格也不贵。\n滑类组合36，有墨鱼滑、牛肉滑和虾滑。\n墨鱼滑和牛肉滑比较好吃，牛肉滑很劲道，咬下去很得劲~哈哈\n炸豆皮也很好吃，而且才5元，价廉物美！肥牛特价，12/份，但是质量真的没有打折。\n自助调料吧5/位，水果有苹果，橙子和樱桃番茄。调料的味道也都不错。\n现在满100还送锅底券，下次可以使用。,1
42406,居然忘了评这家店啦……\n好像开在大运村有三四年了，刚出的时候很感兴趣，去那吃饭还得了张集点卡，好像是够十次送一次吧。味道很清淡，汤粉就不必说啦，如果是拌粉还会送一碗汤，自个选择用来做成汤味还是当汤喝~因为本人喜辣，后来就没怎么去他家了。上个月去把团购的券吃了，味道中规中矩吧。\n不过他家给人的感觉很干净，如果好清淡口的可以去他家试试~,0
32370,很幸运的抽中了摄影体验，今天带着宝宝前去探个究竟。\n先是客服人员很客气的打电话来约时间，很好商量的约好了时间，就是今天，正好有空，然后去之前他们又和我确认了下时间，又改了个很配合我的时间，真的是以人为本。\n早上和宝宝兴高采烈的去了，但是没想到不给力的宝宝一到那里就睡着了。工作人员没有很恼怒，反而一直劝说我们让宝宝多睡一会儿，弄得我们到很不好意思。\nPS下，要说明下，其实这个地址很好找，地铁一号线莘庄站南广场下楼左转看到的小区就是，往里走以后很好找，远远就可以看到乖乖精致儿童摄影的招牌，问门口的保安也可以，他们都很热情。\n趁着宝宝睡觉的时间，工作人员让我们先挑主题。看到很多主题外面都有，一问才知道外面很多摄影店的衣服什么都是他们这里买的。他们的服装和主题都是原创哦，衣服是自己做的呢。原创的当然就更好点拉。而且他们的主题非常多，款式都新颖很时尚，看的我每一套都想给宝宝拍。他们会给你实质性的建议，比如宝宝什么时候拍哪套会比较好。\n后来实在不好意思我们就把宝宝叫醒了，我们的宝宝还小，就到了2楼，3楼是大宝宝拍摄的地方。换了鞋子进去后，摄影师很慷慨的拿出很多玩具给宝宝选。我觉得他们蛮有针对性的，因为会根据宝宝的喜好来做调整。比如摄影师拿了很多毛绒玩具给宝宝，但是得知不喜欢之后马上就根据宝宝的爱好给了宝宝喜欢的玩具。这点我觉得应该赞赏，因为宝宝小，不可能按照你大人的意愿来做的。以前在因爱摄影拍照片的时候，他们就根本不会顾及到宝宝，完全按照他们的步骤，宝宝一套衣服拍下来以后非常的累，让别人看的都不忍心。\n但是乖乖精致儿童摄影就不会。我家宝宝害怕坐在沙滩椅上面，他们为了效果试图让宝宝坐上去，但是宝宝一坐马上就哭，于是只好放弃，没有强求。唯一有个小小的缺点，是针对小宝宝的哦。就是宝宝摄影在边上逗宝宝的那个JJ有点小小的弱，也有可能是我们宝宝有点认生了，所以笑的不是很厉害。,1
15038,去年还在学历史 老师推荐的地方 说能淘到好多写论文有用的旧书  随便逛逛还挺有古色古香的气息 不光有书 主要是古董 还有杂七杂八的生活用品们 听亲民的一个市场 做三百就能到 三环上很方便,0
30152,百度有几家分店，这次换了一家试试，不过都差不多，布置、服务都一般般，感觉除了那张纸就没什么吸引人的地方了，价格还那么贵。,0
9539,刚开张时去过一回，后来陪朋友新女朋友也去过一回，很贵，效果一般，经常订不到小房，几个人没办法就只有中包间，这样下来收费就更贵，点的茶水也是分两不多。每次加水都很烫，就不能搞个大壶装么？谁唱歌不口渴的阿。。。一般不去，收费太高。,0
22975,因为之前饿了一天，所以慰劳自己，去吃的放题。。。\n结果。。。哎。。。\n刺身除了三文鱼，感觉都不咋滴。。。\n天妇罗一般。。太油啦。。。\n烤物。。很咸很咸。。。而且又老。。。\n饮料也没什么可选择的。。。\n完全没吃回本啊。。。\n怪不得没什么人。。。,0
4984,好久没吃必胜客，说实话价格是有点小贵，难版一次还是可以滴，今天还是朋友硬说要吃才去的，依旧还是这么多人排队，做外面不用等位，我们就选择露天了哈哈，印象中薯格很好吃的说，但是这次去吃和以前的感觉不一样了，不知道为什么！,1
15478,朋友聚会可以去去，旁边就是羽毛球馆，打打羽毛球，之后可以在这吃个简餐，味道一般，不过环境还不错。如果人多的话，可以定个包间还是不错的（最低消费200）。煲仔饭据说要等30分钟\n包间有自动麻将桌,1
40417,3个人一起去吃的。有55和68/位的自助烧烤，我们点的是68的，2小时内可以续点菜。\n开始还行，就是续菜上的比较慢。而且比较乱，分不清。有时候一个盘子里面5-6种，还有的是蔬菜经常跟肉类混一起。\n周末人比较多，需要排队。是电烤的，不是炭火。,0
19823,以前都不知道这家店，后来是好朋友的男朋友每次带给我们吃的，味道相当好！比较符合我的口味吧！闻起来很香甜，可是第一次给妈妈吃的时候，我妈居然来一句面包糊了吧！╮(╯▽╰)╭哭笑不得！我说是咖啡的味道啊！\n面包吃起来口感很软，里面的夹心一会甜一会咸，总之很喜欢吃啦！O(∩_∩)O哈哈~！,1
10115,我觉得那个印度师傅在当地也就是普通的厨师，跑到重庆来开了个馆子，印度菜的确味道不怎么样，我吃过的那几家印度菜，虽然名气要大点，但是味道的确是很好，象龙湖那边的春蕉满圆，我觉得要做你就做正宗吗，要不做就不要做了,0
42719,第一次来呢，环境挺好的，刚看菜单有回锅肉还有很多荤菜，以\n为骗人的呢，后来才知道那些都是素食，味道真的挺不错的，价格也不贵。,1
27024,快餐式餐饮，一般上班中午都不回家吃饭，所以经常去，一来是快捷方便，不用等待，二来是比那些街边小吃卫生些，至少感觉有保障，不至于吃坏肚子。价额最近是持续上涨，几乎1~2个月就涨一次，一次几涨1元，而且这家店给的分量特别少，比其他店明显少很多，不知道他们是不是觉得自己地处解放碑中心地带，不担心没顾客还是什么。还有个问题就是饭菜种类有限，不怎么出新菜式。,0
37970,同同事食完饭去噶，感觉空气还是可以的，但是布置得系一般般啦，个人其实无乜感觉噶，哈哈，不过觉得系繁忙噶都市里边 ，仲系可以作为休息噶好场所噶,0
6628,之前吃过几次，都忘了点的是什么，前几天又去了一次，赶紧点评下。\n烤五花肉：这是我吃傣味的必点菜，喜欢肉烤的香香的沾上酸的料，不油腻，很开胃；\n酸笋炒牛肉：不好吃，酸笋太多，牛肉太老；\n白参煎蛋：一个字，油；\n西红柿炒水蕨菜：没味，可能还是豆豉炒了好吃；\n杂菜汤：还行，第一次吃到煮出来的空心菜，还蛮甘甜的。\n总之这里不贵，也很好找，偶尔会去。,0
6437,因为有★饭★统★网★预定了所以78折，这个价吃火锅也算值了，更何况这个火锅味道很好~  特别是调料特别喜欢~~吃过几家调料特别差劲的店知道终于知道了调料的重要性！！！\n他们家的清汤涮蔬菜也特别好吃，有种别样的清香。,1
41847,包子和望京店的不太一样，没那么香。价格好像比那家的便宜一些。但是金源店的东北大拉皮太难吃了，就是粉条做的，根本不是东北拉皮。觉得这家店做得越来越不好吃了。,0
20389,步行街上这家店算人少的，非常好，可以暂时休息会。\n休息小憩是不错的，但是选择正式午餐或者晚餐会有点失望的。油炸的太油，红烧的不够味，只有饮料和冰沙\n系列还不错。,1
40050,星巴克分店里算是光顾频率最多的一家了，经常就是点了一杯咖啡和朋友闲聊一个下午，有时坐在靠窗的位置，阳光直射进来的感觉真是美！\n周末的人比较多，经常坐满。,1
8037,就在中建的两楼，中午的时候和同事一起去吃工作餐，怎么说呢。说句公道话，菜的味道还是不错的，中规中矩的，但是服务真是……没话说，要加菜看菜单，结果把买单用的收条拿来了两次，也不知道他们是怎么想的，菜吃完了盘子不知道收，导致后面的菜都没地方放了，让拿下去换小蝶的菜居然直接倒掉，再也不见踪影了。真是无敌了。推荐牛肉青菜什么的，还有一个老豆腐煲，还有双色鱼头不错的。,0
24668,因为从小住在新街口附近，从出生到上学再至结婚生子都住在这里，所以对这附近的几家医院都较熟悉。\n北大、人民、积水潭这三家都是三甲医院医保定点。\n北大也是有病会常来的医院，无论是自己还是家人孩子特别是儿科很信赖这里。\n里边的环境和各科室的位置都很熟悉了。\n原来家里的亲戚就是这家医院的骨科医生，母亲80岁左右股骨颈骨折，\n因心脏有问题积水潭要求保守治疗，\n那样也许就不能走路了。后来还是在北大、亲戚和她老师的亲自主刀给做的手术，\n换了个不锈钢的轴儿，康复后自己走路一点问题都没有直至96岁去世一直没再换过。\n也很可惜亲戚50岁因脑瘤英年早逝。\n总之这家医院的医生还都很认真的。\n现在自己搬家了但是有病还会来这里的。\n好像在医院的北边（紧挨着）原来停车的一片地方，又在盖楼呢，可能是医院扩大面积吧。,1
18454,服务相当的差，服务员整体素质都不高，点个菜喊了4遍服务员才来，都是爱搭不理的，而且吃完饭不给发票，真差！,0
12641,基本上中午来这儿吃的都是欧尚的员工，因为欧尚的饭卡这边也好刷的，所以中午饭点的人很多，人一多，服务就跟不上了，上次一起培训的17个人分2桌在这边吃，上菜的速度跟旁边的品位没法比，等菜等半天，上来是一个一个的慢慢上，大家饿了，上来一个消灭一个，那个可怜啊……\n不过它的菜价还是很实惠的，赛螃蟹很有特色，配上醋，真的有类似螃蟹的鲜味，应该就是蛋白蛋黄做的吧。还有大盘鸡，不是新疆的那种，鸡肉没几块，但是土豆很入味，很好吃，比较下饭的一道菜。八宝辣酱是偏甜的，完全没有辣味，就是没有辣味的宫保鸡丁上面放几个虾仁。。。回锅肉味道不错，配菜是大量的包菜，很好吃，后来点过一个手撕包菜，感觉2个菜很象的。。。\n地方也比较小，外面大点的桌子只有2个，有个包房，里面的小桌子可以拼拼，也能坐8个人。人一多就会感觉拥挤。还是两三个人去吃比较好。,1
13238,差！专程过去，吃得非常恶心，怀疑写好吃的都是托！环境差到爆不说，味道完全对不起价钱，是深圳吃的最差的了！问我吃了些什么？五蛇﹡、糯米饭、龟苓膏,0
28583,如果不想被谩骂轰赶，就别去这里了，性价比低不说，东西都是没有的，服务更是从所未见过的低劣！里面的老板和伙计都和神一样的，要喝什么没有，要吃什么没有，不点东西要看脸色的，要关店了就把客人推出去，还振振有辞，我是老板不想做生意就不做，简直太没素质了，开着店客人来消费，就应该享受到应有的服务，而不是谩骂或者恐吓。这鬼地方再也不会去了。,0
37629,10月7日长假的最后一天去了崇明一日游，提前两天在驴妈妈的网上查了价格，会比当场购门票便宜15元/张，就订了5张门票，举家前往。到达一号门处换票都很方便，顺利进园。就是停车的时候，里面没有人指挥，要自己找车位，不是一目了然。 \n   公园里面很大，所以我和LG借了辆双人车，在树木森林里飞驰，阵阵清风拂过脸颊，非常惬意和舒服。本来想去滑草，算是里面的特色。不过看了活动区域不是很大，而且门口检票的说很累的，是体力活，有点像滑雪的装备和架势。刚好这天太阳有点火辣，30分钟30元的确会有些累的。后来就去开了卡丁车，20元一圈，50元三圈，还挺好玩的，一圈不过瘾呢。 \n   在靠近2号门的花溪景区，一边是波光粼粼的湖面，一边是绿草中的羊群，只有我们几个人身在其中，非常的安静。难得在假期里能有一块远离喧嚣的室外景区。 \n   在里面转了2个小时左右，其实还意犹未尽。就是比较远，以后有机会可能还会光顾吧。离森林公园边上有个薰衣草公园，感觉也不错，下次考虑一下吧。,1
31455,同事的婚礼在这里办，菜中规中矩，么有特别的不好，也没有特别的影响，冷菜很一般，热菜相对好点，有一个鲍参羹只记得酱油味很重，绿宝石厅的整个场面还是非常不错的，呵呵现在结婚规模都越办越大了,0
17778,老实说没有什么菜给我深刻印象。金线油塔的做工的确不错，很精致，口感只能说一般。肉加馍上来的时候不热，是温的，实在不怎么好吃，可能和饮食习惯也有关吧——这个馍，真的不好吃，甚至可以说难吃。,0
43694,钱柜的环境一直挺好的，不愧是大店家。\n静安寺这家也一样，包房干净，音响效果什么都一级棒。\n周边环境也可以，走一段路就是静安寺了，吃东西买东西什么的都很方便。,1
15428,大长今一直跟我说上地的江边城外烤鱼不是一般的美味，我每次去，人都暴多，实在是懒得等，今天爷准备跟这死磕了，一进门，还有店家跟大众点评合作的大海报，告知消费者可以积分之类的~跟媳妇拿了个号，15，刚叫到4号，前面还有那么多呢~没事，等着吧~跟休息的地方嗑瓜子，他家的模式还是挺像海底捞的，等位的有茶喝，有瓜子吃，可以上网，比较人性化的是：能先把鱼点了，这样有座位之后，鱼就不用怎么等了~先把鱼给点了~2斤半的清江鱼，就是那个基本上没刺的，48元一斤~另外要的4种配菜~木耳，土豆条、油豆皮，青笋~\n  等了将近1个小时，终于等到了~点了小葱拌豆腐，还有一个甜口的凉菜，类似凉粉，好像蜂蜜的感觉~唯一不足的是：泡饼的饼不是很好吃，不酥脆，也不热，感觉有点败笔~\n  我们要的是鱼香口味的~酸甜口~相当的好吃啊~菜也很好吃，我直呼惊艳，忍不住给大长今打电话反馈意见呢~真是没白等，他家的服务也很好，起码态度很好，饮料上来会主动给你倒，餐盘也及时更新~赞~下次来尝尝别的口味~大众卡可积分~不要发票送饮料，这个就不评价了~,1
26549,离家近 东西很全 地方很大 基本上装修用的东西这里都能买到 有些价格很便宜 但有些也需要仔细比较 还不错吧 性价比比较高,1
32057,实在没什么吃的 来吃了碗面 口味私以为没那么好 可能不是点的招牌面 不过服务员态度真是差 好像就她一个在忙 所以脾气有点大- -,0
24098,来喝新品的，那个桃花真心不好喝，不算是花茶也不是咖啡，味道怪怪的。不过这家还有太妃榛果拿铁，好多店已经没有了，开心记~哈哈。这里位子很抢手，一进门就木有位子，门口也坐满了，也罢也罢，拿手里边逛边喝~,1
41600,4月10回忆篇~~~\n去久光领好小样，回来路过愚园路，人生前15年的驻扎之地啊，每每路过总是回忆涟涟。\n这家奶茶店以前没有的，去年年底时才刚开出来，每次都因为乘在公交车上而未来光临，这次总算是来了。\n小小的店面，因为这条路的幽静关系，显得有些冷清，就老板娘和一个打工妹在。\n店内所售的都是现做的，有咖啡、精品奶茶、浪漫花茶、极品茶饮、特调口感、思乐冰等系列，看上去似乎没啥特别之处。\n墙上的广告上写着三个优惠活动，有时间限制：\n一.下午两点~五点买10元以上的饮品即送美式咖啡或精品奶茶一杯。\n二.晚上六点后，凡买大杯饮品即可免费加料，任选一款：布丁、珍珠、蒟蒻、黑砖、红豆。\n三.全天购买任何饮品免费赠送小饼干。\n看看时间，只有十二点多，算了，也8指望享受第一第二个优惠了，随便买杯喜欢的饮品好了。\n老板娘向我推荐了它家的特色饮品——云顶奶茶，7元。\n抱着好奇的想法，P484就买了杯尝尝。\n等成品放在我眼前时才明了所谓的“云顶”其实就是鲜奶油啦。\n下面是乌龙奶茶，上面是鲜奶油，再撒上一撮可可粉，造型就这么OK了。\n一直很喜欢奶油的说，这次算是意外的收获吧。\n鲜奶油的味道淡甜，和蛋糕上的一样。量也不少，吃着好过瘾呀。\n奶茶的话味道就一般了，没什么出挑之处，随便喝喝了。\n照惯例送了我两片小曲奇饼干，样子和口感都不咋地，和超市五、六元/斤的低挡曲奇一个味，粗口不细腻。\n这次路过尝过也就可以了，以后不会再挂记了。,0
6456,点了一个芒果杏仁暴风雪，味道一级棒！\n但是，在那里等得时候，竟然，有一只...红头苍蝇飞到我的身上！！！\n哎，真.......\n希望以后能够改进！,1
14225,今天终于去到了古德寺，地方还算好找，只是比较隐蔽而已。人不多，象征性的收了5元门票，看到了不一样的建筑风格和佛像风格很值得。在这里拍一些异域风的写真真是不错的选择，好像是来到了东南亚的佛寺一样。这里的义工们也很和善，能跟你聊一些寺院的历史。来的大多是慕名探寻的年轻人，连我父母这样的老武汉都不怎么知道这地方。想想05年我就知道并推荐给媒体，真是感慨良多。,1
13493,他家就在大路边儿，占了两层楼，店招做得很是高大，占了二楼到屋顶的全部面街墙面，不容走过路过的人错过~\n他家的主推就是莜麦面食，其中又分为窝窝、面条和鱼鱼儿，窝窝因为最费手工，所以最贵——9块一笼。\n主食之外，一楼入口左侧的一片区域是点菜区，大部分是卤菜、炖菜和凉拌菜，负责点餐的店员面对着炖菜区列队，等着食客前来点餐。\n炖菜都是坐在炉上的一口口大锅里，看了一遍，似无一能挑引起俺欲望的，就试了他家的莜面窝窝、凉拌青笋丝儿和卤老豆腐。\n他家的窝窝的确赞，密密垛在笼屉里，整体看很象是一板放大了的蜂窝呢，相当的精致，甚至有韵律感；入口质地细软，如果没在莜面里掺面粉，获得如此口感的确很赞了。与莜面相配的醮水分三种：羊肉汤、猪肉汤和素汤。俺试了羊肉汤。其实此汤不如叫羊油汤更贴切些，汤面看得出有一层不薄的羊油，俺拽了一“窝”醮着试了一口，羊味儿浓重呵~ 汤里有不少羊油渣，还有几许粗土豆丝儿和一两条鲜蘑丝儿，并无羊肉。还是净吃窝窝更能享受到莜面麦香。\n之所以点食卤老豆腐，是因为看见其卤炖锅内的主料竟是两条鲤鱼！很奇特呵~ 因为不吃鲤鱼，所以只好吃豆腐~  老豆腐本身的质素还是相当好的，可惜有股很重的腥味，不过好久没吃上这么好素质的豆腐，俺还是克服了鱼腥坚决地吃尽了豆腐~~\n凉拌青笋丝儿粉不错：甜酸主味儿，还掺了不少芥辣，最好的是拌之前过过冰水，所以入口时带着夏日里绝对讨人喜欢的凉爽劲，加上微冲的芥辣，很有激醒作用——醒神醒胃哦~\n午饭点上他家人气还是很旺的，一楼满座，二楼也坐了二成客。因为二楼光线明亮，人也少，看起来比一楼的环境要清爽些——与俺们地界儿讲究点儿的排档类同。\n服务嘛，北方人硬朗粗放，能够满足吃饭过程中的各项功能即OK了，不能要求过多哈~,0
24038,和敬业一样也有晨练班，6点半到8点，一个半小时10元，但是斜桥的场子明显比敬业大多了，当然人也不少，斜桥还能跳水，当然是从岸上跳，在敬业这是绝对被禁止的，现在暑假学生很多，基本上每场都爆满，斜桥的水好像是一周一换的，碰到最后一天这个水是“黄”的，带着游泳眼镜水下能见度低得很。当然要求也不能很高，毕竟在市区，这两家算是便宜了。\n日场成人 15元/小时 16点到17点同样是游泳班，夜场成人18元/小时，30元/2小时 同样9点关门。\n值得注意的是这里游泳是按每个整点进场的，因为按小时算方便管理，所以去的时候要注意时间安排！\n游泳帽不是强制带的。,0
4629,和朋友一起来这吃炖鱼，呵呵，顺便喝了些白酒，环境不错，鱼做的还是不错，草鱼，刺有点多，我最爱吃这的藕片，吃了两份，很不错哦，挺高兴的，总之！\n这里顶包间不好定，呵呵，提前订,1
3288,在西南村算是价格稍高的，量不是很大。但他家冷面和石锅拌饭算是比较好吃的了，觉得算是南大韩国料理里比较真正宗的一家了。,1
19753,这里排队的人真的很多很多，不明白为什么这么多人，估计上海人都喜欢噶闹猛，人多的地方东西肯定好吃吧。\n买过一次，排队很久，不过东西还是不错，没有坏的，每一个都是好的，趁热吃，栗子蛮香额～,0
29466,"一个人去食下午茶,太肚饿啦.挪起支笔系甘画!!!\n1.鳗鱼饭.鳗鱼汁好多.海草都好多.鳗鱼就好少啦.得3够..不过因为多汁.所以都系食得晒嘅.\n2.D1蚊寿司嘅玉米沙拉啊,蟹子沙拉啊等等,真系唔好点啊.简直系沙拉酱捞饭啊.\n3.点左几件三文鱼,除左够厚够大件之外,其实都唔系好新鲜. 不过你话食都系食得嘅.\n4.其他拉拉杂杂,都不过不失.",0
24595,NIKE的独立店 弄了还是不错的 亲爱的买的鞋子基本也都是NIKE的 话说觉得除非是很贵的 一般价格的做工没有想象中的那么细致,0
522,小区里新开没多久的店，路过几次都是人，昨天人少去试了一下，老板介绍鸡排，果然不一样，个人觉得要比豪大的好吃，相比之下，豪大鸡排的面粉加太多了，老板娘似乎是台湾人，很会招呼，蛮热情的。,1
13017,最近参加了很多婚礼，这次是婚礼包桌，具体的菜名不太清楚了，给我印象较深的菜，一个是青菜拌花生酸甜口的，很清爽。炖肘子，很烂，很香。还有个海参和西兰花炒在一起的菜，很好吃。菜比较多，其他的没什么印象了。总体来说不错哦。大家推荐的烤鸭、蓝莓山药等等经典菜式好像都没有，小遗憾了下。\n上菜速度很快，服务还是蛮周到的，大盘菜吃剩下一半马上换小盘，不错。,1
32849,就是那种港式茶餐厅吧，人还总不少。去了两次都点不出东西来，有点小贵不说，东西看着不太有食欲，环境也很一般。\n可能总有上班族填个肚子啥的。,0
43034,记得是和爸爸妈妈放假的时候一起去的~~就是无月份吧~天气不错~我们想去近郊走走就来了东放绿洲~还可以逛逛地球村，傍晚吃好饭还可以借自行车，三人的那种~体验亲子游，又是近郊游我觉得来东方绿洲很适合嗒,0
4226,带着朋友风风火火来到了传说中的海底涝.门口有转人带进电梯.进到店里真是感觉到了火锅的氛围了.人真多! 拿了个2号 徘队排了半个小时 最后一问把我的号给搞错了 ! 有点小郁闷.可能是太忙了 也直的体谅! 点了个鸳鸯锅. 口味还行..还有自住的调料小菜真好. 特别推荐下 ~!! 我门坐的靠里面的..服务员真是热情啊..又是倒茶又是拿热毛巾的..都有点受宠弱惊的感觉了~!特别是有个女孩.好象是叫曹蒙的吧~!!!! 还帮忙涮菜.直的表扬~! 朋友聚会 以后还会来这的 看服务也得来啊,1
33990,这个也有点评。。。还不错哦！家人来上海看世博会拍了很多照片，去那边冲洗的，效果还不错服务也很好，下次还会光顾，就是价格有点小贵，，如果能优惠点就更好了。。。。。。。。。,1
12834,点了羊肉汤包，上来以后发现真小呀，可惜了那个屉，用那么大的干嘛呀？浪费！！一点儿汤都没有，而且也没有馅儿，相当难吃，值十块钱一屉吗？怎么能做得这么差劲！！,0
41781,每次看到这家店前排到马路中央的大队就头大，一直想吃一直没有耐心。婆婆来济南看我们，心想怎么也得搞点特色让她老人家尝尝，于是趁着点菜等菜的功夫去排队了，还好，等了一锅就轮到俺了，香喷喷的大包子，只是没想到这么大，买多了...等着的功夫店主一直很热情地跟我们聊天，她说好多不吃韭菜的人吃这包子都吃上瘾了，更何况俺这个只吃韭菜馅的人呢！回到饭店迫不及待拎了一个包子吃，韭菜的香味配上大大的肉丁和活蹦乱跳的粉条，太好吃了~听说有人一次100个100个的买，但愿下次排队别让俺赶上，哈哈。,1
36107,菜的味道一般般，除了牛仔骨，没吃到特别好吃的菜，量是真心小，要多点几个才吃的饱，环境还不错，本来觉得服务员也蛮好的，结果昨天晚上吃的时候，那个服务员不停的推销每一页上的最贵的菜，当我们说不吃海鲜因为小朋友过敏，他还是不停不停推销，非常让人讨厌，所以就给个差,0
17619,南方的云吞相对于北方的饺子而言，自有其零一番风味，真的，不信，你就来尝尝州佩大兄云吞，这里的云吞非常的好吃，口感也非常的好,0
39264,非常好吃的驴肉火烧店，肉质鲜嫩，牙口不好的都不怕的喔，味道也相当得好，火烧很酥脆，很香！就是地方太小了，好挤，每次去都要等一会才能有位子呢！好便宜的美味。,1
35855,味道也就这样了，芋圆和斯利美差不多啦~芋圆4号买一送一~里头有红豆，芋圆，芋头，珍珠神马的~\n性价比一般般，下次去尝尝别的~,0
28095,办公室附近有2家迪亚天天\n每天早上路过的时侯，里面总是排了很长的对，大多书都是老爷爷老奶奶的\n不过迪亚天天的价格也的确很便宜，特别是搞特价的产品，都会标黄色的标签，很明显就能看到了,0
37827,傍晚时分来到这里，真是美不胜收啊！广阔的天空，无际的彩霞，和美好的Skyline——我又爱上魔都了~\n地处南滨江仁横滨江园小区内，绿地树木葱葱，人不多，包房的阳台脚下便是浦江，江面水波粼粼，离得好近的感觉，还有270度的玻璃旋转包房——浦西浦东都可以看到~\n坐下来就看到已经上了的冷盆，好大的醉膏蟹——橘黄色的黄好诱人啊！宁波人我最爱这个了！\n凉拌海螺也很脆爽好吃~\n蔬菜色拉也不错。\n一般冷盆的鹅肝我不太喜欢的，但这家的清酒醉鹅肝真的还不错耶，很嫩很肥入口即化的鹅肝，很新鲜！\n有些菜挺辣的~连象鼻蚌金汤羹都好辣。。幸好甲鱼汤不辣。。海参牛筋羹也不辣~麦包靓鲜鲍这个就一般~\n甜点有点失水准，特别是杨枝甘露。。。雪媚娘一般~\n开水白菜我很喜欢，清甜好吃！\n餐前水果有莲雾，也要赞一下！\n夜色亦美，还有草坪露天座~远远可以从外滩看到南外滩，而这一边是陆家嘴流光溢彩的高楼~,1
32797,用了优惠券，加六元要了热的提拉米乳，泡沫很细腻也挺多的，而且味道很特别，有点香草和巧克力的结合\n其他还点了北海道鱼米咖喱套餐，照烧鸡腿米匹萨，鱼米鸡肉串烧和鱼米薯条\n匹萨上面的cheese很多，上面有鸡肉还带有鸡皮，土豆？和青椒等，香香脆脆的挺好吃的\n串烧冷掉了有点不是特别好吃\n咖喱套餐里面有好几块鱼米饼，很好吃\n薯条与一般薯条不同，不脆，但还挺香的\n总的来说还不错吧，很有创意的感觉,1
17574,不知道那么多种东西在一起炖会不会对身体不好，但是各种食材的味道混合在一起，使每一种都带上其他的味儿，自然也很好吃，特别是汤，精华都在这里了，而且稠，口感和味道就都不错了。但是我觉得这样炖出来的汤还是少喝为好，因为虽然精华聚到一起了，糟粕也自然都沉积到了汤里，呵呵，个人愚见。在这里吃饭，气氛重于味道，揭开锅，热气腾腾，和哥们儿团聚，身体，胃，心里都非常暖和。,0
31518,以前下班路过总会看到店门前排大队，有一次好奇就跟着排队打算买点回家当夜宵。一起排队的大叔很热情的给我推荐了蝴蝶酥，我自己很爱吃的蛋挞和泡芙也买了，付钱的时候还以为人家算错帐了，好便宜啊，买了一堆的说。服务员的动作也很快，所以虽然排大队，但是不会等很久。\n虽然价格便宜，但是口味绝对的赞，物超所值的代表！！！,1
10991,"环境还不错,菜品口味一般,感觉和价格不相符,服务还算热情.偶尔品尝一下还可以,但是总体来讲不实惠,菜量也很少,榴莲酥和芒果布丁还不错.",0
37471,感觉很正宗，帮我们写菜的服务员也是印尼人来的，不过普通话说得很标准\n份量很精致，我们6个人，刚好每碟菜都是6人份\n味道好不错，正不正宗就不知道了，因为我没吃过正宗的\n有大众点评卡有9折,1
20343,刚开业的时候去过一次，前阵子看到有团他家58的券，毫不犹豫买了，因为实在是太好吃了！五道口那家常去，分店也能做到味道一样，对于中餐馆来说真是太不容易了。\n去之前两小时打了电话预约，到的时候人很少（我也不知道为什么，好几个朋友也团了券，都说人很多有的还要排队），于是核对完短信就入座啦，非常顺利。除了套餐又点了两个凉菜和饮料（怕套餐里那个茶不好喝，结果还行，其实就是大麦茶嘛）。很快鱼就上来了，吃了第一口就停不下来，不管别人怎么说好吃不好吃，蜀相鱼舫就是很对我和BF的味觉。又一次愉快的晚餐~~~~~~~~~~~,1
30492,初到浦东机场，第一个感觉就是大，下了地铁站沿着路标走了10分钟才走到二号航站楼，不知道是否因为不算旺季，所以人并不是很多，但也算不得空旷。我到的时候正好看到有人拍电影还是什么的，摄像机、反光膜，一干专业道具再配上几个老外演员，看起来煞是热闹。\n上到三楼，办完登机牌，我便在大厅里面转悠了起来。环境很现代化，看起来就是国际都市的风范。人也不算很多，至少有一半座位是空着的，工作人员服务态度不错，问了2.3个工作人员问题，态度都很认真，而且口音规范，礼貌用语不断的，令我大生好感。机场里面卫生间、商店、纪念品店、餐厅等配套也很齐全，设施都较先进。\n待安检后进入登机厅，才发现原来还另有天地。厅内的面积完全不次于甚至超过了大厅的，而且一干配套也很齐全，就是走的有点远，我足足走了大概3里路才走到所需登机口，不过一路有平移电梯辅助，也不感觉疲累。\n总的说来，浦东机场不愧是国际性机场，至少就我今天所见当得起这个称呼。,1
28054,和同事一起去吃过几次午饭。进门以后第一感觉：油烟味巨大！感觉整个餐厅就笼罩在油烟里。菜的味道还可以，那个方形的面包不记得叫什么名字了，感觉和《流金岁月》里面的那道菜“枕头包”很像，姑且就这么叫它吧。,0
19465,跟同学常去的一家店。最爱里面的海鲜乌冬面，分量超级大，一个人几乎吃不完~~~味道也非常不错，里面海鲜也很多~但是现在餐前的小泡菜远远不如以前~~,1
26639,从很早以前就都是免费的了，很好的一个公园，以前其他公园都是收费的时候，他已经无偿开放了\n以前门口时常有小摊，做糖人啊，画糖画，还有做棉花糖的\n现在偶尔还是会去逛逛的,1
27112,觉得这家比龙之梦分店好，莘庄那家的地板油的吓死人。做的菜肴都是宁波风味的海鲜，虽然不算很出挑，但整体还不错。知道老外不喜欢吃带壳的海瓜子，特地点了自己享用，气死他们。,1
29036,属于迅速扩张的一家店，土鸡是“圈养的”，本地鸡是“散养的，点锅底送五份蔬菜，鸡味道不错，调料配的味道蛮好，只是有点了羊肉卷和牛肉卷，感觉一股很难闻的羊膻味、牛骚味让人接受不了，联想起前几天申江报上一篇文章，把**肉浸在羊尿里，不经汗毛粼粼~~~~而且到现在还不能开发票,0
15399,茶城这边不是经常去，有时候过年要给朋友送礼的话，会到这里买一些茶叶，\n马连道这边光大的茶城就有好几个，所以不认识几个熟悉的朋友，给引荐一下，\n真不知道到哪家去买茶叶，我平要去的话也就是固定一家，可能也是因为建立了\n信誉度，另一方面也怕被骗买一些低等的茶叶，如果想批发茶叶的话，我记者最南边有一个茶城\n也忘了叫什么了，都市批发的，包括茶具，都比别的地方便宜。,1
13370,通常是午休时间约附近上班的朋友来放松一下，聊聊彼此的工作生活，还有免费餐食饮料，午餐也解决了。\n服务项目很多，但价格较贵。除了足底按摩之外，还有美容、美甲、SPA、游泳池。客人多的时候服务跟不上，餐食饮品上的慢不说，还时有记不住的情形。技师们的水准有差异，手法也不尽相同。\n与不远处的良子比较，各有千秋，这里胜在环境私密安静，可选的项目多，有餐食，比较方便。,0
17335,我们中午去的 人不怎么多 不过菜的味道和服务确实没有话说。一个字好  上菜速度有点慢 我们后来还退了一个菜。希望能加强。。。,1
35763,店就在小区楼下，昨天才刚开业的，试业期间8.8折，而且啤酒免费喝，很吸引哦~因为第一次帮衬这家店，所以决定还是先试试烧味。点了一份烧味双拼，叉烧拼烧鸭。\n叉烧双拼：烧鸭味道不错，叉烧的选料是瘦中带肥的肉（我最喜欢这种肉），美中不足的是叉烧不入味。\n铁板焗蛋：鸡蛋在热气腾腾的肉末酱中慢慢烩熟，又嫩又香，很下饭。\n姜汁芥兰：“灰”常不错，是真正的姜汁芥兰，有浓浓的姜味，味道卖相都好。\n西多士：去茶餐厅吃饭一直都点的，酷爱呀~这里的还比较便宜，10元。\n这家店总体感觉不错，以后会常去，看看它能不能经得起时间的考验，呵呵~,1
66,这里的房间很大 采光很好 每个房间都有大大的窗户 每天早上 阳光能够摄入房间 很舒服 而且房价不贵 很实惠 在上海能找到这样的房间真是不容易啊,1
3931,被环境和名字吸引来的，感觉上还不错。\n鱼美人嘛！\n以鱼为主品咯！女人吃鱼可以变漂亮哦，呵呵！偷乐一下ING\n就是位置、地段好些，也没什么特色，来这个地段吃东西么，\n就是吃环境了，装修挺好的。价位稍微贵了点。东西么也还算好吃，火锅么，我觉得主要汤底和蘸料最为重要，感觉还不错，不知是不是有传说中的那么营养、健康。。。\n来逛街购物么，可以来尝试尝试\n比较适合情侣约会、情调还不错,0
15656,强烈推荐精品羊蝎子，肉多，味美。\n拌月牙骨凉菜必点的\n因为离家近，每次有朋友想吃肉的都去。\n也可以自带锅买回家吃，多要些汤，这样第二天煮面吃\n服务员的衣服实在是不敢多看，太脏了，这点有待改进,1
6668,大概半年前去过一次这家店，每次经过兰村路，都觉得那里什么时间里面都有人\n环境很一般\n本人不爱火锅，不过偶尔进去感受也能接受\n环境确实不咋滴，很嘈杂，如果人少些，也许不那么吵吧\n味道还好，说台湾火锅，不过很实惠，比对面的陌生人实惠\n火锅底还挺入味的\n服务嘛也很一般,0
35878,这家栗子店可真是火啊……\n主要是地理位置占优势。\n除了卖栗子，这里还卖各色干果。\n每天下班时间都会有很多人来这里买各种吃的。\n口味来讲，栗子还算不错。其他的没吃过。,0
29277,我们昨天晚上去吃的饭，一走进门口连个迎宾都没有，还是我们自己找的位子，点餐后菜等了很久才上齐的，那个蘸料叫了十几个服务员都没人去理睬，这种鸟地方的服务员的服务态度超差，都是些什么人，我们顾客都要看那些人的脸色了，后来找他们经理，后面还带了几个人，气势凶凶地怎么地，想打人咯，这才知道我们进了家***，根本不能和其他店相比，在上海找不出餐饮行业有这种的服务态度，我还真第一次碰到了，同样的傣妹，新里城店的服务态度好得来可以让你受不了。昌里店的总体评价差到极点。,0
21555,如果说几年前去过一个饭馆，几年后对其中的一些菜饭还记忆犹新的话，那这个饭馆就是成功的了。几年前我曾和一位四川宜宾的朋友去凤山温泉玩儿，在这里吃过一顿，其中的宜宾燃面给我留下了很深的印象。在北京知道燃面的不多，据我的四川朋友说，这家的燃面大约和他家乡的有六七分相似，这已经不错了。几年后我又去凤山玩儿，想起在昌平县城还有这么一家吃的，又来了，点了燃面，不错。当然，其他的菜和毛血旺也不错，服务员态度友好，动作麻利，是成都姑娘。,0
24029,说实话，去的次数并不多，倒是每天上下班都会路过，每次去都是懒得做饭或有朋友过来，吃的还可以，比较符合我的口味，环境也比较安静，以后会经常光顾的。,0
17986,特色热奶茶蛮好喝，多多旺虾饺皇也不错。\n　　今天特意去吃肠粉和牛河的。也许是我运气不好吧，去到餐厅，点了肠粉，奶茶，虾饺，服务员说没有肠粉，机器坏了，做不了肠粉。那就算了吧，我就不吃肠粉吃河粉好了，点单了，喝着热奶茶等着。另一个服务员过来说，不好意思，河粉也没有了，因为机器坏了河粉也做不了。。。。。\n　　郁闷。第一个服务员知道机器坏了做不了肠粉，为什么不知道做不了河粉呢，为什么第二个服务员却知道呢？是怎么培训的啊。。。。。\n　　推荐特色热奶茶，很好喝，根据自己的口味，自己加糖的。 \n推荐菜:特色热奶茶 多多旺虾饺皇,1
20947,去到五角场么每家店都会逛一下的，这家店么感觉风格不是很适合自己。\n看到折扣挺吸引人的，就忍不住想进去看看，可是每次每次都淘不到满意的东西\n看上的么折扣下来还是有点小贵。\n折扣很大的么又是不知道积压多少年的货色。\n适合无聊进去杀时间！慢慢看...,0
16952,是个能买打折票的网站，电影票，温泉票，公园票什么的，还可以订度假村的客房，应该是有折扣的，没有订过，不过有虚假的成分，主要是折扣没有那么大。,0
6059,"因为单位发的购物卡,所以才去它家买东西,给人的感觉是东西挺全,但是服务态度很差,不如沃尔玛,新玛特和迈凯乐超市,台资,却最欺负中国人.",0
7121,原为军阀吴佩孚的旧宅，一座木桥流水、大树浓荫的庭院，坐在院子里饮茶吃饭，看着阳光在树影下闪烁，很容易让人陶醉，这里的点茶单相当特别，毛笔挥写而成。,1
8354,今天中午逛街累了，去那里吃的。\n点了2个番茄牛肉面，1份蕨根粉。\n蕨根粉也太少了...\n不过，都觉得味道还不错呀~~\n下次想点个锅什么的，看周围人吃的很香。嘻嘻~\n里面的环境不错，餐具什么的都很干净，醋的瓶子很特别，很好看。\n服务也不错，上菜速度很快，牛肉很嫩。\n他家的厕所在2楼，廊腰缦回的感觉，\n在厕所还磕到了头，我是有多高啊...囧。\n不错还是不错的餐馆，值得推荐！\n我下次还会去的。,1
7550,地段不错啊 五角场\n平时去逛的时候没事也爱去里面转转\n和别的超市没什么大差别 该有的都有了 个人不是很喜欢这里 东西比别家超市贵一些呢,0
14765,每年圣诞都会推出几款圣诞咖啡特饮，最喜欢的就是太妃榛果拿铁，个人口味比较喜欢甜的，所以很适合我！\n民生银行信用卡每周一星巴克可以买一送一，8个人只要出4杯的价钱，超级划算呀！,1
30689,还比较喜欢吃蒸菜 其实和瓦罐汤的蒸菜区别不大，但是他家的碗上面的字好可爱。。。味道还行，随便吃吃吧。。菜里面的打底的干豆角和蒸鱼还不错,0
22536,他们家的汉堡就是特别好吃 肉很实在的 而且点评又一直有优惠券 十八块的套餐 而且他们家甜筒也很嗲的 有双色的 我还蛮喜欢的 现在有个两个汉堡在一起的好像蛮好玩的 有空去尝尝看 吃皇堡觉得很满足的 一口下去什么都有的 很爽得！而且环境也比较好 人比起肯德基和麦当劳要少一点,1
34105,"一年后轮到我妈50大寿啦,哈哈,提前一天去订竟然被告知今天不能预定了，太晚了，晕,那个时候才晚上6点不到诶，这叫太晚了...说什么让我们明天早上来买，有什么买什么，唉...我只要吃咖啡蛋糕的呀...\n第二天一早就被老妈拖去买蛋糕了，大概8点多跑过去只剩最后一个10寸的咖啡蛋糕了，好象叫什么咖啡迷情吧,anyway,也算任务顺利完成!\n咖啡蛋糕就是好吃呀，8过我希望咖啡味道能再浓点，那会更好哦，蛋糕里面有水果粒和布丁,西西最爱布丁~~",1
10229,国内最有名的低成本航空公司了。\n去年十一月和十二月乘过两次春秋航空，印象嘛，后一次稍微好点。\n十一月在春秋官网秒杀了上海到哈尔滨的特价机票，非常便宜的，来回都是。\n但是这航班给我印象实在是一塌糊涂，飞两个多小时，推销了差不多一个小时......\n而且喇叭很吵的，吵死人了。\n十二月时候去香港，来回也是春秋航空的，印象稍微好点。\n去的时候加50元号称可以坐前面，座位可以舒服点，其实一样的，给我安排第三排，座位还是那么小。\n但是飞香港的航班最好的一点就是没有推销了，全程很安静。\n但是，同样的东西，在国际航班上，价格就翻倍了，一瓶饮料要十元。\n不过春秋的机票一直很实惠，所以如果对服务要求不是很高的人，还是可以选择的，毕竟很实惠的。,0
705,吃了蛋黄，蟹粉和招牌，还是觉得招牌更好吃。味道很鲜美，可能因为地段的关系，在吃晚饭的时段，人不是很多，进去就有座位。小馄饨也很喜欢，是小时候的味道。很美味。,1
22941,哎呀，小吃里我最喜欢的就是土豆粉了，嘿嘿，每次都要两掺，么么！\n粗粗的土豆粉，吃在嘴里糯糯的，也不乏嚼劲，嘿嘿，汤也不错，还有海带什么的，经常吃的都非常了解了，我就不多说了，(*^__^*) 嘻嘻……\n再来一个白吉馍，味道好极了，逛街的时候经常吃呢！！,1
15344,我真心挺喜欢太兴。\n喜欢奶茶，觉得很好喝。\n喜欢菠萝包，也好吃。\n其实叉烧对我来说，觉得那么回事儿了，可能吃的次数太多。\n咖喱什么的，肯定也没有正宗泰国饭馆儿好吃，但我也觉得还行。\n反正我喜欢这里，我还来。,0
377,"If you are looking for something with lighter taste, this is the place.\nAfter these period of staying in Shanghai, it's really quite long since I last taste something light.\nTheir service staffs are friendly and the service is good.\nThe food came fast and the portion was just nice.",0
6694,商场十分的大，不过大都不便宜。\n买家具的时候，逛了好多天。最终选择了红苹果。\n虽然不是实木，不过好在没味道。\n送货后，安装好，很大气。最重要是没有味道。\n几个弟弟妹妹看到了，都说家具不错，很时尚。\n等以后有孩子了，可以考虑继续这里。\n价格十分实惠。2W就搞定小客厅和卧室。,1
25745,可能是点的菜没点对，觉得味道一般般，没什么特别的印象，只觉得样子很漂亮。饭店装修的挺别致，蛮精致的，服务员的态度也很好，大酒店的感觉。价格还是偏贵的。,0
4436,公司的舞会跟几个女同事有表演节目，\n是演旧上海的舞女，就在2002海上这家店订了几套旗袍，\n感觉穿上去造型蛮复古，很衬身材。,1
21581,哪哪都有的连锁店啦！东西不难吃，还可以外卖~离学校很近，有时候开会晚了，会集体订餐。集体订餐超过一定的钱数会送一些券，还不错！,1
20038,这里的PIZZA口味还挺多的 不过味道一般 芝士到挺多的 不过价格到挺实惠的 鸡翅什么的也蛮便宜的  总得来说还是可以吃吃的,0
5360,"新开在酒店里的面包房,东西不贵,解决一下中午或者早上的吃饭问题的话一般不会超过30块钱,现在开始还有三明治卖哦~打听了下是他们酒店厨师做的,三十多一点,量很大...\n还有哦~旁边有很多大牌子的专卖店,下午逛累了还可以小憩一下喝个简单的下午茶,为晚上的party储存更多的能量....",1
32850,对于自助餐食刺身黎讲仲系好抵噶！而且D野食几新鲜，可以任点，寿司都唔错，个人认为去果到食刺身大餐就非常好啦！哈哈，仲有海胆都好好啊！,1
6182,其实菜的味道如何已经无所谓了，到了那个环境，喝口白开也是甜的。和LG带着儿子去杭州小憩，选择了人气很高的国宾馆吃饭，为的是在国宾馆内逛逛。果然没叫人失望，因为感觉上戒备森严，挡掉了一大批游客，只有我等做足功课的人才敢堂而皇之地驾车直驱而入。里面真的俨然是个世外桃源，很幽静，在内西湖边走走，甚至可以听到隔着湖面苏堤上熙熙攘攘的人声，感觉太好了。\n菜价没有想象中的贵，而且还很窝心地可以点小份，十分适合我们这种三口之家，服务真的好，不过买单时发现服务费15%，看来前面的好也变得是应该应分的了。\n值得一去的“饭点”！,1
8456,下午时段去的，自助餐不好吃，歌也不是很新，音响效果也一般，但就是环境不错，地理位置也好。逛街吃饭什么的很方便，价钱还是挺贵的~,0
15741,跟嘉和一品大同小异的粥店兼炒菜，贵在二十四小时营业。\n曾经有甚是干干净净经济实惠的早餐，趋者甚众，比对面的“永和大王”好。但现在价涨了，东西也大不如前了，吃的人也少多了。,0
2372,在包房 空间还算大 吃的比较舒服 离小料台也不算远 很喜欢自己调配\n味道嘛。。中规中矩 还算不错 番茄什么的那个还真的很好吃~！,1
8786,金桥这里现在发展的也还可以了~美林阁也算是比较老的一个品牌了~菜市一直还是可以的~吃饭的大多也是中老年人~呵呵~,0
22599,很早就知道北京有个保利剧院，因为我的名字就是保利，比较神奇，呵呵！\n到北京后，终于见到了保利剧院的真容，十分高大，矗立在十字路口，很显眼，不错哟！！,1
27620,中午吃饭，人就已经很多了，看来挺火。\n菜也不贵，样式还算不少，摆在大厅，点菜比较方便，但是有点挤。\n菜的味道还行，特别是馅饼，也是特意奔着它来的。果然皮薄馅大，味道好，就是有点腻。,1
15827,因为前一天晚上看了美食节目提到了杭州内旮的长人馄饨，让人渴望不可及，于是我们决定退而求其次在附近的城隍庙沾沾边儿，今儿一大早过去，9点半的样子，一副冷清清，要不是计划好的一定会退出来，所有一切看起来都冷冷的，很难让人有食欲。\n   我们姑娘两位，就点了份豆沙包，蔬菜包和一碗荠菜混沌\n   出乎意料的难吃\n   第一次吃城隍庙是大一的时候，在潘家园内块儿，从首图出来溜达过去，饿了，同行的正好是苏州姑娘，就进去了，当时对江南小食没有太多概念，除了量小了点以外口味上完全可以接受直至后来很是喜欢，所以留有的印象一直很好。几乎每次还书都要过去吃一下。后来内家店就莫名的关了，有没有搬迁也没说，后来就很少有机会吃到，主要是没有顺路的。\n   这次事件也算是突发奇想了。。。\n   豆沙包和蔬菜包荠菜馄饨都是内种速食的，超市卖的都比这个好吃些，不知道他们买的什么牌子的，一笼笼冷冷硬硬的就端上来了，馄饨等了10几分钟才上来，已然是速食的了，对味道不再要求的情况下你就速一点吧？让人恼火。内馄饨比速冻饺子还夸张，内皮儿不是一般的厚，想来可能是因为这个才拖延的时间吧，久煮不熟啊。\n   本来还想吃我心仪的肉粽，想想还是去超市买吧\n   明天打算去对面的永和大王挑战一下\n   没啥说的了，好自为之吧你们,0
31361,就在家附近，前几天和朋友去吃的，牛排套餐很难吃，附赠开胃酒不错还有甜汤，最后点了个鸽子汤给我打包竟然弄了个奶茶的杯子，对我说你的汤来了，吓我一跳，我的个神啦，还不如旁边沙县的,0
28368,同学聚会定在了这里。觉得不算难找，因为问了个那儿住的大爷一下子就给指到了。环境很不错，很安静。我们呆了一下午。吃的里面觉得有个春卷真是非常好吃。其他的都是量偏小，偏偏碰上大卫王，只能说环境好，没吃饱。朋友吃饭聊天的好去处,1
39053,地方比较挤\n吃饭时间人很多，要等位\n2楼有点热！\n寿司还可以\n可惜米饭不太正宗\n面类还不错\n点了凉面\n配酱汁很好,0
35368,大概因为人少，觉得店很宽敞，服务员感觉有点少，也不太精神。不想坐楼下往楼上走的时候还会喊楼下点餐，不喜欢这样。\n吃的就那么回事，也就墨西哥鸡肉卷好吃。,0
27780,跟老爸老妈去吃的，不然我穷学生也是吃不起的，素炒鳝丝香脆可口，不油不腻，非常入口，宫保虾仁也烧有辣味，口味很正。好像还有个菜叫酒烧鹿筋还是什么的，相当入口即化，带有淡淡的酒香，不吃都醉了。服务员态度很好。,1
4385,来这就是为了吃东西的，开始选择多了眼睛就花了心也乱了！一会决定鹿港一会又想金钱豹、一会又想将一无二、最后却是来了这！\n进来就喜欢、很有香港街边茶餐厅的味、一看菜单更满意了！都是我喜欢的！要了车仔面、鱼蛋、牛丸、牛腩筋、现在想起还想吃、特意大众搜索了三里屯大望路都有都有！\n当时决定就要办充值会员卡、服务员说没卡了、北京其它店也是、要五月在有了！留了电话等通知！\n喜欢喜欢、,1
11922,很喜欢的一家餐厅，环境很好，菜品也很精致，是我喜欢的口味。\n不过价格稍贵，上次我们6个人就花了将近1600还没包括酒水,1
18041,这家店去过很多次了，看着他的发展从量足再到这量不断的减肥。真是没话说了。现在很少去了。感觉不是很实惠了，发票不要可以换饮料。,1
37892,"每次经过，好象都有人在等就餐。去吃过一次，也没什么特别的感觉，跟其它火锅店差别不大。位置还不错,就在路边,很好找也方便，餐馆好象是重大老师办的",0
2552,非常爱的美食，而且超级火爆~\n栗子下来的季节，每次去都是排长队\n排队绝对是有道理的，\n栗子口感很好，而且好剥皮\n适合自己吃和送给朋友\n虽然不名贵但是很有内涵哦~,1
18225,上次国庆旅游的时候去过一起 晚饭时在这家餐馆吃的 很有当地的氛围 清炒蟹，油爆基尾虾是我比较喜欢的2个菜 挺实惠的 国庆时人好多的,1
11554,同事生日+结婚，正好逛到日月光，以前在福州路也看到过启路，就进去了，看到一个牌子的手表打对折，店员介绍说是什么精准的，防水，看价格也还可以，就买个送同事做结婚礼物用，又看到首饰盒在打对折，忍不住又败了一个，店员介绍说免费包装，还是可以的。喜欢小玩意的MM们可以逛一下。,1
40817,以前家里聚餐或者亲戚过生日经常来这里，毛氏红烧肉不错，菜的味道总体来说还可以，后来有一次参加烤鸭的优惠活动，发现赠送的烤鸭不是现烤的，不太满意。现在很少来了。,0
26019,和朋友去过一次，朋友家就在旁边，说这家店开了可是有年头了\n环境一般，地方不大，\n东西小贵，味道一般般\n随便吃吃还可以，主要是好不好的都开了那么长时间了,0
36366,我觉得粤菜来说，他们家算是做得不错的了，都说茶点很好吃，不过总是没有机会来吃，味道很清淡，菜品质量很不错，凉菜有些做得很精致，卤味拼盘还是不错的，消费还可以，值得推荐。,1
8539,三文鱼升咗价，50几一斤，无以前咁抵\n明太子&吞拿鱼寿司好味道，百吃不厌\n鳗鱼寿司&鳗鱼小卷不过不失\n帮衬过一级棒岗顶店好多次，近期服务态度不太好，唔带位，叫极都无人理，服务态度有待改善啊！！！,0
15567,去年和老公去的，我俩都不太会游泳，但是还是喜欢玩水，我本想试着学个漂浮，可是浪太大了，把我打到了，而且还灌了一耳朵水，但是我们仍然玩的很开心，有点不足的地方，就是有乱收费的现象,1
39537,昨天去东尚逛的时候就看到了.所以今天就来吃了.看了下.本来想点西米露的.但是好想吃鹿港小镇的芒果冰.所以就点了芒果冰.28块.好期待啊.上来真失望.因为真的不好吃.里面的沙冰什么很粘稠感觉也不新鲜.做法不好吃.反正一点也不好吃.失望啊.虽然我知道不好帮鹿港小镇的甜品比.但是不太吃甜品的我还是希望要是能吃就吃到好的.一般般吧.有机会吃吃西米露.看看有没有广莲香的好吃,0
17829,同样都是吉野家，味道怎么差别那么多，牛肉非常非常老，一点鲜味都没有，海鲜饭里的料也少得可怜，和正大或者置地旁边的不好比，以后再也不要去了,0
35461,在798里面，味道都差不多，没有发现特别的。好象是韩国人开的吧\n价格比外面的略贵一些\n咖啡一杯大约30元，杯子也不是大杯。,0
42204,有点小莫名为什么这个广场的评价只有半心，好像还不至于那么差把，我去过一次，印象还可以的啦，交通也慢方便的，那个台北ktv人气很高的，别的地方还是人气还不是最旺，但是也慢干净时尚的一个地标了，有机会还是会去玩玩的把,0
40680,2个人吃的有点多，最后只能打包带走，PIZZA 还是比不上必胜客的好吃，但是其他的味道真的不错。自助沙拉人多还是比较值得，喜欢里面的干果还有玉米粒，好吃，嘿嘿，还有意面里面的烤面包，那叫一个绝了，非常好吃~鸡翅一般，匹萨点的芝心，和必胜客不一样，但是还是很酥很好吃的~,1
7996,这家店很多方位，有蛋挞，麦多馅饼，紫菜包饭，奶茶咖啡种种饮料。。。\n服务态度非常好，他家的蛋挞皮很酥，味道很甜，觉得是性价比很高而且温馨的小店\n蛋挞热热的，有点烫嘴，里面的东东很软很嫩。主餐吃过之后当小点心还不错。\n不过地方有点难找,1
43275,正赶上12月份有个78折的活动，\n鱼没有太小的，我们要了2斤八两的草鱼，\n味道嘛，连锁的，自然差不太多，烤鱼里面属于上乘，但不是顶级。\n环境尚可，有点小，靠窗太冷，太冷了，吃烤鱼都冻僵了。。。\n服务员态度还可以，但是有点呆呆的。。。,0
30083,不错的地方，适合跟朋友聊天，约会的地方，牛排做的很不错，开的时间也很长了，有固定的客源去的，所以节假日和晚餐时间人很多的！,1
16704,菜量还算足，价格也算适中，如果点些招牌菜来吃的话，应该是不错的，总体来说还比较满意，推荐一下，大家可以去吃吃看哦 ~！,0
19256,里面荟萃了基本上哈市的特产。特别是红肠，经常看到排长队购买的景象。\n西侧门门口的烤肉味道相当不错，每次都买点。\n用大铁钎子串着大块的羊肉，牛肉，猪肉烤制。,0
3675,梭边鱼不错，红汤太腻，火锅渣滓太多，蘸料油汪汪，也许吃红汤应该点麻酱蘸料的。小菜比火锅好吃，最爱吃两碟餐前小菜，一个是卤花生，一个是橄榄菜炒酸豆角，这个是免费的。\n火锅汤，鱼汤，偏咸。\n主食徐妈米耙，麻团好吃。\n服务还不错。\n下回可不可以不吃火锅，就为餐前小菜还有主食来吃新辣道呢。,0
3357,朋友来大连，逛街累了，被他们的精美的食品海报吸引了，就走进这家店。但是当天不知为什么好像服务员很少，也忙不过来，让很多事情都得自己来做。而上来的食物更是和图片上的相差很多，味道也不是很好。真是太让我失望了，性价比太低了.,0
33118,一个人逛街，或者和朋友逛街随便吃吃挺好的，基本上所有的味道多还可以。但是他家的寿司的话就不是太好吃。\n总有新品推出，上班族下班去吃也挺方便。\n每次都是把汤喝完了，量很足~~比肯德基，M记要健康的多,0
41413,他家粥的味道还不错，小菜也还可以。来这儿基本就是点一碗粥，要点小菜，再要点主食什么的，味道都挺赞的，价格也可以，性价比还算挺高。中午的时候这里很火爆，往往要排队，所以尽量别赶在饭点的时候过来。,1
34759,恩，虽然是垃圾食品，但是由于学校的饭太难吃，这还是偶尔可以去一下的。特别喜欢刚出锅的薯条，外焦里嫩，麦辣鸡翅也超好吃，有时买好几盒呢~,1
11295,开在百度旁，人很少，上菜速度人一多点就会很慢，而且量比较少，芥末很淡，点的菜有的时候会不上，服务态度还行，性价比一般,0
10234,开了很久的店家了，自己也有十多年没去过这家店了，不过有点遗憾的是口味似乎没有原来的好了。\n泡菜和萝卜味道都不错，要了牛舌、牛肉、三花肉、烤鱿鱼，感觉味道一般，蘸的酱可能是自制的，一般。\n点心：葱油饼还可以，打糕比以前的小很多，以前是吃都吃不完。\n主食：石锅拌饭味道真的不怎么样，还是韩国冷面好多了。\n生意很好，那么多年也没怎么变，可惜口味变了。,0
39623,不是住在沙园的居民还是比较难找到这间面店的，不过他家的云吞面还是几好吃的，是传统的那种手跺肉云吞，不是用绞肉机绞的，也不用鲜虾做，几好，汤底和面都做得几好，而且对于这种传统的小吃店来讲，他家的服务真是非常好。,1
28682,开了好多好多年了的高档商场啊。\n各种高端牌子，对于我这种穷学生来说，完全没有购买力……\n不过去领领小样倒是不错~,1
9392,环境很好的，\n服务也很不错，都笑脸盈盈的~\n但中午明显人不够用，要叫半天人……\n点心不贵，虾饺很实在都是虾，叉烧包好吃，就是馅儿少了点，马蹄糕不太好吃，\n凤爪好吃，茶点水平一般。\n他家菜比较好，香芋南瓜煲很香浓，有奶香味，但不甜腻，\n三杯鸡很香，肉很嫩，喜欢~,1
9138,就是为了打发话剧前的时间，港式茶餐厅，但味道个人觉得很一般，价钱不便宜，两个人用了一个10元优惠券，人均还45，西多士为啥用的不是普通吐司呢，那个捞面真是有的没有煮熟，是那种宽的面，可以想象如果是云吞面也不会好到哪去，海鲜炒乌冬面还行，豉汁蒸排骨也一般。可以裹腹，但不要自己打最地道的香港味道，最多算个快餐厅吧。,0
41423,"这家店是我最喜欢的烧烤店了！！\n味道很赞的说~~很浓，很鲜，很香~~\n东西也不贵,不过就是东西少了点\n不过实在喜欢她家的酱料，超赞~\n所以常点鸡翅尖，因为翅尖面积大，可以占上很多的酱\n然后翅尖外面的皮又烤的香香的，油油的，超喜欢的~\n然后就是5毛钱的羊肉\n上面还有点肥肉，吃起来特香~~\n最爱的就是鸡翅尖和羊肉串了\n而且至此之后再也没吃过哪家的羊肉串会比他家的好吃了\n其他的还有鸡翅，鸡心，鸡胗\n还有馒头，鸡腿啊之类的~~\n中午饿的时候就点个玉米~\n很管饱的~味道也不错~\n以前经常晚上嘴馋的时候\n一个寝室一起点她家的烧烤外卖\n那是整整一大捆棒子啊\n那时候我们就开玩笑说棒子给他们回收吧\n再送我们几串~~\n现在真的好怀念啊~\n貌似后来没怎么开过门了\n现在就更不见踪影了....\n好可惜呀~~",1
30996,看很多论坛上都说金盛的家具是最便宜的，就跑去看了看，果然够便宜。。\n比下来比其他广场都便宜好多啊，看来网上也不一定都是错的\n像瓷砖、地板、门之类的，如果要求不高的话，都可以这里搞定，性价比还是不错的,1
7403,环境古色古香，私密性也不错，基本都是卡座隔开的，比较安静。服务很周到，我点了玉米汁后发觉时加牛奶的希望能换，也很爽快的答应了。菜式做得很有诚意，看得出来每道菜都有精心做，但味道只能说一般。,1
5394,初四初五去无锡玩，上网做功课的时候，正好看到这家店的点评就把地址记下来。一共去了10个大人3个小孩，吃下来总体满意。有个小遗憾就是去的晚了，招牌菜三杯鸡没有了。。。\n老板娘很热情，亲自推荐好菜，最后买单的时候还给打了折，没有10块零钱竟然也不计较了，不错！地方有点偏，离火车站很近，门口公交车可以直达。,1
41031,一楼是包子套餐\n二楼是热菜和包子\n到二楼买了包子还必须点热菜才行，最便宜一个热菜就要40多，在二楼点了包子打包带走了……,0
22019,去港汇的时候很喜欢选择的Cafe。\n位置/环境\n在港汇2楼，不过我比较喜欢选择从港汇正面的喷泉走楼梯上去，然后选择坐露天的位置。能看到整个徐家汇，看到繁华的城市风景，到处人来人往和车水马龙。\n菜品/口味\n没什么特别有印象的。只觉得一般。\n服务\n由于坐在外面，服务人员不是很主动。,0
41172,简单逛了凯丹广场，该吃晚饭了。\n去4楼逛了一圈发现没什么感兴趣的东西。\n然后就到了负一楼。本来是想去吃甘食记的。\n但是一进店点这个没有，点那个没有。\n我就疯掉了。\n算了‘！ 转战旁边的煨面吧！\n哈哈。虽然是面馆。但是还是有套饭和甜品之类的。\n点了\n【牛筋腩面】\n20几元。和康师傅面馆差不多的价。\n以前觉得味千就算是贵面了，现在觉得比他家贵的还有不少啊！\n也是属于碗大哪一类型。\n面的分量就还行嘛。不能说少，因为吃一碗还是能吃饱的。\n这款 面味道还可以。\n主要是有一个调料台，可以自己添加自己喜欢的调料。\n这样一自己DIY，味道肯定还是符合自己口味的。\n但是这家的牛肉和牛筋炖得还是不错。\nPS：\n      这家店的招牌还是多奇怪的。\n      一看餐盘纸的介绍就明了。\n    原因有2个。第一个就忽略不计了。第二个是因为一直维持73°来炖的牛肉\n    是最美味最可口的，并且营养成分保存得最好的火候~！\n     但是这个73°是不是太折磨人了，难道我要一个温度计来炖牛肉？\n【芒果布丁】\n将就嘛！\n不难吃也不好吃！\n上面淋了点凤梨酱吧、·~\n【综合刨冰】\n可以选5种。\n小小的一盅。价格偏贵。\n还是雪多冰的好，15元，多大一盘啊！吃得才满足~~\n他们家还有168的面哦！ 这个也是噱头！\n谁吃呢？反正我不吃！\n太贵了！ 免费招待还是可以吃的~~\n环境：\n       很普通很普通。\n服务：\n        多热情的。 一进门就很热情的介绍面的品种。\n        服务还是可以~\n 小亚是很重视服务的哟~\n哈哈~,0
44511,总是路过他家，只是一直没进去。前几天朋友临下班前打电话说心情不好，所以打算两个人出去吃一顿，顺便说说烦心事。看天气很温暖，索性就走走，遂来了这家店。\n     一进门服务员就说欢迎回家，出门的人就说有空常回家看看。朋友和我说回家吃饭哪有花钱的，呵呵，玩笑话了！\n     食材都是放在小盒子里的，看上去很干净。选好了之后像超市一样去结账，之后就可以选位置开吃了。\n     小料是自选的，可以按照自己的喜好调配，这点我很喜欢。\n     锅呢，也是小锅，锅底基本上就是清汤了，自己可以在里面加辣味调料。我选择了清汤。\n     肥牛和羊肉都很一般，值得推荐的就是虾丸，很脆、虾肉很多，银子没有白花。\n     其他的青菜什么的就不提了，各家都差不多。\n     朋友拿了盒面筋，我是不敢恭维。\n     饮料我选择酸梅汁，因为之前看了一些吸血鬼题材的电影，那红红的酸梅汁忽然让我想起了吸血鬼，呵呵，味道还是很不错的，推荐大家尝试一下。,1
15857,又是年会时间到~~~这次在杨浦区的这家店办的，\n原来在五角场旁边一点的区域也有这样的一家饭店捏~~~\n环境还算不错，大厅也很气派，\n包房挺大的，还有独立的卫生间。\n菜品什么的都还不错，冷菜够精致热菜够实在，\n印象深刻的是他家的饮料，有好多品种，\n木瓜牛奶、红枣红豆、黑米汁神马的，而且味道都很醇厚，\n蛮适合聚会的，以后同学聚会定这里也不错~！,1
168,昨天同事聚餐，500元起价的包间，苍蝇乱飞，分别在水杯里发现了一只苍蝇两只蚊子。东西味道真是一般，上菜速度很慢，而且菜量很少。大堂经理服务态度极其恶劣。,0
11597,来这里吃就点了这里的招牌 是提拉米苏蛋糕 \n我想说这个应该不是提拉米苏蛋糕吧 没有红酒的味道 \n比较奇怪 虽然还蛮好吃的 有点小腻了\n还点了份咖喱牛肉饭 量蛮大的\n有一份酸菜 不好吃\n几块小西瓜\n牛肉也一般\n服务员态度也不是很好...,0
36585,这家店开了很久了。因为上班的关系经常光顾，随便吃吃可以。\n学生去的比较多~ 便宜~ 就是地方比较小~坐在里面一边吃一边出汗- -，闷得慌~\n...,0
32981,客栈老板娘介绍去的。老板是东北人。所以菜还是蛮适合我胃口的。\n烤鱼很好吃。不吃鱼的我也破例吃光一条。\n牛蛙吃了两种口味的。现在都记不太清了。。。\n青菜不功不过。\n值得一提的是酸梅汤特别好喝。我们每人喝两杯。,1
32145,最近电视总播出，就去跑去看看有啥好吃的米有！\n买了个小麻花特别好吃，后来又跑去，看见绿茶麻花，觉得这样的健康就买了！\n结果超级郁闷，超级难吃，绿茶的特别苦，难以下咽，和小麻花比差好远，真是不该乱买啊！人很多！\n晚上都断货的,1
42423,因为离家近，图方便，经常吃的。因为我都是外卖的，所以今天发生了这样的事。我要的鱼片粥，天气太热所以回来之后没有马上吃，等准备吃打开的时候发现我付了鱼片粥的钱却拿了一碗菜粥！！很光火，但由于时隔时间长了也懒得再跑一趟，只好作罢。无论是失误还是故意的，我更觉得是故意的，对这种没有诚信的店是不会再光顾了。,0
43928,上次路过观前的时候去买了他们家的面包，记得是杏仁羊角？还有北海道吧  羊角味道实在一般 不过北海道确实味道不错 下次可以考虑尝尝蛋糕 呵呵,0
31630,吃了那么多家的火锅，还是最爱小肥羊。吃过很多家小肥羊，这家最好！店面很大，服务人员很热情，最重要的是酸梅汤不要钱，而且比起其他家都要好喝。提供免费水果，去年冬天的时候先是西瓜无限量免费供应，后来又变成了沙窝萝卜和橙子，总之每次来都吃得过瘾！虾滑超级好吃，全是虾肉，没有一点淀粉，货真价实。其它菜品也相当新鲜，还可以点半份，半份量也很大，两个人吃100块左右就够了。吃100还返20，真是相当的实惠！,1
34958,记得同学说过 有麦当劳的地方必有肯德基..真的是无处不在啊 有很多理工的学生在这吃饭..依旧喜欢圣代 虽然热量高...忍了..,1
3389,元旦小长假到了，吃顿北京小吃被提上日程。\n护国寺小吃貌似比隆福寺小吃有名，所以选在东城这家里隆福寺小吃大本营并不远的护国寺小吃店。位置很好找，但是确实很不起眼，以前经常路过这里，也没特别在意。\n吃了几个经典的北京小吃\n【奶油炸糕】凉滴，没有啥惊喜\n【焦圈】一根跟手镯一样大、类似馓子的油炸小食品，没啥\n【豌豆黄】相传是慈禧的最爱，吃起来确实有点腻\n【面茶】负责盛粥的大姐很厚道，小米粥上浇了厚厚一层芝麻酱，但是因为最后一道程序加椒盐要自理，所以把这关键程序给忘了，就是小米粥里的碱大了。对了，喝的时候一定要学老北京转圈溜边喝\n【褡裢】牛肉馅的，孩儿及孩儿他爹吃了，不做评论\n【羊杂汤】相对6元的价格，不贵，味道嘛，凑活吧\n【爆肚】35元的惊爆价，就是焯水的羊肚蘸着芝麻酱调料，实在没啥\n尽管北京小吃店里还是很热闹，柜台里各种小吃得有几十种，但是从口味上，很难与时俱进，而且卖相不够精致，随着各地小吃逐渐汇集到北京，北京小吃黯然也是情理之中，所以就能解释为啥王府井东华门也是那排整齐划一的小吃为啥以炸串为主啦。\n既然身在北京，一年吃一回传统北京小吃还是要滴,0
6292,很有创意的一家小店，看得出店主人很有想法，并且敢于把自己的创意实现。店的环境设计的很好，老板人也很不错，价格有点小贵！,1
24614,他家算是平价海鲜了，有买赠的优惠，每天下班都从那里路过，夏天的时候基本上天天爆满，估计是价格比较低吧，现在天凉了，吃海鲜的人也不多了\n他家的饺子不错，个头也不小，味道也不错\n海鲜要是去晚了很多就没有了\n卫生看起来也很一般 有时候我都怀疑他们洗不洗海鲜 泥沙很多 可能吃海鲜就这样吧 \n还是吃称斤的比较划算，其他的一个一个的还要收加工费，不划算~~~,1
31453,"等了7个号才排到我们吃,结果四个姐都遭饿瓜了.\n先给我们上了点的菜结果锅一直不来,弄得her姐都说""锅(哥)用完了...""\n味道不错,就是分量太少了,这样看来性价比不高哈.\n反正总的来说就是菜品的量太少了,希望提高嘛~",0
25279,感绝不是很好吃。还需要输入34个字(T_T)写作文啊，坑爹啊(T_T)伤不起伤不起伤不起。结束了^_^,0
12291,喜欢吃这里的酸辣汤和锅贴，某天路过的时候，发现还出了酸辣汤水饺，可是最终纠结了5秒钟还是单点了酸辣汤，主要是怕水饺在里面泡出来的卖相不雅，还是干净利落吃完走人，嘿嘿,0
33700,环境很不错，服务态度也很好\n咖啡味道很纯，加糖合适的话很好喝\n菜的味道偏淡，不过炒的都够火候\n可能因为我喜欢吃味道重的吧，所以去的话还是喝咖啡好,1
15536,去的四合院点 外国人很多 好像都是来看京味儿表演的 点了一些推荐菜 味道还不错 就是中午吃多了没啥胃口。。。环境很美的,1
1789,味道还行，锅底不错。但是鸡肉就嫩得诡异，感觉添加了什么东西似的，不怎么放心。适合冬天去吃，尤其要注意喝汤，吃肉倒是其次,0
35772,离家很近，小六汤包吃烦了就去这里调节一下。绿色的主调看着很安宁，很舒服。菜的量很足，带儿子来，一个京酱肉丝，一个宫爆鸡丁，我再要个糖醋小排下酒。,1
33275,用了优惠券在周五晚去，一人58，热菜比较好吃，自助的冷菜点心不怎样，西米露只有露，西米少的可怜。喜欢他家的春卷，不错的~！,1
22455,听来最近搞了个什么马来西亚美食节，抱着试试看的心情去了。\n自助188一位，加15%服务费。\n吃的厨师长特别推荐的：马来辣椒蟹---除了辣不如自己买螃蟹回家蒸了吃；\n                    桑巴虾---感觉就是普通的煮虾带点甜味儿；\n                    马来榴莲蛋糕---这个吃着还行，榴莲味儿很浓；\n                    吉隆坡虾面汤---额，怎么说呢，个人觉得像普通的面条，汤不少\n还有别的很多，基本是尝一口就放弃了，可能是吃不惯吧，总之感觉钱花的挺冤。\n对了，服务员的态度也。。。。。。。。。。。。汗！\n不会再去了。,0
32084,有几次晚上发烧来这里看的急诊，现在装修环境比以前好多了，医生态度还是很好的，就是售票处和咨询处的人让患者很郁闷,1
13537,果然，这都有点评，真汗，哈哈。\n好吧，这么多种老酸奶，我还真吃过完达山的。\n和老青海的有什么区别么？没喝出来。\n哪家都家不多，比较浓。不错。价格也不便宜。\n平时更爱喝牛奶，只是偶尔才会想喝酸奶，所以都差不多啦~,1
39707,在喻记麻辣烫为什么会有宫保鸡丁套餐呢？？小兔不是辣，所以没点麻辣烫，点的宫保鸡丁套餐，宫保鸡丁，小菜是黄瓜和 拌的豆腐干 好辣的小菜 紫菜汤和米饭，味道一般吧 不是特别好吃,0
6180,我是过敏性皮肤  那时家里装修 脸就过敏 家里养花我也过敏 空军总医院皮肤科比较有名 于是我就去了 人超级多 毕竟是大医院啊 排队看病 等了好久 大夫大概看了一下 就给我开了点药 有抹的还有吃的 真的是价格不菲 医院可真会挣钱 后来我过敏复发 又去过别家医院 给人家看空军总医院开的药 才知道 他们开的药都含有激素  不能长期使用 会造成依赖性皮炎 于是我很气愤 大夫当时也不说明白 怪不得我的脸老是复发 太不负责了 开点药就草草了事,0
4801,周末的晚上四处觅食，正巧走到这里，就决定了\n人还挺多，不一会儿就满员了\n店里整体是红色基调\n服务生都穿着一水儿的民族服装\n点了鲶鱼，35一斤，2斤半的鱼\n还有草鱼28/斤，还有一种48，一种58的\n味道还不错，可以加一些配菜\n选了油豆皮，平蘑，大白菜，黄喉\n蔬菜都不算贵，基本都是6-8块一份\n量也还可以，不算少\n店内可吸烟，有厕所，可开发票\n唯一不算太方便的是暂时不能刷卡,1
21073,首先说一下服务，服务员都是阿姨级别的，感觉做了N年的服务岗位，都变得麻木了！都不存在什么热情可言！砂锅馄饨味道是非常好的，小笼包子味道已经没有以前那么好了！店里面也感觉蛮脏的！希望以后可以改进，这样才吸引更多的顾客！,0
14029,整体来说都是一般，就这个价格来说，只能说路过就个饱吧，真的是没有大家说的那么好，还有点腻味，吃着就吃不下了。。。,0
41135,住仁和酒店送的早餐券\n基本还算不错，可能去的有点小晚\n结果有些东西不是很热了\n但是看到我后面又来了一个胖头男人，居然一下子把西瓜都拿光了……然后就一直没有人来添新的了……\n倒是小馄饨是现煮的，还不错\n环境还不错\n吃的是早餐，没见到上面大大说的三个风尘女子……,0
6039,自从原来的乌巢变成站点，就一直想到新乌巢来尝尝，thanksgiving就来了，\n四个人点了个中号的垃圾桶，吃的很过瘾，不过我下次想尝试肉类原子弹，肉应该比垃圾桶更多吧，毕竟垃圾桶里还有好多蔬菜~~\n感恩节免费的青岛喝完就给一块钱，哈哈，也很有爱，吃完还有代金券拿，\n这家店的装潢真的好有趣，比如进门就有小机关，而且强烈推荐洗手间，密集恐惧症患者小心了。非常幽暗非常SM哈哈哈哈,1
33046,原来还是不错的！我喜欢的牛排要5成就是5成，刚刚好！而且当初刚开业的时候，还有一个弹钢琴的！呵呵！感觉很不错呢！后来慢慢的，就不行了！地段还方便的！但是里面的地板后来感觉越来越油腻腻的了！要的牛排也常常偏熟，份量也在减少了！而且沙拉少得可怜啊！都要砸牌子了！建议要好好经营啊！,0
20117,巧克力千层饼 黑巧克力味道很浓郁，口感很好，好吃的。\n杨枝甘露，一般，芒果好小块，而且不甜。\n蜂蜜厚多士 冰淇淋球哈小，外加一个还要6元/个。没有蜂蜜或者炼乳沾...第一层超级好吃的。如果有炼乳沾的话 那该多好啊...单从面包口味来讲的确比其他地方的好吃。总体来讲 不人性化~~~,1
32453,朋友介绍去的，不过以后不会去吃了，不仅贵味道也不怎么样\n烤五花肉量很少，牛舌倒还可以，石锅拌饭太贵了，唯一值得提一下的是牛肉锅还不错，就是味道太重了，吃了口干\n环境不算好，特别是二楼，地方小，人多了就觉得挤\n服务很一般，一开始还给的一次性筷子，跟外面路边大排档一样，差点直接走人\n服务员爱理不理的，去上厕所还看见服务员在厕所水池那里洗勺子和筷子，早知道我就用那个一次性筷子了，唉\n总之很失望，以后不会再去了,0
20420,开在华山医院对面 卖猪肉铺和糖炒栗子的生意好的不是一点点\n糖炒栗子相比前两年明显涨了不少 18.8一斤的价格可谓突飞猛涨 阿姨的态度则是标准的老字号型 因为是一个人解决 又想趁热吃 就称了10块钱 问阿姨有没有袋子 态度差的仿佛我欠她们200万 决定再不去这家买东西了,0
2754,"果然没有人来评论,\n确实是新开的一家,进去本本都找不到网络,自带的上网卡也找不到信号,这以点比较郁闷,点了一杯拿铁和香草拿铁,发现他们家的不分大中杯,上来的咖啡是用双层的玻璃杯装着的,下面有个瓷杯垫,还附送一个小块的饼干,没有吃,不知道味道如何,老公觉得店里的杯子不错,随意看了看,价格还不便宜~口味方面,我个人比较喜欢星巴克的香草拿铁,如果是放在新天地里比的话,我还是比较喜欢蓝色牙买加~整个店子是以橙色调为主,感觉不错~嗯~可以尝试一下~",1
11634,从高速出来走到海天路附近，用手机一查就查到这个湘江红，看评论还不错，因为慕名剁椒鱼头，所以直接就来了。来的时候已经过了午餐时间，两点以后了，只有值班的服务员和大厨，除了我们还有一桌客人。点了剁椒鱼头（带面），海带排骨煲汤，清炒空心菜，炒豆干，咸蛋黄锅巴，铁板牛肉，炒面等等。总体来说，口味一般，不知是不是值班大厨的缘故，总之菜品没有想象的好吃。\n看评论剁椒鱼头应该是他家的招牌菜了，基本是每桌必点的，服务员推荐我们点了双味鱼头，我的感觉是辛辣有余而鲜香不足，味道中规中矩，实在称不上是招牌菜。\n煲汤火候还好，海带结炖的很软，就是骨头没什么味道，是不是都炖到汤里面了？汤的味道是不错的。\n空心菜是很正常的味道，不像在福州吃的居然是甜的，很新鲜。\n豆干很好吃，入味，推荐。\n锅巴也不错，咸酥适中，吃了不少。\n炒面就那么回事吧，觉得和街边小店没什么区别。\n感觉福州厦门的酒店都不卖可口可乐，所有的都是百事的，咋回事？\n值得一提的是最后结账，服务员以值班的前台不会操作系统为由而拒绝刷卡，让我很郁闷，于是要了发票，居然中了10块钱，哈哈，也算是对我的弥补吧！,0
712,吃的中午套餐，还可以接受，不然晚上太贵了哦~~~面包和酱都很好吃，主食也好吃，甜品有点一般般哦~~~总的来说不错！！！好吃的说~~~吃了牛排，下次想试试看银鳕鱼~~~,1
34342,去的时候很多泰国人在聚会。也有泰国的服务生。\n最喜欢的是椰汁鱼汤，酸甜口味，里面有类似菇类的东西，很好吃\n黄咖喱牛肉，有点偏甜了，不过配白饭应该满好吃\n菠萝炒饭，挺实在的，也是有点甜\n沙爹串，沾的酱也有点偏甜\n香茅水，还是有点甜\n最后的甜品，西米露，马蹄椰奶冻，西米露里面有椰子果肉~\n这家的椰味还是很重的~喜欢~不过第一次吃泰国菜吃出偏甜。。。,1
13020,原来家就在那附近 中午没饭的时候就去吃 很家常很奶奶的味道 我从小就爱吃家里做的带鱼 所以对这熟悉的带鱼味道很钟情 只不过当价格从原来的38飙升到58的时候 我还是每周回家跟家里预订好带鱼的性价比更高 哇咔咔 中午晚上几乎永远都有人在排队 估计都是想念家里饭香的吧,0
5154,本来真的不抱希望，市区里太多日系面包店，这家店是什么来路\n我挑了面包干，和一杯果醋饮料，好值得的购买，我觉得很好吃\n价格是不是更便宜些呢，我有点忘记了，总之，我觉得挺好吃,0
12931,一般都是正餐以后休息的地方，位置不错，公司老外经常回去，气氛也不错，休闲娱乐，还有乐队表演，适合朋友聚会，休闲小憩,1
9262,因为是在单位附近嘛 所以经常是约了同事两三个一起去吃个午饭\n每次必点的就那么几个，像是香菇菜心什么的\n这次看到了新出来的碳烤牛蛙\n很不错 量很大\n这家店的烤鱼也很不错,1
41453,和朋友共四个人，要了一个小包房，满意极了\n点了酸菜鱼、一个什么鸭子、铁板杏鲍菇、凉菜、毛氏红烧肉、酱油炒饭\n味道整体来说还可以，因为朋友不能吃辣的，所以没有点正宗湘菜\n服务员态度很好，就是有些沉闷,1
19952,每天15：30—19：00\n是小店买栗子长龙队最长的时间段\n但是交通极方便\n国华后头\n面爱面边上\n我吃不出什么特色\n纯粹飘过玩的,0
32006,"下午一点多进去了.里面没什么人,不用等位.点了湘西霸王蛙和十里香牛肉,还有乌梅汁,我和我同事都喜欢吃牛蛙,所以牛肉没吃多少,两个人一直就盯着牛蛙吃,牛蛙里的配菜很多的,实际牛肉也是很美味的,就是辣椒太多了.",1
24541,对天使食府的味道一直很认可，特别是石锅凤爪，几乎到了逢吃必点的地步。但是对于西客站南广场（好像是总店）的服务一直不敢苟同，叫服务员半天不应，且爱理不理，几次到了想吵架的地步。那天晚上到人大店对天使食府印象大为改观，首先是服务员一直都很有礼貌。关键是我们当时点了一份小炒猪肝，因为炒得太嫩布满血丝，我们请服务员让厨师回个锅炒得老一点，结果过了一会儿服务员重新上了一盘，说厨师说猪肝一回锅就老得没法吃了，于是给我们重新炒了一份，这份仍然有血丝，但不能再老了，如果不能接受可以换个菜。一方面尊重客人的意见，一方面坚持自己的美食操守（不一味为迎合客人需求而砸了自己招牌），赞一个。,1
37078,买了仙草奶茶，标准杯5元。仙草给的蛮多的。味道不错，奶味浓郁。有些品种的价格也比快乐柠檬便宜，以后还会买他家的奶茶的~,1
10186,男友小组活动，选了那里。大包间没有了，只能选择2个小包。东西味道还行，但价格不便宜，特别是饮料。\n饭店空调开得特别高，不得不多点饮料，吃下来，人均100了，有些贵呢。,0
29550,最近才知道原来必胜客还有单人六寸比萨，上个双休日两天中午我都去买了这个六寸比萨的外卖，第一次买的是香脆鸡肉，有点辣，第二次买的是超级至尊，都蛮好吃的。只是每次都要等二十分钟，但是二十分钟肯定能拿到，也算不错了。,1
17433,吃过它家的海鲜汤`还是蛮鲜的`不过是明显味精放多的缘故`\n鱼丸现做的`还是不错的`赞一记`\n真的也只能随便吃吃啦`,0
5794,去过两次了跟朋友们一起，他们家比望湘园便宜点，但是味道不如那边。剁椒鱼头没望湘园得好，干锅牛蛙还是可以的。。。主要还是蛮实惠 以后还去,0
14138,因为这家“新亚”离开单位比较近，所以早上和中午会经常光临，特别是单位改革取消了内部食堂后，去的次数更多了些。在这里用简餐——干净、卫生、节省时间、花色品种繁多、味道也蛮可口，价格嘛相对而言有点小贵。,1
42249,在美国很少看到有排那么长的队伍，去前台领个号，于是拿到一块巴掌大的红色半透明手牌，并告知大约要等待30分钟时间。趁着等位的时机去边上的NorthFace淘了些东西。因为怕错过叫号，结了帐马上出来在下沉广场里等着。突然，手中的红色手牌开始振动，且发出红光。于是意识到这是餐厅在call我，走到前台一问，果然table已经准备好。后来得知，这玩意儿能覆盖几百米的距离，餐厅鼓励等位的顾客去周围逛逛，一旦准备就绪便通过手牌提醒客户，以避免食客因为干等而破坏了就餐的好心情。\nMenu里的选择非常多，基本上想得到的西式菜肴应有尽有。当然，消灭完主食之后就是该店的招牌甜点了，cheesecake！因为主食和甜品量很巨大，我要了light的cheesecake，结果，美国人的light一点都不light，很guilty地剩下了一大半。\n如果吃上三道菜，人均至少40美金，但绝对物超所值。各位如果顺道经过或者逗留在芝加哥，记得去尝一下哦！,1
25647,来这里参加过一次婚礼。。\n感觉菜没啥好吃的\n但是价格却不便宜。。主要是地段好。。\n其他还真的没有啥好的地方呢。不个算的。。嘿,0
26681,团购去的，双人套餐竟然很丰富，俩个女生没吃完，披萨，意面，沙拉，鸡翅，饮料，听着歌手唱歌，配着幽暗的环境，有种昏昏欲睡的感觉。还可以吧,1
24812,浦三路上的一家小店，门口贴着：泰奇小方的照片，进店一看，这块小方要14元，真贵…\n店面不大，不过装修比较温馨。\n本事想买抹茶红豆吐司的，个人比较红豆控，不过抹茶红豆吐司的颜色看起来有点怪怪的，这个绿色显得有些过于绿了，于是作罢。\n选择了全麦核桃吐司，当做明天的早饭~\n店里可以使用OK卡，这点还是比较方便的，是招行信用卡的优惠商铺，买奶茶可以打85折好像。,0
17588,打完游戏，和朋友过来吃点东西，填一下肚子。\n东西全国都是一个味儿，汉堡也比全国的kfc卖的都要小。\n咖啡简直不如自己泡的速溶。\n最杯具的莫过于巨无霸，这名字起的简直就是对人类智商的侮辱啊。。。\n24小时营业的，很多人晚上来这呆着，等待一些事情的发生。。。\n女厕一如既往的排队。我幸灾乐祸似的从旁边走过，进了男厕。出来后排列的队伍毫无变化，深感。。。,0
9567,服务员普通话说不好，沟通费劲。吧台的服务员说不清地点，态度一般。不过吃上了服务还成，上东西挺快的，但是没人给我烤。味道还不错,0
7492,每次经过都好多人，无奈近视眼看不清楚具体都买了些什么，只是感觉应该很好吃。。\n有次饿了便过去看看，哦，鸡排？我喜欢。。看看价格，9块不便宜阿，不过呢么多人买总有原因的吧，要了原味的鸡排。。（尝试陌生事物时，总是原味的最好）。。\n等了大概8分钟吧。。一个妹妹拿着某个块状物出来，然后问我是不是现在吃，扼。。恩。。见手起刀落，pang～pang～pang~吓我一跳。。。\n然后第递出来好大一份，真的好大一份～～鸡块。。\n鸡块炸的过了少许有点点老。。影响了点口感，但是分量很十足，外面的面包粉也有点稍微硬了，但是不厚，这点不错。。撒了少许的胡椒，恩，很香。。\n如果饿了买一分垫垫是很不错的选择。。对了，天热还送饮料。。虽然举动小但是很贴心。。\n相对价格，性价比满高的。。就是炸的时间还需要稍微调整下。。,1
33410,购物环境还是比较好的，但满意的商品并不太多，需要有时间有精力地耐心淘一下。\n成人女装喜欢的不多，儿童服装品牌比较多，款式也多，只是价格小贵。看中一款美人鱼的儿童薄被，很漂亮，398元买下，有些贵哟。儿童装买一些做活动打折的商品还可以接受。\n超市里的东西感觉没有双安的好，品种没有太丰富的，价格要稍贵些。\n超市有自助存包的柜子，但有了问题找工作人员有些费劲儿....\n停车场工作人员的态度不错，很热心给找车位。停车车场比较大，但停放的车辆比较多，车位也是比较紧张的。,0
14292,上次朋友请客带我们过去的，那是他心里不好受，唱的都是一些发泄的歌，O(∩_∩)O~。里面的音响还很给力，环境也不错，点歌新歌也挺多，由于是吃了饭再去k的，所以自助餐没尝试。,1
36976,其实就是仿呷哺的，从营销到口味都是差不多的~所以各方面的表现和呷哺也差不多，地方小了点，有点挤，价格还可以，也算不上便宜~个人觉得调料的选择有点少~自制的酸梅汤倒是味道挺好的~\n  总之，无功无过的地方，冬天吃火锅神马的还是挺适合的，暖和，方便，实惠，而且吃得也很饱~~,0
6816,刺身很新鲜~吃日料我就爱三文鱼~~~~其他生鱼片也很嗲。。。。哈哈.我们点了没有铁板（？）的那种自助118一人，三个人吃自助刚刚好 很喜欢。老板人不错 哈哈,1
33256,每个星期都会去个2~3次 已经习惯路过进去买杯香草拿铁了。\n有时下班不高兴回家 就去里面小做会上上网。\n毕竟是宝山的么 感觉总归很情切,1
42735,暑假的话，周一到周五上午去很便宜，12块一个人3小时，3人起算~\n我和猫猫只有两个人，平均下来18一个人，也合算的啦。\n上海歌城应该算学生去的比较多的地方，价格能接受，音箱效果、包房都不错，\n歌也更新较快，所以综合下来，性价比很高，尤其是地段好，各大商业区都有，\n满足了我们吃喝玩乐的各种需求，嘿嘿O(∩_∩)O~\n和猫猫玩唱的很开心哦，最重要的是给了我们个大包，爽死了，下次还来这儿唱！,1
5532,一个字；贵! 他家的店估计也只能开在这种高档商业区，点菜的时候真的要想想，可以选择的较少，而且价格都比较高，只能适合有点钱的小资来消费。味道也就一般般，没有什么东西是你吃了，过几天还可以想起来再来吃的。,0
184,喜欢它家的波霸珍珠奶茶  味道很不错哦  个人感觉比快乐柠檬要好喝 可能因为在角落里 不太让人注意到 所以感觉人气不是很旺,1
1235,这儿的头脑超有名，但是我始终不习惯那味道，虽然是很有营养。最喜欢吃的是这里的烧麦，馅儿很香，皮有嚼劲也不至于干，就是很喜欢。,1
25481,老房子，不过好多都在改造，都改成了一家家的小资咖啡店。一路过去店家几乎都养个小狗小猫招呼生意。\n不过那个河真是比较脏。,0
4151,住家附近唯一一家人气长盛不衰的饭店，这一带的饭店很少能开成这样的，开业有几年了吧，门口的车位一直不够停，相比虎林路上的老店差距很大哎，老店那里MS一直人气不够啊。菜价在附近的饭店中属于略高的，不过既然能称之私房菜，厨子手里还是有那么两把刀的，去过几次感觉味道还真不错，喜欢三黄鸡、海蛰，还有酱油白米虾也做的不错，其它的菜都忘记了，不过做得还算蛮地道的口味很正。,1
32246,没有周庄那样的浓厚商业氛围，没有乌镇那样的人头攒动，同里古镇才能更好的体现古色古香，人情味十足。小桥流水人家，在这里你可以看个够。划着小船在古镇里穿梭，看镇子里居民来来往往，这才是生活，而不是景点。古镇中有一个小园林，虽然小，但是设计非常精巧，值得一去。,1
2052,粥太稀了 鸡排冷的 面粉太多 但是配上几个菜一顿饭还是可以打发的 价钱也比较实惠的 小菜和粥都上的比较快 不是很喜欢拼桌吃东西,0
19803,这家店近来发展了很多分店哦，感觉生意挺好的。其实就有点像肯德基的鸡肉卷，都是面皮包裹馅料，只是这家店得馅料选择要多得多。味道嘛还是可以哈，算是中式快餐了。,0
20434,哈，算是新店哦，最先看到的是羊毛的袜子，好彩色好漂亮\n有个像袜套一样的，好多可爱的形象，小猪、猴子头都有的。内内和袜子也有，都是毛茸茸的，喜欢啊~~,1
38580,"这家店超级便宜的.虽然便宜,但绝不会用差字来评价.\n又想便宜,又想美味,很难做得到.要求不是特高的人,来这家店其实是不错的.\npizze 十几二十块,蛮多芝士的,便宜用好吃,2个人一个,再点小食的话,吃不完的.\n佛罗伦萨浇汁汉堡 不错,我喜欢吃旁边的薯片,也有单点的薯片和肠仔拼盘的.\n花甲还是青口意粉 很不错,就是海鲜太少了.才2.3个而已,再多点就好了\n番茄鸡翅 超划算12元4个鸡中翅!很好吃!去到必点.推荐\n芝士焗扇贝 味道还OK,吃多了有点腻.\n炸虾 好吃!但给的沙拉酱太少了,不够沾.\n畅饮 才6块,不停的喝喝喝.\n这家店唯一的缺点是,位置之间太窄了,人多去装饮料非常的不方便.\n而且开在东门这么热闹的地方,应该要扩大扩大再扩大.",1
867,椒盐酥超级好吃，去他们家只买这个，不过有时候下午3点多都没了··你们能多做些吗？？？就是冲着这个去的，还好几次都卖完了··哎1,0
25837,离学校很近，有段时间拿学生证30块左右（具体数字忘了）一个人，可以唱3个小时，还送简餐（就是盒饭）\n音效不错，环境很好\n最近新装修了，还没去过，改天去看看，环境应该更好了吧，呵呵,1
40932,难道是因为非饭点的关系么，人很少。寿司的味道也很一般。三文鱼寿司上面的鱼生还是满厚实新鲜的，但是下面的饭团有些松散，一蘸酱油，就掉米粒子……烤鳗鱼寿司也是同样的问题，虽然上面的烤鳗还不错。,0
17368,经常路过\n还以为是卖馒头的\n那天忽然想看看到底是什么\n便走进看看\n原来是—水煎包\n馅料分三种\n牛肉 白萝卜 2.5元/个\n扁豆 猪肉  2.5元/个\n素馅：韭菜 鸡蛋 粉条 木耳 2元/个\n几种馅都买了\n都挺好吃的\n肉的馅很实在 大大的肉球with萝卜或扁豆\n很香\n素的馅料很多 吃起来也很清淡\n真可谓\n鲜、焦、酥、脆、香于一体\n包装也是环保的小袋袋\n没想到偶然碰到了好吃的~~,0
44855,中午 这边人不多 \n味道和其他店都差不多 \n随便吃吃还是可以的 \n就是我和同事点的多了 \n基本都没有吃完\n可惜了 随便吃吃还是可以的,0
21003,周末去的，朋友早到了再包房里，包房的空调不给力，热死了，还会经常跳闸。。。\n环境嘛，2层楼，2楼比较宽阔，但是装修很老旧\n老板换人了，不是明星任泉了- -\n食物味道还可以，辣子鱼、鸭头很好吃。。。其他一般,0
44414,稍微比168贵点，但是其实类型是差不多的。要讲特别的地方是装修比较温馨，感觉比较舒服，可能这样才对得起价格嘛！,0
44755,公司搞活动  DP 一搜就这家了\n我们一行人 大小23个人，那里就让我们包场了，哈哈\n预定了2桌，准备2只土鸡80元一只，8个蔬菜8元一份吧！具体不记得了\n菜饭10元一个人，管饱的！不过后来饭不够了，有几个同事都没有吃饱！\n对不起，我预定的时候忘记说了，我们公司男生多，而且胃口超级好！\n土鸡蔬菜都是他们自己种的，很健康！\n离市区还是蛮近，开车过去很方便的\n赵老板对人很热情，服务非常周到。我们自己带了烧烤的东西去，老板已经帮我们把烧烤炉都弄好了，保证我们将所有的东西都烧烤完，阿姨还帮我们提供了油。。。帮我们把大块的肉，分成小块，真好！\n上海已经很少有这种地方了，比较私密，搞团队活动很适合！,0
138,自助餐烧烤思密达！（这个，不属于宇宙？）\n   门口老板在热情招呼着，门口交钱进去，左边是座位，右边是选餐区。\n   种类很丰富么，凉菜热菜。。。白酒啤酒便宜红酒---当然我们是来吃韩式烧烤的。\n   \n   围着一座，香菇，肉啊什么的都来烧烤，人流量不小。自助么，味道就看自己吧，服务上换盘子也算及时。\n   亮点在于：他家的鲜榨果汁不错，各种的喝了好几杯。。。,0
16256,东坡肉肥而不腻，很难得呀；\n鱼头汤乳白色，不知是不是放了牛奶，还担心是勾兑的汤，但真的很好喝，喝了好几碗呢；\n小河虾也很不错，酥酥的，咸淡刚好\n芦蒿很新鲜，不错,1
24944,饭店的规模倒是蛮大的，位置不是特别号找，吃的东西的话，算是北方口味，还蛮不错的，就是烤鸭一般吧，也不是特别的出彩，服务的态度一般般,1
40324,顺风真是风的速度啊，超级的快，基本上最慢，最远的东西，也就是2天也就到了，很多都是隔天到，所以价格贵点也能接受，主要是还可以当面验货，真的很不错，许多地方根本就不让验货,1
13979,彩虹坊的老板真会做生意，利用以前看菜的地方开了中式快餐，人经常暴多，不过确实给周边找了个吃客饭的地方。东西很干净，味道也比较清淡，挺不错。停车就停彩虹坊的停车场，比较方便~,0
2455,同学聚会，餐前上了一盘芦柑，餐后没有水果，去问了一下，就是这盘，一人吃不到一个，有点怪怪的。菜和江南阿二的差不多，生意感觉非常好，可能是周末去的关系，停车不是很方便，应该是那一带餐厅的通病吧。晚上六点多到，门口这条路的一侧（允许停车的位置）全满了，靠近餐厅的那个停车场全满，车辆排对很长，纠结了很久还是在后面排队。停车费4元/小时，临走的时候问服务员是不是拿停车券，服务员很无辜的看看我说“我们不负责停车的”，听不懂，后来知道停车费他们不给的，自己出。服务员可能很少，可能是现在人员不好招工的原因吧，理解。菜的量很少，总之感觉一般@！,1
21038,团了两个免费的小紫薯，离gg住的地方很久，就去领了一下\n真是小啊，有一个只有拇指大，另一个大点\n不过既然是免费的，就还凑合了,0
17329,兔子烤完服务生在一旁的桌子上撕好拌上调料才上的，分麻辣，和五香的。觉得还是五香的好吃。兔子头很好吃呀，还打包了4个。烤兔子也好吃，钵钵鸡不喜欢。不过吃烤兔要趁早啊，趁年轻牙口好。嘎嘎~~,1
32415,小百花真的很有名，什么时候来人都很多，沿路有好几家饭店，但是只有他们家门口停的车最多\n东西量大实惠，有些野菜很好吃，绝对的无污染纯天然\n炸油性和炸糕一定要吃，每次必点\n去的当天有朋友过生日，还特地送了一大碗长寿面,1
38107,是个老牌子的店了，过节和家人一起聚聚，蛮适合老人家的口味的。\n冷菜蛮精致的，热菜很有以前的味道，吃了很开心。环境服务也不错。,1
10763,当时鲜肉小笼一笼五元八个而且有汤汁味道也是我喜欢的喔 环境一般还算干净 几张桌子 店面不大 有其它吃的不过没吃,1
36807,手撕狗肉味道不错，不过总觉得好像是别人剩下的狗肉给撕的，呵呵。\n有包房，其他的菜品价格都不贵，比较经济实惠吧。\n但并无太大特色。,1
25028,每次来交大\n老公必推荐的饭店\n很正宗的新疆饭菜\n揪片子很赞的.汤的味道很妙~\n炒烤肉和馕的火候掌握的也很好\n不推荐吃家常菜.\n牛肉粉丝汤很好喝\n丁丁炒面是老公的最爱\n来2串烤肉.羊肉很嫩\n再来瓶肖尔布拉克\n不醉不休~^,1
16767,昨晚在兴隆公园玩到8点半，开始下雨了，朋友刚过来，还没玩呢，我们就直接奔到了这家。话说，我第一次玩卡丁车就是在这玩的，那时没玩过，开的也慢。现在快多了，一般人也超不了我了。买的全价票，一次110。真不愧是贵族运动，是够贵的，几分钟100多就没了。之的气氛挺好的，美女也多，听说平乐园那家环境更好，是夜店形式的，有机会去试试。为什么我每次玩卡丁车都会把腿撞青呀，55555，明明记得没撞到的。方向盘太沉了，一次下来胳膊手的酸痛无力，吃饭时都快拿不动筷子了。,1
28094,服务员收碗筷时，毫无收敛，感觉直接往框里扔的，噪音！！环境实在太差了，服务一塌糊涂。整个百联里，还没碰到过这样的。员工有没有培训过啊？！,0
42119,没有办法，别人请才去的，不然都不知道，有点小失望的，服务员素质一般，菜也上的慢，唉~~~~希望有下次去的时候能有所改进，希望吧...,0
32578,就在公司楼下，天气不好就都在这解决午饭，加班更是选择这里。因为在外面大概也要28元左右的午餐，因此在这吃还算便宜的。但说实话他家东西还是贵，不过贵有贵的道理，看着真挺干净，厨房准备都是透明的。\n最爱吃的面点：榴莲酥、玉米酥、虾饺、烧卖、煎饺、馅饼等等。\n奶茶太甜了。\n炒菜给的越来越少，抠门的要命，一个大男生一份根本不够吃。,1
40810,很幸运第一次抽到试吃，地点很好找，7号线昌平路上来斜对面，一眼就看到很醒目的招牌，名字特奇怪了，很容易记，我玩到了一刻钟，让试吃团友久等了，这次有两桌，一桌全女将，我们这边还有片绿叶，都靠他带动了气氛，与其他三位认识的团友聊的很开，把我也带入了其中，言归正传，说说吃的\n冷菜：木耳（脆而辣），海带丝（辣），口水鸡（很辣，很入味，嫩），花生米（一般），冷菜开始就领教了这家是辣菜的店的威力，辣！！！\n热菜：\n1、酸菜鱼\n一大锅，鱼肉很多，很嫩，一片片鱼肉很大，但酸菜切太大了，无法吃，汤味不错，酸的正好，辣的也正好，后来涮菜的时候还用了这锅汤。\n2、干锅迷踪蟹\n最近大闸蟹吃多了，对蟹失去了兴趣，这家蟹切太小了，没什么肉，盖子也没有膏啊黄啊什么的，蟹钳也没肉，很硬，没怎么吃，还是年糕和藕片好吃，干锅的方法做蟹觉得味道很难进入。\n3、馋嘴牛蛙\n表扬一下，很入味很好吃，但是，，，但是，，，太慢了吧，我们都吃涮菜好久了才上的，也催了好久，可能那么久，才那么入味的吧，蛙肉很嫩，莴笋什么的辅料也好吃，不是太辣，很回味。\n4、涮菜\n表扬精品肥牛和猪脑，就靠这两样吃饱的，精品肥牛很新鲜，肉色偏红，光泽度也有，一烫就可以吃，不老，猪脑是我每次火锅必点的最爱，这家猪脑很干净，没有什么异味，入口即化，想到口水就下来了，其他涮菜什么的蔬菜还可以，蛋饺千万别点。\n5、调料\n建议多跟豆捞或吴记学学，这家的调料不喜欢，酱都太厚，而且都有异味，花生酱异味最重，最后都一直在蘸醋\n6、饮料\n试吃就是好，可以畅饮，椰奶、王老吉、可乐、雪碧、啤酒都可以，随便喝，喝饮料就能喝饱\n7、服务\n阿姨很好很可爱很亲切，服务很周到，跟我们很聊的开，还不停帮我们拿菜，叫我们多吃点\n8、环境\n地上很滑，拿酱的时滑了下，厕所更滑，差点摔倒，包间有点小，有点挤，外面放满了雪花啤酒，看着不舒服，拿酱的地方的碗放在消毒柜里的，但水没有沥干\n总体来说，交了朋友是最大的收获，以后想吃馋嘴牛蛙可以来这家。,1
15755,环境以怀旧为主题，老式电视机、电风扇、黑胶碟、小人书、飞行器、跳格子····复古气息十足，色调清爽温馨，座椅简单舒适。\n主要供应意式咖啡、茶、果汁、西式简餐、三明治、汉堡、沙拉、水果盘、甜品 等。,1
6101,专门注册了账号来评价大妙。可能我是为数较少对这家评价不好的。因为作为成都中高档火锅店，在大妙我算是开了眼界。\n这家点菜是没有竹简的，菜也是随便放盘子里的，味道还可以，但是比较咸\n环境好的都被隔出来收包间费了\n让我很无语的是服务非常差，服务员架子很大，小妹儿来就把土豆连同盘子叠在笋片王上面，第一次遇到这种情况，说了她一句，还朝我翻白眼。\n吃了一半，一桌客人和火锅店发生冲突，我去围观时，居然看到五六个男员工操着棍子要打客人，不清楚冲突原因，但是打客人这种事情实在不应该，让其他客人很没有安全感\n说下菜品，鸭肠分量很多\n但是麻辣牛肉，太嫩了，已经完全改变了牛肉的结构，很不喜欢,0
14831,环境真是非常棒，绿树小溪环绕，完全露天。\n早餐口味不错，特别是面包类做得很好！表扬！\n服务不错，就是早餐时间人比较多，服务员有些忙得来不及收拾但态度一级棒！,1
29902,正好現在上班在那邊- -中飯就在那邊打發打發咯。。。這個服務太態真是不敢恭維了。。。不過算了。。。客人多 服務員少 也就這個樣了啦 只吃了一次。。。下次再去吃吃。。。小籠還可以啦，，，湯就表去吃了 實在是不靈 雖然是便宜但太難吃類。。。。。。下次吃小餛飩幫拌面。。。,0
44815,今天中午去尝试了一次，总体感觉不错的。店堂不算大，布置得挺雅致，门口有很大的“莲”字，还有一尊大莲花饰物，除了两三个大圆桌的包房（与总体环境不协调，哪有坐圆台面吃日本料理的？败笔），有七八个四人座的小包厢（没有门只是木饰隔断），还有一般的小方桌和一条类似吧台但两边都设座位的大长桌。没想到不大的空间里竟布置了这么多种不同类型的座位，看来花了点心思。放题分118和188两种，后者饮料清酒畅饮并可点菜单上带红星的菜（各种鱼卵，烤鳗鱼盐烤虾等），大家比较后一致认为118更实惠。点了各类刺身，和风牛肉，红酒牛舌，烤秋刀鱼，牛肉寿司，鳗鱼手卷，冷豆腐，海鲜炖锅等等，味道真的挺不错，尤其是刺身和牛肉。中午的生意蛮不错的，在这么偏僻处能保证如此客流实在是不容易啊！,1
4491,买了理肤泉的身体乳用的，感觉挺好用的，保湿很好，而且又不会有黏黏的感觉，味道淡淡的，很适合干燥皮肤用，我一直在用,1
10107,貌似我来的就是这里，来过许多次。。。\n也就是环境好点儿吧。。。从体育场徒步过来实在没什么地儿可去的。。。\n吃的东西。。。一般。。。只是有一次烤小牛排，那天运气好，好好吃~！！\n其他都一般。。。\n好吧，我是来赚积分的。。。。。,0
20710,三明治味道非常好，也很实惠，中午到下午一个三明治配一份沙拉，一杯饮料。\n沙拉选的是健康指导，是吃过最好吃的沙拉~\n朋友点的汉堡，巨大个，觉得一个人吃不完，里面的肉饼也很瓷实。\n薯条是那种粗的美式薯条~\n外国人真的很多，不过由于很多人抽那种水烟，觉得很呛。。。,1
39711,本来打算在二楼点菜的，但是点来点去都说没有，哎...\n后来到一楼点了白斩鸡、鱼丸菠菜砂锅、葱油拌面和焖肉面。\n鱼丸都是淀粉，不好吃。葱油拌面的葱油太少，偏咸。焖肉面就一块肉和一点面，内容少得可怜。白斩鸡是他家的招牌，再做不好就倒了。\n人很多，要等位，服务态度差，要自助的。,0
26866,很有创意的菜馆，环境不错，服务挺好的，菜的味道也很不错的！点了小烧羊排 昔巷酸瓜干肠 秘制鸡翅 樱桃鱼块，味道鲜美，口感也很赞的！,1
41817,其实我蛮喜欢台巴子开的店的，比较规范，上菜速度块，味道也不错。\n一般去南京东路常常去新世界的一茶一坐，这里倒是第一次来\n这里人气明显不足，不过位置比新世界要来的宽敞舒适，而且一个一个小隔间，私密性也相对比较好~\n味道也就如此，自从有了套餐，点菜不再伤脑经~点了2份套餐，品种较多，营养丰富，~比较喜欢配菜中的酱肉糜~\n朋友小聚聚，随便吃吃聊聊还蛮不错的地方\n2010-10-02 with Mr.Happy,1
15707,地方挺不错，设备新，教练很热情，最主要价格蛮合理的。\n动感单车教练非常有激情，一节课下来，感觉燃烧了好多热量。\n操房很有感觉，全透明的，但是有若隐若现的帷幔，很喜欢~\n本来一直觉得跑步很枯燥，不过这边的跑步机正对着一堵玻璃墙，下面是游泳馆，一边看着别人游泳，一边跑步，感觉时间过的很快啊~\n总体感觉，这里很不错~,1
27059,昨天和朋友一起去的，大约是8点多，点了水果茶，珍珠奶茶，苹果饼还有一份双鱿饭。\n  水果茶酸酸的，一定要放糖，太酸了点，那个双鱿饭不错，虾仁和鱿鱼比较嫩的，就是味道有点太清淡了，随便吃吃好是可以的。\n  最喜欢这边的环境，很幽雅。,0
11461,真的是旧了啊、、本来和同学还兴致勃勃的去的，一到，太失望了，机子哈多都玩不了了，只能玩玩赌博机、、哎，不会再去了、、亏它位置还不错,0
31800,在西安待了4年，老早听说竹园村的大名，师请客吃的第一顿饭在竹园村吃的，好像这是惯例，老师是重庆的喜欢吃火锅，可是吃了以后我没觉得口味有多么的特别，而且服务什么的也有待提高，。。。。,0
24264,路过看到“座上客”，上个月和LP去南京玩，对这家记忆深刻，在南京看到满街到处都是呢，没留意原来北京也有啊，呵呵。\n可能因为 我不太对这些零食感兴趣，但是因为第一次注意北京也有店，特意进去看了看，虽然门脸不大，倒是干净爽目，那么多的种类可以随便选。\n过年了，现在还有优惠活动。,1
30419,在恒隆上吃饭，吃完楼下晃一圈。\n准备去买戒指，在宝格丽的Zero1中和卡地亚的Love中挑选，最后老公说两款都不美，硬是说Trinity漂亮。\n于是二话没说买单，戴在手上确实很特别！寓意也很好，三生三世。,1
2971,菜的量不多，所以点了很多，基本把推荐的热门菜都点了一遍。\n最喜欢双皮奶和烤鸭，好吃啊！云吞也不错，推荐~\n下午茶和朋友去吃吃聊聊还是很不错的选择,1
40458,这家烤肉味道一般，除了调料和酱汁要多点，服务态度还是比较好的。菜的种类还是比较多。价格好像有点贵，不过拿和信通的卡比较划算，还打8.8折,0
35881,超市里也有这个牌子的点心，但总感觉不如面包店里做出来的好吃，可能是没有那么新鲜。倒是中秋节在这儿买过一盒水果月饼觉得味道很一般。,1
1142,婚展上看到这家，西装都比较偏欧美系，偶喜欢的呀~咔咔~\n婚展上搞活动，上衣加裤子加衬衫加马甲和领结一共3680和4K+两种~\n服务生说婚礼结束后还可以免费把西装改成平时穿的那类，因为婚礼穿的会比较D闪~\n这一点看来还是蛮划算D~偶也不想让一套衣服老是压箱底~~~\n撒莫时候让瓶子去店里试穿几~~~FUFU~\nP.S 好像金大班里仔仔的衣服就是他家做D~？他家的广告牌上那么写的~笑颜~~~,1
40354,没什么多大特色\n价钱不具有竞争力\n这年头吃泡饭榨菜也能开个店啊。。\n整体感觉一般\n还不如在饭店吃自助早餐呢 \n不是很划算。。,0
23608,一直一直喜欢椰丝球，红房子的黄油椰丝球，不怎么好吃，有点硬，没有奶油味，能吃到一粒粒的白砂糖~\n没有老的苹果花园好吃~\n现在椰丝球是越来越难买到了，大家有木有觉得？\n最后，来说说价格，这个椰丝球是称斤卖的，核算下来要4-5毛一小个~\n上海红房子西点，要挺住啊，牌子不要做瘫了...\n个人还是觉得哈尔滨食品厂的东西更加诱人~,0
26366,提早去定的位子和点的菜，那里人本来也不多，用了最大的包房，看上去很宽敞。\n里面的菜味道都很不错，栗子最好吃，乌江鱼也不错。\n就是鹅掌，价格贵了点，没有烧入味。,1
3221,西餐厅的环境挺好，食物的水准都可以，颇有西式的味道。座椅坐得几舒服，和三两知己在这里聊天的感觉唔错。服务员的态度都挺亲切，食物价钱偏贵了点。,1
2319,看到网上做推荐，我就去了。\n瘦腰腹10次，因为要一天隔一天去，我就选了离家近的虹口店。店员很亲切，让我觉得很舒服，需要一个小时左右的时间。是全手工的，没有仪器，据说是拍打点穴然后让脂肪自己燃烧掉，不是减水分，所以是一个部位一个部位分开的。\n刚开始捏是有点痛哦，只好叫他们轻点，后来再拍打还要痛，不过第三次我已经能承受了。坐下来肚子热热的，是感觉很烧。然后特别想喝水，店员说，喝水帮助排毒的。\n目前做了5次，已经有点效果了，少了1公分的肚子。,1
13043,难得好吃的汤粉。粉没有越厨的劲道但非常入味。扎肉很好吃挖。\n汤粉可以自己添加辣椒料和柠檬汁。辣椒，哇，超级无敌辣，放汤粉里不觉得，误食之。。。只是含嘴里几秒就吐了，我的嘴巴确实含了有十来分钟的冰块才觉得好些。可怕的辣椒。\n主食+饮品 29文。\n饮品要的柠檬可乐，味道还不错。一听可乐自己倒在装号冰和柠檬的杯子，单点贵了些，摇12。\n另外点了小吃，这里的凤爪沙拉很好吃，也很足分量！酸辣适中，凤爪比较熟嫩，已不是很脆，不过和我口味，心满意足！才28一分。\n比中心城的越南春天好很多！\n另外看到说有越南语菜单，我没看到，只看到中英文。特地拍了菜单照片。很简单。,1
37327,总体来说，还行，因为这个价格想要太多的要求也不大现实。由于中午去较赶时间，没有来得及吃烤的菜式。三文鱼较少，并且我自己觉得一般。水果特别丰富，还有我喜欢的水果沙拉！,0
10598,海河边上的一家咖啡厅，空间很敞亮，分为上下两层，室内与室外。\n在楼上坐需要有200元的最低消费（又见最低消费，感觉老板太急着回本儿了。。。）\n窗户外有窗帘，把海河的美景全部挡上，不知用意何在。\n环境还算幽静。,0
20258,到了夏天嘛 就应该吃烧烤的嘛\n看到饭桶上有团购就毫不犹豫买了（主要觉得饭桶的团应该还是有保障的电话预约的时候说8点左右吧 结果老板很豪气的说 8点啊 肯定有座 不用订了 直接来吧\n端午放假第一天去的 7点半多点 想说有烧烤的地方肯定也有电视看世界杯 果然！\n可以选自己烤也可以老板烤 怕自己烤不熟还是交给老板了\n先上了两个凉菜（不可以自己选）然后两瓶饮料\n接着无数的串子就在我们看球的过程里上来了\n味道还行 无功无过吧 在我看来··没有过咸过辣过淡等等就是好串子··\n鸡膝骨啊 鸡翅膀啊 韭菜啊 那吃了一大堆之后 再来一根香香的烤玉米 很好很好呀\n我们坐在最里面 没什么烟 晚上天气也凉快 还可以坐外面\n老板态度很好的,1
22217,这店最近在做招行的活动\n人均28\n让人想起了几年前的凯威\n物价那个涨啊..\n凯威的味道在自助火锅里实在只能算一般\n不过便宜嘛也不能要求太高\n肉是随便拿的这点还是让很多大食量肉食群体心动的.,0
26320,在永新坊那里吃过两次~这家店生意哈好~不过菜确实实惠~而且量也OK~\n莲花广场好像是新开的吧~为此还特地办了张会员卡~HOHO~\n口水鸡很嫩~味道蛮好的~ 酸汤肥牛感觉好辣（偶不太能吃辣）~\n手撕包菜一般~没有很入味~ 干锅牛蛙~牛蛙哈大~不错~\n还点了一份紫薯的点心~球状的~忘记叫啥了~很好吃~一口气下去三个~嗲~,1
22732,之前和Terry來的，酸菜魚火鍋4-5年前在德林吃過好幾次後就沒怎麼吃過了。\n那時候最後一次去德林，覺得魚肉一次比一次少，少了很多，所以一直也沒去過了。\n幾年後打算再嘗嘗吧，德林因為看見點評說要排隊，看見這家是同一個老闆的，也沒來過，那就來隔壁這家吧。\n怕魚片少，我們2個人怕小鍋不夠吃，就點了一個大鍋 (58/青魚)，另外點了腐竹(5)、燕餃(10)、豆腐衣、油面筋、豆苗(3)、寬粉條(4)和肥牛肉(18)。\n魚還是一樣的嫩，由以前到現在還是不知道怎麼會做成這樣的口感? 是不是加了大量梳打粉? 真的不知道，魚肉已經有點不像魚肉了，不喜歡吃魚的Terry覺得很好吃。 湯底淡了，不過可能這樣比較健康一點，因為這種小店，濃濃口味的鍋底可能添加了更多嚇壞人的東西在裏面。\n飲料好像可以暢喝汽水或者每人一大瓶啤酒。不過我不想喝這種不冰的汽水，就問有沒有烏龍茶? 服務員說有的，樓上可以買，Terry到樓上，原來是棋牌室，烏龍茶8塊一瓶，搶錢哦。之後他到旁邊的便利店買。\n這頓下來非常飽，送了30元的券一個月內使用，下次來試試乾鍋中翅。\n_______________________________________________________________________\n乾鍋中翅去吃了，一鍋約20只中翅，我是一個超喜歡吃雞翅的人，所以如果想吃爽，基本我需要一個人吃一鍋。\n今天是跟Terry兩個人來的，本來想點一個中翅鍋再加一些小菜進去一起炒出來，服務員說不可以的，只能自己加生的東西進去讓裏面的油將它煮熟，恐怖呀，油火鍋。。。\n最後我們就只點一個乾鍋和2碗白米飯，好久沒吃過米飯了，算一算，應該有一個半月。吃了飯發覺的確比較有力氣，可能這就叫做 - 飯氣!,1
28546,香味很多的一家图书馆，和一般香水的感觉不同，比较清新，能感受到大自然的味道。\n格局改过几次了，原来二楼那个大间都是抽屉式样的，现在改掉了，感觉没原来好~可能看客多，买的少吧~\n喜欢那几款代表国外城市的香味~,1
20638,最近看网上俏江南的老总和大S炒的火热，便想起来，哦原来这里的总裁就是他啊！~\n话说真是，俏江南一夜爆红。\n以前到这边来吃过饭，很一般的饭馆了，价格也不算贵。\n跟老总比起来确实是有点寒酸了。,1
2369,他家的宫保鸡丁是招牌，只是这些年一直在涨价，给的却越发少了，味道感觉也不如以前……\n普通的北方家常菜味道都还可以，量也挺大的，只是都有些油……\n南方菜不要轻易尝试……\n值得一提的是他家的锅包肉还可以~~作为东北人觉得在北京吃到这样的也满足了。\n总的来讲就是，便宜实惠，上菜快。基本无服务可言。,0
12082,路过时发现这家人挺多的，昨晚特意来品品这老味鸡汤，\n环境不错，一楼都是小厢式的，适合情侣，\n环顾四周，每桌似乎都点了这招牌的鸡汤，\n大份是一整只鸡79，小份半只45，\n里面有蘑菇，粉条，面筋，\n不过鸡不是一只的鸡，发现2只鸡腿，一大一小，\n味道也就那么回事了，老公说还没有他煮的鸡汤好喝呢\n蜜汁酥鱼28，不错，就是鱼有点干\n凉拌苦菊12，调制的味道一般，\n茄子烧豆角14，没有点，不过价格比别家同规模的店要便宜些\n仅此来一次\n不知是不是人多就不经心了，鸡处理的不干净，鸡翅上有一缕鸡毛，\n苦菊中有一小虫子，\n没有发票,0
13455,之前吃了铁板自助，是点好了直接送上来那种，速度还比较快。牛排的味道还不错，一份的分量不多，还可以留着肚子吃点别的，基围虾和海鱼的味道都很不错，就是价位稍微偏高了一点。,1
36759,醒狮大酒店这家店的面积还挺大的，价格也挺实惠的。\n来这吃饭的人还算比较多，他们家主要是以川菜为主，味道挺棒的哦。,1
33123,之前去时搞活动，送了几张现金劵，感觉还蛮抵的，不过正价的话就贵了！人不多，不会很吵闹~~喜欢吃那个招牌手撕鸭~~剁椒鱼头~~,0
27060,"环境还可以,味道不错,就是价格贵了点,不过荐与他的名气，我们也没什么好说的\n清炒虾仁：河虾仁，很Q但又很嫩，很新鲜才有这样的口感\n清蒸鲥鱼：几乎隔几次去就要点一次，又鲜又好吃，美味啊～",1
6469,"上次去了人很多,选好菜刚坐下.就听到旁边桌在喊:老板你的菜杂个都是冷的哦.顿时被打晕了,生意好了就乱整了所.然后我们就决定换一家",0
19264,这家先于哈尔滨道那家开的，而且环境也比那家好，店面看似不大但暗藏玄机。因为中午客人多常常坐了半天没人招呼。我爱吃的菜就那么几样所以几乎每次去都点，如果常常去也就感觉没那么好吃了，推荐菜色：夫妻肺片、鱼香鸡丝、小排。。。。。。,1
31678,慕名而去 环境不错 服务态度好 在4楼的一个宴会厅吃的 摆3张桌\n 菜的味道没感觉如何好 只能说一般般 可能是中午吧 吃饭的人不是很多\n 大家聚会人很多 菜也一桌子 也记不太清了 照片也忘拍了 呵呵,0
11409,新店开业 店里很冷 穿着羽绒服吃饭 真是郁闷\n不给开发票 送的30元券不盖章 还有错别字\n虽然味道跟其它分店一样 但还是感觉不好,0
34699,有时候吃好饭会过来买点吃。\n一直吃，已经不知道该怎么评价了，吃多了就觉得也一般，感觉太甜了。\n基本每次都是点有巧克力的东西，感觉还不错。现在不喜欢那些加很多东西的，反而比较喜欢巧克力甜筒，简简单单味道也不错。\n店太小了，只有几个位子，不过一般都是买了带走的。,1
18164,通过携程的神秘房预定的酒店，价格上来说还是非常好的。酒店交通便利，邻近鲁班路地铁站，离高架也很近。周围便利店多，买东西也是很方便的。房间条件还是不错的，比较干净，上楼需要刷房卡，所以不会有闲杂人进入。缺点是隔音稍差，而且邻近街道的房间会有一点吵。室内唯一让我不喜欢的就是镜子对着床。,0
37184,当口很小，不过排队到是很长，中国人就是爱凑热闹，总喜欢去人打堆的地方。据说澳门只有这一家店，而且还是很古老的买卖方式，就一个人，而且只收现金，怪不得排那么长啦。这里的东东体积都较小，包装很朴素，味道过得去，也没有多神奇。个人认为没必要排队去等，人少的时候买来尝尝还行,1
23147,靠近火车站，交通便利，临近玄武湖，有个露台可以靠湖\n但是如果办婚宴的话觉得不是很够档次，毕竟从外观看没那么大气奢华\n菜还行,0
31093,主要是爸爸妈妈觉得还不错 我觉得中辣基本可以算不辣 下次尝试一下更辣的口味 人多服务就差 炒饭不让点 说没人做,0
44054,葛优代言的网站，个人还比较喜欢，虽然主页做的看着不那么舒服，也不是经常有点评这么好的团购吸引我，但是觉得退款什么的服务还比较好，比较方便，所以也是经常去看看的,0
25244,朋友请客在里面吃的，食堂嘛感觉味道一般，环境也一般，就是比较便宜，在这吃饭的学生还不少。总体来说是能吃饱肚子价格又便宜是首选的食堂。,0
10174,漕河泾开发区华美达酒店里面，毗邻漕宝路，交通挺方便。\n田林附近吃日料的挺少，能想到的估计都在虹梅路附近了。所以这家周末还是第一次去。\n正好朋友提起，所以决定去试试看。\n周六晚餐，人还蛮多，榻榻米的包房都做了一堆人\n服务生mm，上来就问是团购吗？呵呵，看来他们的团购用户相当的量大呀\n可惜，我们不是，也不是吃自助，所以就要菜单单点啦\n和一般的日料店差不多，能想到了都有了\n【刺身】，点了个最大号的拼盘，168/份，7品的样子，鱼生都还挺新鲜，不过最喜欢里面的甜虾\n【鳗鱼小卷】，寿司饭蛮软的，一个一个的那种小圈，6个 18元/份\n【三文鱼寿司】这个鱼生薄了点，小纠结\n【铁板牛舌】大厨现在做的那种，可惜有点老\n【炸多春鱼】大爱的多春，外面还裹了芝麻，第一次吃裹芝麻的\n【烤秋刀鱼】\n【冷荞麦】这个小失望，面的问题，估计冰水过水的时候疏忽了，面有点粘，不爽滑\n【xxx蛋沙拉】要推荐下，蛋白做托，里面盛了蛋黄和三文鱼肉丁混合的沙拉在，精致好味的很\n【大虾天妇罗】这个也要推荐下，面粉少，怕胖的mm就不用担心啦\n【朝日生啤】48/扎 还好吧，其他果汁什么的比价贵\n所以，总的来说，单点比自助（晚市168/人）划算吧。\n席间，榻榻米包房里有个萌妹子，萌得某人心花怒放，求妹子同影，妹子害羞的跑了。哈哈，要mark下~,1
29897,去它家是因为朋友墙裂推荐的~~\n吃的微辣和超级辣，超级辣真的是无福消受啊，吃一口就辣好久哦！！！\n特别佩服那些吃到脸和胃抽筋依然再吃的人。\n它家还有一个比较好玩的地方，就是拿喇叭在门口喊，“我爱吃肥猫”，就会赠送一盘午餐肉，还不错哦！！,1
16179,总体评价：烤龙虾（每人限量一只）和哈根达斯是亮点，其它菜品很一般，环境非常好，价格不菲，性价比不是很高；除非这一餐最看重环境。\n1、咖啡和冰水是免费的，饮料是需要另付费的，20元/人不限量，有番石榴汁（推荐）、苹果汁、西柚汁、芒果汁，有时候会碰到卖光了，没有货的情况；\n2、菜品方面，差强人意，其实现在生活条件好了，大鱼大肉也吃不进的，更倾向于菜肴的精致化，比如这边类似咖喱牛肉、橙汁鸡肉的，一大块一大块，基本上没什么人吃。海鲜类，品种不是很多，三文鱼最受欢迎，夹光了，要很久才上来，生蚝还不错挺新鲜的，剥好一条条的是螃蟹肉吧，口感一般；虽然大家都在说能吃到龙虾，但实际情况是：烤龙虾一般要到8点左右才出来，走的早的，根本没吃到；哈根达斯的四个口味：巧克力、草莓、曲奇和绿茶（自从绿茶粉被暴光我就不敢吃了），怎么说呢？毕竟是有，虽然就那么几个口味。\n3、环境挺好的，当天订位还能订的到，早一点的话，可以订到靠湖边的。酒店比较气派，宴请宾朋是够档次的，但如果是自家吃吃，只能说噱头挺大的，但实际真的一般；,0
40242,每次去都是点酸菜鱼 味道不错 鱼肉有入味  很顺滑  记得最早还是5年前就去吃过了 跟我老婆第2次约会的时候去的 没有想到5年后变成2夫妻带2小孩去了 真是光阴似箭啊   味道都还是一样不错 服务还是也一样的不好,0
22400,密云县唯一一家麦当劳了，开车不下车就可以买东西。在加油站的旁边，位置还可以。单独一个小楼，远远看着感觉很不错。吃的东西就不说了，里面的环境不错，有两层楼。上次过年的时候跟朋友在那里三国杀了一晚上，引得周围的群众围观，哈哈。,1
8129,东西太便宜了。。。锅底才2块钱一个。。。有点吓人。。。吃过一次应该不会再去了。。。连个勺子都没有。。。人气倒是很旺啊！可能是便宜的关系。。。酱也不灵~,0
8153,饮食业都是眼不见为净的~\n点了焦糖玛奇朵，只不过再次验证了我不懂咖啡。口味不错，觉得奶用的比较足，所以很易饱。\n看到个球状的甜点很可爱，抹着巧克力，撒着果仁碎。,0
38877,大雪天3号晚上去的。。。。门口很滑但是细心的服务员会搀着顾客 表扬\n东西不太贵 可以点半份 表扬 听说每个星期都有特价的东西 去的时候是第一盘虾1块 第2盘以后才收费 还可以接受\n辣椒油要收费 2块 批评 很多地方都是不要钱的要知道\n鱼不错挺新鲜 其他味道都不错 就是辣锅明明又分了有调料的一个和没调料的一个 吃火锅的时候都把肉什么放到没调料（花椒大料等）那边方便捞 服务员上来帮忙放菜就是两边都放。。非常郁闷 都是调料的那个格子里一捞就乱七八糟什么都夹上来 不方便\n酱味道不错 不过麻酱我觉得哪里都差不多一个味道就是了。。。\n其他的都还不错 不知道花了多少钱 叔叔请客的,0
11909,这家店归为江浙菜是很勉强的，其实是湘菜+江浙菜，所以两种菜都有的吃，两种菜都不够地道。口味很一般，价格适中，没有突出特色，也不会太差，可以说是中规中矩的餐厅吧。住得远的时刻没必要转么来一趟。,0
7183,GUCCI，国际一线品牌，意大利的奢侈品，人们认知度也很高的了，满街都是假货A货，呵呵。\n说回正题，GUCCI，大家所熟悉的著名包包品牌，国际一线品牌哦，今天在国内已经开了蛮多家的，在上海也有五家了，估计GUCCI在中国是赚疯了。\nGUCCI的包包的确是不错，质地手感蛮好的，拿着的确有那么一点气质，尽管现在人们觉得拿GUCCI的就是爆发户，但是一线品牌毕竟是一线品牌啊。\nGUCCI这家店也算是大上海时代广场的镇店之宝之一，开在正门口，大大的LOGO，路过淮海路总会看见，每天都在引诱这一块的金领们。\n门面装修的很豪华，很有档次，但是里面的服务员基本是要看人来服务的，觉得你买不起的态度明显会差的……觉得你会买的，态度就会非常好。杯具的。,1
27525,通过领小样来了解上海的化妆品之雅诗兰黛篇。\n                                                      \n雅诗兰黛是美国雅诗兰黛公司旗下的化妆品旗舰品牌，\n以抗衰修护护肤品闻名。\n上个月参加了该官网上的一个活动，\n有幸收获了1小管眼霜。\n                                                   \n眼霜也是该品牌的明星产品，\n据说使用后眼睛周围的皮肤比较光滑，细腻，\n不太容易滋生皱纹，对黑眼圈，眼袋等也有一定的效果。\n                                                          \n当时收到的是一个3ml的小管子眼霜，\n用后感觉还不错的。,1
21978,感觉这家旅馆的名字起得好，然后服务方面也还算到位，布置方面让人感觉还蛮舒服的。这种价位要求也不会太高了，已经不错了~,0
22876,薡茶关了，开了这家，生意也不错，买了个招牌的魔法鸡排，蛮大个的，外面的面粉糊稍微厚了点，送了罐可乐。下次尝试下盐酥鸡和薯条。,0
7570,冲着她的名字和我好朋友momo一样，呵呵，特地过来品尝。性价比不是很高，菜色没有多少特色的。基本上坐下来吃吃饭是可以的。,1
41317,这么难吃的饭竟然次次都看到排队，所以没去吃COCO7点多特意过去吃的\n结果真是。。。怎么这么难吃，一点咖喱的味道都没有的，说他便宜吧，也还好\n简餐，但我宁愿去吃麻辣烫的。。真心难吃！,0
22450,生日和一个同学打完羽毛球就出去了，想去一家没去过的，就进去了，点了个大骨头，鲅鱼烧肉，还有个素菜吧，分量很大，小米粥也很便宜，服务态度不错。,1
42481,环境一般，就是个大排档，鸽子味道不错，其他菜量挺大，口味也不错，晚上去的朋友请客，总体来说还行吧~~~,0
19470,儿子生日，在这里提前一礼拜订了包房，7个人，13菜一汤，加个蛋糕，真是吃到撑啊…菜还真是不错，我喜欢他们的鹅肝，油爆虾，香辣蟹，花生…,0
27868,美食美客是一家火锅店，在重庆的各大城区里都开设得有其分店。在江北建新东路的这家店还不错，店面比价大，服务人员的服务素质和态度很好，训练有素，彬彬有礼。火锅的味道也不错，到了晚上的时候，生意就比较火爆了。总的评价，不错，值得推荐一下！！！,0
44486,爸妈新屋入伙，请大家吃饭（午饭）。9大人1婴儿，点了2道虾，1道炒肉蟹，清蒸1条桂鱼，其他普通菜色多道。共计一千大元。一家人都觉得上当。\n先说好的方面。饭菜味道一般，海鲜做的还可以，总体上还能让人接受。环境很不错，花园式的，还有鱼翅（我儿子看鱼乐了半天）。\n说说不满意的地方：1. 海鲜欠秤太离谱，说1斤的最多就6两（俺老爸用一瓶600ml新矿泉水去试他家的秤）；2.服务质量其差，服务员一脸茫然，动作完全不像受过培训的；3. 有一道蔬菜包子，那包子是贼绿贼绿的，太吓人。\n爸妈新家就在旁边，但是以后再也不会去的了。,0
28520,第一次去藏餐厅，点了大家都推荐的好东西，都很好吃啊，也都吃得惯，那里呆着也很舒服，就是一本都想尝尝，啊哈哈，以后慢慢去攻略吧。。。环境和服务真没的说，让人感觉比较心静的一个地方。。。用了点评的优惠券呢。。。不错,1
9419,今天中午本来想去东方既白的，跑进去，天啊，人吃好走了，桌子上都没有收掉!还是转身上楼了~~\n店面不是很大，但是格局弄的不错，至少间隔很好，不会显得拥挤！\n服务员很多很多，所以服务很好，随叫随到！\n点了咖喱鸡翅饭和糖醋肋排套餐，套餐上菜很快，咖喱饭可能鸡翅要现炸所以慢了点！\n套餐里的小菜很灵的，韩国泡菜是我迄今为止吃过比较喜欢的一家！还有个绿色的菜，我不知道是什么？囧\n咖喱饭很浓很香(ˇˍˇ） ~\n总的来说很不错，经济实惠，下次想去尝尝其他的~~~\n话说他们家是我觉得员工超级多哦，我们吃饭的时候正好是空的一段时间，他们员工三三两两的吃饭了，数了数竟然有12个，小小店面服务员就有6个！,1
34141,一直以来都好中意韵馨D包啊~~~比较软~~~以前好中意距噶水果披萨~~~甜甜噶，料都几多下噶~~~蛋糕都几唔错噶~~~都系软软噶，口感几好噶~~~\n不过，其实距果度噶包同埋蛋糕相对于其他店噶黎讲，真系会稍稍贵D咯，如果日日食都几系野噶~~~,0
24763,这家来过的次数最多，口味不错，服务也行，觉得这家的水果缤纷做的相当不错…哥哥的朋友在这里请我们三个女生吃饭，点了各种爱吃的。,0
18832,真是不错，便宜实惠，味道不赖，我们工薪阶层去不起汉拿山权金城，来这里消费消费还是很好的，去过两次了，还会再去的，，五花肉，牛肉，烤羊肉都不错，主要是便宜实惠，同样的东西在这里100元，到汉拿山至少200，还是这里好。哈哈,1
17419,逛完商场，便想找一家奶茶铺，当时心心念念就在想附近有家鼎茶就好了。。。谁知道真是想什么灵什么，一出商场，对面就看到这个~\n屁颠屁颠跑过去，大冬天在风中凌乱地等啊~前面有两个，还要排队，为了奶茶。。。偶忍！\n今天要了杯抹香奶绿，为啥口味和偶以前喝的奶绿有点不一样？\n还有，等偶把管子插进去，才看到杯身有写“出示招商信用卡，免费升级大杯”，顿时捶胸顿足中。。。\n其实店家如此更利民些，该提醒下买家有没有招行信用卡什么的~,0
22278,一直很喜欢这里的全套奶茶，但今天去的时候店员却极力推荐卡基诺茶，试试就试试吧\n但味道有些让人失望，不仅比全套贵两块钱，味道也很一般，和一般的奶茶味道差不了多少。。\n下次还是喝回我的全套吧。。,1
33346,衣服质量就不说了，只是穿一季度赶个流行而已。店里面感觉乱轰轰的，照比北京的店我觉得无论从款式还是店里摆设都差很多。,0
8773,秒杀旅游局的门票去看的，长了很多见识，基本上都是没见过的花，能在大冬天看到那么多花花草草，蔬菜水果的，实在是赏心悦目啊！下次有机会会再去的，也很适合小孩去，认识好多生物。,1
175,芝士焗扇贝超妙的~酱汁的鳗鱼？忘了……很好吃~\n可以从从容容的吃，没大渔那么赶……适合吃饭慢的人~\n木瓜果冻很有爱啊~,1
17656,推荐呢度既炸云吞\n大热天吃这个炸的东西\n当然要喝点凉茶拉\n不然真的会上火\n我觉得狠多地方都找不到炸云吞\n中意找到这家东西\n不过我觉得分量有点少了\n才几个\n还是有点失望~`,0
44581,这个地方，绝对给5分的。\nhowhow我以前在纽约呆着的时候，就喜欢这种jazz背景音乐，感觉里面人都比较美的lounge。\n直到这次在上海，找到了el coctel。\n我原来纽约的好朋友叫我去的。。我们在里屋的大沙发上面，周围会有很帅的男生，很hot的美女。。中国人，外国人一半一半吧。\n这个地方在永福路47号的二层，上去的时候比较隐蔽，进去之后发现有两个area。。一块在左手边，靠着窗户。比较宽敞。。另外一个就是fireplace，壁炉这里。。比较适合大群人去那里小聚。\n酒真的不错。。人也不错。\n我喜欢这个地方~~\n亮点1：他们家的火柴 - 适合抽雪茄。。好长，好可爱！！！\n亮点2：他们家的小食。。。真的超级好吃的内！！,1
42071,他家24小时营业，开了很多年，一直没在那吃过。还是一次同事在那吃过后介绍说不错。\n买了点我爱吃的白切羊肉，味道的确很赞，连老爸也说好吃。老爸还自己跑去买了红烧的，味道也很不错,1
39373,以前在附近上班时候，单位有个老头，每天中午都要来美心报道~~~\n一直好奇是什么吸引他，后面跟他一起来，就爱上这里了~\n价格公道量足实惠，中午要排队俄\n冬天的时候吃汤团，馄饨，还有美味无敌俄辣肉面，辣肉面再加点素的浇头，那个叫美味哦~~~\n夏天就吃冷馄饨冷面，哦哟，经常打包很多回去给同事俄~\n店面小小的，但是蛮干净俄，阿姨们很勤快俄，点菜要快，不然阿姨要催俄~\n强推~~~\n有机会还会去吃俄~~~哈哈哈~,1
43451,家乐福里居然开了贝儿多爸爸泡芙，看来我是有段时间不光顾了\n今天买了2个，但由于开在卖场里，限制很多啊，栗子口味和冰激凌都是米有的，服务员说这是家乐福规定不允许的。。。,0
7793,烤鸭很不错，跟全聚德的类似。\n点了个糖醋里脊 皮蛋豆腐 红什么土豆泥 都太一般了\n吃鸭子 还是个不错的地方~~~~ 值得推荐哦~,0
37733,这间店子就在东站的吉之岛未来街市旁，环境还不错，出品也不错。记得第一次和好友来，不会点，结果一人点一碗面，什么感觉都没留下。后来朋友请吃，点的东西让我每一种都觉得好好味，至此开始过一阵子就会来帮衬。说说我想跟大家推荐的出品吧：黄希鳞鱼刺身，鹅肝寿司，薯仔沙律，金菇牛肉卷，毛豆，炒杂菜，火灸三文鱼卷，盐烧青鱼，烧多春鱼，什锦天妇罗，泡菜炒饭……呵呵，就想起那么多了。,1
30687,每次洗好澡都要买晚饭回寝室边看片子边吃\n里面的东西都蛮好吃的 价钱也是放在那里的\n就是吃大盘鸡的几次把我们惹毛了 速度真是太慢了 慢就算了 撩上来没什么鸡的 \n就是些菜 用土豆和面把我们喂饱么？？,0
12760,喜欢他们家的蛋挞和香芋酥，热热的，很新鲜很香甜。天使口感很好，香芋面包是紫色的，有香芋泥，也还不错。还有抹茶饼干，也好吃的。,1
26324,灌汤包很好吃，鲤鱼培面，不知道上面是什么，有点像粉丝。吃起来软软脆脆的，沾着汁甜甜的。但是环境真不是一般的差，饭点人多，很多是旅游团的，散客的地方不多，要等位，但是也不拿号，自己去找位子等，很没有秩序。服务员也是要用叫的，一点主动性都没有。冲着老字号去的，结果那服务真没法和北京的老字号比。,0
30770,感觉人还是不断会来的，老外也挺多的，我们去的时候还要等位，价位也是满贵的，估计老外多了自然是要贵店的，菜味道还可以，但是现在外面川菜那么多，所以也不是特别觉得好了,1
9752,蛋糕的口味真的很好，订的是芒果巧克力慕斯，一点也不腻。\n特喜欢他们家的小餐具，紫色的，而且质量很好，小盘子小叉子都是硬塑料做的，而且还是放在一个布制的小收纳袋里。\n送货的小男孩态度很好，还当面打开蛋糕盒看货。\n不过如果没有优惠券，价格还是让普通人接受不了。\n男朋友生日，不知道蛋糕不附送蜡烛，嘿嘿。结果也没许成愿。\n还送了几张代金券，下次可不可以和优惠券一起使用呢？,1
23306,上次回南京的第一餐\n就是跟小妹还有她同学一起来吃的牛蛙\n以前都是吃田鸡的 \n牛蛙吃起来可比田鸡爽多了\n又大又嫩啊~~\n店内环境一般 但是吃的人不少\n要了个微辣的锅(吃时才发现幸亏没点更辣的!!!)\n人不少 所以等的时间稍稍有点长\n有个服务生GG很有活力 窜来窜去的特兴奋 \n可能是听到我们议论他\n居然主动来搭话 问我们有什么要求\n我们嫌上菜慢 让催催  他果真帮着一遍遍催 挺贴心得~\n干锅终于上来了  真是油亮亮滴啊~\n幸亏点了凉茶来喝 不然这一顿饭过后 \n我脸上还不得冒痘痘啊!!\n锅中除了牛蛙 还有藕(脆脆甜甜让人爱)  土豆片(感觉好像吃薯片) 莴笋(清清爽爽去油腻) 还有香菜来提味  总之吃的很开心\n吃完干锅 我们还吃了火锅(听小妹说 以前好像可以直接把干锅变成火锅滴) \n不过我们去时说是不行\n于是我们又点了锅底 原本选的是鸳鸯滴\n后来锅子上来后  红亮亮的啊  看着就辣啊 清锅的一边又很小 \n于是我们打算换锅 要个清锅底\n找那个活力GG来协调  一开始说不行 但后来禁不住我们的软磨硬泡\n刷着吃的牛蛙肉更嫩 真是好吃呀~  豆皮和山药味道也不错  \n其他火锅食材每家锅店都差不太多啦~~\n人多吃饭就是热闹 虽是第一次见面但大家都很开心  总之是很欢喜啊~~,0
36280,方便了周边的居民的店，都是些老上海阿姨阿公喜欢去买，东西不太实惠，主要是个牌子么。里面的小吃一条街东西很一般，小杨生煎明显比市区的小一圈啊，锅贴到是非常大。,1
28823,自助披萨的话种类还算可以 味道在那个价位来说也算凑合 \n貌似经常会有优惠 不是女的优惠就是男的优惠 \n和朋友去的那天是晚8点左右 \n还没开始吃 就被店里的人催来催去说他们要下班了 \n那他们的门迎大可以告诉我们马上关门了 不营业了 还收了我们的钱不让安心消费 \n开始是不断的催促我们赶紧走 后来直接在我们周围搞卫生 \n吃的很不愉快加上当时自助的东西基本也没剩什么了 我们就生气走了 \n走的时候发现那大厅也不止我们在吃 还稀稀落落的有几桌\n反正我是再也不会去了 也会告诉我的朋友不要去 \n口味是一方面 吃个东西让人心情这么差才是最恶心人的,0
21123,超级超级实惠加好吃的一家店，强烈推荐\n来吃过很多次了，味道没话说，而且老板做生意很地道，分量很足\n这家店基本就是吃鱼为主的，各式各样的鱼，味道都做的不错。\n推荐沸腾鱼，一大锅里面基本上都是鱼，两个人吃的话，再加个素材就肯定够了。\n再推荐鲫鱼豆腐汤，超级鲜，适合不吃辣的人。\n再就是鱼排，是油炸的，很香脆，基本每次我去都会点。\n这家的素菜也不错，个人比较喜欢蛋黄茄子和炒杂菌。\n总之，很合算的一家店，以后还会常去,1
36307,高中同学从英国回来，晚上和老公一起请她吃饭，这家店是新开的，反正随便挑一家吃吃。\n多利川菜馆在上海还是有点儿名气的，好像是比较老做川菜的店。味道么都还可以，我觉得不是很辣，我是很能吃辣的。吃了些什么都忘记了，不过好像他们家的牛蛙比水煮鱼好吃。,1
42399,上次去旅游的时候，朋友请的客\n 那天可谓是鱼大比拼，一整桌菜差不多都是鱼（他们知道我喜欢吃鱼）\n最中意就是酸菜鱼和剁椒鱼头了，又下饭那天真的吃撑了,1
38971,"看到上面的均价还以为便宜呢,结果去吃的时候才发现可是一点也不便宜,什么都比其他店贵哦.五花肉比什么的比别人别不少呢.味道嘛也就一般,感觉不如身土不二实惠",0
18187,未尝即弃\n携妻信步天一 偶过此地 遂入 购得蛋糕面包等数十种甜品 余归家 妻回校 忙于政务 置之于宿舍24小时有余 友登门 曰如入鲍鱼之肆 遂弃之,0
26649,干净是蛮干净的，环境空间比较大。不过味道实在一般，还是静安小亭让人有种吃了还想吃的感觉。\n价钱比外面的贵了一倍。总体一般。不过可以叫旁边的烧烤和小龙虾来吃这个不错。送的冰激凌早就准备好了的，等顾客拿到手的时候已经化掉了。,0
2502,"香辣蟹味道不错,虽然怕辣,辣得一边擦眼泪一边还是忍不住望嘴巴里送,菜的量也比较足,食材比较新鲜,螃蟹肉老鲜辣味美的,特别是牛蛙,做得比较好,喜欢.就是一起去的朋友有3辆车,但只免费停一辆车.",1
11797,今天带着从江西来的朋友来这家吃饭，菜都是他点的，感觉还不错，那个南瓜条和咖喱虾都挺好吃的，不过个人觉得价格还是偏贵的~环境和服务态度都不错~可以无线上网~,1
18870,拉手网团的才去的，真是希望越大失望越大呀，牛排简直让我失望之及。味道一般，环境一般，服务 一般。相信今后很难会光顾。哎，就是快餐也不至于呀。,0
9660,小店位处于小学门口..每日人流量也不少...都可以说得上黄金旺地...听说租金也不平宜...\n刚开业朋友带来行街..顺道过来试下...叫了个招牌豆腐花...好滑...豆味浓...果然有点水准...还叫了些卤水..感觉一般啦!!\n咖喱鱼旦..鱼腐...味道还可以...不过再落多少少咖喱...味道就更好了!!\n仲有好多饮品...罗汉果茶...海子茶...柠檬醋...都几好!!,1
42606,今天跟闺蜜逛街路过这里，闺蜜要喝奶茶，我觉得不健康，就让她跟我来这里买了豆豆厨黑豆浆，以前家乐福就有卖的，现在都没有了，路过7-11就会买一瓶喝，三明治，饭团味道一般般，看到有芝士蛋糕卖，下次买来尝尝,0
34779,蛮正宗的意大利菜。\n环境，服务都是挺不错的。\n薄薄的披萨很意大利风，味道很好~\n小食里推荐芦笋培根卷。\n甜点的酸奶布丁也很不错~\n感觉挺好的，以后应该还会去的！,1
9928,最最喜欢的是免费的爆米花跟豆浆啊。哈哈。可惜最近在装修了，据说要到十月份开业。里面的菜都可以，那个甩饼也不错。消费稍微偏高，建议少点点，边吃边点。几次都点多了。。。,1
44269,现在卖烧烤了？记得中学时去吃过，那时是油炸的呀！有机会找过去试试看，寻找一下读书时的感觉，以前的鸡尖是出名的哦！,0
39582,想说去五角场那里吃烧烤，很久就垂涎这家自助烤肉了，出去玩的时候也看到有很多分店！\n这家每次去都有排队，这次运气好，不用排队就进去了！环境一般，人气很旺！主要在于便宜，东西挺新鲜的，服务员的态度也不错~我们一行四个人吃得还挺开心的，饱饱的，很满足！,1
5390,对哈根达斯真是怎么吃都不厌倦，各种造型赏心悦目之余味道也特别好，最爱吃是桑果味道的球球。冰淇林火锅的百变造型也挺逗的，每次都是看着来食欲才点的！！太有才了,1
40221,公园没去成倒是跑到这边来玩桌游了，开始的时候真的很不爽，\n本来和BF打算去公园玩的，可是他的一个朋友的电话打来，说是要去，因为他朋友今天的生日，\n说是先玩桌游再去吃饭，很郁闷，到的时候他们都已经开始玩了，玩的好像是三国杀，我只会玩卡坦岛，其他的一个也不会玩，囧。。。只有一边看着他们玩，不过饮料倒是免费的，我只负责喝饮料，呵呵。。。\n他们玩的挺带劲的，我就不怎么高兴了，服务员挺热情的，主动问我要不要学桌游，本来想学的，但是想想又不是经常玩，所以也就没有学了，服务很好的哈，虽然没有参与玩桌游，但是也被那种气氛给渲染了，\n玩的挺开心的，过了一会我们就去吃饭了。,1
26959,典型的本帮菜，菜式口感偏甜。熏鱼很好吃，是新鲜烹饪的，不是长期放在冰箱里的那种。越南牛肉粒口感很嫩，外层脆脆的。环境也不错，人不多，蛮安静的。不过菜量不是很大，比较适合小范围聚餐。用了优惠券，可以打78折，还是蛮实惠的。,1
2092,不知道是这条路的名字呢 还是这样的一条路才得的这样的名呢 听着就觉得很幸福啊很甜蜜啊 很适合情侣散步 白天晚上景致各有千秋,1
25354,一直想吃那个姜饼小人和马卡隆，在这买到了尝到了。\n这家的甜点还算正宗吧。甜点都很甜，但还不至于齁，味道都挺浓郁的。\n姜饼3元一个，外国人就挺喜欢吃这个东西的，尝来滋味确实不错，比一般的饼干甜一些硬一些耐嚼一些。\n马卡隆8元一个，也是耐嚼的东西啊，馅料还稍微有些粘牙呢，总体感觉还可以，值得一试。,0
32759,定飞机票去看过他们的网站，整体页面风格简单清晰明确，服务态度也很不错。\n有的时候会关注特价票的时候几个网站要做个比较,0
35191,场子是挺大的。\n11月11日晚，排队的人好多，等了很久。我们两个人去的比较早，可是后面也有两个人的竟然安排比我们早入座。\n麻油鸡大部分都是骨头，肉非常少。蒸蛋还可以虽然外表不好看，可是里面比较紧致细腻。\n糖醋里脊酸味有点呛人，甜度不够。烧卖一般。\n最后甜品忘记给我们上了，让我们等好久。\n总体上勉强算中等。,0
30977,礼拜和同事一起去的，礼拜认真的很多，生意很好，不过我们去的运气还是不错的，正好排到了个位子，位置不错，点了肉燥饭哦，味道很好。,0
10236,人事真多啊 就是火爆 味道没有以前好了 羊排还是一如既往的好吃 扒肉条不错 味道很浓 羊汤越蓄越清啊 哈哈 锅包肉有点干 没有桂林路西夏好吃 烧麦没等到 太久了 肉丝苦苣很好 羊肚很正 很香,1
26998,鲜榨的果汁新鲜看得见，都是百分之百的果汁加上，透明化操作台，很好啊， 相比其他的饮料而言真的是健康好喝。甘蔗雪梨汁 柠檬雪梨汁 木瓜雪梨汁，都很好喝啊。以后每次去都要尝一下新的口味,1
40613,餐前面包 配鳕鱼酱好吃\n鹅肝沙拉 还行 下面有块菌菇\n菌菇浓汤 一般 盘子好大\n牛排很大块 只能全熟 so有点老 尤其是牛筋部分 配菜我一个都不要吃的\n酸梅汤味道不错啊\n水果没什么特别\n饮料喝的葡萄柚汁吧好像\n甜点是什么抹茶冰淇淋 样子蛮好看的 味道一般了\n全套吃下来是很饱的了\n买单时送了瓶红酒 说是刷招行信用卡就能送的,1
5796,环境蛮不错的，菜的口味属于比较重的。点的回锅肉白菜很够味，然后那个牛蛙也很不错啊~~里面的辅料够足，有翠绿的莴笋、有香脆的藕片还有薯片也是嘎嘣儿脆，有一点点辣但在承受范围内。鸭头的口感一般吧~喜欢吃的朋友可以点来尝尝的~那个“暗香”其实是臭豆腐~~真心臭~~\n服务生的态度也很好，一呼就应，而且我们吃了很久，从头到尾都态度很好的~以后还会去吃的。~,1
30640,"地理位置不错  附近有很多吃饭的地方  从火车站打车过来也就二十几块钱~很好找,房间可能是因为年份久了有点旧  但是很大  床也挺大的~就是前台不太爱搭理人  忙起来就感觉顾此失彼了  借一下打印机印一张东西也不给--哎",1
10791,朋友请客哎，真开心，每次过去都是排队排队排队排队，过年了，“他们”都走了，昨天去吃居然没有排队，觉得太不可思议了，饭是杂粮，很特别的感觉，好吃好吃，泡菜锅味道也不错不过没什么大特色，所有抹茶的东西都很美味哦，下次一定要再去次。。。。,1
8248,门口有孔已己的塑像\n店不大 生意不错 饭店的时候竟然还有人等位\n冷盘：海蜇——下面铺的黄瓜和金针菇\n      三拼——芦笋玉米毛豆\n      醉鸡——菜单上是瓦罐的 端上来小盘装的 样子两样的 味道不错\n热炒：金汤肥牛——和别家差不多 蛮好吃的\n      牛蛙——不是我的菜 不感冒 不过里面有放云吞 有点特别\n      上汤芦笋——有皮蛋干贝等等 很鲜 芦笋也嫩 推荐\n      油爆虾——不错\n      越乡松子鱼——是推荐的新菜 大概是鲈鱼吧 个头很小 松子也不多 一般\n点心：萝卜酥——3块一个 卖相味道个头都不尽人意 败笔\n喊了一杯菊花茶 结果上来一壶 给换掉了\n结账的时候竟然又多出一瓶三得利的钱\n提醒大家结账的时候一定要仔细看帐单\n用了点评下载的抵用券 抵了30块,1
43967,本想去悠唐的豆捞坊，无奈那里排队等位的人太多，于是选择了这里。饭点的时候整个美京大厅里只有一桌客人在用餐，显得太冷清，问过服务员才知道，原来选择包间用餐的客人比较多。\n主打精品粤菜，卖相都很精致，量也不大。服务员推荐了几款招牌菜，味道确实不错，当然价格也不便宜。\n可以在这里选择和下午茶，有很多甜品和小吃供应。,1
7724,最好吃的是泡芙，喜欢红豆口味的，纯奶油的有点儿腻，大概一块钱一个。\n巧克力慕斯也好吃，口感很纯正。\n蛋黄酥里面有一个咸蛋黄，配合酥皮和甜馅儿味道正好，不腻。\n芝士蛋糕没有想象中的好吃，不过很便宜，三块钱一角。\n手撕包7元一个。没有红跑车的好吃。,1
29422,没有吃晚饭的儿童节本来和闺蜜奔隔壁的麦当当去的，从上师大出来走了一路发现在装修T  T\n于是跑到隔壁的85度C一人买了一只凯撒当早饭，还有一盒芝士球当当天的晚饭\n芝士球一定要配饮料嘛否则很容易腻\n凯撒真心沉甸甸的，色拉酱浓到当早饭吃觉得太重口...,0
10335,看到门口招牌写着有特价菜，想着就是随便吃点，便进去了。\n点了特价菜之一：红烧平鱼，还点了个板栗娃娃菜。\n红烧平鱼味道一般，淀粉可真够多的，汤很稠，两人吃就给了三条鱼，果然特价菜是有水分的。\n娃娃菜同样是淀粉太多了，没什么味道，板栗感觉欠火候。\n我不喜欢淀粉多的菜，看来这家不太适合我。,0
1530,和甜甜去过两次，人都不多，常年有沙发座，但是都设在门口边上，冬天比较阴冷。东西不多价位也不高，但泰餐招牌基本上还算全，甜甜最爱他家的冬阴功汤，我比较喜欢红咖喱牛肉。最搞笑的是他家的服务员，互相指使别人干活，不过这样也过于不专业了。,1
3370,灵隐寺去过好多次。。。\n小的时候和妈妈去烧香。。\n祈愿家里一切平安。。。。\n高中的时候自己去烧香。。\n祈愿自己能考上好的大学。。\n最后还是考上了妈妈如愿的大学。。\n大学快毕业的时候去烧香。。\n祈愿自己能找到个好的工作。。。\n这些既然都一一实现了。。。\n不知道是不是心诚的原因。。\n也不知道是不是心理作怪的原因。。\n虽然有时候不去烧香的愿望也实现了。。\n不过还是给自己心理上安慰了。。\n灵隐寺现在是杭州的特色景点。。。\n到杭州一定要来，而且灵隐寺确实是灵。。\n心诚则灵，不管是心里安慰还是什么。。\n反正烧香不费多少钱，人很多。。\n记得小时候去被香烟熏的直掉眼泪。。\n灵隐寺附近还有很多的景点。。。\n可以买联票，例如飞来峰也值得看看。。,1
7555,典型的旅游餐厅，人多乱哄哄的，上菜上得非常慢，服务也跟不上，我们要茶水和米饭要了好几次都没人理会。菜的味道倒是还可以，比较典型的杭帮菜，元宝虾、梅菜扣肉、叫花鸡之类的，没有特别好吃的，也不算难吃，还凑合吧。,0
41725,栗子味道很好，很甜，原料很新鲜，坏的很少。每次路过都要带点回去。\n重要的一点，他家的栗子炒出来外壳看起来干干的，看起来很舒服。一般外头炒出来都是油光油光，加了不少东西。\n其他炒货也是不错的。,1
35780,是去做指甲的，总体来说对店比较满意。店里是做头发和指甲都有，一个板隔开了。做出的指甲很漂亮，给选的颜色也很好，尤其喜欢给我做的粉色渐变。只是这里做指甲的环境稍有简单，每人只有一个沙发坐，工具都是放在沙发帮或者地下，修手的工具没有像其他大店一样频繁消毒，不知道卫生不卫生。,1
5788,"在网上看到这家店的 到外贸学校对面 往下走一点，白底黑字的招牌，小黑板写着营业时间很是可爱，走进店里 ，不大的店面 可是很静谧 很古朴的感觉，一看老板就很有品，喜欢摇滚，有苏阳的新专辑漫画，一些陈旧的摇滚演唱会票在墙面一角贴着，用水缸养的金鱼，白色的墙面很干净，挂着黑白的老青岛的照片，小店有禁止吸烟禁止喝酒标示（鼓掌），不锈钢的抽纸盒也在墙上。好喜欢这里。有格调的店,\n菜单 ：牛腩面 牛蹄筋面 牛肚面 素面（青菜卤豆腐干）13 加肉 +5 牛杂18  可以加卤蛋 加卤豆腐干 加菜 都是一份2米 小菜酸豆角 1米 酱牛肉20一份10半分  这里加汤是要收费的6米。桌上的调料是陈醋和辣椒  墙上有用红色写辣椒很辣画了辣椒 同伴加了点说 果然狠辣 哈哈\n两个人点了 牛腩面 牛肚面 他加的卤蛋 豆腐干 我加的豆腐干青菜 半分牛肉 一份酸豆角 一瓶可乐总共48 白色的餐具 大腕的面 很有食欲 ，汤确实有点小咸，面很劲道 很好吃，肉肉很烂 很好吃 配上酸豆角很美味，很赞的一家店 下次来尝尝牛蹄筋面",1
5265,自助式的，品种不算太多，啤酒和饮料是免费的，就这个价位来说算不错啦，可以同时吃火锅和烧烤，但是烤的速度实在是太慢了，味道一般，环境还可以,1
21642,昨天老婆想去杨浦公园逛逛，顺便去好饰家看下电脑桌，所以正好经过这家店。其实我是最爱吃鸡的，2001年后鸭子几乎占了大半空间，想吃个鸡腿也只能去长阳欧尚买（其它超市味道不行）。点了1/4鸡+2个拌面+鸡血汤，一共37左右。我这个人是最不喜欢吃面条，水餃之类的，不过这家的拌面真的不错，我几乎都吃完的。卫生嘛还行，只不过这个装修也太老了，一下把整洁度拉了好几个点，建议重新装修下的好,1
11422,里面很多东西都有啊\n人好多好多啊 估计边上是交通大学有很大的关系啦 都是年轻人啊\n环境不太好 太吵闹了啦\n情侣也是很多的哦 还有好多都是成群结队来的 \n整个一个喧闹场所啦,0
30838,一元到四元不等的独立包装小寿司\n我比较喜欢蟹子。金枪鱼。玉米。肉松这一类的\n偶尔想吃的时候买几个解解馋\n当饭吃就不指望了！,0
42077,去了大约有二个礼拜了，一直没有空上来点评。\n一帮朋友一起去了，没有大桌子，就用二个桌子拼起来坐在靠窗的位置上，环境还不错，装修得挺漂亮，也很宽敞。坐在窗边晒着暖暖的太阳感觉蛮舒服的\n说实话，没有圆桌，二个长桌子拼起来搞得象长桌会议似的，不太方便。\n菜价不便宜，看菜单照片拍得倒是蛮漂亮的，点了几个菜感觉都很一般，没有什么出彩的地方\n香辣盆盆虾，一吃就知道是冻虾，不鲜的，很多头都掉下来了麻痹，味道很一般，有些失望\n水煮鱼，是鲶鱼，是活的鱼，抓出来秤份量的时候拿出来看的，可是做出来口感不太好，外面粘了太多的淀粉，已经没有鱼肉的口感了，需要改进啊\n潇湘浸腰花，腰花倒是峦嫩的，量太少\n牵肠挂肚，就是一些肠子肚子啥的，味道尚可\n麻香嫩牛肉，吃不出是牛肉，嫩倒蛮嫩的，但不香\n干煸豆王，看起来不错，我没怎么吃\n茄子煲，还可以，记不清了\n时蔬，也还过得去\n吃之前会给每人一片面包，用来吸油的，蛮新鲜的\n总的感觉很一般，菜不仅不咋的而且量还少，基本不会再去了\n服务态度还不错，给他们提了意见，他们很耐心，最后还送了水果,0
32342,服务很差，环境一般，空调很小，服务员都像是新來的，问的问题都要转问好几个人，最后结账的时候还会出尔反尔，说的话都很难听，相比之下七宝店比它好很多真是一个天一个地，漕宝店要饮料酒水另外付费，菜单价值也比七宝店贵，以后绝对不会再去漕宝店了,0
3407,事先和朋友约了，就在百盛附近，很好找的一家店\n谁到谁先剪，朋友推荐了认识的陈林\n看朋友的效果，貌似还不错的样子\n快要生宝宝了，所以想剪剪短\n和发型师沟通了一会，最后还是听了他的推荐，BOBO头+斜刘海\n另外还送个护理，蛮不错的，因为脸盘子又大又圆\n陈林说斜刘海比较适合，可以调正脸型，又造成视觉差，看上去不那么胖哈\n总体感觉蛮好的，半当中有别的MM来找他，看来还蛮抢手的,1
5981,东西比较一般，也没有什么台湾特色，环境挺不错的，下午去人也不是很多，服务还可以，不冷漠也不热情。甜不辣有点奇怪的赶脚，小火锅也不好吃，全是白菜。,1
42032,这家店比来福士的那家人少多了\n但是这家店属于半露天的状态，大热天真是受不了！\n柠檬入会优多是我最近的新宠，味道不错,1
30202,从后海一路走去~准备去烟袋斜街逛逛~在巷子口就看见这家店~围了好多人~\n炸灌肠~听起来很是好吃~问老板要了一份\n凑上去看了看~搞不懂怎么会叫灌肠呢~还以为真是火腿一类的东西~结果一看黑黑的灰灰的~看着就没什么胃口~炸出锅后用蒜汁一浇\n还是不喜欢这味道~超难吃,0
21283,上次去格莱美K歌，然后就去肯德基解决晚餐，很方便，一堆人做了好几桌，看着很壮观啊，哈哈，肯德基嘛，不用多介绍，都那样,1
24138,有一次去老蜀人没有位子了，就去了亲亲，简直失望了，虽然都是低价位的餐厅，但是做的新疆菜实在难以下咽，餐具也比较破烂，虽然仅在咫尺，后来再也不去了。,0
9999,那次是自己过生日去这里特意吃的 这里的面非常的好吃  而且价格也是种  还有那些山西特色的各种面  都是非常好吃的  我喜欢他家的面面  上周六是参加朋友的婚礼 在这里吃喜面  不过周六的时候感觉面条的韧性差了些  没有那次的好吃  这个是唯一遗憾的地方  其他就还好啦,1
38910,外出开会，路过恒隆，自己一个人中午便去了这家店。点了一份墨鱼水饺，看来大家推荐的确好吃，只是量有点略少，意犹未尽。,1
42006,朋友来上海，住的，交通很方便。南站下来一部车到门口，出去市中心也能一车直达\n房间不大，不过一个人足够，卫生间很干净\n还可以上网，基本设施都蛮好\n就是，朋友反映，半夜有小广告，吓死她唻,1
11599,不知道我吃的是不是这家。没吃鸡公堡，吃的是热气羊肉。其实锅底不正宗，因为不是白水。是加了油盐味精的调味汤。羊肉一般般。越吃越咸，不停的加水。酱也太咸。年糕不新鲜，裂开了。土豆前后两盆不一样一盆黄一盆白，生菜太老。饮料是送的。服务员太少了才两个，忙得焦头烂额,0
41498,中午过去吃的，汤的味道还是不错的，但是面太少了，味道很清淡，有的小油腻。\n服务生反应慢，等了好久才来帮我那桌收拾桌子。,0
1276,早就听说矮脚楼的馄饨好吃，一次带老妈去吃，进去就对收银员说：“来两碗馄饨”，收银员对我看了看，说：“要什么馄饨？”因为她家馄饨有很多口味的，个人感觉馅料还可以，但是汤水一般。\n至于她家的生煎馒头，一次去吃没有煎好，底不脆，一次去吃没有包好，汤都从底部漏出来了，也不知道是不是我RP有问题,1
11774,音效实在太一般了~ 声音太大 貌似不能调麦克风的音量~服务态度超级差劲!!有钱前台有个服务员 超级招人讨厌!真的是不会再去第二次了!,0
25431,就是这家了\n在国贸stand by 晚饭时间随便找了家\n想不到味道却很好\n而且找到了回味很久的京酱肉丝，貌似现在叫田园肉丝了\n甜甜的 很合胃口。。 喜欢\n还有个豆腐皮也好次的\n可惜时间太赶，没有点烤鸭 馋啊,1
17922,蛋挞同莎翁，秉着新鲜出炉最好吃的原则，买到马上尝试，呜，不过蛋挞真的太热了，还烫口的，几乎让我吃不出蛋味，皮和我们一般吃的不同像曲奇一样，但是比起蛋挞，莎翁更让我惊喜啊，口感像泡芙，但是比泡芙和滑更香，那些个什么XX爸爸泡芙跟本没得比，我本来看着大大的一个结果给我几口就没了,1
43050,这家店开了好几年了，经常去吃，烧烤味道不错，很好吃！\n而且住附近，还能外送（没外送费，速度也不慢）\n周末人比较多~环境一般，位置也不是很多,1
40871,就在我家附近啊，平时下班会过去买鸭脖子。比久久鸭好吃，更入味。\n生意很好，每次下班过去，鸭脖子基本上都卖完了。他家的鸭脖子更麻，我妈妈吃了一个就受不了了。\n鸭脖子+百合绿豆汤+英超球赛组成黄金组合，颓废的周末晚上亦如此惬意。\nPS：他们有卖萝卜干，也非常好吃，大家可以试一下。,1
28819,地铁站直接建成商场 跟北京的77街学的 不过没那么热闹就是了\n常来必逛的店是 热风和旁边的集迦~\n热风确实是很便宜 时尚小物啊钱夹啊笔记本啊 鞋子 都很有看头~！几乎每次都能买到心爱的货~\n旁边的集迦也不错的，鞋子样式很潮，年轻小女款式多，10公分的也很多！平底也有的！不过他家的包倒是没什么对胃口的，只买鞋不买包就好。过年期间靴子打了5折，几百块一双，买了过膝深棕色翻毛皮的，真是太划算了,1
39656,国瑞购物中心里，似乎就是这H&M最火，潮流的、打折的，都太吸引我的眼球了，据说这个品牌在国外最多算是在国内的only，veromoda，可是就是有我们这样子的人舍得花大钱买衣服～,1
38108,这里四通八达，还比较醒目，是和朋友接头的绝佳选择地。\n商场里面店重多，游、玩、购、吃俱全，不过就购物而言，好像较附近的几个大商场来说，有点下降，但有空去逛逛还是十分不错的。,0
3583,最近正好家里在忙着装修，昨天去逛了一下建配龙，里面是真的好大哦！需要的东西基本里面都能找到，昨天我们后来订购了冠军的瓷砖、兔宝宝的门、耀新的整体橱柜还有一个记不清楚是什么牌子的地板，唉！大出血哦！不过先要提醒各位亲，一定要货比三家，价格相差还有蛮多的，地板什么的就是看地板的材质了，还有看自己的喜欢程度，自己在去之前最好心里有个价位，不要店家说什么你就信什么，千万记住，不要因为怕累，而只是看了一家就决定了，那就太亏了，而且有些店家订单的时候，一定要问他多要一些赠品，都是你装修的时候需要用到的，地板的话，你要搞清楚，买实木地板是要另外收人工费用的，都是40元/m，这样计算的，我们问了很多家，都是这个价格，应该是统一的价位，要是买复合地板是没有这个费用的，所以一定要搞清楚了。我们去的时候还好，请了装修师傅一起去的，所以买多少都是听他的，他正好又是我婆婆的弟弟，所以都很放心的。还有买地板、瓷砖的时候，一定要问清楚，如果买多了，如何退法，是全额退款还是什么，一定要搞清楚，否则到最后自己要吃亏的，而且有些店家到最后你已经下定了才告诉你如何退法的，是什么打7折啦什么的，你一定不要听他的，这个都是霸王条款，有问题的，所以千万记得一定要都说清楚之后才下定，否则就亏了~~~有任何问题，大家都可以讨论一下嘛！,1
27535,每次来乐松广场，都瞧见卖麻花的窗口围着很多的人，他家是时时现炸的，5元3根，都是现场制作，很好吃，外酥内软，还透着淡淡的奶香。,1
37157,日料，大家并不陌生\n这次试吃的日料却和以往的不一样\n这是个国际品牌连锁店，在北京的第一家店\n做的是新派日料，用现在流行词来说，就是创意日料啦\n在很多种传统日料的基础上做了改良\n \n从门脸就给人耳目一新的感觉\n佟麟阁路也是北京比较有名的街道\n新华通讯社旁\n沿着街道走，路过汉庭酒店，就看到了奈米露的门脸\n白色调的，没有华丽的装饰\n大气，显着很有档次\n店内充盈着小资情调\n4人桌、12人桌、18人桌、各种包房\n可以满足不同人群的需求\n餐桌上摆的小绿植给用餐增添了一分情趣\n餐具挺有特色\n也说不清餐盘到底是什么形状，暂且叫它椭圆吧\n酱油碟也是每人一个\n开餐前，细心的店家给大家准备了今天的试吃菜单\n芒果鲜蔬沙拉：\n芒果为主料，好像还放了青笋\n味道是酸甜辣，有芝麻的香味\n感觉要是再多放点酸，就有东南亚菜的感觉了\n紫薯泥：\n看样子就够让人喜欢的了\n紫薯的味道里透着奶香\n酱汤：（寿司搭配）\n有辣的和不辣的可以选\n不是那种大锅熬出来等着有顾客点就盛一碗的\n而是现点现做\n我点了辣的，酱汤的味道非常好，除了酱香味十足，还有鲜美的味道\n三种寿司卷\n什么叫新派日料，在这里就有了完美的体现\n西部狂野：\n三文鱼包裹蟹棒、黄瓜丝、酱萝卜等\n喜欢这种寿司，没什么寿司米~~所以味道不会偏酸\n热带雨林：\n一片芒果片覆盖在寿司米上，甜甜的\n梦想成真：\n培根丝和经过炸制的蔬菜丝撒在寿司上\n除了增加了美观，口感也变得更有特色\n三款寿司我都挺喜欢的\n奈米露生鱼煎：\n店家独创的一道菜\n金枪鱼皮是炸制的，裹住也就3分熟的鱼肉\n撒了西红柿、黄瓜丁在上边\n我喜欢沾写芥末，口感酥软，很喜欢\n刺身：\n梅干超喜欢吃刺身，去金钱豹还是都太，都是一大盘子刺身\n别的都可以不吃~~~\n所以觉得这次试吃的刺身量有点小\n也是因为奈米露的刺身都很新鲜，口感都超棒\n所以好像多吃点啊~~~\n味增酱烤紫茄：\n卖相虽然没有寿司什么的好看\n但是味道却不逊色，酱香味，带着淡淡的烧烤香\n不太容易分成小段，所以一个人茄子给切了几刀\n味道不错就是吃多了会腻\n招牌鸡丸锅：\n食材都在石锅里，很好的保温效果\n鸡丸的口感Q弹，有嚼头\n蔬菜都浸了鸡汤的味道\n值得推荐\n鲜辣香酥虾：\n甜辣口味的，每只虾都很大个\n炸制之后上浆\n味道还是偏甜多一点，没尝出来太多的辣味\n酱香牛舌：\n与众不同之处就在于要用火稍微烤一下再吃\n其实本身牛舌的味道已经很好了，只不过是凉的\n加热之后入口的口感会更好\n寿司披萨\n鳗鱼口味和金枪鱼口味：\n个人认为这是到这家店一定要尝的特色之一\n披萨的饼是用寿司米做的，上边食材是用喷枪加热处理\n大家一致认为鳗鱼的更好吃\n金枪鱼的如果鱼肉再生一些就好了\n店家看我们人多，怕大家吃不饱\n又给加了四份特色主食\n招牌牛肉饭：\n比吉野家的牛肉饭量大，肉也多，搭配了香菇和洋葱\n肉质鲜嫩，味道偏甜一些\n骨汤拉面：\n料多的很，肉片、鸡蛋、海带\n汤底香浓，面条筋道\n就是味道偏淡\n牛肉炒乌冬面：\n乌冬面是以小麦为原材料制作的，对面条的粗细和长度都有规定\n最经典的搭配就是牛肉和骨汤\n给我们上的是牛肉炒乌冬，搭配了些蔬菜和木鱼屑\n味道不错，咸香味的\n香脆猪排饭：\n大家都不太喜欢这个主食\n卖相倒是还可以\n用餐过后，趁着店里没什么人了\n拍了一些环境的照片\n这次试出勤率很好，而且很养眼哦\n因为有美女啊\n感谢奈米露餐厅给我们提供了如此美味的一餐,1
38225,去年夏天去过一次，感觉很不错，整体设计很古典，环境优雅。有国际标准障碍赛场、室外练习场、室内灯光舞步练习场、两个马匹调教场（直径分别为15M和20M）……（这些都是教练介绍的）很喜欢他们的房间，也是仿古设计，还有一个很大的观景平台和观景楼，可以在那里吃烧烤。,1
20727,在动物园旁边一点 江南驿青旅一楼 环境相当好 有驿站的感觉 木头桌子和椅子 吃起来很随意\n菜单是手写的 点的菜几乎每个都很好吃\n酸梅汤一扎，但是只够两个人喝 比较少 很舒服 一下子从旅行的劳累中缓解过来\n孜然菠菜 很好吃 孜然味道不重，结合的很好那\n南乳子排 腐乳汁配什么都好吃～\n咖喱虾 这个咖喱偏酸 不辣 还不错 很浓\n桂花糖年糕，最喜欢的一样，桂花是杭州特色吧，这个桂花和年糕结合的太好了 甜甜的 年糕很糯 吃得很舒服 不会因为吃太多胃难过什么的\n总之这家店感觉太好了 吃饭很随意 不会觉得累,1
39116,以前在那儿附近上班，经常早上去吃早饭。现在不在那儿干了，但是经常会想去吃~呵呵！真得很美味，很鲜，每次吃完要喝很多水，我口味比较重，所以觉得很好吃！我一般都是吃六鲜羊肉面，菜料很足，面倒不是很多，但是对于我胃口小得够了，男人估计不够，可以叫他多放点面！每次吃完，都感觉好满足~O(∩_∩)O哈哈~,1
41459,"千万不要去,那里的东东卫生太差了，上次吃一个沙锅米线还有塑料带，我真不敢相信他们是在看什么去了．只有凉菜口水鸡不错，有点四川味道．",0
6865,休息天和老婆出去走走！正好逛到这家店！以前在别家连锁店觉得味道不错就进去了！感觉环境一般，服务业一般，可是味道好呀！总的来说还是很好的！赞一个。。。。。。,0
29503,爸爸下班总是会买一些点心、肠什么的，老字号，我家这么多年都吃惯了。\n他家的点心就不用说了，很多口味，众多都是我的最爱。他家的粉肠、酸豆角、肉末雪里红都非常好吃，松仁小肚货真价实。值得一提的还有炸咯吱盒，和其他地方的就是不一样，香脆而且放置一段时间也不影响口感。\n老字号，会一如既往地支持下去。,1
36438,这家店蛮大的，人相对来说不是特别多，去好乐迪唱K，买个全家桶当晚饭，不错的选择。但是总感觉他们家的鸡翅膀太咸了。,0
19903,来上海几年了第一次吃到这么好的广式烧味 店面小不过味到好 最推荐烧鹅 叉烧 奶茶！ …………………………,1
5504,原来的店面改到汤包馆后面去了。。\n回到正题，汤包馆开了大概2周吧，到了早中晚的点都要排队。。\n囧。。拼了。。\n目前为止吃了三次吧。。\n第一次是外卖的早饭，小笼汤包放在盒子里夹起来都还是完整的，\n汁水很有分量的说。\n当时就觉得汤包果然是汤唱主角，肉的话有点不尽人意。。\n主要吃到生姜了，哎。。\n5米/8只。\n第二次直接去的店面，晚了点连虾仁汤包都卖完了，还是吃了普通版本。\n店面很挤，要堂吃比较麻烦。。可以外带的，自己记得拿筷子。。\n第三次，吃到了虾仁汤包和老鸭粉丝汤。。\n虾仁汤包要比普通版本的在肉质上好点，估计是大点的开洋加在里边。。\n8米/8个。。\n老鸭粉丝汤比我在别的店家买的量要少一些，\n但对女生来说大致正好，唯一的遗憾汤比较咸，容易口干。\n8米/碗\n回报完毕。,1
16371,额 居然忘了点评这家店。周末几个狐朋狗友经常聚在这里吃夜宵。烤窜都比较便宜。生意一直很好，每次去里面都满满的。,1
18968,这家棒约翰比萨离双井地铁站很近，出A口一直走，行至天桥下往右看很好找。店面不是特别大，但是敞亮，布置的也很温馨。      这家棒约翰比萨口味还不错，也有自助水果~\n      我们三个人，点了个个9寸的刚好够吃~\n      环境还行，不过价位稍高~,0
30766,非常好，三文鱼口感绵软，微微有牛奶味，很肥美，很享受。北极贝有嚼头，片大，微薄。寿司就不用说了。环境一般，太吵，不知道是不是有优惠的原因。\n服务还好。,1
38986,大泡芙基本都是10块左右 能把一个吃完就蛮不错的了。。虽然外皮听酥脆的 但是里面的夹心真的挺。。。。腻人的 喜欢吃甜食的人可能接受吧 正常最多偶尔吃吃吧,0
26846,"位于西城区后海46号的宋庆玲故居, 从前是大户宅院, 院子很大, 有宋先生的塑像, 庄重. 慈祥, 她的起居室兼办公室. 简朴,整洁,室外的和平鸽仍陪伴着先生. 金秋时节, 园内菊花盛开与园内雅石遥相辉映.形成一道美丽的风景, 在宋庆玲故居才能品味到中华文化的丰富内涵与博大精深.",1
19648,水煮鱼不新鲜，服务非常慢，叫了半天没反应。我们坐在服务员点餐台的前面，绝大多数时间是自己动手端盘子放到他们服务台上,0
3567,（晚餐）我是选择单点的，因点了好一点的清酒所以人均比放题的128还要高。感觉这餐厅的性价比还可以吧。刺身还是蛮新鲜的，食物口味可以的。,1
9687,因为离家近，因此选择在这里生孩子。护士们都非常厉害，很凶，墙上也没有就诊流程，总也看不到导医，本来新来就不知道程序，又没人告诉，问护士护士们还冲你大喊大叫，要是喊叫出来什么内容也好，喊叫完你还是不知道它在说什么。人超多，除非办预约挂号卡，否则排队能排死。就算办预约卡了也预约不到专家号。本来预约卡是可以提前两天从零点开始预约，我在零点打电话竟然还不能预约，于是我怀疑是系统还没改过来日期，等了十分钟可以预约了，但是4个专家，所有的号都没有了。实在是让人怀疑，凌晨零点，只十分钟的时间至少上百个号，全部都没了，肯定有猫腻，如果说没有和票贩子有一腿，打死都不信。,0
12049,在龙之梦人气属于较低的，刚走进店里对其环境有点失望，一点没有日料的感觉！总体口味还可以，如果品种再多一些就好了。,1
21936,很有趣的一家店，仓库改得，服务员全部仓库管理员风格着装。\n《奋斗》在这里拍过。\n喜欢山东菜的，在这里吃的很爽。当然首选是海鲜了~\n好吃的有个罐罐南瓜，绵甜焦香，同事每次来了必点！,1
44580,"吃得我食物中毒了,反反复复病了一个礼拜, 七夕节的旅行也泡汤了,加上药费旅费,损失了两千多块 ,真是郁闷了...而且口味也不比别家的好,淡而无味,吃的时候感觉虾很腥,服务更是不好,那个男服务生从头到尾没个好脸色,要双筷子喊了三遍都没拿来...",0
44974,口味颇不错的老上海餐厅\n点菜的服务员是头势清爽的小伙子 简化了点菜 介绍地蛮清楚 基本不用担心\n环境算不得富丽堂皇 倒也温馨干净\n点了 当家的几个菜\n熏鱼 用的是很小的鲳鱼 很入味 可惜不是现做的\n肴蹄 很入味 皮酥烂 很香口 不错的\n油爆虾 外皮很脆 甜味适中 老上海的做法 蛮好\n草头圈子 很标准的做法 圈子处理地还算干净\n雪菜烤鲈鱼 这道倒是很特别 雪菜是油炸的 所以片片很薄脆 像木鱼花一样 鱼肉调味酸爽 推荐下\n蟹粉豆腐 蟹粉有点腥味 不是表现地很好\n黄鱼馄饨 上海做这道的餐馆也越来越多 他家的只是中间水平 无功无过\n酒酿园子 园子是有芯子的那种 酒酿味道不浓 打了擦边球的上海点心\n总体算是性价比颇高的一家亲民餐馆,1
44006,难吃，价钱不厚道，肉也给的不厚道，随便吃吃可以，请人千万要慎重！\n难吃，价钱不厚道，肉也给的不厚道，随便吃吃可以，请人千万要慎重！,0
3669,绵绵细雨，我从佘山森林宾馆赶到了松江大学城。正值星期六，那些小吃摊缺少人气，估计在平时这一定是学生们人满为患的饭点。搜索并且记录了几个，真的好难找啊！原来大学城还分几期来着，有的甚至是具体地址都没有，神马珍奶会所后侧2楼，天知道那里有多少这个品牌的奶茶铺。卫生条件也是脏乱差的集合，所以，晚饭……我放弃在那里吃。\n也不能白来吧！买了久久丫的椒盐鸭脖子、来伊份的小包装零食准备晚上边看电视边啃，要命来，我跑到这儿竟然买全上海到处可以见到的食物。啊哦，【喀兹三角烧】——眼睛一亮，MS出门前也在网上见过，来一个。\n最基础的，应该是红豆口味。我基本推断和鲷鱼烧差不多，果然，咬开就是满满的红豆馅，因为是低糖，所以不甜不腻。陷子好多，甚至多的有些过头，因为我真心希望多些脆皮呀！热度不够，所以稍许影响了口感，这种东西我最多啃半个，剩下的……丢给我们家那位打扫。打打牙祭，其他东西……真的毫无兴趣。,0
8841,"中午正好有个三个朋友的约会,选在海神宫,餐厅，餐具硬件和服务水准很好。\n但是菜的水准不敢恭维：推荐的牛排，质地可以但是厚度和味道不行；蔬菜色拉，可能因为厨师是做中餐的，浇什么料搞不清楚；苔条小黄鱼，不到十根象大拇指粗细的形状，60%没吃出小黄鱼肉。只有苦瓜排骨盅、银雪鱼和白灼介榄和茶水水果盘还是够标准的。\n总之，硬件和服务有水准，菜品的特色有待发掘。目前，其实人数少的话，还是到上面吃自助比较好。",0
34108,昨天和一大帮朋友去那儿聚会，点了满满一桌子菜啊~~~发财有方终于吃到了，哈哈，还不错~~~还有一个肥牛，挺好吃的，辣的，但是能接受，连我这种完全吃不了辣的人都觉得还不错~~~晚上的时候一层有表演，嗯，如果去那儿的目的是聊天的话，建议别坐一层，有些吵，如果想听的话，唱的其实还可以~~~,0
38701,最爱面包 苹果花苑的面包挺便宜的 而且都是新鲜出炉的\n以前我和妈妈都喜欢吃里面的樱花吐司 六米好大一个，而且奶味很浓的，但是现在做的没以前好了，只吃到一股面粉的味道 哎~可能是物价涨了就偷工减料了吧\n墨西哥蜜豆也不错 而且也便宜 以前2元现在2.5 里面蜜豆好多的 可能会有人觉得甜 但是对于酷爱甜食的我来说正好~~\n奶香片一元一个 奶味超浓的~~\n杏仁椰丝也好吃 ，椰丝放很多的，还有抹茶起士棒 芝士蛮多的啊\n上次买了他们的蛋卷  吃多了感觉好甜好腻啊~~\n总体还是不错的~~,0
3520,我们11个人在丁香厅包房吃的，总共吃掉2400多，人均200，感觉有点贵呢~~菜的口味还可以，服务也不错，环境装修蛮喜欢的,1
23244,两个人点了三个菜，苗家干锅鸡，觉的味道一般，后面让加了辣椒重新制作后感觉味道还可以。猪蹄味道不错，很糯。另外一个莴笋丝味道一般。菜还是比较正宗，偏辣！比较喜欢！,1
6220,很早就看见这家店了，不过都没有来过，这次中午和老婆在这里解决中午饭哦，点了一个羊肉汤，很特别，用羊肉煮出来的奶白色的汤，什么作料也没有加，要拿羊肉去粘作料吃，羊肉很嫩很嫩，很好吃的一道菜哦。还有一个鱼菜，记不得啥名字了，也不错。记忆深刻的是叫一个 栲栳栳的一个面食，做的好好看，味道也是相当好吃，特别是沾着搭配在一起的酱料，味道非常回味哦！,0
23598,第一次来这，环境还可以，就是上菜比较慢，而且服务员服务速度那叫一个慢啊，叫了好几次才来，像欠他钱似的。\n不过菜品还比较可口，,0
19497,对这家米线店唯一的印象就是辣鸡米线。每次点服务员都会跟你提前说明下辣鸡米线是很辣的。事实上也算是，门口有个新疆大叔卖烤串，店好像开到晚上挺晚的。,0
457,参加活动2小时内免费 过后再计算时间 一个小时才70元。那么黄金的时间晚上8店多，很便宜。唱了一晚上结果才交了70元的费用。剩下买了些酒和小吃。音响也不错，包间很大！！！,1
15792,不评星还不能评价\n最近去啦2次一次请人一次别人请\n现在合以前真是没法比~~现在只能用 差 很差 相当差。\n1，先说说火锅~\n现在的食物质量不是一般的差~而且牛蛙合甲鱼从以前的不限量到现在的一人一只~（必须一个人一次只能拿一只在不多给），我就纳闷啦给我100只我还能吃没是怎么着开得起店就别怕别人来吃。服务那就更别说啦服务员压根就不理你喊啦N次才来~爱答不理的~没事多训练训练员工~让他们知道我们是上帝。各种各样的差就不说啦~懒得说~\n2，再来说说烧烤~\n食物不新鲜~上菜品不及时~调料没有不填~水果更别提啦~~~一个字~差 差 差 差\n说服务那就更经典啦~20点我们才到~明明22点下班~才21点就把火给我们停啦~关灯 关空调 撤食物这才21点你着什么急下班我们上帝还没走啦~~我们找他们服务员理论（经典时刻到来）服务员装听不懂中文，说一些鸟语，无敌无处不在。\n最后说一句 就这种破店破服务质量 难怪你们现在要沦落到把一大半都出租出去才能苟活的命运~只能说一句这是你们活该 趁早黄啦吧~我不会在去 我身边的亲人朋友不会在去 我所有认识的人不会在去~,0
28576,店面很小，生意不错大概是周围有两个市场的缘故，去晚的话有些菜就没了。喜欢他加的肉燥饭还行，中午当工作餐还是不错的。,1
40842,算是苏州的标志性街道了，玄庙寺原来周边都是好吃的小吃，现在好像不是了，好像都是一个个的小摊位，老艺术品一类的，不过 商业就和其他地方差不多了，该有的都有了，还有就是黄天源的糕真的是很好吃 一点要买呀,1
2413,别的都不怎么好！就是赠送的奶茶 我很喜欢~喝完了自己的，又把老婆的也给喝了！ 但其他的吃食味道就真的不怎么样了，逛累了 进来喝杯茶还好！,0
5688,其实韩式烤肉我觉得都是大同小异，在这里不想在对菜品做出评价，主要想说的是不同的，首先位置比较好找，停车方便。环境不错，抽烟系统距离烤盘很近，这样吃完不会一身油烟味。肉类可以点大小盘，这样可以多点几个品种的肉，适合人少的时候吃。至于说味道，没吃出来和其他的有什么区别，不足的一点就是小料2元一份，真是太少了。希望以后改进。,0
10010,因为离公司近，每次和同事吃饭都是海底捞，单间的服务还不错，有专人服务，小姑娘还都挺爱聊天，不过好像要加收服务费。味道和其他店差不多，一如既往的不错。,1
19625,贵得来要死。。。。JUICY还是有些小奢侈的\n一双很不怎么样的JUICY鞋也要120\n不过就算这样还是比较喜欢这个牌子，朝气和奢华。。。\n很多小女生都喜欢这家店的,0
25435,朋友请客 认识人 就订在他家了 很小的时候跟爸妈来吃过他家的烤鸭 味道真心不错 时隔这么久又来了 老旧的店面 地上还有些油腻 但是片皮鸭的味道一样真心赞 吃的蛮有饱足感,0
12978,传说中的芳婆啊，我终于找到了~~嗯，11点不到的时间啊，已经在排队了...果然是名声在外的啊。\n嗯，说吃的。价廉物美吧总的来说，已经有很多人夸过啦~\n不过呢，感觉没有想象中的那么惊艳吧，可能是我抱的期望太高了吧。。\nPS卤蛋虽然是很入味，但是我觉得就只是咸啊。。没有我们学校门口的好吃。。。,1
395,这个地方还可以，应该算是这附近最便宜的火锅自助了，有肉片不限量，而且是在西单这种地方，这里很划算了，而且地方也特别大种类齐全。不过口味一般就不要太奢望了，毕竟才38块块钱还是在西单这种地方,0
22726,这家比徐家汇那家差多了，没什么人气。烤鸭也没那边好吃。\n可能是人气关系，服务也不怎么样，菜单也点错了。其实算起了价位也不算便宜了。所以性价比太差了。\n如果没有优惠不会去了，有优惠……会去徐家汇那家吧……,0
37281,来大连后吃过的第一家很好吃的饭馆，又便宜又实惠，很适合学生，在一个角落里，一般人找不到，理工与海事的很多导员都到那里聚餐，他们家的川菜做的很正宗，老板人很好，如果是班级聚餐在包间会有一个很神奇的大桌子，能够容得下全班26个人，想想26个人围着一桌吃饭的情景吧，而且那个包间还挺小的，真是佩服佩服。一定要吃他们家的水煮鱼,1
7945,作为面包来说，东西算是非常的贵了，一个面包要买几十元，晕哦！真不知道用什么做出的，托朋友的福，东西还是很不错的，非常好吃啊！巧克力蛋糕 巧克力 闪电都非常的棒。,1
33782,有点不起眼的小角落啊~没办法，某人的面食雷达搜索精度太厉害了 ╮(╯▽╰)╭\n生煎确实不错，肉大，而且每个都有汁水！咳咳，某人说面皮不够厚 ╮(╯▽╰)╭\n小馄饨里有蛋皮，我喜欢的呀~\n韩国年糕，某人问老板娘这个好吃伐？你猜猜老板娘会回答什么呢 ╮(╯▽╰)╭\nPS: 生煎要自己到门外面的窗口拿的……,1
26221,在大栅栏附近逛，看到这家人头攒动都在排队，好奇进去看看，象药铺一样的格局原来卖的是茶叶，各个价位的都有，尤其多的茉莉花，所以一进来一股浓浓的茉莉花香。价格公道。很喜欢。,1
22812,情迷Prague，喜欢这个地方，第一次去丽江，误打误撞进了这里~~再次回到梦的地方，我又一次来到了这里，在丽江4天，而来Prague的次数，却比4要多的多，喜欢他家感觉，喜欢坐在一层的窗边看着书，看着行人，喝着咖啡。喜欢摩卡，喜欢云南红茶，喜欢提拉米苏，喜欢这里的一切，更喜欢有你在的Prague~~喜欢~~~,1
44707,K个歌顺便就去吃了\n基本都是和同学一起\n因为价格适中\n没赚钱还是要经济划算的\n天使意面很腥很好吃\n披萨很是很合算的,0
11626,"婚宴,蟹宴,流口水...\n冷盘卖相实在不咋地,味道一般.\n热菜每道都有蟹,虾仁弹性十足,小笼汤汁饱满.\n清炒蟹粉最过瘾了,满口满口的,蘸了醋更好吃.\n清蒸大闸蟹.有黄有膏,吃了太多蟹粉反而吃不出大闸蟹的鲜味了.\n其他菜很清淡,边吃边琢磨那么多蟹粉得多少人拆多少天呀,真是个不容易的技术活.\n最后吃到撑也值了.",1
7223,红豆沙冰+珍珠\n味道蛮好的，红豆很糯，珍珠也QQ的，就是铺子太小，外面站着等的地方也没有，等的人多了就混乱了,1
35724,人挺多，在这种地段上，自然价格也不便宜喽。\n一分钱一分货，说的一点没错，好吃点的就贵了。\n想吃的总是转不过来，就被人拿去了。\n两个人吃了100多。感觉不实惠。,0
44821,不远，经常去，有地铁，交通很方便，就算是坐公交车，也很近。东西很多，种类也比较齐全，卖是都是牌子的，价格也不便宜，不知道是不是我运气问题，好像都没碰上打折,1
29523,想吃美食不容易啊( ⊙ o ⊙ )啊！\n      \\\n       \\_\n     .---(')\n    o( )_-\_老远了！味道很不错，下次有空，要尝尝其他美食，能开在人民广场吗?,1
1409,地不地道不知道，不过里面的三杯鸡的确还是很好吃的，看着就很不错，很有食欲。菜馆里面装修的很典雅，黑色格调，感觉很舒适，里面有个雨幕，还是挺漂亮的。菜量小了点个人感觉不太实惠，炒饭倒是给的挺多，老大一盘了，海鲜炒饭味道很不错，这个吃了不少。在里面吃饭的人太多，位子最好提前预定。个人感觉有一点做的不好的就是欢迎很热烈，服务却不太好，有待提高。,1
44309,差到极致了，很贵很难吃，所谓滴桂花米酒就是酒糟泡雪碧，太难喝了，而且24一壶，服务员还忽悠说每人必点，真不知道这家***还能经营下去。可惜没有先做好功课！,0
6364,台北1+1没落了。\n落座之后粥都不给了，催了半天才送上来一锅。\n东北菜+广东海鲜。\n土豆片炒干豆腐味道还不错，其他就没什么了。\n东北菜作的不好吃。\n广东海鲜做的就更不怎么样了，味道不好，品相也不好。,0
9992,烧鹅不错，但是比较油，也比较贵，点了1／4靠腿的要55元。艇仔粥，一点蛋皮啊，鱼片啊，花生啊什么的，吃的时候觉得味道不错，吃好口爆干！估计放了很多味精。蒜香排骨，还不错。还点了个炒空心菜，也不错。,0
43297,上次单位聚会去的 午饭时间 包间还是挺大的 去了起码50人 5桌 不觉的挤 菜口味还可以 适合我反正 上的也快 鱼好吃 素菜做的也还不错 洗手间很干净 洗完手还有护手霜 椰子味的 很好闻\n总之感觉还是商务聚会什么的适合 嗯,1
31280,咦！没想到这个和吃完全没有关系的地方也能写点评。\n早就在里面买过摄影器材了，大概用了也有半年多了，价钱可以说是很合理，毕竟竞争很大，价格都很透明。\n但是如果你不是行家的话，进去买配件什的肯定是要被宰的血淋哒滴的，我就是个很好的例子。\n原本以为买了个相机比别人的要便宜。后来问下来我配件什么的要被多宰掉500多，什内存卡，手腕带，包......\n我总结下来，照相机在一家人家买，配件什么的多问几家，多比几家。肯定能买到最便宜的。,0
25485,某天下午可爱的小南就打电话啦~\n原来是通知逗子去拿蛋糕~\n为啥偶觉得那天的小南精神不振呢，说话有气无力的\n以上是题外话\n下面正文，话说逗子觉得现在的自己越来越韶了 那天就这样拿个蛋糕\n还和老板韶了快半个小时~然后感觉自己又八卦了好多~\n门头是必须滴~\n逗子：老板 你家的门头好旧    \n老板：我想装修的，可是最近好像市政会集体更新，所以只能暂时这样\n很喜欢里面的情调 感觉很小资 顺便小P了一下 蓝调的感觉真好~\n最近好喜欢这样装文艺青年~\n老板很细心 特地开灯让我拍 \n很可爱的小装饰 生活就是在不经意之间的发现~\n逗子：老板 你家蛋糕活动没有吗？ 老板：下个月开始考虑每个月出两到三款8折\n逗子看了一下 他家的蛋糕1磅（估计6寸左右）一般80左右 如果在折扣 60多米一个蛋糕 偶觉得还是蛮划算的~期待\n他家的蛋糕现在买一送一的活动结束了 不过现在有买二送一 感觉还是蛮划算的 \n晚上去的比较迟 很多都已经卖掉了~ 他家的奶茶5米~考虑哪天去试试~\n蛋糕的包装 感觉还行 无功无过 ~\n华华丽丽的蛋糕 提拉米苏~ 大笑三声~ 某臭 你就嫉妒吧 尽情的嫉妒吧~\n逗子：老板 为啥你家的提拉米苏为什么那么的不光滑~\n老板：我特意的  我不喜欢那种条条框框\n话说老板那句话的气场呀，逗子瞬间秒杀般的喜欢上这种独一无二~\n照片找不出来那种感觉，真的是越看越好看的~\n老板是个腼腆的大刷锅，大家可以去参观逗子想替他拍照 老板不肯~\n厚厚的一层可可粉  加分\n来个特写小熊 大家不觉得熟悉吗？\n原来和美丽心情的一样 后来逗子问老板 为什么会和美丽心情一样~\n乖乖 原来老板原来是在五星级的饭店的\n而且和美丽心情家的老板还是朋友 美丽心情的老板出生也是一样五星级饭店\n嘿嘿 八卦还是有收获的~\n所有水果被我吃完了~\n水果都很新鲜 更加用心的是这些都不是罐头水果 逗子很喜欢 加分~\n蛋糕的侧面 奶油很多 里面的蛋糕不是一层层的 而是那种手指形状的 \n感觉老板真的很用心 一开始有很多亲们反映说化了会有水 蛋糕的味道受到影响\n于是我拿到的蛋糕是改良过的 没有出现这种状况 \n而且刷锅老板还很贴心的仔仔细细的跟我解释 \n然后接着很纠结的告诉我 他才注册了一个号 想回帖解释 没办法跟帖 急呀~\n细节图和评价\n口味很好 奶油很细滑而且一点也不腻人  提拉米苏的特有的味道不仅仅是浮于表面\n连里面的蛋糕都有~随意蛋糕不是平时的那种白色 而是咖啡色的~ \n虽然会有一点点苦 可是我觉得那样感觉却更加地好 逗子喜欢\n总结：（哈哈 领导发言）\n蛋糕很好，服务更加地好~\n刷锅老板 那种气场 偶喜欢呀 腼腆的同时又有一种霸气~\n筒子们，有空大家可以一起去看刷锅~\n图文版：http://www.dianping.com/group/sznj/topic/3350851,1
799,很喜欢这家的鞋子 特别是夏天的平底凉鞋 价格基本在千元 虽然有点小贵 但真的很中意 另外 不知道这次百盛199-100的活动他们会参加吗,1
7916,半价时候去的，所以价格还是比较优惠的。\n做指甲的小工技术一般，说是做的较好的那个回去休息了。其实也是自己不好，本来预约时候说做光疗的，后来改水晶的了。估计这位小工不擅长水晶和彩绘，所以做到后面图案改了又改，在做了4个钟头后，我彻底放弃了挑剔，随便弄吧。\n不过话说回来，老板娘蛮好的，比较爽气，而且不停的问是否满意，到后来完成的时候还问有什么地方不满意的。做到晚上10点多，我也不太好意思了。老板娘后来还送了一次手部护理。\n用的甲油、材料还算比较好的，如果价格能优惠点，会一直光顾的。,1
17170,七夕节的最后几个钟头 跟家里人在它家吃夜宵度过了\n呵呵~感觉还不错呢。。。\n点了 香辣虾 端上来满满一盆 个个都爆的老大老大\n看着很有食欲 就是油了点 鲜香麻辣 很爽~~！,0
5498,分量比以前真的小了很多，比如说芝士焗番薯体形缩了，绿茶包也不绿了，炒鸭锅里的鸭脖子越来越多，骨头煲有些骨头变成了纯粹的骨头，估计是拿去炒拆骨肉了吧~~~不过，现在很适合在骨头煲里烫菠菜，甜！,0
21593,有点吵……找个位置入坐没人搭理，没人收拾，很久终于叫应了一个服务生…桌子还脏…市民卡活动已经截止啦……,0
31952,其实肯德基没啥好点评的\n不过这家的座椅实在有点脏啊\n找了一圈才找到干净的凳子（估计被小朋友踩的）\n店员们要勤打扫才是啊~~,0
20500,2010.04.29 细雨纷飞\n真不知道是第几次把聚会选在了万达 这一次把场地换到了蒙自源过桥米线\n在三楼的一种品牌中就属他家价格最亲民了 刚好来得早 占下了几个座位\n要不然等所有的人来齐 恐怕连我们坐地板的空间都没有了\n和其他地方吃到的蒙自源不一样 这家更像是M记K记的风格\n点完餐服务员给你配齐 自己端着盘子回座位去 什么都得靠自己动手\n也有一点好处 酱菜小料可以自取 香菜神马的最受欢迎了 一上来就哄抢一空了\n四个人 索性点了份双人套餐 然后搭配两种不同的米线 这样也能吃到更多的口味\n所有的材料齐全 各种食材一律倒进碗中 像吃方便面一样搅拌一通\n虽然流水线的配餐更有效率 但是能否保证风味我实在不敢苟同\n番茄牛肉米线的评价相对比较高 酸酸甜甜的风格比较适应本土\n酸辣牛肉米线 如果只是把搭配的辣椒放下去 只能算作微辣 \n于是靠着自己打的一点辣椒 勉强能吃的辣点 牛肉不太嫩 很怀疑新鲜度\n状元米线的配料最杂 但是口味也比较平淡 没能激起食欲\n套餐里的卤牛肉味道尚佳 牛肉也比较嫩 比较受欢迎 拍黄瓜马马虎虎也可以\n另一道皇帝蕉实在是太小气了 怀疑放了很久 外面的皮都不酥了 极不推荐此道\n习惯了以前吃过桥米线时 服务员会端着盘子到座位前 当面把配料加好\n一切看着都显得十分娴熟 只是轮到了自己操作 多少感觉有些不大适应\n朋友在云南读大学 说和以前吃到的过桥米线 味道上还是有些差别的 不知道商家放了什么料\n如果要打分 三颗星已经是勉勉强强 随便吃吃就好 不过这样的米线确实不太推荐,0
3577,一直吃他们家的东西 以前还有打车去广东路买外卖的经历 味道一直那么好 特别喜欢多利饭 现在女朋友也很喜欢他们家的东西 总之很实惠,1
14241,前幾天去的比較頻繁\n是因為好友喜歡吃的緣故\n晚上人比較多啦\n每次都要等位\n而且都是2樓\n環境還可以\n就是不太通風\n比較悶熱\n不怎麼喜歡那裡的水\n是檸檬泡的\n但是味道比較奇怪\n也許是服務生不太夠的緣故吧\n點餐都要等哎\n而且上餐的速度比較慢\n喝的東西也慢\n而且點好的喝的還不可以換訥\n親們要想好再點哦\n匹薩還不錯\n口味也比較多\n有吃過無邊的和鐵盤的兩種\n匹薩還可以1/2的點\n這樣可以吃到不同的口味\n麵點做的很一般\n燴飯還不錯\n小吃麼雞翅還不錯\n那個薯蓉味道不怎麼樣哦\n喝的比較喜歡[珍珠奶茶]\n珍珠比較特別\n有紅豆口味的芯\n[穀物奧利奧]還不錯\n甜品[抹茶雪域]還不錯\n[提拉米蘇]做的不夠好\n服務態度也有待提高\n畢竟算是比較高層次的消費\n應該要讓顧客感覺到\n優質的服務才有良好的口碑麼\n不然人家又要說\n比內地的必勝客差很遠了,0
16033,酒店很大气，是四星级还是五星级，自助餐的环境还不错，蓝钻海鲜自助餐，价格，下载了优惠券还能便宜些，还不错赞！就是路远了点,0
35815,单位在这个餐厅附近。中午的座位很难找。\n无奈之时只能拼桌\n同事和朋友聚会多是会选择这个地方\n他家的经典菜就是烤鸭了吧，很便宜。而且味道也不错\n比全聚德要便宜很多的，还有全聚德竟然还要服务费。很是费劲\n别的家常菜就是普通的口味了···,0
32824,人很多的说，基本上没位置，尤其是吃饭的点儿\n今天晚上去吃的，乱哄哄的，估计是人太多的缘故\n点的情侣套餐，松仁玉米的水饺，个人不喜欢，没有水饺的味道啦\nPS：今天去吃，醋也没有了，辣椒也没有了，人多还来不及补齐,0
24999,面包品种蛮多的，样子也不错，每次都是拿发的面包巻去买些面包回来当早点，只能说一般，价钱不算贵，口味一般般，还算划算,0
39221,嗯，过年前自己一个人去的，每次路过都会看到里面的生意很好，客人蛮多的样子，后来就在等朋友下班的时候，一个人过去弄了个洗剪吹，打发时间了。。。\n说是洗剪吹了，不过我就洗了下头，然后修了一点点的小分叉，没有做多大的改变，嘿嘿，头发留长了不舍得剪啊。。。\n洗头是男生洗的，手法还不错，蛮舒服的，尤其是洗头的时候，会把我的头拖起来，不会让我很吃力的，这个我很满意的说，不像其他地方的理发店，多数是女生洗头，冲水的时候，脖子好吃力的说。。。\n剪头发是斌斌剪的，嗯，还蛮有耐心的，我主要不是去剪头发的，就是随便打发下时间而已，但是他却很认真的在帮我剪额，问了我有什么要求，满不满意，还不会推销让我烫头发，弄得我都不好意思了。。。\n价格我记得是68米好像，因为拉卡的，实在是记不住价格。。。。貌似有点小贵，不过一个下午，在店里晒得到阳光的地方，剪剪头发，其实还是蛮享受的，嘿嘿,1
27313,"错过了午饭时间,所以和波波猪在这里吃的下午茶.\n服务员的反应超慢,店里其实没有太多客人,我们两个饥肠辘辘的等了很久,张望了很久才有人过来帮忙点菜.\n叫了一些港式小吃,蒸排骨,虾饺(上菜时说没有了,就换了烧卖),萝卜糕,叉烧菠萝包,叉烧肠粉.\n因为很饿了,所以就叫了觉得应该会快上的小吃.不知道是因为人少要现做,还是怎么回事,等啊等啊,等得都已经饿过劲了,也不见上菜,大概20多分钟,我叫服务员帮忙催一下,她竟然白了我一眼,然后什么也没说就走去按电脑,我当时非常生气!怎么这么没有教养呢?\n又过了一会,菜上来了,味道真的很一般,除了波波猪说叉烧肠粉还可以外,其他的实在没什么值得推荐的.排骨很小份,而且有点肥.\n在很饿情况下,也觉得菜品一般,可想而知,不饿的时候会有什么评价?\n对了,餐厅外广告牌有写下午茶打折,但是结账时,也没有打.因为急着去见人,所以也没有计较.",0
25095,拉手的团购，提前一小时预定。到了之后告知要等最少40分钟，言外之意就是团购的最好不要来了。因为带了小朋友，停车又转了很久，不想再换了。服务还好，为了照顾饥饿的小朋友的情绪，先免费送了小碗中式油菜清汤。饥肠辘辘，第一个上的是个什么号称大不列颠的烤茄子和鱼子酱。拿起来差点没晕倒。第一次见到西餐里放生大蒜的。一片白面包，上面是大蒜片（足足有一头大蒜）混合着茄子和红彩椒末儿。几粒鱼子，非鱼子酱，叉子尖点了一粒放在舌尖尝了下，还不如黑龙江产的大马哈鱼的鱼子，全是人工的颜色。然后是蔬菜沙拉，一看，基本是生菜，两片西红柿，4片黄瓜，中间一束苦菊。自打把住家保姆换成白班保姆后，我要自己去菜场买菜，根据这两个月的经验，苦菊是最便宜最老的那种，1.5元至2元一斤，西餐只能用来做汤。下面煎三文鱼，全是面——还不是面包渣，又咸又干。紧接着号称煎牛扒，硬的连大人也咬不懂。跟着是意面，LG勉强吃了。团购包括4杯饮料。点了冰红茶和橙汁，哪怕汇源也成啊，不是，所以也别给小朋友喝了。LG先带着小朋友去楼下看喷泉去了。突然想起还有甜点，和服务员说了2次，千呼万唤始出来，带着冰碴，实心冰坨的，冒着白霜的巧克力蛋糕一小角。叉子都没切动。肯定是外面买的，不是自己做的。这顿饭吃的这叫一个不爽。看来以后所有坐落在任何“SOHO”里的餐厅都是不能碰的。——屡试不爽，总结出的经验,0
3469,一个月总要去个四五回，里面的菜现在都改进了。。。不错！\n推荐红烧狮子头饭、红烧牛腩饭、炸鸡翅和薯条，！,1
37507,很早前去过一次，最近想吃辣的。\n要了一个烤五花肉，一个牛上脑，一个海鲜饼，一个海带汤。二个人吃的，撑死...\n小菜很好，腌白萝卜条很好吃，酸酸甜甜一点辣，小黄瓜也很好，很爽口很脆，沙拉也不错，其他的一般，很多人说土豆泥好吃，我觉得好腻，不过妈妈喜欢吃，个人口味吧。\n五花肉好吃，牛上脑普通，我记得第一次去也是叫了二份不同的牛肉，没什么好的印象，所以才很久都不想去了，牛肉不嫩。海鲜饼很普通，就是鸡蛋饼..海带汤不好吃，但是附带的米饭很好吃！好像是混合了糯米做的。非常好吃！\n环境普通，服务还可以。因为我们去的时候不是饭点，所以没等位,1
38431,偶尔会专门过来这里，就是为了给油腻不堪的肠胃减减负。素食固然也有很多家，但喜欢这里却很简单，就是真实的素食主义，没有任何形式上的伪装。\n店不大的，但人来往的还不少，所以如果需要还是建议提前订位比较好。小店很干净，服务生也温和可亲的样子，很有好感。\n每次都会点蔬菜色拉，牛油果加上各种蔬菜，红的绿的，再配上椰子油，味道清淡中不失口感，完全不用担心会没有食欲而吃不进。倒是建议人少的话不如点半份，因为量很大的，可能会吃不完。\n烤蔬菜阿拉伯卷很不错的，食材很丰富，洋葱，番茄，芝士，蘑菇等，用饼卷在一起，饼皮很劲道，吃起来的味道依旧以清淡为主。\n一顿饭吃下来几乎会感觉自己变成了食草动物，可这样没什么不好，毕竟我们的身体需要这些绿色不是吗？,1
42545,突然很想吃比萨，就这家离我最近就去了这里！看网上说蛋挞不错，平时也总见门口卖9.9一盒。我大约晚5点半就到了，人很少，直至我吃饭这家餐厅人都不是很多！鸡翅盘里基本没有鸡翅，都是翅根。蛋挞一开始并没有摆在台子上，每次都是考好了就有服务员在那里等，等着装盒，还以为只有外卖呢，自助时不能吃的，后来我们都吃完饭了，才开始将蛋挞装在盘子里可供大家食用，可是很少的一盘，大家都去抢！我觉得你再怎么想外卖，也要先可着店内就餐的人啊！这点做的非常不好！盘子里面没有食物了，服务员就大声对厨房喊，声音实在很大，并且也不戴口罩。这样口水会喷到菜里吧？番茄酱和辣酱的标识牌还摆错，弄的我吃了一口辣酱！最后还不能刷卡！,0
41036,公司年会 主题是舞林大会\n每个部门都要跳一支舞蹈 有爵士 椅子舞 肚皮舞等等\n地方是很难找 第一次不一定找的到\n每天中午过去跳一个小时 感觉肚皮舞很难\n老师跳的不错 就是真的是难学 想以后有机会了 会去学\n因为真的能把身体练的 那个叫婀娜多姿啊 哈哈!!!,1
4923,开了很久胃，相声段子很有意思，每次去人都很多，第一段是快板，之后就开始说相声了，记得那时去都是和谐相声团，奥特曼一些人。铬几天去听段子会听到重复胡，叫上一帮朋友去是个不错的选择。,1
16141,"我地系4个人去食，剩系野食就吾贵噶，不过加埋汤底就......\n个番茄汤底几好,酸酸地,几开胃.\n虽然D菜吾贵,不过实在系少啊 ......有D肉丸得3粒,我地4个人点分???",0
15150,从小就喜欢吃粥，在她们这里吃了这么多久的粥还从来没有烦过，，这里的东西还是蛮齐全的，有卤蛋、馒头花卷。我经常在她们家吃玉米虾仁粥、味道不错。金菇三元一份也是我必点的，这里每天人还不少，这种感觉还蛮挣钱的，这里的服务还是不错的，卫生也挺不错的值得来。,1
4128,因为日本地震的原因，本来打算吃赤坂亭的，后来看了这家点评兴冲冲的去了，环境不错，我们订的包厢，里面还有电视机，味道就一般般了，没有想象中那么好吃，而且真的都是肉，本人对肉没什么很大的兴趣，而且服务员也不怎么样，以后不会再去了,0
23986,周末，约友踏青。\n傍花随柳，草长莺飞，吹箫乞食，春风和气。\n特色，羊汤火锅，哥们姐们的大爱，一盆热气腾腾的羊汤，搭配老乡家秘制小料，\n不爱吃羊肉的人都感觉到那种美好，虽然没喝羊汤，但从个别男同学的丰富表情\n中，可以体会到，美食的魅力，山野人家，美食如此。\n汤毕，肉食动物们开始扫荡，羊杂，吃了，不膻不腻，主要是老乡家的小料，实在\n是我最爱，辣，爽~~！！！一点点香葱，一点点香菜，实在辣的不行了，还可以\n加一点点麻酱，那味道，纯朴，实在。\n中午时分，小院子里车摆得满满的，实在没地方停了，老乡家后院，开进去，又是\n一片小洞天，干净的床铺，纯朴的小农家院子，还有一只叫“奇奇”的小柴狗，听话的很，实属可爱。\n男人们把酒言欢，只剩下我们小女子，借用老乡家的小院子，几圈麻将解解闷，逗逗小狗，末了，大姐很热情地招呼我们，下次住在这里，爬爬山，这里确实很安静。\n习惯了市区的繁华，去腻了“山吧”，这里确实是周末踏青的好去处，听老乡说，他家刚刚开业不久，趁着开业不久赶紧去吧，等和“山吧”一样，等和“雁西湖”一样，又贵了！\n好久不点评了，突然不知道说点什么了，说点大白话吧，不管有人看还是没人看，自己高兴就行！,1
34737,我几乎吃遍沈阳各家小肥羊，这几家菜价还是有细微差别的，铁西这家最便宜，我一般是有优惠才去，所以吃的很多价格还便宜。\n小肥羊的优势在于锅底，这么多火锅，应该说小肥羊的锅底最好吃，不管是清汤滋补还是茶香还是清凉都各有特色，当然是刚开始喝汤的时候口味很好，后来就和滋补锅一样了。\n小肥羊的肉很好，羊肉比牛肉好，羊肉很嫩滑，但是手切羊肉一般，而且量很少就30多。滑没有花漾年华和海底捞好，毕竟不是小肥羊的优势。羊腿和羊排都很正宗，就是羊排太肥了，瘦一点就更好了。有时候赠送酸梅汤，很好喝，弄得我特意自己找配方，自己煮，要不总想那个味道。\n小肥羊的主食也不错，特别是羊肉馅饼，很正宗，我LG是内蒙人，所以很在行。煎包也不错。有优惠券的时候我基本每周吃一次小肥羊，基本所以菜品都吃了，真是很实惠。,1
4348,学校的餐厅去的次数很多，有时候人爆多啊，所以学校有规模性活动时就不要去凑热闹了，作为指定餐厅一般是没位的。菜做得都还不错，量很足，尤其是宫保鸡丁、鱼香肉丝之类家常菜，对于学生也是很实惠的。就是服务态度让人很难满意啊，一个个都是上帝，一般要通过祈祷才能等到相应的服务啊!,0
276,和妈咪两个人一起去的一家老牌港式茶餐厅\n这家的名字不大会念……一直以来我就管它叫做浦菲站——最早的店名。\n我们到得比较早，店里只有3-4桌，吃到中段时开始人一拨拨来……还有等位的，生意真的不错\n点了2个凉菜、3个热菜、一份煲仔饭：\n- 吊烧鹅：他家的烧味很不错，比不远处的珍记要好。烧味中我偏爱鹅肉，这家的鹅肉稍有点肥，不过肉很嫩、很香，汁水很足。一盘38元，大约是1/4只鹅的量，算满足量了\n- 凉拌海带：普普啦，才5元，还可以\n- 蒜茸芥兰：他家把芥兰切成薄片爆炒，于是芥兰很入味，完全没有普通芥兰咬不开又不入味的现象。18元\n- 姜蒜花蛤：小小的花蛤姜蒜爆炒，挺香的，一个个拨了吃很好玩，18元\n- 竹枝羊肉煲：这是一道羊肉比腐竹多得多的菜……分量相当足……羊肉做的一点膻味都没有，妈咪这样不能吃羊肉的人都吃了好几大块，这道菜吃下去人就饱了五分。38元\n- 一品煲仔饭：腊肉、腊肠、风鸡、瑶柱作料煲出来煲仔饭，很香，稍微有点油。底下那层锅巴非常入味。30元\n最后两个人吃了150元不到，吃得饱饱的，还有点小撑~~\n环境总体还不错，不豪华，但是挺干净，很适合家里人晚上不做饭出来小吃一翻~,1
26371,来彭浦少说说也有10年了\n说到彭浦 夜市肯定是少不了的\n每次逛完以后 来碗热气腾腾的粥 \n最爽心不过了 哈哈哈哈哈,1
34750,前天和LG不知道吃什么，就随便走走，走到门口就说去吃烤鱼吧。店还算干净，但是旁边在装修，一股油漆味，实在有点受不了。两个人点了条鲶鱼，结果没吃掉，东西无功无过，服务员的态度不咋地，一直板着脸。,0
23098,以前挺经常去吃，小吃的种类比较多，价格也便宜，干净卫生，吃的最多的是生煎加小馄饨。可是近年来，丰裕的各个门店口味都每况愈下，又一个老字号摇摇欲坠了，几乎不再去了。,0
35943,这家奶茶铺的连锁店很多，这家四川北路店是和朋友去逛街时，走了累了，看到这家店顺便买了喝。我喜欢喝特调奶茶，朋友喝的是北海道奶茶,1
27629,夏天怎么能不喝星冰乐呢，虽然每次尝试新品都不免有点小小失望，可是仍然不能浇灭我小小的starbucks情节。晚上人好多，露天座位都被占满了，好不容易找到个4个人的位子。夏天，starbucks果然还是个好去处。,1
861,所在地段很好，不过在二楼，要从福州路上一个很小的门洞上楼才是，所以并不吵闹。推荐他家为数不多的包厢，设在最里面，所以外面的情况不会对包厢有所影响，点单反正可以按铃，包厢里有单独空调，温度可以自行设定，是个谈事情的好地方。不过这儿包厢需要最低消费，似乎是200元，如果是饮料加点餐应该用得到。\n*饮品--想耗时间，就点菊花茶什么的，慢慢聊慢慢品，反正还可以加水；我还会点奶茶，香芋味的，不过没几口就见底了。\n*点餐--中餐、西餐都不太地道，不过就咖啡厅的水准而言，配菜还挺丰富，性价比还行。有个焗饭，带cheese烤出来的，味道不错，推荐一下。,0
4308,环境挺不错，有点象新天地里的饭店装修。包房里还带着卫生间。\n菜也不错，比较有印象的就是1）辽参，煮的恰到好处，蛮入味的，算对得起118元一位的价钱。2）酱爆小黄瓜，很有特色，脆脆的，又入味。其他的虽然点得很多，好像就没啥印象了。\n值得一提的是他家的服务确实8错。据朋友说比那家“3号”要好多了。,0
12667,昨天第一天开业，打折力度很大。速干T恤才19元一件，还有好多开幕特惠品。只有一个试衣间，人很多，由于管理到位还算比较快。卖场布置感觉比南京路那个店好，货品比较集中好找。,1
15472,炸五香真的挺好吃的\n吃了厦门几家炸五香都满喜欢的\n鱼丸还行啦 没吃出什么特别的\n不过这么出名就试一下\n味道还是可以的,1
2781,这家店市口不错，恰在三林城菜场的对面，现在是三林城最热闹的地方，不过周围沃尔玛等商业中心马上就要开了，肯定会有挤出效应，这样的店不一定能支撑的下去的，所以趁现在还在，赶紧探了。\n店虽然只有一层，但规模不算小了，4元一位包括餐具调料和畅饮的饮料了，还是可以接受的。就是乌梅汁是拿粉冲调的，味道淡了点。\n我们点了58元的一品骨头王锅，里面东西真不少，大块的肉骨头足有七八块，我们一人一块还有多，上面堆满了百叶和竹笋，好家伙，结结实实的一大砂锅。\n桌上摆着的是肥牛卷和牛羊肉拼盘，前者是28元，还可以接受，后者38元似乎有点贵了。\n另一边摆的是撒尿牛丸和包心鱼丸，都是16元，还有山药（10元）和百叶（8元），这里的丸子不是自己做的，就是超市速冻柜台的那种，质量有保证，好吃谈不上。\n架子上放着老豆腐，川粉条，腐竹，这些都是6元或8元的，还有海霸王虾饺12元，这个店家很干脆，连包装都不去掉，直接就拿上来了，倒也让我们吃得放心。\nPS，川粉条不错。\n我们另外还点了些金针菇，年糕，茶树菇，豆苗什么的，价格基本上都在10元左右的样子吧，就是豆苗量比较少，这点不太满意。\n结账270，人均50左右，性价比虽然一般，但胜在实惠，所以这家店现在生意应该还很不错的了。\n最后给大家一张给力的图片，这张图片摄制在我们吃完后，整个锅子连同点的菜我们全部吃的干干净净，都撩不出东西了。大家对比前面的图片，够给力吧:),0
2088,每次都是去吃它的香辣虾，不过感觉越来越缩水，好口味没变，D虾够晒味，香得来又麻辣，让人吃了还是想吃，不过同时也喝了很多水，3元/位，有任喝的柠檬水，还有豆浆，除了香辣虾以外还有酸菜鱼也不错，功夫面，火锅也不错，,1
2198,有一次晚上去吃的\n口味还不错\n云吞面里面有3个云吞~\n里面都是整个整个的虾仁\n可是····\n可是·····\n可是我吃到第3口的时候发现面里面有两只虫子~~~\n环境真的是不敢恭维呀\n不过服务员给我退掉了云吞面\n只吃了个杨枝金捞\n23HKD\n不知道是赚了么·····？,0
31523,下班时发现的，装修的很古朴，不是那种很显眼的，我很喜欢。约上几个朋友来的，听说这的石锅拌饭是济南数一数二的，烤肉的味道也很好，环境也很好，很舒服。,1
23952,对面就是二沙岛，所以夜景是非常的美丽。7点之后广场会变得非常热闹，骑单车，放风筝，跳舞，溜冰的聚集于此。白天还可以在码头坐轮渡到大沙头，南方大厦，然后到芳村酒吧街。,1
3304,我好耐之前系购书中心果间眼镜直通车配过一付眼镜，戴到依家都无咩也问题，度数这几年都无咩也变化，呢间也几好啊，服务方面都可以，验光师真系好专业啊，价格方面都几实惠,1
22870,上次去吃这家是在近20年前了吧 印象当中蛮好吃的\n今天看看环境是比隔壁要差一点 特地点了几个隔壁点过的菜方便比较 腰蛤28元1份 阿妈烩菜 22元1份 葱油牛百叶 28元1份 葱油蛏子 28元1斤 菜式也好食材也好烹饪方式也好蔡量也好上菜速度也好和隔壁的没有什么差别 隔壁价格上次没有记录下来 不过感觉差差不多 可惜店面没有隔壁的大 菜样比较简单 不像隔壁样品摆得非常好看丰满\n这家阿姨蛮热心的 看到小孩一个人走到店门口 特意嘱咐小孩一个人不能出去的 否则要走失的\n希望两家继续好好竞争,1
17685,听朋友介绍说这家有很好的荞麦面，去了才发现N年前曾经来过这家店，原来开了很久了。\n不大的店堂，很多日本人，边吃边看店内的电视转播，那天是北岛康介的游泳比赛，日本客人似乎都看得很兴奋。\n坐在料理台边的座位上，在等菜的过程中，顺便观察一下用餐环境，座位后面的墙上贴着很多看似是老板和朋友的生活照片，侧面的墙上用许多不同品牌的日本酒外包装盒作装饰，料理台上放着一些车模、卡通等小玩意儿摆设，料理台边的墙上钉着放满各式小酒盅的木格，很吸引我的视线。整体用餐环境比较居家放松的氛围。\n炸豆腐和烤鱼都还可以。\n串烤拼盘不错，包括丸子、鸡肉、鸡皮、鸡胗、鸡心、大葱、香菇，最喜欢丸子和鸡胗、鸡心。\n主食招牌的手工荞麦冷面，拌着粘稠的山药泥吃下，挺特别，也是很简朴舒服的食感。 \n亲子丼也很好吃，全部吃光。\n--------------------------------\n最近又去了一次，还是坐在老位子的吧台边。\n空心粉色拉（20元）：一小碟，但挺有特色，蛮好吃的\n梅子黄瓜：酸酸的，比较开胃，黄瓜上还撒着香香的白芝麻\n玉子烧（25元）：这家的鸡蛋卷煎得特别嫩滑，涂上萝卜泥，淋上酱油，挺好吃\n盐烤牛舌（35元）：共5片，同样的价位比不上天手古舞的“上牛舌”\n蛋包野菜（30元）：蛋皮里包着的有肉丝、金针菇、卷心菜等，味道还不错\n烤串（6-7元/串）：鸡皮7元、鸡心7元、鸡肉丸7元、鸡软骨7元、香菇6元：都很好吃呀\n豆腐皮包饭（20元）：一盘两个，里面的饭是用酱汁浸过的，挺入味的\n野菜天妇罗乌冬面（45元）：乌冬很有弹性，热乎乎地吃了一身汗\n饮料点了可尔必思（加水）和乌龙茶\n一桌子菜，最后吃撑了，结帐269元，真是丰富又超饱的一餐啊,1
41451,好好味嘅老字号！\n又便又好味，不过食粥最好吾好食到低，细心留意，D碗有股类似碗未洗干净嘅味，吾知系洗洁精定系消毒水嘅喷味....,0
34687,"里我家不远,所以偶尔晚上会溜达就到那儿了,我觉得这里的景色是傍晚最美.尤其夏天,天气晴朗,傍晚时候在水边,看夕阳,大桥,岸边绿树,闻着清新的空气,爽....",1
21419,刚去老北方吃过，来来往往人还挺多的，最主要是味道蛮正宗，超喜欢的是——秘制酱骨架，不太腻、挺香的\n风味拉皮——味道正，很喜欢里面的黄瓜和胡萝卜，呵呵\n三鲜水饺——还不错，里面有汤汁，吃的时候要小心别弄身上*_*\n商委红肠——实在很久没吃了才觉得很好吃，不推荐，份量不多,1
4933,vip房也只有两个麦。。。不合理。\n音质一般 卖常坏 歌经常唱着唱着就没了\n就是轩尼诗喝着一直一个味儿的。\n经常在里面迷路，烦死了。\n什么设计，乱七八糟的\n去三楼还要坐破破的货梯\n环境差。\n跑到里面喝喝酒就算了。。。\n还好每次摇色子不是我最差。哈哈哈,0
36602,烤鸡真的蛮好吃的~~\n烤鱼一般般，太嫩\n咖喱配烤饼 挺好吃的\n总体来说，味道一般。。。\n环境和服务很不错，值得尝尝鲜的餐厅~~\n吃饭嘛就和旅游一样，长长见识、尝尝鲜\n哈哈,0
42915,非常喜欢这里滴甜品。。。。尤其那个白色外面有花生滴，， 都忘记叫啥了。。味道好好，， 总而言之。。香港的许留山味道好好，， 和上海比起来。。上海滴逊色多了，，，,1
42654,超大型的仓储式购物，一家大小一起来采购才合适，要是小家庭的话，这样批量的采购可能用不完。要是单位批量采购也不错。\n必须要有会员卡，但是会员卡要办理还要交钱，这点有些烦。\n但是里面的东西质量都很棒，能买到很多好东西，当然相应的价格也都不低。,1
22908,只去过一次 觉得很有特色 但只有特色 \n蛮喜欢里面的功夫茶的 不知道现在还送不送了\n粥的性价比不是很高 如果换成小碗应该客人会多些吧,0
22822,离公司很近，所以其实老早就点评过了。\n但是，那时的服务还很好，也没有大喊大叫的阿姨。\n所以我删除了，再写一封，想让他出现在最上面。\n刚刚看了下更多点评里很多同学都说这里服务是差的要命。\n具体我不多说了。里面一位上了年纪的阿姨，面视有35-45岁左右。一脸的不耐烦。\n我一般人不犯我，我不犯人。\n炒饭，面，汤我还是很喜欢。不过服务不好，我表示，没必要去为了吃东西受人家气。\n你的确不是为我们一对客人服务。\n你们的确不缺我们这一对顾客。\n希望长相柔弱的女孩子最好有男生陪同，此地凶险。,0
35470,很著名的清真店。\n店面不大，只有两个中年女服务员。\n因为卖的东西不多，所以除柜台外还空着一些地方。\n主要卖一些小点心类，小饼干、酥类等等。论斤卖，十几、二十元一斤。看不去不是很新鲜的样子。\n还有些牛肉、羊肉、鸡肉之类的熟食制品，都是成袋包装好，价格也不便宜。\n近中秋节了，有月饼卖。\n看过人气美食的介绍，说它家有种京式月饼，评价挺高的。\n好象共有三个品种，椰丝、枣泥、豆沙的，都是3元一个，比王家沙的便宜。\n选了一个枣泥的。\n这种月饼的饼皮没什么油，有些干，不过有些奶味。可能不新鲜，显得有些硬。\n枣泥也不新鲜，没有想象中那么香，枣味较浓，偏甜。\n不新鲜的月饼都不会好吃。\n又上了人气美食的当了。,0
29177,山山说请吃中饭，由于不给力的午休时间于是就选了这家心水很久的面馆。点了所谓的招牌海鲜什锦面，据说料很足味道也很好的！在等位子的一段不愉快的插曲后我们的面来了...希望越高失望越大？第一眼看到的时候觉得这碗面真心寒酸...料足？好吧...按照品种多少来说的确...鱼丸、鱼豆腐、基围虾、蛏子、蛤蜊、不知名饿蟹一小块、青菜、带鱼...数数挺丰盛...吃的时候则不然...食材算不上新鲜...所谓的一块蟹...我和山山毛估估一只那么小的蟹可以做近6碗这样的面了...考虑到现在的物价...这个价钱的面就算觉得不值也不能多说什么了...只是心里在想...这算是哪门子大杂烩a...照理说放了这么多东西这面的味道应该不错...吃过后真心觉得也就这样了...怎么说？你放了那么多河海鲜可是面汤却没有想象中的那么鲜美...就是说该有的味道有了但总是在什么地方欠缺了什么...面条本身感觉也一般...一词记之曰：坑爹...,0
31594,去年国庆去玩的，学长带我们去的\n  我们在西湖边找了一家饭店，总想尝尝这边的鱼是怎么样的味道，于是点了好几个鱼，味道还可以，对于喜欢麻辣的我们来讲，不是很对味，总体上来讲，还是比较鲜的，肉比价嫩，价格也是比较高的哦，对了，还吃了这边的特色，东坡肉，看上去好油腻，吃起来不油腻，很入味，比较喜欢\n  吃好饭，学长就开着车带我们去西湖玩了，哎，真不爽，老是找不到停车位，转来转去还是没有停车位，总共就在那边呆了三个小时，等车位都差不多用了一个小时，很遗憾，好不容易找到车位，停车费用也很贵，总之，来这边就是花钱\n  西湖边全是高高的树，湖面在阳光下衬托出啦，还是很漂亮的，我们沿着湖堤看风景，感觉很好的，心旷神怡的感觉，俗话说有水有山就是好，空气清新，感觉真不一样！\n  有空的话还来玩玩,1
16889,这家店开业、装修、关门、装修、开业。。。折腾好几次了，在这次装修后，因为BF非常有兴趣去吃，我们就晚上去的。还好人不算多，东西也算齐全，但是感觉没点什么就20多元。麻辣烫看着倒是挺干净的，是用那种烤鱼的盘子端上来的，但是有些都煮散了。感觉不够香辣，就是真咸。小料感觉就是油里放了好多蒜，没什么特别的。\nBF还点了一个鱼香肉丝盖饭，等了半天都没上，原来是忘给做了。。。只好又等了一会，上来以后我们两以为上错了，和其他地方的鱼香肉丝都不同，颜色都不一样，BF说味道一般，估计要是不饿也就吃不下去了。\n总体来说就是感觉比路边的麻辣烫要卫生。,0
55,一直想试试满记甜品，最近得偿所愿。\n芒果白雪黑糯米甜甜：芒果不甜，但是黑糯米的口感不错，很有嚼劲也很香，而且奶里还有丝丝碎冰，吃起来感觉很不错。\n榴莲班戟：班戟很薄，奶油很香不腻，榴莲的味道和奶油也好的融合在一起，淡绿色的表皮很可爱啊！\n白雪黑珍珠：龙眼肉、芒果、香蕉、亚塔子、罗勒籽等，味道很全面，果肉也很厚。\n杨枝甘露：没有想象的好，甚至有点失望，芒果味道不够是硬伤，柚子粒有一点苦，西米口感还是可以的。\n芒果布甸：同样是芒果的问题，没有什么可圈可点的地方。\n和很多人一样的感觉，没有想象的好，但是芒果白雪黑糯米甜甜还是不错的，除此之外芒果类的甜品还是不点为妙。,0
6280,酒店房间内就可以泡温泉，几个人聊聊天，泡泡水也是很不错的休闲方式。\n吃得真是很一般，难吃不敢说，太是并不美味。\n开车过来还行，要是没有车，出门就只能提前让门位帮忙要车了，因为从这的大门口走出去，真不是一件容易的事。,0
10064,第一感觉：好大的院子，好偏远的饭庄。\n第二感觉：环境真是不错，又大又宽敞，还很有特色。\n第三感觉：功夫鱼炖的很入味，凉皮很地道，干锅金针菇很美味，百合西兰花爽口，炒莜面、大拌菜味道都很不错。,1
39836,在姐弟俩吃了好多年了，一直都很喜欢他家口味儿，一般会要两掺儿，这样粉和面都吃的着，很喜欢里面的鹌鹑蛋和黄花菜,1
32963,噚日公司嚟哩度食年饭，一入去感觉就餐环境还可以，几古色古香咁，不过啲餸就冇乜特别深刻嘅印象嘞，唔算好好食，分量唔多，不过我特别有印象嘅就係最后加嘅掌中宝，油炸嘅，几好食，就得哩个啫，所以我觉得哩度性价比唔会高~,0
36411,偶干女儿她娘，也就是偶同学早早约了我和老公周五下班去独墅湖会议酒店吃自助餐。那里我不太熟，都是些新建的房子，让我想起了几年前的湖东。我们一开始找不到路，还是打了电话问酒店了才摸到位置。他家在独墅湖体育中心西侧，楼不高从星湖街上看不到，很容易错过。\n这里晚上的自助餐人很多，据说要提前订位子的。落座后话不多说，抄起一个盘子就开始找食吃。总体说来菜式不是很多，比一般五星级酒店的自助餐差些。海鲜刺身除了螺片还可以，其他三文鱼鲑鱼牡蛎青口甜虾感觉都不太新鲜可口。热菜一般中餐为主，倒是他家现烤的鲳鱼黄鱼和羊肉串不错，个头不小，厨师放油里炸后放烤盘上两面撒盐和调料，鱼肉很嫩很好吃，有点东北烧烤的意思~可惜这里饮料就雪碧可乐，有啤酒就棒了！\n甜食是我的最爱，这家甜点种类很多，而且有几款非常精致，可惜我现在是眼大肚小，只尝了一半口味而已。\n这家内部装修是个巨大的亭子，四周是玻璃窗，窗外池塘花木，环境倒是真不错。,0
2525,和GF路过就尝试了一下，都不怎么喜欢，天冷了吃这个有点受罪，更喜欢热腾腾的汉堡。\n酱料选择比较多，但初来的话会觉得相当繁琐，不够简练。\n优点就是比较新鲜吧，选择上更个性,0
1081,出大地的门了以后发现了大地的面包房~~\n没忍住所以进去买了点儿~~就是太郁闷了乳酪蛋糕卖完了。。。\n就买了个列吧~~16米一个~~\n买的甜味儿的啊。。。后悔了。。。。还是爱吃酸点儿的列吧~~\n不过还是很不错的~~果料和葡萄干都不少~~,1
4356,年初六下午六点去的，刺身（不新鲜）、烤银鳕鱼（内肠未清理 腥气）、烤鳗鱼（没有）、焦糖布丁（没有）、天妇罗（没有）；服务态度不是一个差就能说的，像这样的地方劝大家千万不要去！差、太差、非常差、相当的差……,0
30684,去到大同路撞到这家老字号，点了个面线糊那可真的是粘糊糊的啊，虽然卖相比较惊喜不过味道比较普通，环境也是普通就是选择会比较多，大概我没选到味道好的。,0
8558,"苏州太湖公园我把它叫着湿地公园，就坐落在太湖大道旁，是免费开放的哦。\n未进公园，站在路边就可以看到一些芦苇了，让人有点迫不及待。\n进入公园就可以看到公园的标志性建筑物,水榭的倒影在湖中，亭亭玉立。\n沿着木制的小桥进入湿地，有很多观景小圆台。\n正是上午10点左右，阳光在湖面上撒下了万千亮珠，由近至远，逐渐串成了片。\n芦苇花在阳光下灿烂着，让人心生爱怜。有新人在这里拍婚纱照，美丽的湿地也见证着他们美丽的爱情。\n不知道是否是人为的因素，小路两边的芦苇都较稀疏，芦荡深处的芦苇还是一团团的拥挤着，互相争宠。",1
5538,总体感觉，他们家的鱼肉量好多啊，吃啊吃，还是有。。。。\n豆花鱼味道很不错，和外面味道不一样，相对于川菜馆量是比较多的\n老板人很热情，不知道什么好吃，可以叫他推荐下。。,1
24276,各家的麻辣香锅味道各有特色，这家就很和我的口味，其实原来在外地第一次吃麻辣香锅吃伤了，觉得太难吃了，一直都没兴趣，在这家吃了一次以后又喜欢上了，没饭辙的时候来吃个饭基本没失望过，味道一直不错。\n 环境虽小，还算整洁，关键是味道好了吃饭的感受很好，所以虽然环境一般，但总体评价很高。,1
33258,真的很不错。可以试吃完再买。喜欢焦糖玛奇朵。和普通电影院的爆米花不一样。还可以放冰箱。口感更好。小贵。,1
8351,陆家嘴要吃个午饭真还不容易，大家都连着吃了好几回快餐了，这回本来想去五芳面馆的，结果溜达一圈没地儿坐，只好撤~爬到1+1，还好人不多，找了个圆桌。其实这是我第一次吃1+1，以前只听说过。7个人大约也就点了6，7个菜，菜量不大，味道还行，不过饭量很大……女生一碗多半都是多了，so几个女生一起去的话可以考虑2个人share一碗~那边饭不便宜。点了几个地道的台湾菜，可惜都做得不地道，蚵仔煎很湿，三杯鸡的味道也不太对。不过随便吃吃就这样吧，不好要求太高。,0
15321,粤式菜，精致，味道强调食物本身的味道，招牌是粥系列吧，我们点的是金瓜蟹黄粥，的确很美味，我喝了两碗呢，可惜一份的分量实在太足（当然价格也在那），感觉如果只是两三人聚餐，都吃不完呢，浪费。,1
28172,龙虾粥不错，其他的海鲜没啥感觉。甜品里面有一个很多层的酥很好吃很甜，木瓜蛋挞上的木瓜还挺好，糯米藕做的不够地道。如果不是喜欢海鲜还是不去的好。环境不错是真的，服务员很水。,0
15441,之前在重庆呆了一段时间，有看到过好几这样的店子。后来来这边，也有。刚好又要配眼镜，就去了。感觉服务态度还蛮好的。比较耐心。就是东西有点贵，不过还是配了，感觉应该质量还好吧....,1
21629,无锡一家很有特色的饭店~以前是靠夜宵闻名的~最出名的自然是“镇店之宝”螺丝了~一粒螺丝赛只鹅~味道真的很鲜美，每次我们去要点2盘~那个有机豆浆螺丝汤很鲜美，里面还有菌菇，非常好吃。柠檬鸡翅也是我的最爱，每次必点。,1
15477,上次优惠券的时候去做的，108元好像。。。汗蒸+精油凯背\n汗蒸挺舒服的，我的大腿重来不出汗，那天出了好多好多的汗 哈哈\n精油开背还不错，小姑娘力气蛮大的 我说了轻点。。。结果所谓的轻点还是让我们痛死了。。。\n全程都没有做推销，这个蛮好的。。。以后还是会去的。。。,1
20850,这家店在深圳算是最贵的了，一般都要200以上，用了优惠券也要200以上，不过地理位置的确是最给力的因为毗邻火车站万象城金光华，吃过了这里送的早晨还不错自助的，牛奶热菜都有齐全，很喜欢，还可以看新闻感觉还不错，房间还不错没有吵声，还算可以，汉庭还是一如既往的支持的了,1
32207,那天逛大悦城的时候发现BHG在这里也开了一家，\n于是就来这里逛逛，觉得可能是西单吧，寸土寸金，\n这家店的面积好似和其他店比较起来不算大，\n但是还可以，品种还是比较全，就是饮料并不是\n特别多，可能是地方有限吧，不过最喜欢他家的\n酸奶和周黑鸦了，可好喝了，哈哈，只有这里才能买到哦！！,0
24672,同事带我去的，不起眼的胡同里一家不起眼的小店。\n但是！\n味道很霸道！\n我们点的是虾锅，里面有一斤爆炒过的大虾，青菜，木耳和黄瓜条，又要了一份翅中。本来在这边我是不吃海鲜的，因为觉得不新鲜，不过这次的虾竟然很惊艳。虾体从中间劈开，个头很大量很足，经过爆炒后鲜香四溢，连壳都可以吃下去，实在有一种很满足的感觉。翅中也很美味，就是分量少了点。其他配菜在微微辣的佐料调配下和肉食结合的天衣无缝，火候正好，麻有余，辣稍显不足，不过没关系，下次我多加料。\n环境比较干净。地方不是很大，桌子是木料的，看上去很舒服的样子。\n送了10元券，50就可以用，很实惠的。\n虽然这是第一次吃麻辣香锅，但是我已经爱上了他家的，哈哈！\n下次聚会的候选地点。\nPS：他家很奇怪的，店中写的牌子是盛元，纸巾上印的牌子是亿嘟，点评上的店图片又是我去的那家店的样子，姑且我就把点评先发这吧。,1
24422,这个批发市场哈度，38一斤的车厘子称了50元，一箱乒乓球大的葡萄84元大概15斤，比鸡蛋大的荔枝王，6元一斤称了28元，雨润培根两包200g的20元，王老吉一箱72元，三得利清爽听装40元一箱，绿草源牦牛腱子肉51元1KG（卤了做零食），羊肋骨47元1KG（做手抓肉），鸭腿7元一斤，梅林番茄沙司4元，康乐醋4元。\n第二天去好又多买牛奶顺便看了看昨天买的东西到底便宜了多少价钱。\n好又多：车厘子一斤78元，葡萄没有，荔枝王13.8元，雨润培根14.8一包，三得利清爽12.6六罐装，康乐醋4.6元。\n家里过去10公里不到，停车费5元，就是味道难闻了点，腐烂水果的酸胖气和鸡鸭的臭味混合着，不过对付比房价涨幅更快的CPI的话就只能靠它了。,1
21426,应该是挺有年头的饭店了，在这一带的饭店里资格也比较老，不过之前好像还真没来过，这次来才知道原来虽然叫做“酒家”，却是以吃火锅为主的地方。另外他家也有炒菜，还可以办宴席。\n饭店在文昌街上，坐公交或者驾车都比较方便。文昌桥下有很宽城的停车位，应该不愁没地儿停车，哈哈。\n店面从外面看比较朴实，内部装修其实很不错。包房也很多，包房内的装修很有特色。包房很大，基本够12人左右就餐。不知道还有没有更大的包房。\n上楼有电梯，很方便。服务员的服务也很积极热情。上菜的速度也比较快。\n他家的火锅是小火锅，也是，不然这么大个桌子弄大锅怎么吃。。。把她家的肉类一样点了一盘，结果反而没记住哪个是哪个，有比较好吃的却不知道是什么肉了。。。盛肉的盘子都不小，肉就铺了一层，不是特别实惠。肉质倒是不错，都很嫩很新鲜。羊肉滑不错，鸳鸯贝也不错，蔬菜类的没什么印象，豆皮是干的，不过也很有嚼头。还是喜欢鲜豆皮。\n去的时候赶上他家搞活动，全单95折，然后用他家的会员卡还可以折上88折，还不错。\n总的来说，味道还不错，装修有特色，价格稍偏高，比较适合请客。,1
17228,logo很山寨味千拉面，米线口味还行，蔬菜太生了，菜还算品种多吧，汤不错，但总觉得吃的不太爽    凑字数凑字数凑字数凑字数凑字数凑字数,0
26969,经过万菱汇见到有满记就来试一下...\n新品凤梨芭菲是雪糕来的，很快就融，但味道不错，只是价钱有点贵，要28RMB左右~\n还试了招牌之一的杨枝金露，十分失望，可以说是淡而无味，但却要20多一碗...\n还有芝麻糊拼杏仁糊，也是相当难吃......\n印象中的满记不至于这样吧？还是说这家的特别难吃？？或者我应该再去其他分店试试才能下定断....\nbtw，这家环境OK，可能万菱汇人流量少，挺安静舒适的~,0
25590,新开的综合广场，优点就是离家近。里面吃东西的地方挺多的，尤其地下都是小吃，比较经济实惠。但是感觉整个商城的布局有些乱，吃的和购物没有系统安排。可能一边还是油腻腻的烧烤，一边就是华丽丽的服装店。,1
13827,这家锅贴店的锅贴实在是太好吃了，浙大玉泉校区门口，我经常去吃，不仅好吃，而且价格也非常便宜，6个锅贴3块钱，一个吃个两份，管饱~,0
23072,朋友请我们在那吃的，菜品的味道一般，改良版的川菜，比较适合青岛人的口味儿，食客也不少，水煮肉的上菜方式挺有意思的，与众不同。,0
42371,真功夫里的米饭是蒸的，比较好吃，菜是比较清淡的那种，没有很多油水，荤素搭配的也比较好，也有汤，乌鸡汤里有沫沫，不知道是什么，饭，菜，汤的份量都比较少，饭量大的人想吃饱就困难了，这里也有面食，米粉之类的，不过不怎么好吃，推荐香菇鸡腿饭。,0
748,因为就在家附近了，所以就不用跑大宁那么老远的去 买东西了。真的很方便的的地方，但是一楼就没有大宁的做的好了，而且感觉上面比较荒凉,1
9618,在我楼下 很热闹 人多 感觉不错哦\n经常来这里\n有时候还要排队\n总得来说还可以\n.披萨还是必胜客最专业的\n交通方便 环境不错,1
24905,现在吃冰淇林我喜欢选他家和DQ，这家的服务态度那是没得说，热情积极，口感呢也不错，最爱抹茶味，只是些许的感觉味道没有DQ的浓，但是他家号称卡路里低嘛，正好符合我爱美的心态，哈哈！,1
25221,单位组织的体检，这是我工作以来，最好的一次体检了，具体价格不清楚，大概是五、六百吧。就在长航医院里面，很好找，玻璃房，很新，护士很亲切，医生很专业，环境很舒适。我昨天预约的，今天早上9点到的，没什么人，不需要排队，医生检查得很仔细，态度非常好，表扬。检查报告2个星期后就可以拿了，他们会快递到家，也可以在网上查到，很方便，真不错。,1
33792,光顾这家店很多年了，款式比较新，价格和商场比还是便宜点的，但是质量不怎么样，一般穿一个季就坏了，所以性价比比较差。老板娘很自以为是，一般老板娘在无须理会，她拽你比她更拽。营业员小胖还可以，不过她也挑人的，但是态度还算客气。那里翻翻花头可以，要买一双质量好的鞋子，还是不要去了。,0
11217,"价格很便宜,菜的量也很足,都是家常菜,味道还不错,所以每次去几乎都要等位子.\n不过那里蛮吵的,环境不是很好.",0
21563,"FRI-03-18\n   / \`\     __\n   | \ `\   /`/ \\n   \_/`\ \-""-/` /\ \\n      |    | \ |\n      (d   b)  \_/\n      /    \ \n    ,"".|.'.\_/.'.|."",\n   /  /\' _|_ '/\  \\n   | / '-`""`-' \ |\n   | |       | |\n   | \  \  /  / |\n    \ \  \ /  / /\n    `""`\  :  /'""`\n      `""""`""""`  -辛卯-贰月拾肆\n下午-晴-凉\n應該跟樂天也有關吧~跟lotte呃英文拼的差不多啊~到處都有呃快餐店了~買漢堡、炸雞神馬呃~\n在韓國吃了兩次了~~因為真的很多~~只要想休息就會往裏面坐~套餐有10000+呃~那個8000呃炸雞塊很不錯誒~最主要是蘸醬超好吃~~好香甜呀~~\n圓筒冰淇淋600一個~~跟kfc呃差不多~沒有老麥呃好~~\n=餐會給一個感應器~~先去做~然後找個感應器叫了亮了就好去拿了~挺好挺好~~",1
24104,一直很想去，终于有空去了下， 总体感觉还OK吧，没有想象的那么好， 可能真的希望越大失望越大吧， 不过呢， 还是值得一去的。\n首先， 交通很便捷，常熟路站下来，4号口出去， 过个马路就到了， 不过， 千万别走进商务楼哦，在后面一点点， 电梯也很隐蔽的说， 不过， 我一路通畅， 主要是做了功课来的， 呵呵。\n前台妹妹有个肉乎乎的， 感觉很好的， 热情到位， 另外一个有点严肃的，没多说话。做就做经典的精油按摩了，90分钟，228，话说谈论间帅哥老板竟然出来了， 哦， 原来是一位外国人約好的技师竟然还有一个钟头才能下钟， 外国人不开心呢，服务员就开始解释呢、、听到服务员蹩脚的英文我真恨不得上去说啊， （偶可是英语专业八级水准。。哈哈哈），不过， 我还是忍住了， 给别人留点面子吧。。。\n还是说自己， 那个房间一看哦， 那么小， 还没淋浴，我一下子就不开心呢， 直接就冲到服务台了， 要求换F ， 还好， 直接就答应我了呢，接下来冲洗 ，开始按摩。。\n按摩的是男技师，，，，一开始有点小尴尬， 其实我一直按摩的， 而且都喜欢男技师按摩， 因为力道比较到位， 可是他们家是全身精油，，，，，还有， 我要说的是， 重点部位都有毛巾盖好哦， 所以不会走光啦，MM 尽管放心哦。。。。个人觉得还是男的按好， 不然， 他们家优惠活动为什么仅限女技师啊，啊 啊  啊 ？？？\n另外， 给三星的原因是：房间太小， 没地方放衣服，手机啊之类的。。。按摩的时间貌似少了15分钟， 就算洗澡时间加进去， 也少了有5分钟吧，帅哥老板和前台MM 都给我解释了， 可我还是很不开心呢， 即使送我50元抵扣劵我也不开心呢， 毕竟，价格也蛮高的， 相比去过的其他家， 优惠力度小了点， 可是服务没有真正达到要求， 所以， 需要进一步提高员工素质哦\n总之，值得一去， 我还会再去一次体验不同的人，如果真的还OK ， 就一直锁定这家精油按摩啦， 0 0！！,0
26230,环境干净但不温馨，没有日式那种感觉，有点冷清。三文鱼寿司还是挺便宜的，中午去的 5元 一盘两个，服务员的服务态度还是值得肯定的。,0
23438,吃过一次就上瘾了，小肠陈神马的都是浮云。18块钱一碗相当有料，配点爆肚凉菜和免费的粥肯定能吃撑了。饭点来要等位，还有可能拼桌，老板娘和服务员都挺麻利的。这种店没法求环境了，但卤煮里的肠和肺收拾得很干净，不会有怪味，就是卤汤忒咸。\n有人说味道不正宗，您连火烧都找不着，对它的味道也都是凭自己想象的吧,1
35977,这家的味道一般，乌冬面相对还不错，比其他的饭类表现的好些。烤鳗鱼也还不错，不会很油腻，这点还可以。但是其他烧烤类的就显得很一般,0
31391,和同学一起过去吃的，水煮牛肉很不错，锅包肉有点偏甜但是分量很足，酸辣白菜醋有点多，水饺只有菜没有肉的感觉。。但是总体来说味道很好哦，比周边的店好很多,1
32133,午餐一份拌饭是个不错的选择，辣白菜汤很好喝，锅仔鳕鱼里的土豆和萝卜都好吃，免费送的小菜里土豆泥特好吃，但不是总能赶上,0
3627,它的黄鳝饭放了油，在烧的时候直到把底下的饭都炸脆了，其实就是感觉锅巴好吃，脆脆的，又有黄鳝的味道，感觉很爽，其它的菜就不是很有感觉，一般吧！,1
26209,开了挺旧的店了，地段是不错，但是位置不太好！！\n音响效果一般，点歌系统也稍显老旧了\n其实一帮人一起唱歌也就图个热闹，开心就重要,0
6605,这家店也就是价格便宜，味道，卫生什么的，真的感觉不行啊，总之吃的不是很放心，毕竟一份价格一分货色的，还是情愿吃稍微贵点的，起码安心,0
7590,结好婚了就把养了20几年的头发一次性简短。选择来福士的蒂梵尼是因为老公婚前来这里改变发型很成功，我也找了同一个设计师。\nLWW很厉害，看到我就说剪短发会比长发好看，出来效果真是很让我满意。以前也去过差不多档次的地方剪头发，从来没这么满意过，至少我一次性把头发剪掉，本着自己都受不了的心情去的，但是却很另我和老公惊喜，算是很成功了。\n所以一直到现在都是保持每个月去一次的频率。,1
24692,第一次吃金凤呈祥的面包就是在这家买的，因为要去附近办事，顺便买的，味道还行，也不便宜，和好利来津乐园什么的都差不多，有机会尝尝她家的生日蛋糕,0
8067,面很好吃，尤其是宜宾豌豆面。钵钵鸡很一般，价格贵不好吃。环境还可以，看起来挺干净。服务员态度也比较好。下次还会去的。,0
35101,我只在这里买过爆米花，地瓜干，怪味花生，还有卤豆腐，爆米花确实很好吃，但吃多了调料味重，会犯腻，卤豆腐干和怪味花生么，和商场里的差不多，地瓜干好像糖水泡过，虽然不像那种炸的不健康，但也不见得多安全。,0
37574,参加婚礼的原因去的，真滴是灰常灰常远，开车真的是灰常灰常的烧油啊...这里专业婚宴满月酒的感觉，因为进门发现这样的水牌就有四个哈哈，外面看着还不错，里面环境一般，菜量很实诚，四喜丸子好大一个哈哈，凉菜喜欢蜇头，进味儿又清脆，烤鸭不错，清蒸鱼云云的中规中矩，奶油小点心不是太好吃，服务员有点儿忙不过来，态度还是非常好滴哈哈～～,0
36083,新开不久的店。感觉不错我来创建吧\n下午两点才开考，没有地方去，从羊汤无忌出来看到这家咖啡店，很小很新鲜的店，应该刚开不久，店门上有丝袜奶茶的广告。\n进店要了一杯丝袜奶茶9块钱。店真的很小很小，七八个座位的样子，一张小桌子。我找了个高凳子坐下来，书架上有时尚杂志。店里不知道是老板还是伙计，两个很帅的帅哥哥，很专注的做奶茶，花痴(*^__^*) 。。\n奶茶味道还还行，用的黑白淡奶，不知道用的什么茶，味道不算好闻，喝起来无妨。\n店里做的咖啡价格十几块，咖啡喝了要尿尿的不敢喝。\n我在那里一座就是一个小时，期间来了一波波的客人，奶茶点的最多，其次拿铁听客人说味道还不错，今天不能做巧克力。,1
25712,"某天周末临时决定郊区走走,网上查到这里,匆匆定了房就出发了.因为一直想着是个酒店,所以错过了,又打电话找回来.进来才发现还有这么多人在这里吃饭,相比周边的农家菜,这里的味道确实不错.",0
40821,第一次吃的小米粥，非常好吃，不过三元一碗是有点贵\n第二次为了小米粥去发现小米粥俨然不如第一次好吃\n属于那种过夜粥热过又热的感觉\n很好吃的还有家常饼，像是电饼铛做的味道，稍微有一点小脆\n5月给八块三角的那种，\n有妈妈做的味道。。。。\n还有很小的时候很喜欢吃的切成丁的咸菜。。。,0
43717,听同学说姚家园家乐福里面的这家康师傅私房牛肉面很好吃，我今天中午来这里体验了一下！这家店在姚家园活力东方奥特莱斯工厂店的一层，也是姚家园家乐福的邻居，旁边是争鲜外带寿司店。\n   这家店很有格调，给我的第一感觉就像是国内版的味千拉面，很干净，服务员很有素质，服务得很到位一看就是经过训练的，比不远处的一家KFC的脑残服务员好多了。我看了看菜单，主打牛肉面和牛肉饭，还有特色小菜和部分甜品饮品。因为菜名挺有趣的，所以我点了一份百香咖喱牛肉捞面，想看看咖喱捞面是啥样子的。呵呵~点餐时付帐，服务员非常迅速的找零并附上该店的宣传单和优惠卷，动作一气呵成，重点是服务员非常有礼貌的双手奉上，让人感觉很受尊重，我有点不好意思的双手接过来了。嘻嘻~   \n   然后我被吓到了，这里上菜速度堪称神速啊！我刚把服务员找给的钱和小票塞进钱包，菜就端上桌了。一共也没几分钟啊，我不禁怀疑这面到底是怎么做出来的？旁边的一位美女点了一份咖喱牛肉饭，菜很快就上了，可是米饭好象有点夹生了，难道这是菜做得太快的后果？不过服务员马上有礼貌的赔礼道歉并且给那位美女换了一份新的。\n 接下来说说我点的菜。首先，外观看上去满分很有食欲，正宗的牛肉咖喱味，有点微辣，像我这种不爱吃辣椒的人还是可以接受的，面条很劲道软硬程度适中，咖喱中的牛肉是我吃过所有牛肉面里最好的，这家店的牛肉很嫩，肉质鲜美，我个人强烈推荐这里的牛肉！\n  随餐附赠的清炖鸡汤，味道也不错，听名字应该挺滋补的吧？这些一共花了我24元，感觉还行。\n  总之这顿饭吃的还是挺舒服的，下次有机会我打算尝试一下别的菜式，因为我个人不爱吃辣的缘故所以就没点这家店的招牌面，如果哪位亲爱吃辣的话可以尝试一下那个标有三个辣椒等级的魔味劲辣牛肉面和魔鬼牛肉捞面，听说超级辣的。呵呵~~,1
34338,去过两次，昨天去才知道还有2楼，这个天晚上生意还不错。\n怎么说呢，不是很喜欢自己烧烤，虽然这边也有代烤。\n烤出来味道一般般，偶尔吃吃玩玩吧~\n牛肉串很难烤，而且烤出来比羊肉串老很多。\n我们还点的里脊串，没吃出来~,0
44964,排队最长的骨头饭了，现在店面也改了下，不过还是不够大，遇上人多的时候还是撑不开，不过现在理工后面的骨头饭开的多了，人倒是也没那么挤了,0
27008,"套餐的量非常大,其实四个人只要点一份套餐就够了,茶非常好,环境非常好.停车非常贵,上海第一贵了吧,下次还会去的.还要逛逛奢侈品店",1
40183,很清爽的店面，布置得挺整洁的，菜的味道也蛮好的！广式烤鸭是美味，鸭肉鲜嫩美味，蘸着美味的梅子酱，别有一番味道！酸甜可口，很美味！虾饺蛮美味的，里面的馅儿很大，虾仁很新鲜，不错!\n蛋哒很喜欢，不错！,1
7795,面比较有劲到，很不错，牛肉炖得很烂也不错，汤稍显一般没有牛肉香味，\n去了两次，人都很少，毕竟两个人一人一碗面也要五六十块，\n像我们这种每个月工资白领的人也觉得有些贵，只能偶尔吃吃\n价格要是能像兰州拉面靠近就好了。,1
12950,到大连旅游，听出租车司机说“飞蟹”好吃，就用这个关键词搜索到了这家。位于大连的“夜生活”区，酒店装修尚可，大堂宽敞。\n东海凉菜和龙须菜让人叫绝，没想到东北有这样清口的小菜。炸棒鱼香酥可口，每人一根不多不少。倒是慕名而来的飞蟹没有我们期待中的惊艳。其实就是上海说的“苏子蟹”，清淡，肉质还不肥。我们点的热饮“核桃芝麻露”，非常好喝，也没有兑很多水，推荐。最后来了份面条，东北的手擀面就是有嚼劲，不错！,1
19516,拍完婚纱照已然很晚，吃饭的地儿基本都关门了，在大街上寻觅，意外看到9寸金枪鱼披萨25元，立刻买一个，等待中，老公一个劲说：能不能买桶可乐喝？立马被我否决，又吃披萨又喝可乐，真想变个大胖子呀！话说回来，披萨真的很不错哦，胜过好伦哥，跟必胜客不相上下。,1
27169,东西还算比较全，但是就是感觉比其他的象家乐福等超市的东西要贵一些，促销的活动也不是很多，服务态度一般，要是离家近还可以去一下，要是不太方便去，个人觉得还是去其他超市吧。。。,0
2806,话说找到这不容易啊。第一次去的时候还以为搬家了呢，这次特意先打电话问清楚了地方才去的。\n最爱肉酱千层面，尤其热的时候非常香。安妮披萨料很足，厚厚的一层香肠。某小吃非常清爽，面包上面洒是西红柿颗粒，忘了叫什么了。\n甜点也赞，点了招牌的提拉米苏和苹果派。有意思的是这里菜单的中英文不是对应的。\n餐前面包吃完后服务员还过来问要不要再来一份，真是贴心。服务很好，很有眼力见儿。老外超多的，看到俩老外小孩，那口北京话说的啊！\n常来常往吧。,1
37299,同学聚会，五观堂没定位结果没位子，于是临时附近看看就来了这里。\n听名字就知道是台湾小吃啦~老板娘是台湾人，蛮热情的。主打少油少盐清淡菜，很适合我们。\n点了红烧肉，酱汁茄子，麻辣黄瓜，蚵仔煎，青红辣椒炒鱿鱼，柠檬红茶，青岛纯生。\n最喜欢红烧肉~其实更像卤肉~很大块，却因为时间很长，又不腻又酥软，吃了没有负罪感，纯肉香~\n蚵仔煎算合格，稍微偏甜，可能酱汁里番茄酱太多~不过蛮新鲜的，很嫩~\n茄子，黄瓜味道差了些，因为少油少盐嘛，味道不大进去，可以理解~\n炒鱿鱼不好吃，鱿鱼是发出来的，不爱。\n柠檬红茶我说怕甜，老板娘真的没放糖，后来给另外的MM又加了些蜂蜜，我就要酸的，这点服务很到位~\n班长说青岛纯生最好喝，哈哈。\n总体菜色一般，反正主要是聊天，气氛很好就成功啦~,0
5490,同学一直推荐说它们家的鸡汤很好喝，春节前终于去了次。\n看了菜单，普遍贵~~~\n可能是期望太高了，喝过鸡汤感觉还可以，比较鲜，不腻，不过和想相中的还是点差距。很小一盅，45，贵啊。\n蟹粉小笼也不错，可惜还是贵。,0
13331,喜欢他们家的陈皮梅··一吃就停不了···味道好··1小包里面有8粒左右····很快就吃掉了···喜欢酸酸甜甜的味道···下次吃吃别的东西\n蟹味豆瓣很好吃额\n猪肉铺也是\n鲜奶话梅也好吃··发现没啥不好吃的\n温州为啥没有····,1
31438,离家很近，有时间都会去里面溜达溜达\n上午会有很多老年人健身，很热闹\n在国家图书馆旁边，闹中取静的一个地方，有个小湖，可以划船\n里面竹子的品种很多，偶尔还可以看到小松鼠,1
26185,去那里喝喜酒的，地方实在太难找了。宴会厅还算是正气，也蛮大的。菜一般般吧，喜酒上的菜似乎都大同小异。不过看起来整个酒店环境还可以，也很安静,0
17010,"就开在家楼下...\n很邪门,这个店铺开什么关什么,不知道这个粥店可以撑多久...\n粥的品种还是满多,点了香姑鸡肉粥外加卤蛋,味道还可以,不过鸡肉像那种方便面里的肉,不够实在...\n堂吃的很少,外送比较多...\n随便吃吃吧....",0
726,和朋友一起来的，两个人都点的石锅拌饭，小菜给的不少，土豆泥感觉味道不错，反正感觉比正一味的拌饭好吃，以后还会再来的,1
27305,开在学生宿舍旁边，与学校食堂相比，真的太好了。\n特别是要表扬一下他家的外卖，速度是所有学校周围饭馆外卖中最最快的，一般电话放下20分钟内就送到了。,0
44347,这家很搞笑，大家都剩东西，我们都是学生，边上那桌一帮老爷们儿有三盘子肉都剩下了，我们就剩了一盘，让我们掏钱。好啊，我们可以掏钱，你称重啊，他又不称重，就说我们超了。搞笑。\n汉丽轩你如此之2，还怎么做生意？,0
44784,这个季节 那天接近零度了吧\n一杯芒果沙冰 让我喝了快2个小时\n不考虑天气因素\n我喝的还是很开心的~\n不知道是不是鲜榨的\n味道很好就是了~,1
26605,七夕和LG去吃的宵夜，呵呵。买一送一，不用点评的优惠券也可以买一送一的。和lg点了一个金汤不辣，一个椒盐牛蛙， 咸蛋黄香芋球，吃不完打包，东西很干净，量很多，有机会还会去。,1
13320,特地去他家看的骨科\n挂的专家门诊\n早上老早老早就去排队了\n看下来觉得，这个专家，也就这样，并米有想象中的妙手仁心\n反而态度不咋地，一副很忙的样子，对你的问题回答的也并不详细，感觉很敷衍，\n让我觉得早上5点多来排队，简直是个天大的错误\n一点都不值得,0
13747,猪劲肉超好吃，点了2份，牛舌、牛排、五花肉、雪花牛肉都不错，3个人6盘肉，还有好多小菜，老板送了一个汤，一份玉米，挺大方的。土豆泥怎么可以那么好次呢……吃了好几份，还打包了2份带给儿子次……那里的年糕和泡菜饼也好次……ps：晚上7点后人比较多，走的时候好几个等位……唯一不足就是排风不灵，次好身上都是味道,1
13616,到了广州才听说这家店\n无奈已经是最后一天的晚饭时间\n没时间吃正餐 只是来喝个炖汤吧 也好。。。\n听说是著名中医师配的高汤方子\n密密麻麻几十个 就挑个不太见到的\n鲜鱼腥草炖猪肺\n大家都爱的猪肺我不爱\n大家都讨厌的鱼腥草我不躲避\n这汤果然看着清冽 喝着醇厚 回味好浓\n喝下一帖清热解毒、益气利尿的良方\n实在手痒 多点了份灵芝乳鸽\n这个烧法很特别\n在一个煲中烧乳鸽加灵芝\n很特别的香味\n乳鸽也尤其鲜嫩 不错不错\n下回来广州 这家要好好扫荡一番,1
30375,做足疗挺好的 但服务确实比较差 打电话预约的时候接电话的人好像不太愿意帮忙。。。\n到了以后那个一直黑着脸的前台经理安排了我在一个地下室的房做足疗 之后足疗师告诉我因为我不是会员所以就只能在地下室 后来发现免费体验的都是到三楼的。。。 怎么我用优惠券就服务不一样呢？,0
11529,包间很小 基本都是长方形的 设计很不合理 音响效果也很差\n每次去都是单位组织的 里头酒水也不便宜 反正自己是不会去的,0
11070,呢到以前就好中意了。。。参观果阵。。。建筑好有特色嘛。。依家仲要变成听演唱会啊，舞台剧0既场所，更加好啦。音效就比唔上为佐表演专业设计果D，不过别有风格。中意距装修后0既格局，更加睇得清楚。中意距几棵大榕树，好有FEEL.,1
44466,下午翘班 出来逛逛 正好晚上再南京西路附近上课 就找了咖啡店坐坐 这里环境很好 人不多 很清静 咖啡也不错 是个休息的好地方,1
5449,周日中午去的，人还不少，还等了几桌。饺子的确不错，点了招牌饺子，虾仁日本豆腐饺子，还有个素馅儿的，我最爱吃招牌饺子，感觉日本豆腐的口味儿稍微清淡了些... 还点了个砂锅丸子，比较一般。,1
9668,在学校无聊了就会去逛逛，毕竟不是很远，过去比较方便，人广去多了就想换个方向兜兜~~~因为室友认识，所以会推荐~~据说很多好吃的都拆了~~只能兜兜玩的，不过地方还是不错的~~~,0
17333,某人强烈要求自己去外带的，结果还走反方向了，作孽的孩子~\n没吃过国金下面的那家，所以无从比较，从个头上说比吴江路那家道顿堀酷酷璐要大，章鱼切的很大颗，面粉\n挺黏糊的，味道还不错吧~,1
41871,貌似和必胜客差不多。\n肉香荟萃，中号，感觉是10寸的，很多的肉，吃的很充实。\n鸡翅，很差，油，火小，比KFC的都差很多。\n沙拉很大一盒，中午米吃完，晚上烩面用。\n网上的订餐，说是100减30，但三样下来和必胜客的差不多。\n速度在半小时左右，和必胜客一样\n要求多配番茄酱，但没给，也和必胜客一样。\n能开发票，不刷卡,0
36159,比较喜欢他家的粥，最爱吃绿豆百合粥，甜甜的，比较粘稠，不知道放的糖还是蜂蜜，总之口感很好，凉菜一般，不太喜欢，总体来说还不错,1
30628,十一人可真是多啊，新玛特楼上就是个人声鼎沸啊！跟爸妈逛着逛着就逛到东京美食街里边了。当时正值中午，有点饿，看到橱窗里摆得东西觉得各个都美味的不得了。最后决定了在这家吃。\n里边的环境感觉还可以，午餐人也不少，三个人点了三份主食，一份沙拉，和一份水果芭菲。都是他家的主打菜系。东西偏油，不易消化，味道以酸甜为主。总体感觉相当一般。\n值得一说的是他家的服务，服务员翻台的速度真是不慢，恨不能东西刚上来，还没吃呢，就开始往下撤盘子。给人感觉就是吃完赶紧走！！\n他家上菜的速度也不是一般的慢，所以请各位去吃饭的时候，千万不要赶到饭时，否则不饿死你，也饿你个半死不活！,0
28084,"相对于北外和五道口店来说,这家是没什么学术味道的店,里面有很多周围的上班族还有老外,有时候感觉有点不单纯,有点乌烟瘴气...吃的和服务还ok...少了点小资的情调,更多的有点像个快餐店...",0
25385,朋友住这边，推荐的一家店，味道很不错，价格也不贵！鲶鱼吃两次啦，吃完还可以加手擀面，还是不错滴！哈哈,1
5114,"上大一带没有我们淘不到的地方,所以我们的宿舍被同学们亲切的称为:馋猫猫.\n这里早就吃过了,说实话女孩子之所以要出入这种地方多半是因为他的名字或是环境,我们看中了后者,女孩不想俗也难呀.\n但吃的东东,我个人不怎么喜欢,室友中有一半的人喜欢,所以偶尔还是为了团结才一起出没期间.环境很舒服,小精致的那种,寿司应该都是差不多的味道吧,反正没吃出什么感觉来.",0
29475,不用说 大家都知道 \n大牌聚集地 有钱人购物好去处 不是我们这种小老百姓消费得起的地方\n里面环境真心感觉很一般 只是卖的牌子都死贵阿~~不适合我们啊不适合~,1
2513,"小家伙脸上发奶癣有一段日子了,而且有扩散的迹象.奶癣这事情可大可小,严重者会诱发哮喘,那可真是害了他一生了.本来想去新华医院的,那里是小儿皮肤专科.路途实在遥远,打车单程八十多块.\n为免路途遥远,改去了闵中心.布兰达说了,下午通常人不多,而且小毛小病能看好,好歹人家现在也挂靠在瑞金医院的麾下.说去就去,下午两点半出发的,三点三刻就回到了家,可见病人不是太多.\n比起其它中心医院,闵中心生意算好的,效益应该也可以,毕竟闵行区居民多而医院少.医生态度也不错,还会逗逗小孩.我们先挂的小儿科,再被指引到了皮肤科.真是不看不知道,一看下一跳,他居然已经咽喉红肿,呼吸音粗重了,可见体内有炎症.配了小儿希刻劳回家.\n整个费用倒是不高,自费部分不到五十.",0
43596,平价小吃里豆腐皮涮牛肚真是很不错 这家店调的料味道很好 上菜速度也挺快 去吃过好几次都觉得比较满意 每次去人都挺多偶尔需要排位置,0
41995,就近找了一家，想不到味道还可以~\n主要吃海鲜的，濑尿虾、螃蟹、鱼都还可以，鲜甜肥硕~\n作为浙江人的我双臭竟然是第一次吃。。羞愧了。。而且我并不喜欢。。。\n非常有印象的是红糖炒糖糕，圆墩墩的！这个也是第一次吃到！很棒，甜甜糯糯，口感很好，一点都不腻！我不怕肥一次吃了2个！,0
43445,环境不错，位置远，不过所幸虹口区分店就要开张啦！金牌土豆从韩国店、北京五道口店一路吃到上海漕宝路店始终是最爱，每款pizza都是现场制作、烤箱烘培，面饼薄而少油，难怪人家口号是love for women！尤其能想起初次品尝与之一起的人们，记忆中的味道，会始终成为他们家忠实的fan！,1
44124,原本装修好的老鸭粉丝汤堂吃才10元现在涨到了13元，他们家的鸭正是另外给包装的，这点满卫生的，但是量不多，汤头很鲜美，随便填饱肚子是可以的，环境小，还漏空调水不敢恭维，现在涨价但是口味退步。。哎，这个世道啊,0
12730,非常典型的平民美食，店如其名，整家店只有辣肉拌面味道是不错的，其他汤面只能说一般吧，汤头的局限所致\n辣肉拌面用的是肥瘦相间的肉丁，料还蛮足的，拌面料也不错，而且这里最大的特点是上面快，基本付好钱1分钟之内就可以拿到面，比较适合学生和上班族的节奏。,0
44186,其实这里吃饭什么的店铺挺多的，边上又是山姆会员店，不过不知道为什么人气一直不是很旺，平时还好一点，因为有写字楼，一些人中午还是会过来这边就餐的，可周末的时候人就不多了，这点应该不是正常商场会出现的，通常大家都是周末的时候去逛街的。\n里面有一些面包店，零售店，小吃都还不错的,0
28045,开了很久都没进去过，看门口是粤菜。前天请部门领导吃饭到这里，比旁边的贵，不过环境很好，不用自己掏钱还能接受。房间很淡雅不错。\n虽然主打粤菜海鲜神马的，但是也有家常一点的。,0
1339,在单位附近，中午过去转转\n价格比起正宗小笼包来说算便宜的\n比起它的味道就不值了\n小笼包很袖珍，其他小吃也偏贵\n一般吧,0
2108,本身这一带的食肆就不多，这里算比较平民化的一家，所以通常都比较多人。但事实上大家都是因为没有选择才选这里的。这里虽然像大排档，但是价钱绝对不低，如果是节假日来就更加难找位置了，服务人员也不足，很多时候都要自己亲手来做，个人认为只值得去一次。,0
43373,由于是订的特价，所以性价比很高，地段也好，就在徐家汇商业区边上，闹中取静，周边晚上停车也不收钱。房间还算比较宽敞。,1
37159,讲的他家的外卖，就想到盐鸡和烤麸，(¯﹃¯）口水啊，盐鸡的皮脆脆的很有嚼劲，肉很嫩。烤麸非常适合上海人的口味甜甜的。,1
23854,公司接了个大单，老板在这里订了个大包间庆祝一下，包间里面的环境蛮不错的，开了几瓶红酒，喝着红酒吃着海鲜，感觉还是蛮不错的。,1
23058,在那里附近上班，中午的时候经常会过去吃。\n喜欢他家的秘制辣酱汤面，味道不错。\n还有就是叉烧酥了，新亚的叉烧酥真是好吃的没话说。\n豆浆不是很浓，但是比外头的好喝。\n云吞面不好吃，烂糟糟的，就是阳春面加点虾仁馄饨。\n总的来说，面类浇头口味偏咸。\n再说说服务态度，每天他们早上、中午和下午下班时候的生意是最好的，那天中午去吃，因为人比较多，我点好东西就拿着牌子在找座位，没想到上菜速度超快，我位子还没找到，那个服务员看到我手上拿的牌子就把盘子随便放在人家正在就餐的桌子上，跟我说面放这里了，我当时就很纳闷，那张桌子正在吃饭的人也愣了一下，从来没碰到过这种事情。他家的服务态度还是不和口味成正比的！,0
24978,中式简餐连锁店， 餐食口味中规中矩， 是解决工作午餐和早餐及懒得做饭能填报肚子的地方， 个人比较喜欢他家的双拼饭和咖喱饭。 位置在十里堡西单商场B1层， 紧邻呷哺呷哺店， 目前正在围挡着做装修呢。,0
2183,离婆婆家近，有时候带孩子来玩儿，人巨多，排队是常事儿，连外卖窗口人也多，快赶上滨江道的感觉了，因为人多，卫生就差点儿，挺乱的，,1
12231,忘记是什么报纸报道过，说这家的云吞面好吃正宗之类的云云。于是我们就跑去试了，结果比较失望，个人觉得很一般。报纸有夸大的嫌疑。不怎么样。面不够爽。,0
15513,考研的时候在那上过很长时间的自习，环境非常安静，是个学习读书的好地方。图书也非常多，简直就是知识的大海洋。现在回想起那段经历，都对图书馆有了特殊的感情了。,1
31992,给妹妹挑生日礼物，看中了里面可爱的钱包。\n皮质的，颜色很嫩，小女孩用正好。非常可爱啊，要是买给自己用我可能会舍不得呢。\n他家很多可爱的东西。,1
30115,以前刚来公司，中午放基本都是和同事们定他们家的盒饭，脆皮鸡腿饭 招牌饭 鲁肉饭 黑胡椒猪排饭 都是自己比较喜欢吃的口味,1
6027,估计是恒隆里面比较便宜的了，不过性价比不高，味道也不灵，浇头的量灰常少\n点了个素罗汉面+卤蛋就28块了。。。\n还有个小馄饨也是的，汤水淡介果了几额，还不如财经大学小面馆2块钱一碗的小馄饨,0
10771,据说是他家的鱼做得很好，可是过去吃了也没什么特别的感觉，倒是觉得装修很旧了，应该重装一下了，貌似有点冷清的样子,0
8120,发了工资，一哥们请客~~说是这里的烤鸭最正宗了，是老字号，\n于是在一楼大厅点的烤鸭，还要点菜，整体味道还是不错的，烤鸭味道可以，但是比起北京烤鸭还有点距离，甜面酱不错，还有就是他们的伊府面,1
14710,看点评才反应过来为什么吃的叫雷雷卷...\n门脸特别小 里面环境还好 来过两次 不过饭点人就显得多了\n说实话做得东西真的一般... 甚至有点业余...\n追求味道的希望不要抱太大希望了,0
4152,黑天鹅的饺子很不错，我喜欢。服务态度只是一般，可能是人比较多吧。总休上适合我的口味，还不错。http://aplimei.taobao.com/,1
13492,不认识路啊，不认识路啊。好辛苦好辛苦才找到的啊。在店门口都要错过的一家店啊。\n我们去的时候老板就做在后面也。。。呵呵。\n可是我们也许是小市民吧，上来的豆花是还可以啦，可是也没有老板亲手弄的那种感觉。调羹就随便的插在豆花里，破坏了。。。。。。\n好吧，一般般啦。看不到老板高超的手艺也没什么意思了。,0
18463,很久前去的，挺不错的，价位也很合适，感觉是特别的实惠，朋友聚会啥的去哪里很不错呢，味道也不错，随便吃吃很划算~也很适合学生~！,0
20392,逛累了就会去歇一下，味道还是可以的，人气也是很旺的，价格也不算很实惠。还有点吵，不过逛完之后去歇歇脚，分享总结一下购物心得还是不错的。就是总觉得太小资了！,1
26757,味道是很正宗，但是环境真不是一般的差，而且服务员根本就没什么服务意识。唯一值得一去的就是，那里经常出没一些韩国美女，打扮很新潮。,0
8938,很喜欢来巴国盛世吃火锅，这里不仅环境优雅、服务热情而且火锅很好吃，这里的菌汤很有名，每次去都会和很多，而且这里的酸梅汤还是免费的哦,1
31006,总的来说一般性\n刚开始吃的时候觉得蛮新鲜的\n不过后来发觉他们的丸子不是每家店都Q的\n没有什么特别的\n辣年糕还可以的,0
3204,跟哥哥一起去的，他有券（之前买的，我没问价格），中午阳光很好，结合餐厅的光线显得十分情调~第一次来这里，自助品种之丰富，档次之高算让我大开眼界（好吧，你可以说我是个土包子，我的确没见过什么大世面），不愧是涉外酒店。刚一开始我真不知道应该从哪下手，于是遵从胃的喜好选择了甜点提拉米苏，超超超赞，哈哈~台上总共放着12杯提拉米苏，我不知道那是过时不补，拿了一个就走了，早知道多拿一个吃得再过瘾些嘿嘿。哥哥不止一次来这， 所以他的目标较我要明确的多，直奔海鲜，啊，真是明智之举，虽然知道会拉肚子，可美食当前怎会袖手旁观。有种小蟹肉超好吃，它的壳装着满满的肉，超嫩。我们俩都是文盲，看了白天也不知道是什么蟹。还有一种长腿蟹，身子没见着，就光光吃到它们肥美的蟹腿肉了，待会照片献上~还有吧，就是三文鱼，恩蘸鱼子酱和果醋，味道怎一个“绝”字了得。我挑的都是我最爱吃的，大家口味不同，很可能观点不一致，请大家手下留情，别丢鸡蛋呀~,1
40413,这家店口味还不错。喜欢羊汤，牛肉烧饼，牛肉馅饼。馅饼很大，一个人吃很撑。价格不算便宜，华苑就没便宜的。卫生和服务一般，老城里民间的感觉。,0
3942,"相比梅陇镇伊势丹1楼,我更喜欢这里的BA\n不过,总感觉Armani在上海很受冷漠...一直听到有疑问""怎么Armani也做彩妆的么?""...呵呵``\n底妆的话,可能是个人皮肤的关系,我更喜欢Chanel~\n不过,护肤保养方面,Armani真的很不错!\n黑钥匙系列真的很赞!",1
4529,喜欢爱茜茜里是因为它号称一个冰淇淋只有一个苹果的能量，于是吃了可以少一点负罪感\n喜欢雪芭，各种口味的都喜欢\n这家的环境很一般,0
35534,慕名而来，确实不错。生意很好，坐的吧台位，不过不会不适，享受美食第一！\n杂七杂八的吃了不少，印象最深的还是烤牛舌和酱油拉面，真心美味。牛舌切的很厚，很有口感，完全入味。酱油拉面很浓鲜，料也不少，里面的叉烧真是入口即化，面条则很有嚼劲，合我口味。\n烤鸡肝也挺有特色的，鸡肝同样肥厚，浓油赤酱的感觉，有点像吃鹅肝。\n明太子鸡翅没有想象中经验，毕竟食材只是鸡翅和明太子呵呵，口味不重的，我喜欢重的呀哈哈。\n有个茄子吃不惯，整条做的吧，但是有股呛人的香料味。,1
9511,形式大于内容。\n装修、布局、桌椅、餐具，乃至服务生的制服都ok。\n但是，食材、味道、服务水平就不敢恭维了。\n细看宣传单，意外发现是广州拉丁餐厅集团旗下的餐厅。\n这是第一家店，严重摇头ing。\n顺便话唠一下：拉丁餐厅好吃的也不多，就焦糖布丁还行。,0
4542,眼看着他家的价位缓缓上升，从1字头变成了2字头。且不说价格，东西确实好，最喜欢的还是他最经典的台塑牛排套。\n上菜很用规距，严格遵守了西餐传统的顺序，虽然每个菜看起来都是硕大盘子中心的一点点，但一套吃下来，绝对是管饱的。牛排相当地嫩。他家宣传一头牛身上只找得出6客。如果真是如此精选的话，这个价位并不离谱。\n服务也好，一水儿的男服务生，帮忙切分牛排什么的，很安静，但很专业。,1
465,甜品比较有名 但是珠江一号给人感觉并不算是5星级宾馆中很出众的那种\n总体来说比较中规中矩 性价比还算不错了,0
11421,那天吃完饭过去的，吃不下什么东西了，就买了个包装好的面包做早餐。\n忘了叫什么名字，是长长方方正正的一个，面包很有劲道。\n号称有巧克力酱，吃啊吃啊没吃到，太大了，忽然遇到了巧克力酱，太惊喜，虽然没吃出来巧克力味。\n今天决定去尝试下培根芝士卷。,1
31980,喜欢它家的大盘鸡，但每次都得排个长队，其他也没什么特别中意的，羊肉串第一次去吃的最好吃，也不知道是不是那天饿了，后来吃到的总觉得太肥腻了,0
4331,想当年第一次吃丸来丸趣的辣年糕就在这家店...\n但不得不说这家店辣年糕味道没其他家好、导致我对同学口中很好吃的年糕产生怀疑...,0
11473,"19元的破批萨就是个噱头,比我的脸刚大一点,也不是什么好味道,厚底厚的要死,\n薯条凑活,可以点,\n咖啡冻不错,蓝莓冻垃圾.",0
7511,奔着评价去的。可是吃的感觉没有想象中的好。外皮比较脆，里面的抹茶奶油味道挺清淡。吃完一个后感觉有点腻。大个的泡芙吃不消啊。,0
13423,是在一次大聚会时才吃过的，客家风味十足，就是店面有些残旧了，都有些大排档的感觉，可是菜的味道还是不错的，可谓物美价廉了，喜欢客家菜的朋友可以尝尝。,1
44903,环境一般 名字不是很喜欢。为什么要叫郭富城呢。有点恶搞的感觉。\n火锅味道还不错，酸梅汤挺好喝的。\n东西价格也不是很贵。,0
15050,九华山古徽州游，到达九华山风景区后的晚饭就在这家解决了。。。\n走了大半天的山路，很累的说，这家就在九华街上，看着蛮顺眼的，而且还是百年老店呢。。。\n里面环境非常古色古香，还带点乡村小店的粗旷，椅子就是那种长条凳子，这个现在一般也只能在农村才能看到，桌上的烟灰缸也很有特色，是个树根，反正就是我喜欢的那种饭店。。。\n点了笋干烧肉、红烧仔鸡、红烧石鱼、三蕨炒肉丝和酸辣汤，虽然这里的菜比起普通小饭店稍微偏贵，但每个菜的味道都很好。。。\n笋干烧肉：笋干那是又嫩又鲜，肉也炖得很酥烂。。。\n红烧石鱼：石鱼是生长在九华山小溪里的鱼，绝对新鲜，外面肯定没得吃。。。\n三蕨炒肉丝：蕨菜其实是一种野菜，味道蛮特别的，这里用的是新鲜的蕨菜，所以味道就更不用说了。。。\n酸辣汤里有很多配料，而且用的是辣椒，所以吃起来够辣够爽，比用胡椒的强多了，其实我和老婆到现在还对这家的酸辣汤念念不忘呢。。。\n菜味道好胃口就大开，我一下吃了三碗饭，这顿吃得实在是舒服，好饱好饱。。。,1
27357,就是冲着烤鸭去的，味道不错的，尤其是热的时候吃着很爽，鸭架汤炖的一般，味道有些淡了，估计人太多所以炖的时间不够久吧，当时点了个凉菜还有一份老厨白菜，鸭子虽然好吃，吃多了实在会腻~~老厨白菜做的很不赖，不知道为什么烤鸭店的老厨白菜都做的很有滋味~老家的一个烤鸭店的老厨白菜也是经典 呵呵 不过我们俩一吃烤鸭就爱吵架 在和平路吃的那次吵得好凶 肉剩下好多 汤就喝了一碗 竟然气呼呼的都没有打包。。。,0
25800,现在才发现木樨园是个很不错的地方，原谅我的迟钝吧，才发现离家很近，很方便，东西又多还不贵哈哈，于是乎，周末就杀过去了。逛的是百荣，确实挺大，以至于刚开始逛蒙了，找男装休闲的衣服和鞋子就是在一楼怎么也找不到，全是西服衬衫，晕死后来看了导航才找到地方，给BF买了3条裤子，两双鞋，不知道东西太多还是这家伙太难伺候，买鞋就用了两个多小时，后来我都火了，真是又累又热，后来的都还挺顺利的，只知道逛着逛着，一张一张的拿着毛爷爷，荷包的厚度一点点的太缩小，不过到底还是买到心仪的东东，虽然很累，但是很开心，有空还要来逛，哈哈～,0
5036,老面包的口味真是没话说，一如既往的好！别家怎么也做不出他那样的味道。各式酥饼也不错，最喜欢花生和黄米的，去晚了会没有了，尤其是黄米的。牛舌酥也不错，表皮芝麻好多。枣糕也还可以吧，不干，喜欢。,0
33460,不愧是有名的排骨饭专业连锁店，骨头就是香，配上一碗汤、一小碟咸菜、一碗米饭，很完美的一个套餐，开业酬宾赠送一瓶饮料，呵呵。,1
12495,离家不远，尤其爱溜曙光里，所以吃过很多次。包子的味道和份量都过得去，不过服务基本上是不会让人满意的。亲眼见过，老板娘给顾客骂走。真是牛啊，没有生意人的圆滑。,0
37287,挺失望的，看到新鲜出炉的肉松面包，老妈的最爱，但是冷的••可能在厨房放了一会了吧••结帐后马上咬下去才发现••可惜啊\n麻烦店员加热蒜香吐司，却是塑料袋一装放进微波炉！！连星巴克＂兼职＂供应面包的都会准备烤箱，不能接受巴黎贝甜这种业余的做法！,0
42978,经常带孩子去吃的餐厅。孩子比我还熟悉菜单。味道应该算不错，最近好很多啦。我给满分。环境也还可以，不是那种豪华型。服务很得体，不是那种很过分的那种。遗憾是圣诞时，制定了只有两种套餐强行推行。不过那天也带孩子去，提意见，店家也改过来（对我们）。很好！,1
4328,金象大药房应该属于北京一个比较大的连锁药店了吧，店面都挺大的，不过这里面服务态度不怎么好，有时候你不找他们问，他们理不带理的,0
36954,发觉了这家店以后，估计图门烧烤就要被我抛弃了 哈哈！\n因为这里很干净哦！服务员虽然不算热情，不过拿东西端盘子都很利索的~随叫随到！\n这里的羊肉相对来说算比较大的啦还有肉的感觉~还点了香蕉、蒜苗、金针菇、菲力牛排（很大一块）、还有一个五花肉、扇贝、鸡翅、田螺、馒头、土豆片、鸡尖什么一大堆。烤烤吃吃很开心的，竟然全部都消灭光了~~基本上都没剩下什么~厉害！\n结账的时候162 有点不相信 后来拿计算机加了一遍还真的是没错啊~觉得自己和LG好厉害哦！这里味道不错的 空调也满足的 地方也很干净 会再来吃哦~,1
30547,朋友上次说要去，都没去成，这次又有大闸蟹畅吃，冲着大闸蟹去的，大闸蟹每次都要等的，一人只能拿两个，来回跑了好几次有时还排长队，吃了5个，黄很多，还有一个是膏蟹是死的有味道没吃，（话说大闸蟹没吃回本）就吃了4个，三文鱼到吃了很多，很好吃，肉肥美啊，都切得很厚的一块，大蟹脚挑大的比较好吃，感觉肉比较紧，大蟹钳吃起来很爽，细的蟹脚不好吃，肉质松松的，色拉没什么好吃的，跟其他西餐差不多，吃了海南鸡饭味道不错，热菜有两个味道不错（忘了叫什么）羊排蛮好吃的，牛皮太老了，还有我最喜欢的甜点，芒果的不错，还有提拉米苏我的最爱，有草莓味和巧克力味的饼干好甜啊，吃了粉色半个就没办法吃下去了，哈密瓜蛮好吃，还有小南瓜的点心，蛮好吃，里面糯糯的，冰激凌不错，还有奶油蘑菇头不错~~\n反正吃了很多，吃到饱为止~~，话说大闸蟹吃太多也不好~~~\n用浦发卡去的还是蛮各算的~~,1
42408,从小就喜欢竹子的呢。因为风一吃就呼呼的响的。很好听。在里面呆着也很凉快的。呵呵。一年四季他都是绿色的。有时候吹风的时候就是会掉一些枯叶下来。很好看的。现在正是它出新叶的时候。里面就更美丽的了。还有长小竹子的时候。一个小芽长在哪里没有看到有时候还会不小心踩在上面去了。呵呵。这里风景很好的。地方很大的。热的时候喜欢来这里面玩的。这里面比在外面凉快多了呀。,1
39697,餐馆坐落也算闹中取静，装饰和服务也算不错。\n那天想吃“港点”，因正好在徐家汇，所以拐了个弯也就来到了竹家庄避风塘广元路店。\n三人原想纯点些“港点”，但看着菜单点着、点着就“走样”了。不但点了“蟹”还点了“富贵虾”，这些应当都不算“港”点之内的，所以吃后感觉其口味“好”、“坏”参半。下面就说说对茶餐厅里菜肴的印象吧。\n【白灼金针菇】19元/例，说是白灼金针菇，但其汤汁还是色泽红亮，口味一般。\n【豉汁蒸凤瓜】19元/份，其色红味厚，入口顿感松软鲜香爽口，就连啃骨头也是一种美味的享受。一个字“赞”。\n【玉米马蹄炖排骨】20元/盅，一个比较原味的汤，味道还算可以。\n【秘制脆皮乳鸽】33元/只，看其色泽色深味厚，但里的肉则不大入味，所以感觉其口味一般。\n【白灼韭菜花】19元/例，色泽清雅，入口香脆，味道不错。\n【避风塘辣椒炒蟹】129元/例，“蟹”炸的时间过长，使“蟹”只有香味，少了鲜嫩之味，这就是开头说的好坏参半中的一个“坏”菜。\n【椒盐富贵虾】35元/例，色泽鲜亮、香辣回味，这个“椒盐富贵虾”出人意料地辣，又出人意料地鲜嫩入味而感到美味好吃。这就是开头说的“好”、“坏”参半中的一个“好”菜。\n【热莲子百合红豆沙】19元/份，一道甜点，吃过了辣菜，再尝尝甜点，还真别具口味。\n茶餐厅里的“港点”总体口味还是不错的，但有些菜肴就不敢恭维，如“避风塘辣椒炒蟹”下次如再去绝对不会再点了。\n餐后一句话，还算不错噢。,1
16473,川菜比较正宗，你想得到的传统川菜基本上这里都有。\n环境还好，包间也凑活。离这里近的朋友可以来这里换换口味。\n总之，算是中规中矩的川菜馆。但要比一般的好很多！,0
8175,装潢倒是还不错，大厅很明亮。\n不过饭菜口味绝对的不敢恭维，几个人点了份套餐，188元。四菜一汤，咸的要死，不知道是不是盐不要钱。饭又冷又硬，绝对不是当天煮的。\n服务也一般般，不喊是绝对不会主动帮忙加水什么的。\n大厅很吵杂，打个牌，头被吵的稀昏。\n可惜迈皋桥附近没什么像样的茶社，所以他家生意居然还不错。,0
4395,工作累的时候，去这里消遣到时不错的选择，好多人都一起跳，放松自己的最好的方式，有一次看见一帅哥，在我们旁边跳，太雷人了，几乎被雷到啊。,1
42733,在工体旁边，靠近很多酒吧\n挺喜欢这家酒店的：\n干净、色调好\n采光不错\n艺术品陈设有心思\n但是入住时候发现了些问题：\n有很多房间上下楼非常的不方便，\n要走很久\n早晨附近没有供应早饭,0
33442,"没想到居然连这个都有\n在这边住的时候,老妈几乎天天在这儿买早点,最喜欢吃火烧+油饼.清真的,应该比较干净吧.\n人还挺多的,每天都得排半天队才能买上",1
26102,咖啡店的名字很好，但牌子太小了，门脸也太小。进一次才发现，里面房间很小，基本上人挨人，包间之间用帘子隔开，私密性不太好。总体来说，是一家不是太吸引人的咖啡厅。,0
10434,环境非常好，一元一币的价钱也实惠。算是南山区最好的电玩乐园！！\n海岸城那边的天空之城电玩乐园总是很多人抽烟，空气很不好，而且虽然单买币便宜，但每个游戏都要投很多币，总体还比世宇的贵。\n海岸里面的要1.5元一个币，有点小贵的说~~,1
5884,在人民南路上城市名人酒店的二楼，装修得不错，环境可以，也挺大的。\n中西餐都有。\n食物种类挺多的。最里面有牛排、羊排、粥、鱼虾、海鲜等等，可以拿生的给厨师现做，这样可能会新鲜一点。\n还有那种给你一个小锅煮汤，然后有一小篮食物放进去煮，这样吃起热些，但是食物看起也不咋新鲜的。\n外面有很多做好的食物，肉卷、羊排、牛肉等等之类的，羊排吃起味道还是比较大，不怎么吃得惯。\n外面有刺身、三文鱼、寿司等等，那个生蚝吃不惯，吃了一回味好重的腥味，让我直想反胃。一开始我吃了个生蚝又吃刺身，都生的还很冷，就吃得很恶心，吧胃口给败了。还有写生贝壳肉被我直接丢锅里煮了，实在吃不来生的。\n甜点做得都还是很好看的，但是吃起来不好吃啊。焦糖布丁稍微可以吃。\n水果有橘子啊西瓜啊木瓜啊哈密瓜啊那些，木瓜很难吃，吃了一个有怪味。西瓜和橘子还可以。\n果汁喝了点芒果汁，味道还不错。\n冰激凌原来是哈根达斯啊，悲剧的是我不知道，后头吃不下了，也不想吃了，就没吃。\n少量中餐看起也没什么食欲，也没拿来吃。\n看来我还是不适合吃自助餐，虽说其种类多，但是很多都不怎么新鲜，而且那么多吃的也容易吧人迷惑了吃得死撑最后也没吃出多好的味道来。不是现做的菜品还是比不上现做的味道好，也没有点菜来得精致。,0
24842,这里本来应该是面包店吧？现在变牛蛙馆了，地方是很小的，不仔细看的话路过都不会注意的。里面有镜面设计，这样会显得环境大点，牛蛙量比较少，可能跟今年进价普遍贵有关系吧，毛血旺的味道倒不错的，不吃辣的人可以跟他讲微微辣。,1
18366,爸爸过生日 我去订蛋糕 服务态度真是一个差阿 冷淡不说 整个购买过程中都不正眼看我 蛋糕虽然好吃 可是心里很不舒服！！！！ 难道这就是上海品牌的个性？？？？,0
3552,下班也不知道吃什么，棒棒突然想起来之前我说的贾三包子~直接白云观旁边去吃，去的时候还没有什么人，要了羊肉泡馍，自己掰~然后要了凉菜，一屉牛肉，一屉羊肉的灌汤包~足足的汤~然后提起来直接。。。比较烫嘴~羊肉泡馍着实很好吃~哈哈~棒棒说，一进门领车位的店员很有喜感，他很早之前吃的时候这个喜感哥还是年轻的小男孩呢~哈哈老了\n上周棒棒又想吃这口了，两个人开车奔过去，不错路不是很堵，跟上次来吃的一样，还是这里的泡馍最正宗，味道特别好，棒棒吃顶了，着实想下车推着车跑。。。回去撒欢去了,1
34444,有亚运门票可以免费坐公交和地铁，就去了百万葵园逛逛，在金洲地铁出来转南沙1路车，坐个半钟才到，挺远的。50岁以上老人凭证件可买优惠票，30元/位包门票和一个碟头饭。年轻人就要65元/位，仲唔包餐。园区内景色挺美的，很多新人拍婚纱照,1
32418,看好一个梳妆台，哎 每次来特力屋都有想装修房子的冲动啊，前几天还在这里买了个穿衣镜，照人看起来很瘦很漂亮。不过现在三层好像也开了一个家居卖场，前几天去买个三层的柜子才100多,1
11474,下午茶去比较划算，人不是很多，也不用排队。饮品可以续杯，点心喜欢吃提拉米苏，胃口好的时候再点个鸡翅吃吃也不错呢,1
38709,重庆会馆比较贵吧 走得高端路线（...）\n里面的菜都是以川菜为主 其实跟大多数酒店也差不多\n不过环境很好就是了 很适合宴请什么的\n菜没留下多大印象 那个凉拌的生南瓜丝倒是这家很好吃啊~,1
37222,一开始喜欢良品铺子是因为蟹黄蚕豆，疯狂的时候会每天都去买着吃，还有开心果，每个都很饱满，很好吃，每次都是大包小包的买回来。,0
42331,本来想去吃火锅的，然后因为排队的人太多了，肚子又饿，刚好之前查过这个餐厅，那就去试试吧！到店之后虽然门面不是很大，老板娘也给我们留好了位置（ps:去之前电话确定好的）第一次吃还是有点不能习惯点菜的模式，我们选择了个最低价位78元一位的，加1瓶饮料不错哈哈！！点了个卷心菜、西冷牛排、八爪鱼、玉米饼等等一系列，吃了几个菜之后感觉相当好，牛肉不老很嫩，卷心菜有股黄油的香味很好吃软软糯糯的，最后的玉米饼哈哈，我的最爱不过真的很好吃，饼很厚实很香！！以后还会常去的,1
33831,一直听说他家的菜品不是很好吃，不过最近去了一次还是不错的。尤其是扣肉，一点都不腻，很很好吃。环境也还不错。丸子也不错。,1
39166,最大的特点就是实惠。\n其实北京各大烤肉店相差能有多大？除了特别差的，基本都是差不多的。\n这里最大的特点就是活动多，消费过50啤酒免费喝。而且能点两盘特价牛肉，总得下来，能比别的地方吃省下不少钱。\n居然还有人舌头被烫对这差评。。。。,1
11374,不知道为什么，感觉没有以前好吃了，\n而且明明点了三个东西，服务员非说我们点了四个，还过来和我们争一刚\n非要对他凶一点才接受，有病哦\n他们现在关于榴莲的一切甜品都没有了，估计是因为榴莲现在太贵了，如果再供应的话肯定亏本的\n所以就不出了,0
44811,这家餐厅比较有特色，涵盖了金庸小说里面得词语。服务员为小二，女侠和英雄的称呼。相对还是挺有意思，在里面点菜是又老板来定，由客人来说一顿饭的总价格。\n吃饭前，客人都不知道点的是什么菜。\n菜品来说，口感还行，就是分量太少。\n这家有自己酿制的美酒。口感也凑合。\n偶尔来此，尝尝鲜，还是相当不错。\n很具有特色、,0
14974,其实就是当年靠几个便宜的菜，在原教育局，（现在是人民医院后面）开个小店起家的，也算的上秦皇岛的餐饮李嘉诚了，我吃是一般化，但有的人爱吃，这就是各有所爱。,0
2869,本来想去玖博的，看了下评价貌似不咋地就来这家了\n6元6个小丸子性价比不错\n虽然要等好一会儿不过挺值得的\n外皮挺脆料也实在酱料丰富，不错不错~,1
32710,居然这个都有！\n队是永远排不完的...赶时间的XDJM一定不要排，因为你永远排不过大爷大妈。\n3元一个大椰蓉面包倒是超值。\n不过个人认为吃两次也就够了。\n稍有一点油腻。,0
7713,口味真的很正。\n几个好菜是每次必点的。基本上不再看菜谱点菜了。\n新菜谱里的几个菜有点小贵。\n总之，是不错的吃川菜的去处。,0
17960,一直对名典有着莫名的好感，和他几乎同时打入济南市场的某连锁咖啡相比，不知道好了多少倍。。从外饰到内装，都是给人一种舒服的感觉，淡雅的绿色，清新的水帘，心里顿时就清凉了很多。。\n停车依旧是大问题，花园路好像永远都是车满为患。。旁边的小胡同里可以免费停，不过要看运气，车位紧张啊。。\n环境依旧安静舒服，大大的软沙发，可以让整个人身心放松。期间来了一大帮学生，吵吵闹闹，虽不搭调但也没破坏我们的好心情。服务员笑容可掬，态度好的不得了，但绝不会让人感觉过分殷勤，反倒是特别的舒心，像是熟识的旧友一般。我还和老公开玩笑的说，怎么连这里也开展微笑服务了？\n往往好的心情，就会带动着好的味蕾。先上来的南瓜浓汤，香滑浓郁，非常喜欢。餐包略有欠缺，而且木有搭配黄油╮(╯▽╰)╭水果沙拉也不讨喜，沙拉酱还说不上是什么味道，水果也只有哈密瓜一种。\n菲力牛排选的七分熟，香嫩可口。黑椒汁调的也十分够味，甚至我这个平时口味清淡的人都觉得稍微有一点点咸。不过老公是十分的喜欢。相同的问题也出现在鳕鱼扒的汁上，吃起来都有点咸了。不过味道还是相当不错。值得一提的是配的意面，一般的牛排类都是配番茄酱面，而这个的意面是用现研磨黑胡椒粒调味，清淡又充满黑胡椒的香味，和牛排一配真是绝了。推荐大家尝尝~~不过土豆泥挺一般的，不推荐。\n冰咖啡就是一般咖啡的味道，没什么特别倒也不难喝。来这儿点壶咖啡，茶之类的看个书，上个网，消磨个时光，真是再惬意不过了。,1
28469,"上海城难得价廉物美的一家店了~~\n很西哈那里的汤...玉米汤~~\n还有他家的汉堡牛肉,觉得很丰富...\n而且他家的畅饮也很爽哦.~~呵呵\n但是他家的意大利面不是很爱,觉得不怎么好吃.其它的还是不错的\n额.~~价廉物美是对它最好的评价..",1
2368,特意顶着烈日炎炎去啃猪排饭的。心心念念想要蛋液包裹着酥脆的猪排的那种口感。。。\n好吧，口感是有了，可是，我真的很不想看到这么多的洋葱。。。饭一上来就是一股子洋葱味儿。只能边吃边挑，很不爽啊。。。\n据说正宗的猪排饭是应该有很多洋葱的。我洋盘，真心不能适应。。。,1
7661,在德胜门坐车去天安门啊，鼓楼啊，都得坐这个车，人好多，而且没空调，大热天坐挺煎熬的，但是只坐几站还是挺方便的，售票员挺好的,0
4768,完全是冲着一名气来的，不得不说有点小失望啊\n屋子装修的很一般，虽然大大的地方，却给人一种陈旧的感觉\n水晶烤盘很有特点，不知道是什么材质的，但看上去干干净净的，每次烤完肉，服务员都会用水冲一下，然后又光亮如新了~而且服务很到位，只要需要，服务员都会来帮你烤。\n不过菜品的味道就一般了，尤其是赠送的几品开胃小菜，简直就是摆设，让人的食欲很打一个折扣！！\n肉的话还好，不过感觉和几家比较知名的烤肉店还是有一定的差距，只推荐五花肉了~~,0
13972,位于崇安寺的一家店\n里面经常人很多\n鞋子的款式很多\n但是都是网上的爆款\n网上买会更加便宜一点吧\n我觉得他们家服务态度不是很好,1
18459,去的时候由于BF有卡，可以免费入内。\n我入黄大仙拜神的时候好诚心，虽然话愿望达成喺需要努力和运气，但我都会觉得心诚则灵的说法。或许，喺一种自我心理暗示也不一定。\n黄大仙里面环境好幽静，可以沉淀心灵。逛一逛，觉得挺舒服。\n但外面路上D睇相卖嘢的，我就唔会去，因为好似骗人咁的。香都喺自己带去的，喺路上都有帮衬过一个摆地摊的老婆婆买香，老婆婆人很好，嘴很甜。,1
27624,去过一次，里面太豪华了，感觉像到了皇宫里，我觉得还是多可以的，那个湿蒸把人蒸得微醺微醺的，舒服得很。而且你们的自助餐也很不错呀，不像其他那些味道不好，这个还是比较注重质量的。,1
12822,在学校附近，很方便，交通不是很方便，公交什么的都得走一段路才有，只能打的了。房间挺大的，住的是200多价位的，服务态度不错，还免费办了会员卡,1
30808,蛮一般的 服务也不热情 收银倒是一长条 明明很多人排队吧 不多开收银机 东西太填 优惠券到处发 没有的话亏大了,0
41961,亲戚家满月酒定在这里，这里的环境还是不错的，KFC这个门电梯直接上去，\n这家酒店凉菜冷盘的装盘还是较精美的，但是味道只能说一般了，总体下来性价比一般~,0
19238,同学聚会，选择了这里。找了VIP卡，每人基本消费60元，包括门票和自助晚餐。总体还行，泳池不大，18米*25米，水温对于不常游泳的人来说合适，常游泳的可能会觉得水温偏高。\n男女分开泡池的，男的这边只有一个不大的池子，里面有几个水按摩位置，水流很大。周围有淋浴、洗漱、湿蒸，也有扬州搓澡，要单收费了。\n郁闷的是池边立着易拉宝宣传画，“免费水果，可乐雪碧免费畅饮”。泡的口渴，要了一听可乐，喝到一半被告知免费的饮料要到4点以后才可以，现在3点50，不能免费，气人啊。\n女的你们据说多了鱼疗池。\n楼上有喝茶的休息厅，还有火龙浴，怕热没去。\n熬到吃饭的时刻，大家蜂拥抢食，呵呵，传说中的螃蟹和粉丝蒸扇贝终于见到，不大的河蟹每人1只，到都是母的。扇贝也是每人1只，太凉了。自助的品种、品质还对得起价格，呵呵。,0
40205,今儿陪老仿剪完头发\n从水佐岗走到宁海路 \n又坐65到五台山北站下\n从陶谷新村坡子上去\n一路上看到了阿sir、弗里兰\n到里面买了个苹果派和芝士派 \n看着很诱人 忍住了 留着肚子吃鸡\n出来就开始下大雨 哎 衰~ 好在往前么的多久\n看到地锅鸡了 对面就是小娘惹 果然环境很简陋啊 么的关系 不介意\n么的位子了 人气还挺旺 过了会一桌人走了 老板帮我们移到空调下面坐下\n上来一大锅 好多啊 满满的 幸亏没有点其他的 米饭也不需要了 里面有面饼\n迫不及待啊 鸡肉很多 老板很厚道啊 还吃到鸡肝鸡心了 找了半天鸡肫 麻油啊\n面皮要泡在汤里好吃 里面的南瓜我很爱 甜丝丝的 而且炖的烂烂的 南瓜好东西啊 \n最后一锅基本吃完 还剩下一点土豆 里面花椒比较多 吃的时候要小心 性价比超高的小店 口味也不错 下次来试试其他的地锅 店里其他的菜也很便宜都是5块10块的 \n~~~~~~~~~~~~~~~~~~~~~~~~~~~~~~~~~~~~~~~~~~~~~~~~~~~~~~~~~~~~~~~~~~~~~~~\n这家厉害啊 去年天热的时候和老仿慕名而来过一次 味道好 价格低 量很足 这次来 后院 包括旁边的民居 全是他家的了 人多的黑怕 等了快半小时才吃上哦 旁边还有几家也是做类似的东西 人也是狂多 吃东西就要这个气氛哈 吃的香 上次吃鸡 这个改吃鱼 等的望眼欲穿啊 上来么的叫俺们失望啊 量依然巨大 太实惠了 等这么久 值~~ 就是坐外面比较冷 地锅也会容易冷掉 吃要速度啊 哈哈,1
30508,本来约好今天是去拍外景的，比较可惜，由于下雨，只好改期了\n7点就出发了，8点到呈色，先碰到的是化妆师张羽菲小姐，直接就给我老婆上新娘妆了\n弄到9点多，下雨，外景取消，改内景\n摄影大臣立即让我们去选内景场地，说是晚了就要等了（总共2个内景，后面那个我们真的等了1个小时）\n最后弄到下午2点多，2个内景才全部结束\n不得不说，摄影和化妆都很耐心、细致，我老婆喜欢眨眼，摄影反复反复再反复了很多\n另外也非常阿东，帮我挑衣服，我认比较胖，实在不太好挑,1
37352,"地方还是蛮大的,东西的款式也还挺多的,只不过就是东西的款式不是最新的吧!有的东西还缺码!(不过是少数,还是可以理解的!)",0
22104,家乡的东西就是好吃，今年过年初八的时候从岳阳开车回常德的时候，经过饱和提，头脑一热转了个弯，去津市，长沙那么多家津市牛肉粉馆 想吃下到底正宗的 是什么味道，跑到津市 刘聋子下午不开门，草。于是去了贺记，6块还是7块忘记了，吃完，只想丢一句  草 没常德一得一一半好吃，环境就跟垃圾场一样，桌子上碗半天没人检，失望，绝望，浪费我百把公里的油钱，不过听说津市正宗的还是刘聋子，那次没吃到。怎么就没人来长沙开炒码粉馆撒，常德市那么多出名的吃的，现在长沙常德的吃的 都是下面一些县城的，么得安乡鸭霸王啊，临澧肥肠啊，津市牛肉粉啊，我们常德市自己的正宗小吃 也开到长沙来啊 。,1
3317,吃的是婚宴，价位算便宜的，但是菜色还是很上档次，关键是味道比较正宗。无论是家常小炒还是海鲜、河鲜等都烧出了“上海粤菜馆”的老味道，鲜而不腻，油水恰到好处。很久没有吃到味道那么正的清炒虾仁了。,1
4169,个人觉得这是在龙海石码最出名的卤面店，开了好几家分店。很喜欢浓稠的鲁汤，加上油面，肥猪肉，还有些许虾皮。十分鲜美。再配上一条油条，很好的点心。,0
15541,古钟园乃是我们童年的必玩之地啊，家里还有几张照片都是在那里照的\n以前是要门票的，约摸到我高中的时候就开始实行免费的了\n长大了才发觉这个公园很小，但这里现在还是有老人和情侣，当然还有小孩子光顾啦\n就是现在的光景大不如前了,0
10200,这里在一个小巷里，挺安静的。石锅拌饭菜的种类很少，但酱挺多，拌开后还是可以的，分量正好吃完。强烈不推荐培根炒饭，就是扬州炒饭，没什么味道。还有一个炸酱饭，黑乎乎的，看起来就不怎么好吃，炸酱面应该会好一点。,0
14805,今晚5点半多和老妈两人一起去家旁边的亚新店吃的。因为手头正好有之前在南京东路店吃后送的新品品尝优惠券，于是想尝一尝鲜。到了店堂，这个店只有七成人，不算多。入了座后，服务员很快上茶递菜单了，我们很快点了两个新品拉面，还点了份半价的照烧鸡块。两份面都挺满意的，尤其是酸辣鱼拉面（其实不怎么辣），鱼片很足，有很多辣肉糜还有裙带菜，汤底貌似是鱼汤。照烧鸡块块块很大，鸡肉很足。我们两人吃得很饱，一共花了40元。,1
35064,楼下的楼下的这句话我最同意————\n“这周围真没有什么好饭馆”。\n---------------------------------------\n赛洛城附近真是应该开点好餐厅了，平时吃饭这个麻烦啊。,0
7887,去过两次，今天去听刘瑜，虽然做好了人多的准备，提前两个小时过去，没想到人那个多呀。幸好有座，不然实在有点吃不消。刘瑜讲的很好，不过这种沙龙还是适合人少点比较好。\n其实单向街还是挺小资的，一个人下午安静的看看书实在是很惬意的事儿，以后有机会想坐在阳台上，静静的看书，听歌。,1
44245,跟老婆饼有仇~so很少关注这一家，通常是路过...飘过...\n直到有天晚上，在同学的引领下，来到这里，准备来杯招牌咖啡~\n焦糖的！！！\n天呐，我的大爱啊~为何不早说，我就压根儿没抬头发现过\n焦糖招牌咖啡，糖少，浓点儿\n招牌焦糖咖啡，糖多，浓点儿\n——感情服务员遇到BTs了~嘻嘻\n喜欢在凉悠悠的天里捧一杯热腾腾的饮料，那香气绝对是疗伤系的\n然后万达广场的好利来为嘛没有咖啡卖呢...\nPS：这家的蛋黄酥，蛋黄不如闻酥园的大啊~也不如宫廷糕点铺的大啊,0
10776,前几天看到在装修，昨天才看到有店招，今天就有人已经加上去了，好神速啊。\n    附近已经有不少面包房了，红宝石、JEPSON、克莉丝汀、新鼎旺、可颂坊、马哥孛罗等等，现在苹果花园也来了，想到蛋卷、别司忌、珍珠红豆奶茶等等，荷包又要式微了~~,0
31159,这家店的口味还不错。量也很足，尤其是汤非常的好喝。因为是很久之前去吃的，所以很多菜都没什么印象了。不过，店不大，人倒是挺多的。,1
12137,这家麦麦的地势还不错，莫愁路上，有2层楼，对面就是省中医院。至于口味嘛每家的麦麦都差不多，不过这家还有麦咖啡，还不错。,0
19751,怀孕那年过生日去的这里，爸爸说听同事说的还不错，结果就挺着6个月的肚子去了，感觉环境很一般，只要是地方太小，而且有些乱，不过秘制鲈鱼的味道很不错，酸酸甜甜的，比较适合我这怀孕的人，本来就不算大的一条鱼，基本被我一个人给吃光了！菜量不大，对于私房菜来说价格算是比较便宜的啦！,0
36901,红烧肉尖椒里的尖椒是辣的...但是肉煮得很烂，很入味，而且也不油腻。\n酱鸭不是那种煮得特别烂的酱鸭，肉比较硬，但是酱汁很甜。\n草头很新鲜，吃饭之前还看到阿婆在门口摘菜来着。\n饭店确实很小，也就能容纳十几个人吧估计，所以最好早点去省得要等位了。。。,1
19109,以前经常会觉得粉的口感没有面的好，没有多少嚼劲，这家店的粉倒是真的蛮好吃的，确实是老字号啊，陈村粉再加上一点小小的调料，小菜等，很适合细细品味,0
43177,三巡是当地连锁的鸡饭品牌。各个mall里的food court里几乎都有。价钱也很平民，加一碟蔬菜才另外加1块钱。\n不指定的话应该都会给你是鸡胸吧~真心不喜欢吃鸡胸。鸡肉也没啥特别。新加坡的海南鸡饭的鸡一般都长这样，白白的，嫩嫩的，不像上海的三黄鸡白斩鸡，外面涂层漂亮的黄油，金灿灿，漂亮得诱人。\n这家的饭也一般。偏干，偏淡。乏鲜。总之，如果你在新加坡有限的时间里想吃到道地的鸡饭，完全不推荐这家~~,0
9496,说实话，这里的面包味道越来越不行了。体积也越来越缩水，价钱却是一路攀升，已经涨到4元了。服务生的态度依然是那种不容置疑的冷漠，一句话，失望！,0
31495,东西是好吃啊，外面很多臭豆腐都是空心的，就她家的里面是实心的，又很嫩，外皮脆脆的金黄色。吃的时候要小心的咬，因为会噗出来。甜面酱又很好吃，是小时候吃的味道很正宗。\n炸豆腐的大叔很可爱，话不多，但人很好。就算排队的时候有很调皮的小男孩也不会说人家。是家难得的好店啊。,1
40197,推荐菠萝饭！油碗可以试试秘制的。环境也不错，适合聚会场所……\n经济实惠的地儿………………………………,1
9538,我觉得这个钱柜满好的~因为比较新装修~算是比较新的店~\n地方交通线路还算方便，很多公交线路都能到的~\n不过我不喜欢自助餐，东西太难吃了~\n饮料都是冲出来的，其实要求也不要太高了，唱歌就是大家一起，开心而已\n价格取胜的好去处！,0
34208,某人的爸爸有新世界的代金卡，要到期了花不出去所以就来超市了。\n这家超市有一个传统，据某人说，就是下电梯前或者要进去超市入口前如果你带了包或者水瓶什么的，警卫员会用印有新世界超市的胶条将你的包什么的裹一圈。\n超市里的货品还是比较齐全的，而且经常会有特价活动，但是人流很大，并且货架摆放的太密了，尤其冬天，经常人挤人。\n收银台倒是全数开放，但是交款的人还是会排长队。,1
26036,锅贴很好吃，主要是不油，还酥酥脆脆的，要赞一个，馄炖也很好，能看到牛肉，现在难得看到这样的了，下次还会再来的！,1
31275,感觉爱伦在和好利来竞争。\n就像KFC和麦当劳一样，有好利来的地方就会有爱伦，哈~\n以前家附近有一家，买着还很方便，面包蛋糕也都吃过，感觉还好~\n后来店黄了，就再没有光顾过~,0
33952,很不错的餐厅，东西也好吃，就是太吵。有机会还是会再去，下次坐外面。空间有点小，吃饭感觉像打仗，很想赶快吃完离开。,1
28476,比旁边的kfc便宜很多    大多是学生过来吃的\n汉堡什么的都不错哦  鸡翅有点咸\n据说周末可以看电影\n人均25吧   主要是便宜啊,1
13877,26岁生日，是我拍照片最多的一个生日，因为，那天拍婚纱照。\n五点半起床，六点半和他汇合，七点半到达八月照相馆，已经有两对新人在门口等候了，八月大门紧闭，工作人员还没来上班。\n七点五十，终于开门了，先奔化妆间，化妆师让我先换上塔裙婚纱，然后化妆，卷头发，往可爱那捣腾。说实话，我本人喜欢成熟简洁的装扮，但，没人认可我，所有人都认为我适合日韩那种风格，化妆结果，我真的成了个娃娃，头顶盘发，粘着超长睫毛，嘴唇又粉又嫩还亮晶晶的，他看见我时吓了一跳，然后嘿嘿的坏笑。\n十点半，出发，先去金盏林。昨天预报说北京有小雨，莹说预报都是反的，让我别在意。果然，晴空万里，老天很给面子。金盏林的景致是野菊花和蒲公英，拍出来美的惊人——我是说景色，但实际环境是野地，没路，我抱着裙摆往草丛里深一脚浅一脚的前进，每走一步，都有好多虫子从我脚下飞出来逃命，蚂蚱在裙摆上跳来跳去，还有小虫子钻进纱里，我直害怕会被咬。\n拍摄开始，我俩走进菊花深处，因为是正规照相，所以需要反光板，太阳当空照，本来我俩就睁不开眼，再加上反光板，本能的表情痛苦。我穿婚纱还好，他穿西服，热得满脸是汗，化妆师隔一会儿就要过来给他擦汗。\n八月是工作室，宣传个性婚纱，我本以为什么动作什么表情客人自己说了算，没想到也是流水化操作。大体姿势是拥抱，牵手，吻额头...拍完双人再拍新娘单人，一套折腾下来，脸都僵了。菊花拍完拍蒲公英，拥抱，牵手，吻额头，再从头来一遍，蒲公英这边新加个姿势，新娘伸手取花。正午，太阳直晒，反光板晃得我两眼迷离，眉头总往一起皱，那副鬼德行可想而知，但笑不好老得从来，摄影师，摄影助理，化装师一起在太阳底下晒着，弄得我心里好有压力啊。最后总算通关，收工吃中饭。\n吃饭在一个小饭馆，金盏是个小镇子，挺偏僻的，所以吃饭的地方当然也很简陋，但吃的还好，比在承德的团饭强多了，可能也是饿急了吧。吃完转战下一景点，某渡假村。\n换衣服，脱掉塔裙换上一字领，发型也随服装变换，还夹了珍珠耳坠儿。这一组造型的背景是爬山虎和百叶窗似的围栏，依然是拥抱，牵手，吻额头...中间有一阵我感到头晕目眩，可能是中暑了。我下场休息的当儿，摄影师给他拍摄单人照。偶家先生也是不爱照相的人，摄影师教他摆姿势的时候，我听见摄影师说：表情不要这么绝望！忍不住大笑。休息之后，接着上阵拍摄。拍完“规定”动作，我对摄影师提要求，希望能拍一张曾经看过的样片——新娘背靠墙壁，阳光撒在身上，镜头里只有四分之一脸，但很有意境。摄影师照样拍了，从液晶屏上看，我挺喜欢的。\n拍完这组，又换衣服，吊肩大拖尾，他也换上白色西装。离开渡假村。来到乡间公路取景。下午四点半，路边两纵高大的白杨，每个叶片都在闪耀着金色的光芒。依然是拥抱，牵手，吻额头，然后齐齐向左看，向右看，一脸神圣的向往...\n八月拍大拖尾有个保留节目——“云起”——白纱飞扬。我俩拍摄这组时，差不多是下午五点半，夕阳正辉煌，另一侧白云清谈幽远，最适合出片。因为采光问题，本来摄影师只以蓝天白云为背景拍摄，我强烈要求拍剪影，迎着夕阳拍摄那张，我印象里也挺美的。\n大拖尾拍完是情侣写真，可以穿自己的衣服，我俩是紫色情侣装，龙凤配图案。情侣写真相对活泼，摄影师根据我们的道具——米奇米妮，设计了一组故事，大意是他送我玩具，我很开心。\n七点半，最后一组场景，铁轨。到达的时候天都黑了，气温也降下来，而我恰恰是旗袍造型，冷得满身鸡皮疙瘩。以前看样片的时候，觉得铁轨是很有意境的地方，我本以为是一条已经荒废的铁路，没想到，还是有火车通过的，，我们刚到的时候正好一列货车呼啸而过，我们在还微微发热的铁轨上进行拍摄，我那叫一个害怕——不怕才有鬼呢。\n拍着拍着，摄影师说撤，火车来了！我们赶紧撤，等火车过去，再上铁轨...这是什么事啊，简直像玩命。而且，天黑了，要打灯，要用两个反光板，铁轨上风大，反光板支持不住，总拍失败，这样，一个镜头反复了很多次，终于o了。\n拍完这组，一天的拍摄活动结束了，终于结束了。\n九点，回到八月照相馆，十点，吃完麦当劳回家。当晚是农历十六，月亮明净如盘，让人心驰神往。\n晚十二点，睡觉。全身每一个关节都在酸疼，拍婚纱，原来是个体力活...,0
19307,去过二次，停车位特别不好找。不太适合个人的口味，比萨做的一般，大多数还都凉了，烤翅就跟超市买的那种袋装的，没有什么特别的口味，第二次去增加了豆浆还不错，挺浓的。不是带着孩子图个方便，一般都不选的吃饭地方。,1
19094,避风塘，北京有好多家，这你是一个，聊天，聚会的好地方，10几块钱，可以待到你不想待再走，比较适合情侣去，，小吃，饮料，那里我比较喜欢奶茶，因为有好多口味。,0
39997,最能代表香港味道的店铺之一了，来香港一定要尝尝的。\n不需要特意去找，大街小巷到处都能遇见许留山的招牌。和内地上海等地开在高级购物中心，摆出一副高贵架子相比，香港的许留山亲切了许多，店铺不大，5、6张桌子，可堂吃也可带走。\n芒果系列是大爱，芒果捞野、芒果捞、芒果爽等都非常棒，水果很新鲜，分量足，吃的很惬意。\n在香港呆的几天，几乎遇见许留山就想进去坐坐，赶紧在内地多开一些吧,1
4743,也是中餐的一家连锁店。我这人不喜欢西餐，最多就在肯德基吃个鸡翅啥。所以吃的多的还是中餐。所有的中餐连锁都差不多吧，盖浇饭之类的。,0
5910,话说莜面不是很好消化，上次吃过以后好长时间都感觉胃里不舒服，但是这种东西特别有口干，蒸出来的，一笼端上来，蘸着料吃，非常好吃，所以经常忍着胃口的不适去吃,0
24964,晚上去打是肯定要等的，地方其实不大。\n里面放的音乐我还蛮喜欢。\n打球就要这样嘛！运动与音乐结合是很好的。\n我也不喜欢太吵的音乐。\n同样，比较挤,0
19460,早知道看看点评的批评在决定是否去啦，等位等超级久，咨客面色黑态度差，食品...可能是我品位不好啦，觉得专程去尝的鸸鹋吃起来和牛肉差不多，而且上菜超级慢，得个贵字，不会再去,0
18654,牛三星湯不錯..很甜..加了酸蘿蔔搭配挺好..有點辣辣的..\n牛腩陳村粉比較一般..粉同牛腩都麻麻\nd店員好得閑坐系外邊望住曬唔多習慣..,0
6838,新年聚餐，都是一早下好单的，而且吃的时候不一定有。\n乳鸽比较出名，外干内嫩有汁。\n蒜茸生菜，几爽脆。\n扣肉肥，味道平淡。\n橙汁猪扒用了浓缩橙汁，很开胃。加点的糖醋排骨粉多肉少而干，难吃。,0
10311,瞻园的讲解员讲起风水，着实有一套，也加深了金陵第一园给人的印象。但是最终的目的只是为了推销里面的一笔虎字和衍生旅游产品，确实有待商榷。南京的第一园林，却少了苏州、扬州的情怀，故没有南京园林这一说。,0
2265,离家近，想看电影时格瓦拉买张票子就去了。环境蛮不错的，我格B1各种小吃，买一点带进去。不要买味道特别大的，垃圾也要自己带走，随时注意素质嘛,1
36767,位于学校附近，所以这家走的是学生路线，就是普通的面啊盖浇饭啊什么的，价位适中，深得学生喜欢，里面蛮大的，但是人气很旺基本吃饭的点都是客满的吧，拉面喝盖浇饭都做得慢好吃的，比食堂里面的好吃多了哈哈,0
2720,原来开在鞍山的麦当劳搬到这里去啦\n原址的麦记开了十几年了吧 伴随着很多人一起长大 \n拆掉的时候大家还很可惜 现在又要在海烟商厦重建啦\n具体是在两楼 店面是比原来的店小了点 \n但是有家麦记还是方便很多的,0
26169,老牌的大连海鲜酒店了，记得小时候来的时候就吃过，现在这里估计不光本地人，出差来此的也会被安排在这里吧。\n这次有被安排在这里，整体海鲜味道都不错，不过最爱的还是虾爬子，虽然不是季节，仍然比在长春吃到的好很多。另外刺身合盘也比长春的新鲜。,0
6178,只是 去吃饭的，因为是老婆的妹妹结婚，不知道是不是说的那家，好像有二个地方，菜肴不太好吃，但是环境很好，大厅很大。居然给我漏上菜,0
44307,有段时间因为用了DHC的果酸类产品，过敏了~\n在龙之梦兜的时候看到了这家就进去了，里面的小姐看了看我的脸后，就给我推荐了欧碧翠这个牌子，说是专门针对比较薄的皮肤，有红血丝的皮肤，后来就买了400ML的水和乳液，当场再用积分换了一只小面膜~\n用下来感觉还是蛮好的啦~,1
21244,"和几个朋友一起去金华玩,有熟人介绍说这家堡庄不错,就兴致勃勃的前往,结果他们搬家了,不过居然有人等在那里为我们专门指路,由于是下雨天,老板最后还开车来接送我们,这种服务态度表扬一下!东西也很好吃,尤其是豆制品,没有让我们失望!",1
10316,去过几次这家店，不过次次都不是很火，饭点人也不是很多，很幽静的感觉，可能也是由于处于一个大厦内，不太好找，小院还是挺幽深的。菜品还是相当地道，麻婆豆腐吃过一次很贵但是味道确实和一般的不太一样。还记得次次都点一个肘子的一个凉菜，肘子都挂在木制小栏上，沾着小料就着小饼还是蛮好吃的。凉面味道只能说还可以，但并没有做出高人一筹的味道。不过一直想吃的红油抄手这里就又没了，只要清汤的，感觉不太专业，毕竟感觉红油抄手是四川的一个经典小吃嘛，有钟水饺不应该没有红油抄手的呀。PS：这里钟水饺也一般。。。。,1
41706,以前老想考进这个学校，但没这个能耐啊\n听说进这所学校的学生都是非常非常聪明的小孩子\n \n哎，没天份啊\n不过估计读出来的都是四眼。。,1
37335,好给力啊，辣的过瘾，在这里吃过多次了，环境挺不错，菜绝对够味，口味重的朋友可以去试试，经常排队的，去的话最好提前来。,1
40338,周五下班和亲爱的去滴，我们团了超级合算的79套餐外加单点了一份黑胡椒牛肉墨西哥薄饼 ！\n芦笋色拉，具体叫撒忘记了，反正是菜单上的招牌，配的酱很好次，色拉里面有熏肉，亲爱滴喜欢！\n意大利肉酱面，上来的时候很烫，明显是刚做好的，配料的肉末不少噢，酱汁酸酸甜甜，我最爱啦，亲爱的最喜欢面面这种了…\n奶茶，杯子很特色，味道有点淡，看菜单上标着成分是牛奶、水和相应口味的粉吧！大概口味淡说明里面没加奶精和糖？这个…怀疑一下下\n咖喱猪排蛋包饭，一如既往的好次！喜欢蛋皮，很嫩，配着咖喱次绝对灵，猪排就那样吧，反正亲爱的抢着吃完滴，哎…肉食动物！\n托斯卡那蛋，其实个人觉得还好吧，没有特别喜欢，但确实蛮特色的！后来饱了也次不下了！\n芋圆仙草，亲爱的说还好，我不是很喜欢，可能因为下面冰沙的关系，导致我最爱的芋圆都硬硬的，一点也不Q，加上本身也不喜欢仙草，不评价！\n加点的新品薄饼，和KFC的牛肉包的什么的味道差不多，就是饼皮蛮脆滴，反正是没吃,1
25570,之前满喜欢它家的鳕鱼堡和鳕鱼块的，\n可它出的什么蟹斗爆出了死鱼肉丑闻后现在几乎没去了。\n和M记一样，小孩子喜欢吃的垃圾食品。。。,0
25140,还是牛蒡和鳗鱼手卷最好吃，牛蒡炸得酥酥的，料多的都往下掉哦，我最喜欢是料多多米饭少少的寿司啦，哈哈。以后想尝尝这里的加州卷~,1
32590,看了39元广告去的，点了一个香荤披萨加了一圈芝士，也就芝士好吃，里面的披萨一般般，怪不的只要39元呢？不过加了一圈芝士就是48元一个，在点了一个芝士焗土豆，这个味道不错，香浓可口，只要12元，在点了一分芝士烤饭，也就一般吧，不太好吃。唉！越来越差了。服务还和以前一样这点很好哦！加油啊！,0
42950,这是我吃过的第一家巴西烤肉，位置很不错，烤肉也很好吃，可惜自助的菜品太少了，而且没有免费饮料，冰激凌口感很不错，比金汉斯强多了，不过性价比真的不是很高，现在路过时觉得里边人真的不是很多，现在竞争可能太激烈了，如果再这样我估计这家店要黄了，要不浪费这黄金地段了。,0
6455,失败中的失败，7斤的跨炖鱼那叫一个咸啊，盛豆腐的盘子边，碎的比叫花子的要饭碗还破，还舔个***脸上菜呢，楼上说的菜一律没有啊，葱花饼和摊鸡蛋就是一般的水平，豆浆是随便喝，这么大热的天在院里熬着还的自己打，那么烫怎么喝？一打开盖里面表面上全是小虫，苍蝇满天满屋子的飞啊，服务员根本无视啊，我们家老太太自己要的苍蝇拍边吃边打，6个服务员就在边上看着，服务员一个个的巨丧，干点什么活就是互相推来推去的，还和我说到周末就满没地坐！真可笑！去看看人家怀柔的随便一家，都比他家做的好，千万别大老远的去买罪受！！！,0
751,三个人随便，点了两款招牌的五花肉、金针菇、炒年糕、韩式冷面。\n一款腌渍过，一款木有。五花肉质感很新鲜，腌过的稍微咸点。\n自制的酱料豆瓣味挺重，小菜不错，泡菜味挺正。\n炒年糕没啥性价比，光有辣味，年糕不够Q，汤汁也不够味。\n最值得大力推荐的是荞麦冷面。冷面汤酸甜好吃，带着泡菜的轻辣，加上黄瓜、芝麻的香味，冰冰凉凉，超级好吃！！！下次馋了，光这个一碗就很过瘾了！,0
8600,比较人性化，可以自己自助搭配~音响一般，自助还不错~不要选择太小的房间，很叫~~~~还是要中包或者大包效果会比较好~而且也比较实惠~,0
13364,平时去的最多的就是徐家汇了，主要是因为交通方便。\n其次呢是觉得那里东西齐全，想要什么都可以买到。\n很早就是美罗城的会员了，有什么活动都会发短信的，很方便。,1
11902,这家店本来是冲着吃健康取得，可是口味好淡，不适合年轻人，真的很淡，就蜜汁火方让我出点味道，口味清淡的可以去尝试下,0
23826,对于不嗜甜但爱好甜品的人来说鲜芋仙是绝对满足的甜品啊！\n海淀图书城这边一下子开了两家相当有内涵的店，真是爽歪歪啊！\n选了【仙草四号】和【芋圆四号】，分别是22米和20米，开业活动很划算，省了10米\n总的来说，两种因为都是芋头+红豆+珍珠，所以在味道上基本没太大差，喜欢的话选择一种即可\n【红豆】煮制的非常软烂，口感极糯，最棒的就是很自然的甜，不会像很多甜品中红豆甜的过度反倒难以接受\n【芋头】一直喜欢芋头，个头很大呐，微微的甜感，好喜欢一大块在嘴里慢慢推开，享受极了\n【芋圆】非常Q，嚼劲十足，配合着红豆的绵软，口感很灵\n【花生】脆脆的，还好，配在仙草四号中的，一小包，不功不过\n【珍珠】不赞成吃珍珠，但鲜芋仙算是用料上乘吧，打包带走的过了快一小时吃的时候还个头分明，完全没有出现外表化掉粘稠的现象，不过还是少吃为妙\n【服务】2个女孩手脚麻利、很热情，外带袋子还垫上纸板，加上包装很严，所以路途较远的话也不会撒掉\n【环境】很喜欢这种长廊似的餐饮区，互相之间不会因为一般甜品店面小互相坐的很近而有影响，收拾的极干净，装潢确实蛮用心，喜欢店里的色调\n【遗憾】外带看起来就是一碗红豆汤的样子，远没有图片上的好看，不过味道应该不输\n冬天来这里点上热的甜品，真的蛮舒服，下次点上饮品一定在店里坐坐，何况旁边还有我爱的85度C，幸福...,1
44963,团的0.9的蛋糕，下午六点多一点去就根本没有了，团购时说的早上九点至晚上十点营业，但被告知团购的蛋糕要下午两三点才会有，还要提前打电话预订，给留着，否则也没有了，从午三点到六点只三个小时，和团购的说的营业时间相差太多，我知道你团购做的,0
15057,真的是慕名而去滴啊~！！！\n我和YY两个人冒着雨找了半天才找到啊~激动死~\n然后一个点了牛肉面一个人点了牛肉粉~\n还点了一块钱滴面窝~据说这个面窝很好吃~\n牛肉面的味道确实非常不错~\n而且有种小时候吃牛肉面的味道~\n好怀念啊~\n淡淡的甜味在嘴巴里面散开~哈哈哈~\n而且不是很辣~可能是因为我们没要很多辣椒吧~\n面窝还好啦不是想象中的那么好吃拉~\n不过泡汤真的那就绝了~\n以后有机会还来吃~哈哈哈哈~,1
42748,要是不知道，看他家的门脸你还真不知道是干什么的，除了英文名称什么也没有，干净的白色，第一次从门口过还以为是牙科诊所或者买医疗器械的。能做成这样显然口味是很好的。每次去都买一个巧克力蛋糕，当然还要买冰淇淋，路上就吃了。蛋糕口感很细腻，甜但是不腻，巧克力的香味儿很地道很浓郁。别的问题没有哈，唯一的就是太好吃吃多了满足了肚子腰围会抗议。,1
13916,一直听别人说小南国的菜做的地道，所以这次来试试。本来有一张优惠券，满300减100，但点来点去，实在没有太想吃的，俩人才花了不到100.\n环境还不错，挺精致，服务态度也很好。\n糖醋小排，无数人说好吃，尝了下觉得很一般，有些腻。最后剩下的只有这个菜。四喜烤麸，做的还不错，但也不够惊喜。蟹粉豆腐算是做的最不错的，味道很好。葱油拌面，很腻，吃两口也不想吃了。\n总体来说，应该不会再去了，做的比较一般，没传统的南方馆子做的好。,0
36626,那里采草莓还是蛮快乐的，红霞的草莓很好吃，很甜很甜的，农家乐非常的合算，35元一人，吃的菜很多，很饱，而且还吃不完,1
6169,说起农大，真是挺纠结的。\n之前自家的狗狗腿起了个脓包，家楼下的小医院说是肿瘤，很怕，就带着狗狗来农大了，结果农大诊断说就是之前狗狗被咬了，外面长好了里面还有浓，所以有个大包，处理一下就回来了。全家皆大欢喜。爸爸当时还说，看来有病还真不能信“社区医院，就是得去三甲”。眼瞅着从冬天到夏天了，伤口还是不好，就带着狗狗去狗友推荐的一家医院看了，当时人家就说这是肿瘤，农大绝对误诊了。并且当时推荐了农大的一个大夫，说那个大夫是这方面的专家，并当场电话联系让我们过去。去的途中，家人觉得狗狗当时接受检查的时候已经受了一次罪了，即便去了，诊断成肿瘤现在也都没办法治了，再加上对农大上次的误诊心有余悸，，，就回家了。\n这次家里的猫猫病了，想了半天，还是去了农大，猫猫几天不吃东西了，到了农大，B超，生化，血常规，还没治病就已经1000块出去了。大夫开了点输液，然后给了点石蜡，说是让润肠。结果，猫猫喝了石蜡第二天就呕吐，，，发烧，，，呼吸急促，，，现在我都不知道该信谁了。\n诶。。。\n下午去了传说中的纳吉亚，果真是吃石蜡呛到肺里了。明明知道石蜡容易呛到，还给我们这些没有受过专业训练的主人开。最关键的是，在纳吉亚拍了片子显示根本没有他们怀疑的毛球。而白白喝了石蜡，还呛到肺。现在看见痛苦中的小猫，我自责极了。\n农大动物医院，我这辈子都不会再带猫猫狗狗去了。也再也不会推荐我的任何一个朋友去！,0
28221,以前号称亚洲第一大餐厅，不知道什么时候把“第一”两字去掉了，但确实很大，装修豪华，特别适合商务宴请。海鲜去大厅自选，老外很喜欢这里。口味也是改良的，比较符合老外口味。其他的中式菜一般了，随便吃吃好了。,1
571,是我在西安吃过的冰激凌店里面最差的！\n环境也不好，就在万达的走廊里面，服务也不好，口味更差，但是价格也不便宜，以后绝对不会再去,0
23081,怎么没人点啊。这家店不错哟。离单位近，中午热的时候经常的工作饮料了，10几杯的买。呵呵。最爱芒果优络，奶香浓郁，果粒味浓。香草奶昔也不错。什么夏季特饮就算了。添加素的味道很重。整体不错ps：1点以后可以外送,1
39727,比较不错的快餐店，口味和环境都还不错的，一般的套餐基本是在17-20元的样子，上次我吃的宫保鸡丁，好像十八元的样子，还不错的,1
24256,感觉是良子里面很不错的店，去过其他的良子店，但始终认为这家店师傅的手艺最好，力道很舒服，绝对的推荐，按完之后睡觉真的很香。服务也很热情周到，一直。想试试他们特技技师的手艺，不过一是价格贵二是基本上都在上钟，还真是火啊，,1
33694,非常非常的一般，服务简直国营老店的风格，完全不敢恭维……\n份量少，性价比不高，本来那天是想吃韩包子的，结果路过他们家，觉得貌似有点想吃担担面，于是走进去，点的担担面，炖鸡面哇，还有小份蒸饺，那个蒸饺的皮子哦，才叫厚哦，吃进去简直像在嚼啥子一样……\n应该不会再去了,0
34024,在上海唱k的首选。\n歌曲更新很快，基本上你想的到的歌都能找到。\n音响效果很好，混音做的尤其棒。每个人都有自信唱歌，都是歌星，只要不走调。。。\n自助餐很一般，量也少。希望可以改进。,1
34491,去过几次，店面太小了，坐不下几个人，而且不是很好找\n东西做的不错，餐具很精致呢，味道很好，尤其喜欢疯狂捞~\n抄手味道也不错，不过还是觉得捞的味道更好~,1
12656,在这边喝喜酒，菜的味道一般，不知道零点是怎样…整体环境就是走七十年代风格，有毛泽东雕塑…下次来试试零点吧,0
23976,她们家的服务真是太牛了，原本叫外卖一直送的。（家里离开他们这步行5分钟距离）。没想到今天电话去点菜，她们家脑残收钱的那位（一直去吃的所以一听就听出来）和我说对马路的小区太远了不送的，只送10米之内的地点。。。你是爬行送东西的？？？。。。10米。。。哎。。。这家店从此从消费名单中就被这样的踢出局了。服务太牛了！,0
37607,很大的综合类医院~\n前两年没扩充的时候，坐118可以直接到。去年在旁边另起了一座楼看门诊，就离车站远了，下了车还得走10分钟（这年头，医院都有钱了）\n跟所有的医院一个毛病，看个病得楼上楼下的跑和交费。除了一楼之外，其他收费处中午11点到下午1点休息，雷打不动。任你有再急的事儿，11点到那儿，肯定看到的是个小黑窗口……\n人也是越来越多了，大医院嘛~建议大伙，要是不太严重的毛病（比如伤风感冒啥的）就在家附近的社区医院看吧，没必要来这儿，人多，排不上队，医生的水平也不见得就多高，还容易跟其他病人交叉感染。\n楼下有饮水机，有提款机。收费处的2、3、4号窗口是可以刷卡的。这个很方便！,0
1100,"我觉得这家比蕉叶好,感觉菜品比较精致点,绿咖哩还是比较好吃的.\n新加坡回来的朋友都说这家的新加坡菜品做得还不错.",1
7304,前些天一直想吃褡裢火烧于是就近去了这家 \n买了2两茴香、2两猪肉大葱的\n茴香的还算正常，但茴香味很少\n猪肉大葱的真是吃得直反胃！那臭葱味恶心死了！\n猪肉大葱的包子、饺子都吃过，味道调的都很香\n唯独这个，真是大失所望！现在是想到褡裢火烧就觉得恶心！,0
44776,因为是老店嘛，所以到杭州来玩，自然要来尝尝的！听说金庸很喜欢他家的鳝爆面啊。所以我特地也点了一份，感觉味道一般般，还是不能跟风啊呵呵！老公比较喜欢他家的糯米藕！,0
44328,新店开张，各方面都不错。\n店内设计的很有新意，对于湘菜馆的老面孔来说是一个创新\n菜价也不贵，味道不是特别的辣，但也保持了湖南的原汁原味。\n希望能保持。,1
37468,看了介绍，号称“苏州最好吃的蛋糕”忍不住想来尝尝，周日的午后，依旧爆满，可见人气之旺，点了大理石芝士蛋糕、抹茶芝士，浓浓的奶香味，淡淡的甜，不腻且很回味，钟爱他家的蛋糕，超爱~~,1
35115,约了新天地朋友，凉风习习少许让我感动，因为天热是在热不起。坐在室外吃饭是新天地的一大特色，顺便看看美女。朋友点了烤鸡，一整只，还有牛排，全熟，很佩服他们的胃，难得天热也有好胃口，一杯可乐加冰喝起来才爽。晚上ms有表演乐队，配的土豆泥应该不错，挺多的哦。,1
25469,月底前三人同行一人免单的优惠券过去吃的\n味道不错 喜欢芒果布丁 但是里面东西选择性很少 就十多样食物 性价比高 可以试试,1
8925,我只想说哈根达斯的管理太坏了，我最后一个月的工钱都拖欠不给我，非常生气啊，还说什么工资都交金交光了，哪有不发工资的单位。,0
22477,新搬的这家还没吃过。之前在徐东那家吃过很多次，非常喜欢靓家的火锅，味道很棒，无论是喜好辣的还是清淡的都能在这里找到喜欢的，很适合朋友们三三两两的坐在一起聊聊天吃吃火锅。。。,1
1554,一次偶然的机会我去了一次，感觉有点偏坐车吧有点不方便，周边的购物休闲环境也不是很好，商场里面倒是宽敞明亮就是人气不行！,0
38599,一共只用过2个手机，第三个终于下定决心买了水货，同事带我来的，2个人一模一样买了一个，结果他的才2天就有问题了，部分屏幕不响应，要修也要花好几百。我的目前看看还没事，可以正常使用，不过水货么我也没指望他可以像上一个一样用五年，说不定过不多久坏了就再买新的。,0
24144,周一下午去的，下载了优惠券，比起宾馆来，价格算是非常优惠的。技师手艺不错，力气很大，弄的我又痛又舒服。我有些怕痒，痛些正好适合我。以后还会去。,0
23108,比小宝好，小宝栗子越来越难吃。二斗的比较稳定。夏天他家会再露天摆刨冰摊。推荐蜜豆刨冰。酸梅汤一般，个人感觉不如老杜的。但栗子和蜜豆刨冰绝对好吃。啊，他家的栗子还可以弄成礼品装。还有干果和栗肉卖,1
37562,看了人气美食的介绍，就是一直想去了~今天中午去尝了下，果然还不错。\n因为不能吃生的，我点的七分熟菲力牛排，相对来说是有点老了。\n同事的5分熟，肉厚汁多非常诱人啊~\n牛排双拼也很给力，两大块肉，一个人很难吃完。\n酱汁也很足，当然，黑胡椒味道重了点，不喜欢的朋友可能有点受不了。\n面软软的很合我的口味。\n呵呵，全部都吃光光，感觉还意犹未尽~,1
18850,人不少，感觉比以前人多。但是有的菜的菜量太小啦，一般贵的菜菜量大，呵呵，一分钱一分货吗？口味都是比较清淡的，适合我这种不爱吃辣的人去。,0
12294,因为离单位很近，去过数次了。\n似乎总处于有活动的状态，现在钱包里还有60块的代金卷等待我去用掉~~\n小tips：\n1.冷锅鱼口味一般，我们喜欢点鱼下到火锅里涮着吃。\n2.我不能吃辣，转述一下LG的话：鸳鸯锅里的辣锅不辣，一袋辣汤都倒进去了还是淡。\n3.江团下火锅吃，蘸一下麻将，真是太美味了！！！！！！！！！！！\n4.除了现行的优惠券。生日时候拿着身份证，免一位的用餐费，就是2个人去免一半，3个人去免三分之一的钱。这个优惠肯定是跟别的不冲突的。\n5.打电话定位子，点的鱼可以打85折。晚上九点以后去，锅底好像是1块。原价25。\n6.问好服务员各项优惠能不能重叠，有的时候他说能，有时候说不行。\n这家店的图好多啊。我就上一张图吧，是江团 和 一盘虾滑。\n推荐菜品在下面。enjoy。,1
25094,记得去年年夜饭就是在这里吃的，失望至极，点了一个什么蒜蓉基围虾的，一吃就知道是死虾，扇贝很腥，不好吃，鸡汤很油~~以后不会再去了吧,0
35911,环境比较气派，地理位置相当不错，不过感觉装修不是很新，迎宾环节和前台服务稍稍欠缺。房间很大，卫生间布局也还算舒适。,1
22423,牛奶在这边上公务员班的时候\n某天下午我来接她\n在这儿坐了一会儿\n牛奶只要看到冷饮厅就想进去\n她特别喜欢吃冰激凌\n她说这家还不错\n不过比不上她最爱的DQ。。。。。。,0
38891,底楼招牌写的是稻香海鲜酒家 还以为会很贵\n原来就是攻略里的港式早茶呀 人均也很OK的\n感觉很地道的港式早茶，都是爷爷奶奶在喝茶 \n差不多十点了还在早茶 很是舒服啊\n点了牛肉肠粉+酥皮叉烧包+螺片鸡肉粥+凤爪+虾饺\n除了肠粉一般般外其他都非常非常好吃,1
43229,一人一个小锅挺好，肥牛虾滑都不错，调料是自助的，西瓜的销量实在太好了，下手要果断啊。会分无烟区，很贴心，服务也挺好,1
32241,"朋友带着去吃的,从外面看这个餐厅很普通,进去里面,灯光有点昏暗,挺有氛围的!\n点完餐后服物员送了2块蛋糕,嘻嘻,味道还不错,还有柠檬水,柠檬水是我的最爱,可以美白!点了好多东西,金枪鱼三明治,奶油意大利面,罐焖牛肉,芝士鲷鱼,金枪鱼沙拉,土豆泥,蜗牛,奶油蘑菇汤,红菜汤,最后都没有吃了!\n蛋糕:虽然是送的,但是味道一点也不差,奶油很细腻;\n奶油蘑菇汤是我的最爱,只要去西餐厅吃饭蘑菇汤是我比必点的,这的蘑菇汤做得味道真的很不错;\n红菜汤:是朋友要的,我不知道,我是不太喜欢喝红菜汤;\n罐焖牛肉:牛肉炖的很烂,里面的汁,稍微有点酸,也不错;\n芝士鲷鱼:这个还闹了一个笑话,朋友不知道""鲷""怎么念,给服务员都说愣了!芝士包裹着鱼,每夹起一块鱼就带着芝士,而且味道是刚刚好,很鲜嫩;\n奶油意大利面:因为点的东西有点多,等吃这个的时候,面就有点粘在一起了,加上市奶油的,就有点腻了;\n金枪鱼沙拉:这个有点普通;\n土豆泥:也很普通,不过土豆挺细;\n蜗牛:也还不错,不向必胜客那个里面放蘑菇;\n三明治:打包朋友带走了,点的多了;\n送的面包也没有吃;\n罐焖牛肉送的米饭最后让我做成了艺术品,哈哈\n总体来说是很不错的~这很喜欢这里的环境",1
41994,自己本身也是学舞蹈的，前几天女朋友说她要学练瑜伽，我也没有时间帮她去找的，就在网上看了下，看起来感觉不错的就让女朋友去了，女朋友说去到那里的确环境很好的，又大又宽敞的，这我也就放心了，只要她喜欢就好咯@@,1
27821,下雨天，我隐约记得有这么个地方，可是走来走去一直没发现\n后来中午吃饱了又去找终于找到，后悔中午应该少吃点的\n里面的东西蛮丰富的\n肉串啊，菠萝饭啊，粥啊什么的都有\n人也不少\n这次为了赶火车错过了，下次一定要来吃一回！,0
11933,老里八早的振鼎鸡，味道还不错，每次去总归4分之1靠翅膀，再弄一碗鸡骨酱面，一碗鸡粥，鸡粥发现也要看RP的，时而厚，时而稀。,1
7640,办事效率确实挺低的\n只要想办事就得等着 慢慢儿滴等着\n看着窗口挺多的 其实还是很慢很慢\n态度。。。也就是那么回事儿吧,0
42231,西北面食，味道在北京来说算是还可以的，比起我在西安吃的地道的西北面是差了点，但是总体还算可以的，价格适中，味道也凑合，就是环境有点小，服务一般，随便吃吃能填饱肚子的地方。,0
41414,位置也算好找\n 家乐福对面一条巷子进去 走个5-10分钟吧\n真的是无比还念麻得跳啊\n 临走前去吃了一次 要了两份麻得跳\n心满意足的走了\n 现在心心念念的想...,1
12549,每年都洗2次牙，这家地方不是很好找，不过来过就知道了，其实位置也不错滴。这次去累积打了个折扣，只要160元。设备挺先进的，操作台和仪器都感觉挺高级的，又打蜡，又超声波清洗，又抛光，洗完后稍微有点不是很适应，不过很快就没感觉了。我一般都是平时去，透露一个诀窍，周末人会很多的。,1
39664,好好吃 比利苑更好吃 石决明炖夜游鹤汤好好喝 服务相当到位 可能是上海最好吃的粤菜 听说有夜宵服务 下次再来,1
29904,因为是在艺龙团购的，只要299元住一晚，实在很划算。房间很大很干净，洗漱用品一应俱全。室外还有很好的花园。只是早餐单独买的话要88元一个人，太贵了。服务的态度和质量都不错。人很少，估计是因为地理位置实在有点偏僻。总之这个价位是很推荐的。,1
27764,菜品没有什么印象，不过环境还挺好的```服务也还行```感觉中规中距吧，宴请宾客还是可以的，多做点有特色的菜就好了,0
18094,蚝仔碎肉粥，实在太腥了……\n配菜味道都很一般。点个馋嘴牛蛙，肉很少的。沙姜鸡的沾料感觉就是油，没啥味道的。只有手撕包菜可以吃吃了……,0
8635,餐厅人气很少 包房倒是订满了 \n很多网上推荐的菜 菜单上都没有 不知道是换了老板还是怎么的\n价格不贵 味道也还行 但也说不出什么特别好吃的菜\n都是常吃的本帮菜 口味偏清淡 可以常来吃吃,0
15416,小神田啊，一直想去的店啊，吃肉吃到各种满足，这次终于借着某男的光，可以潇洒吃肉一回，呵呵~    \n                                                                       \n118的自助，就是去吃肉的，哇塞，绝对要扶着墙进去，扶着墙出来了~                        \n                                                                       \n这次我们几个人都想好的，单吃肉，就吃肉，狂吃肉，哈哈。吃肉这里还是不错的，各种撑。       \n                                               \n牛小排，牛舌，五花肉，撑死我哦了哈，大家都说满足，满足。吃肉就是要吃的过瘾。         \n                                               \n其他东西也有蛮多选择的，反正我吃到后面已经没有什么战斗力了，看到他们男人赛啊塞啊的，真的是好生佩服啊。             不过饮料一般般，不是很好喝，不过我也喝的不多，无所谓了。                   \n                                               \n相比之下，五花肉是最好吃的，这个也许原材料最好吧，猪肉咯~,1
40301,一直会去的 南瓜粥熬得很好吃\n酱料是那么多家烧烤里最喜欢的一家了\n喜欢烤牛舌 必点的\n还有香菇 放点白粉上去烤超好吃的\n服务业不错 手机没电了在前台还帮我冲点呢,1
2239,这个店靠近多伦路，很有特色，就是门面比较小，我喜欢吃这里的炒年糕，挺地道，还有玉米饼也很松软。如果和朋友聚会随笔吃吃，这里还是比较实惠的。,0
4643,和朋友晚上想不到吃什么...本来想去釜山吃的...结果被排队的人群吓到了...各么就换一家...朋友说想吃鸡...各么就看到他们家...进去了....\n 这里的价格和外面比起来有点小贵...因为也不是太饿...所以随便叫了点....\n 鸡汁拌面...一般...感觉更象葱油拌面....而且没有送清鸡汤.....\n 酒酿圆子...只有酒酿...没有园子...而且卖的还不便宜....还有就是量特别小....\n \n 鸡...和外面的鸡差不多.....么撒区别...大同小异....\n 春卷...里面的料很少...春卷很扁的说....\n 随便吃吃...也不便宜啊.....,0
43018,口味绝对是老上海喜欢的那种。里面红烧的菜好吃。酱鸽、酱蹄膀一流，鸡汤味道鲜得来。油爆虾的甜味也一流。凡事老上海的菜都好吃。环境是一般的。老饭店没办法。老外很多。服务员说是威丝汀的。,1
11618,每次走到家乐福门口就能闻到淡淡的面包香，喜欢辣肉松面包，很大料也挺足的~喜欢葡萄小枕~6米一个，葡萄干很甜。喜欢新出炉的大巨蛋，10米一个，很软很甜一点儿都不腻。胡萝卜切片很好，回家烤箱小烤一下很酥脆可口。全麦的也不错，蛋糕也不错，芝士那款，很香的~,1
37610,自己没用这个发过，每次都是收大众点评网的快递才看到韵达的快递袋子\n觉得服务还可以，送快递的人员也挺有礼貌的\n价钱也很公道,0
356,朋友過生日時有吃過他家的蛋糕，很紮實，口感也很好。不能不讚一個~以後有朋友過生日還要在他家訂，價格適中，服務也很好哦~,1
26494,以价格取胜的一家火锅店，味道没什么特别的，菜品什么的总给人不太干净的感觉，总之一般吧，除非大规模聚会不然我从不去这家吃。。,0
18955,之前朋友讲过依度噶麻薯好味，于是难得去广州就过去试下，买左抹茶味，望落去好似个D糯米糍，咬落口觉得好浓抹茶味，入面有D奶油，冰冰凉凉甘啦~！不过成个食完有D腻，估计朱古力味之类会更加腻吧？,1
42914,开业有一阵子了，和其他庆丰包子铺没啥区别，包子做的还可以，其他的也有馄饨，粥什么的。下车时候随便来吃吃还是不错的。,0
22816,"环境说得过去,空间比较大.服务员还有打工的学生,态度还挺好的,也很勤快,大概这是我觉得服务挺好的原因.\n糯米排骨做得很好,比北京吃得那些入味.\n东西挺便宜的.",1
32373,那里经常有这样那样的展览，结婚前去看过几次婚展，地理位置很方便，建筑很有特色，正门前有个很大广场，气势不小，中庭挑高很高，置身其中觉得自己变小了。,1
43043,因为今天要到火车站送人，所以就选择晚餐在这胜利地下解决。来到这家开了很久的姐妹麻辣烫。但是真的让我失望，味道上没有以往的特色，而且很多东西看上去卫生状况也令人堪忧。而且服务员的服务更是让我不知道说啥了。下次还是再试试别家吧！,0
40634,每次家里聚会首选的地方，餐厅很大，东西味道还是可以的，包厢的环境也是非常的好，菜的口味比较适合上海人，现在的菜每个几乎都涨价了，量也比原来的少，还好我很早就光顾他们家，所以有贵宾卡可以打折扣~不过现在的服务水平要差很多~,1
36999,元旦逛王府井二店，逛累了就停下来喝一杯奶茶。\n买的很普通的原味珍珠奶茶，味道只能说是一般，不功不过。\n因为是半价，所以觉得还不错。\n甜品的图片看上去很诱人，所以一直想着下次试一下。\n排队的人总是很多，奶茶出来的又慢，真是混乱得很。,0
1048,刚开业的时候就去吃过。。。清清爽爽的小菜们。。。随便点点菜吃吃还可以，没有特别喜欢的菜，不算很有特色。。。可能是因为我口味比较重吧。。。,0
11929,喜欢他们家的提拉米苏\n最开始吃提拉米苏就是从他们家开始\n上一次过来，某人RP大爆发，竟然买到了买一送一的价格\n通常我过来……都是卖完的，汗……\n陆续买过它家的巧克力蛋糕，起司蛋糕，还是提拉米苏最美味~,1
42688,因为是南方人 家里那边沙县很多 所以突然在长春看见我觉得很惊喜 于是就尝试了下 感觉跟南方的味道还是差很多 没有期望的那么好吃 沙县主要就是花生酱好吃 什么东西都添加了花生酱 好吃 呵呵反正对于长春能有这样的味道我已经心满意足了 以后还会去,0
21708,这家C多多门面店很大！但是在三号湾里面，一般路过不会知道！但是生意还是很不错的！\n单位经常叫这里的外卖！现在须30元起送，差一块都不肯！有点郁闷！\n喝过很多品种：抹茶红豆冰，常点，很浓！红豆也很大粒！芒果C多多！纯芒果！口感特浓！巧克力拿铁，巧克力味很浓！里面还放了很多牛奶！\n港式丝滑奶茶，很浓！貌似有些巧克力味！紫屋魔恋，很浓的香芋味！自己再加红豆料就更甜了！提拉米苏冰淇淋，浓、甜！红豆沙牛奶，不错！里面芋圆很多！新鲜奇异果多多，全部是奇异果榨出来的！稠的有点涩！奶茶类：都很浓！和别家口感不同！特别是热饮！\n服务态度也不错！还有积点券！,1
2132,家人买来了，一直听说有小林煎饼这个东西，一直听说这个东西很好，但是一直没有机会买，这次家人买了，我吃到了，真的是觉得挺好吃的。,1
5743,就在刚开业没多久的时候去过一次，发现整个商场的布局都很乱，而且稍显拥挤，也没什么比较能吸引我的品牌，所以以后都去百盛了。,0
37808,我记得是3快钱一份的~\n有叉烧、牛肉、鱼片、蛋、猪肉、猪肝等口味~~~~\n姐超喜欢吃的是鱼片的~没有鱼翅好滑好嫩还有说~\n回桂林必吃\n饭店人超多~其余时间一半多反正总是要排队,1
36816,野猪肉pizza每次必点，各种意面口味都很不错，浓郁得不行。唯一有所不满的是服务员态度，非常不nice啊，是不是只对外国人客气？,1
18745,个人对面食还是较比爱好，但对宽厚的刀削面感觉一般。即将告别此地，可能永远不回来，赶快将附近没吃过惦记过的尝试下。\n时值正午，火红的太阳当头照，照得我头昏眼又花，浪里格朗，晕头涨脑地撞进店内，客满。稳居堂内，服务员不时擦身而过，始终无人与我搭讪，原来我是透明的。\n终于经好心人提示，攀登略显陡峭的阶梯到达二楼，上座率4成。环境与一层一样，整体较比昏暗，木质桌椅色泽较比深，端坐不甚舒适，乱动者易磕碰。\n采取预付费方式。食材不多，刀削面约10款左右，大碗一般在15米左右，小碗10米上下。忆往昔每次吃刀削面都剩一半，只好点击小碗，招牌是牛肉、小炖肉和那个神神神刀削面，尝试了牛肉和神神神的，都放了不少辣椒碎片，口感也就一般般，面条确实宽厚，味道偏咸，放了不少醋，基本没尝出味道。热腾腾的面搭配火辣辣的气温，何如下咽。看着周边食客大口胡噜大把擦汗，倒是挺过瘾的，我还是慢条斯理的吃点拌笋丝卤豆腐吧。\n好不容易等待面条降温，按照于康教授要求，每口咀嚼25次左右，历时30分钟，终于大功告成，累出这身汗，回家马上刷洗。\n此处服务比一般还一般，服务员偏楞。负责点菜的小女孩基本不知道菜式特点及存量，每次都要问，基础业务素质够瞧的。告知个人不善辣，服务员称点的面都不辣，事实完全不同。目击某伙计上菜完毕，适逢食客叫服务员，该伙计迟疑片刻，随即高呼“服务员，有叫服务员的嘿”，把守在楼梯口的三位小女生依旧唧唧喳喳聊个不停。\n骄阳似火，吃完面装了一肚子内火，好在老天爷可怜我，等哥们伫立在屋檐下即倾盆雷阵冰雹雨，情绪稳定了不少。,0
43771,这家店是新开的吧 居然没有点评。。\n门牌忘了 有人补充没？\n很小的店面 东西不多 越南香包？看着有点像SUBWAY。。\n品种不多 营业员给的料相当充足 面包里塞不下了\n开业期间 还送咖啡 味道不错的 \n中午当做便餐吃吃不错,0
6250,朋友请客去的，服务很好，环境刚进去感觉不错，不过完全没有窗户，呆久了感觉小压抑。一道一道上的，味道不错，那个台塑牛排量实在太大，吃不掉啊，味道真的有点像酱牛肉。。,1
43712,这家店在此航天桥北，离得比较近。一直大爱的老婆饼，不过现在涨价了。以前用优惠券才5.5吧。现在没优惠券还要8块呢，少吃吧，哈哈~~最近还团购了大热的小蛋糕，打算这周末去取。,1
18236,前段时间和几个朋友去了，。菜的味道还可以，就是服务太差了。服务员把酒精灯里的酒精掉到菜上了叫他换一盘，人家可好拿走了一会，又是那盘上来了，要是吃坏人了怎么办啊，一点责任心都没有。,0
29194,"血拼累了在时代B1楼吃的,B1有超市还有各种类型的吃的大杂烩,统一的缴费买单.满记生意不错,需要排号,缴费后等了大概10分钟就有吃了.香港的甜品是比内地的好很多,至少比成都的好.喝着杨枝甘露,吃着刚刚打包过来的""彭肥蛋挞"",简直不摆了.",1
40768,听朋友推荐去的，还不错，性价比还可以，口味还不错，偏重了点儿，\n环境嫌吵杂了点儿，有点大排档的感觉，整体还不错吧，适合朋友聚餐,1
21506,成都還會有比這更難吃的東西么？！\n在一個美食勝地，能把東西做到這麼難吃是何等的不易啊~\n我實在是心生景仰，佩服之至啊！\n對了，這麼個破店，居然還要等位！！！,0
33219,这家的海鲜确实不错\n朋友请客点了鲍鱼、招牌蟹、茶焗虾、清蒸多宝鱼、还有鲍鱼酥等\n因为点了红酒所以三个人吃了800多\n包间的茶位费有点高，没人15\n其它性价比挺高\n下午茶没有试过\n推荐吃~,1
21216,炖汤真的很不错，料那叫一个足，不过要去喝汤的话最好提前预约一下，因为去晚了很多汤都没了。服务员的态度也非常好。,1
524,同学聚会约在这里，听说这里有吃有玩而且还是单独的包间，听上去不错。\n地方确实有点妖，离7号4号两个地铁站都有一定距离，出站大概要走将近15分钟，而且在某个弄堂里，不是很好找。\n环境确实还不错，小包厢里沙发，投影，电脑一应俱全。\n还有玻璃房的包厢里木质桌椅也别有情调。\n店里桌游、零食什么也准备充分，比起专门玩桌游的地方，就少了很热情教游戏的服务员~\n订的包场，早上10点到下午5点，结果5点不到就有工作人员来关照让我们5点前准时结束，实在是不够人性化，买单68一个人，比起桌游吧也贵了不少，谁让人家又提供玩又提供吃呢。,0
28764,蛮喜欢逛街的，即使不买东西也会去逛逛，碰到合适的就买，昨儿就遇上合适的了，还不错，喜欢逛街的朋友可以来逛逛，里面经常会有一些折扣的!,1
22352,在团结湖派出所斜对面，旁边是链家店铺。总是喷出甜腻腻的香味，买什么服务员都会在里面另加上几块其他口味的点心，让你尝尝，很不错的点子。\n蛋挞才一元一个，排队的上班族议论说跟肯德基的也差不多，价格便宜多了。有时会买给女儿，不敢让她多吃，有点点腻。\n蝴蝶酥不错，他家的点心很便宜但容易吃多，每次我买一点就好，免得发胖。,0
33916,如果说良木缘代表了成都的本土咖啡，那么圆缘园大概就是重庆的代表了。\n和满大街的良木缘一样，圆缘园在重庆是遍地开花啊。\n8过，感觉装修什么就差了好多。\n朋友说带我去一家咖啡店小坐，在上了楼梯后看到这家店，就觉得有点瓦塔。\n桌布感觉很陈旧了，木凳子上还有破皮，斑驳的痕迹特别多。\n记得点的咖啡味道很一般，就是价格还便宜。歇歇脚，吹吹空调就行了。\n基本上无任何特色的一家咖啡店。,0
38480,喜欢这里的装修风格，虽然房间有点小，但是很温馨很干净，由于是在弄堂内的，所以超安静的，后院还有停车场可以停车，很不错哦。。。,1
15184,以前感觉钱柜是最好的，现在也慢慢不行了，不过音响效果可能是习惯了觉得还是最好的KTV，吃的真是越来越不好吃，不过毕竟也免费，早上去真是够划算。,1
15032,一个人从中山路摸索过去的，由于这是我吃的第一餐厦门小吃，一个激动，点了沙茶面、面线糊、竹笋冻，拿着小票不清楚去哪打吃的，服务员真的很冷淡，对我爱理不理，很不耐烦，沙茶面味道不错，只是，只是在我快吃完时，发现汤里有只苍蝇。。。我不死心，又开始吃面线糊，结果，才吃两口，发现里面有只小虫。。。基本上没有食欲了。。。味道真的很一般，不推荐去吃~~后来吃的大中沙茶面，月华沙茶面，乌糖沙茶面都很不错~~,0
19635,"【聚齐网】和平门高丽高烤肉-环境减，服务差，味道还算ok\n金秋入冬，烤肉新时尚！现仅78元即可享受原价204的【高丽高烤肉城】双人套餐：精品牛仔骨300g,精品五花肉252g，烤牛肉300g，三文鱼沙拉，生菜，土豆红薯拼盘，牛肉沫盖饭等等！还有赠送小菜，水果，冰激凌，大麦茶哟，快快行动吧！\n去的时候没有提前一天预约，算是临时起意。\n但是还是在下午的时候打了电话，可是那个电话一直通的没人接，晚上干脆直接过去了，到了以后服务员还说你们预约了么，我说那个电话打了无数遍没人听，她于是说，哦，是啊，我们的电话坏了。\n崩溃，你电话都坏了，让人怎么预约！！！！！！\n环境实在比较凌乱，几乎可以说是没什么装修可言，\n所以如果享受环境的食客，万万不要选择这里，而且烤肉的烟气很浓，羽绒服我干脆没敢穿进来。门口有三五个车位，不过我们来的很晚，所以还找了个地方停了。\n各种小菜，保持了韩餐的传统，非常的袖珍，味道还不错，偏咸。 \n炭火和土豆红薯拼盘，上的很快~没有久等。值得表扬。\n这里有好几桌客人，不过我也看出有和我们一样的团购套餐，哈哈~\n烤牛肉300g，这个里面有的很嫩，有的咬不动，味道一般，有的超级大片，也有碎的，感觉是混搭了。\n牛肉沫盖饭，上菜上的很迅猛，这个一来，一直嚷着饿的ww终于安静下来。\n味道不错，我尝了一些，不过比起石锅拌饭，还是有差距，食材不怎么丰富唉。\n精品牛仔骨300g,\n说是很友好的肉，但是实在不怎么好吃，比较失败，还有好多骨头，吃的费劲巴拉！！\n精品五花肉252g\n肥的多，肉不嫩，不好吃。减分！\n哈哈~这个是肉们和菜们在烤盘上~滋滋的香~\n三文鱼沙拉 \n尼玛这东西里面哪里有三文鱼啊！！！！有木有搞错啊！！！！\n叫来服务员问，人家居然没有任何道歉的态度！！！！tnnd！\n然后说“哦，那我们再给你上几片三文鱼吧！”\n三文鱼照片见下图！！！！！！\n碟子大小和对比旁边的蘸料碟，超出常规想象的小啊！！！！\n还能不能再少一点儿啊！！！！！\n一共tmd就三片，三文鱼尼玛就三片么！！！！！\n还巨袖珍！！！还是熟的！！！！！\n为什么是熟的！！！！！！！！！！\n \n所谓的餐后水果是我再三要来的，如下面，一个橙子切四块，冰淇淋是没有的，莫名的就说给你们上两个南瓜粥吧。好吧，粥就粥吧，味道还不错~瞬间喝完。就不计较了，看我们多么的容易满足啊！",0
23553,"同个品牌连锁店也有好坏之分,环境服务都是,这也直接影响了食客尝食物的口味,要我选喜年来,我宁愿多走些路去红梅路那家吃.",0
16338,香火非常旺盛，可见其灵验程度，当然真心最重要。里面各路神灵，各有所管。香火一份20元，共12根。我没有算卦，因为不信，但烧香是的确很灵。,1
3625,酸菜排骨还不错，腰果虾球好吃！鳝鱼不好吃感觉不新鲜。木瓜椰果啥的很不错，价钱还可以吧。比较近感觉。都是些家常菜啦,0
401,经常经过香格里拉，但是一直没有进去过， ，O(∩_∩)O~不过今天跟男友的自助餐计划就定在这家了！！五星级就是不一样啊！进去就很舒适的呢！\n三文鱼很是香啊！而且新鲜，又大块呢！\n生蚝很新鲜而且味道不错！\n大头虾也是有膏的呢！\n橙汁、西柚汁都很好喝呢！\n羊扒有点有肥呢!\n最爱还是甜品！这里的甜品很不错哦！\n冰激凌很好吃，还是杏仁片、葡萄干、MM豆可以伴着吃呢！\n酸奶很浓稠！华夫饼现做的！淋上巧克力酱美味！\n最后买了套票：990买六张票，比现金买单划算很多！还有计划再去呢！,1
34484,不错的店，简单简约，不会觉得很夸张，也不会觉得太土气\n价格比较便宜，觉得东西的用料还是可以保障的\n喜欢棉质料的东西。这样比较舒服呵呵,1
6007,2011年10月15日。\n日月光B2漫山遍野的吃饭地。这个生煎是一朵奇葩。门面不大，永远有人在等着付钱或等着拿货。\n价目表非常清楚滴挂在柜台上。\n6块钱/4只生煎 3块钱/2只\n5块5/4只上海春卷 2块8/2只\n7块钱/1碗酸辣粉\n还有老鸭粉丝汤、鸡鸭血汤、咖喱牛肉汤等。\n有一位食客剩了交关粉丝在桌子上，其中的蒜末香味勾人。遂决定购买一碗酸辣粉。\n这里的酸辣粉不像小杨生煎的是有浇头的，这里是光粉，只有一点带红衣的花生做点缀。买好之后，收银员给你一个塑料牌，这个牌子跟永和大王的牌子挺像。她会提醒你大约要等多久，并嘱咐你别走远。一般人都急吼吼地等在柜台一边眼巴眼望地看着里头的师傅们包生煎。有些潇洒的人会走开一会，去找位子坐。如果你的号东西出齐但没人领，收银姑娘会用扩音喇叭叫几遍。不能坐得太远，会听不到。\n酸辣粉乍一看就像一碗辣椒花生汤。粉丝都沉在碗底。量不大，作为零嘴解馋刚好。蒜末给得挺多，香味扑鼻真过瘾。酸辣到位。但蒜末中还夹杂着姜末。吃一口带到姜末虽是丰富了口感，但是不喜欢吃姜的人便不会继续吃了。\n离开日月光的时候从生煎门口路过，收银姑娘在跟顾客们说，这是最后一锅生煎，卖完就没了。\n生煎真是魔都人民喜闻乐见的食品，不管是小杨还是大和。,0
1599,辣的眼泪直冒，炒鸡公基本80%是辣椒，但是很香很入味，农家小炒肉都是肥肉，没意思。咸蛋黄南瓜咸蛋黄裹的较均匀。那个特色土豆根本味道没烧进去，还号称特色菜。,0
5146,不是我买单的 我也没注意价格\n本来就不饿 我记得我只吃了椰子汁\n朋友点的菜 看上去也很一般 没有大兴趣,0
5787,以前总来这家店，也就是坐车比较方便吧，口味什么的真的很一般，没有太多特色。但是前天发生了意见不愉快的事，再也不去了。那天老公非要吃他家的羊蝎子，我们七点多到了还要等位，其实附近还有好几家羊蝎子，但是老公是个念旧的人，我们也就说等会了。但是门口等位区域很小，坐满了人，我们就在外面走了一小圈，这时发现二层靠窗的座位根本就没人，他们就是成心制造等位的假象，好像他们那有多火一样。我们大概转了不到十分钟回去的，只叫了2个号，还有两个号到我们。要是等位环境好一点的话，我肯定就等着不走了，可是里面等位的座位全坐满了人， 而且至少有四个人在抽烟，也没人管，我总不至于傻到还站在那洗混着羊蝎子味的二手烟吧，就又出来了，这次就站在门口，掐着表呢，五分钟之后进去的，然后服务员面无表情的说，号过了，重新排吧。我们说我们就站在门口，而且就五分钟，你也没出来喊呀，然后服务员不耐烦的说，谁让我叫号的时候你不在我旁边等着的，活该，重新拿号吧，然后就不理我们了！！！什么服务态度呀！！！这种人也能放在大堂门口？？？其实这个时候他的态度要是好一点，根本就不难解决，我们不是那种成心刁难饭馆的人，而且我们是真心想去吃饭的，好好说话你能死呀？？？反正再也不会去那吃了，冲这种服务员，这种服务态度，这家店我估计也开不长了，老顾客都会被这个服务员气走的。,0
43310,也是天津很有名的景点之一了，来天津必来的地方。是一条很窄的巷子，建筑很好看，卖些古董或是旗袍丝绸之类的东西了，还有卖天津特产食品的~~~,1
12301,粥有类似稀饭庄的大锅的，但我一般都选的小煲，价格也不贵，口味很多，就是有点小慢。炒菜和凉菜的品种比较多，有个酸辣的鸡杂多好吃的，小炒肉也还可以。\n装修走的田园风格，忍。门面不大，但是居然有3层，3楼上好像有大桌。\n个人觉得性价比比如轩高。,1
37736,家庭聚会首选地 因为近\n过年的时候也会去\n他们家的菜量比较少\n盆子很大\n到了过年过节那个量更不敢恭维了\n只能偶尔去吃吃,0
5378,很不错的一家印度料理，里面的各式咖喱菜味道还不错，因为是经过改良了，比较适合中国人呢的口味，环境不错，老板也热情。,1
34555,因为我家附近只有这样一个家常的饭馆，所以经常来。。。\n因此也见证了他家的菜品质量的有好到次。。。。\n烤鸭普通的58精品68千万别要精品的就是把皮片下来和肉分开，但是不好吃不给配白糖。。。。\n十一的时候我去过生日，问送不送长寿面她说你带蛋糕了吗？我说我带身份证了，她说必须得蛋糕，懒得和这种服务态度的店罗嗦、、、、\n点过最失败的1菜芥末鸭掌22就6个鸭掌。。。很干很凉不是很新鲜。。。\n2千岁鱼38量很大，但是我想说这不是整鱼是大鱼身上片下来的，鱼汤是白的但是很腥有酸菜但是没酸味。。。很多姜仔在里面。。。\n菠萝古老肉，还不递普通小饭馆做的，应该是大菠萝配小肉丝条加柿子椒\n家常菜是叫家常吃的，但是你家连自己在家自己做的都不如，什么叫用心？？？？,0
1049,很不错的一个地方，要买书就得去图书批发市场，图书种类全，品种多。学习用书、小说、杂志什么都有，很方便。还很便宜。最主要的是在我家门口，很好，吼吼……,1
41051,环境不错的。里面的东西也很好吃的。特别是那个玉米饼呢。呵呵。味道超好的呢。很喜欢这个味道的。还有优惠券呢。不过不是常来这些地方吃饭。所以我不用这个的……嘿嘿。凉菜嘛，味道很好的。粉皮是我喜欢 的。还有香菜呢。嘿嘿。不过里面多放点辣就好了呀。和朋友三个人来这里的。吃得还算可以的。不过还是主菜好吃呢。鱼是我最爱的呀。哈哈。自己爱动也爱吃呢……下次来吃的时候就选择来定了呀。不然来了会等的呢。。。,1
38626,肉是买2赠1的，比较划算了，菜也很新鲜，酱料不错，环境很好，就是肉片切的有点薄，吃的时候可以先跟服务员说一下，整体很不错,1
41473,12580这两个月的特惠~\n招牌拉面，29米，买一送一~\n味道只能说还行吧 \n去的那天 星期三 他们的鳗鱼蛋卷也在搞特价\n就点了一份 这个还不错,0
32223,偶家外婆喜欢的地方，基本上每年都会去，图的是实惠，不过当年的环境实在不敢恭维，后来新装修好总算有所改善，ANYWAY，这家店也算得上是附近年数长久的餐馆之一了。\n今年在这里定了年夜饭，延续上海滩一贯的年夜饭火热传统，分两拨只供应套餐，反正爱要不要，人家有的是市场。\n我们赶4点半的第一拨，进门一看果然是一派红火，大厅两层楼唯一的空桌就等我们了。入座就绪，冷菜还没怎么开动，服务员已经开始噼里啪啦上热菜了，一时间满桌子的混乱看得人食欲全无。再看周围不认识的人桌上的菜品倒都统一，想想真是滑稽，如此填鸭式的年夜饭，还是第一次领略。\n话说这里的菜色虽无惊人之作，人家至少也份量给足，味道尚可，比起之后两天的正牌酒店出品实在是有过之无不及，总结陈词是过年想吃饱吃好的还是自己在家动手吧。\n题外话，一顿年夜饭竟然遭遇偶遇，孽缘啊，两天之后电话的如期响起，一段时日不见有人倒是越发执着了，得不到的永远都是最好，是么？是么！,0
44583,"给差评不是因为环境差或者是口味差,若大一个酒店,环境装潢都不错,外婆的生日酒宴选在那里.还包了2楼的大厅.现在就数它的3宗罪!!!\n6点准时到,冷菜酒水已全部上桌,等酒席开始约1个小时竟然1个热菜都没有上,催了一下后又一下子上了5个热菜,但是没有一个是热的都是温的,后来所有的热菜都是如此,根本与冷菜无异!\n那么大个酒店,大堂闷热不堪.初始向服务员反映,小伙子说空调已经打开了,可能太下了,过了1分钟就有冷风从出风口出来,感觉凉快了些许.可过了不多久又故态复萌,难道连这些电也舍不得吗?那索性把所有的灯都关了好了,关门最好了!一度电也不用!\n最可气的是主桌坐的都是老人家,一桌菜自然吃不了多少,服务员竟将主桌的菜悉数倒了,之前也不过问主人家.\n好好的一件喜事就被他们搞成那样,责问他们就一声不吭扮无辜,想到就气!!!\n一定要到DP上来好好说说!",0
25016,广发卡半价去的 不知道是不是因为我们是半价的是占便宜的 明明是铁板自助不让我们坐在铁板边上，说都定满了 结果我们6点半到的 9点走的 两个铁板都一直是空的！238的铁板自助不让坐在铁板边上看师傅做 这意义就失去一大半了， 菜单很厚，但菜没几样，上的还很慢，味道真的是不如大渔啊 整体感觉没什么特点，连火焰系的菜都没有 那铁板上干嘛使的呀..? 跟七八十的日料没什么大区别 当然生鱼片的质量还是好一些的。 酸梅汤给你续的很勤，这么“高档”的自助，饮料只有酸梅汤和橙汁，也没有多种水果可以点，大渔的芒果，火龙果等等都是随便吃呀。各种铁板的做法单一 也没什么特色 俄式和日式土豆泥也没吃出区别来 都没什么味道。加州卷不错 但是我不能花二百多吃一堆米饭啊 鳕鱼有点腻，鳗鱼还是我的大爱 \n总之就是不让坐铁板边上实在很失望！！\n看十全十美老介绍 价位还这么高 以为很不错 真是失望了！,0
3299,果汁有的是鲜榨的，听不错，在这个地点价格算是不错，西米露一定要点水果口味的，椰汁的应该是用椰汁粉做的，一般芒果口味的东西都不错,0
20874,在澳门挺有名的一家店，这是上海的第一家分店。地点在浦东的芳甸路有点小偏，离最近的地铁也要十多分钟交通不是很方便。整体的装修风格偏向做中高档的粤式料理，由于十月份刚开始试营业菜单上看上去菜品不是很多。现在主打的是小火锅，相对品种选择会多一点但整体价格偏中上。\n深井烧鹅：感觉稍嫌肥腻，肉质也有些老。但他家挂在烧腊间里的烧肉看上去很不错下次可以去试试。\n火锅里最出彩的是雪花肥牛：店家有两种切法一种是普通常见的切片可以看到那些高级牛肉料理提倡的雪花般漂亮的肉质纹理，但可惜因为小火锅不能调节火力大小很容易就会涮老体现不出它的优点。第二种切成如骰子般大小的牛肉粒，就很不错即保持了肉质的纹理又保证了烧煮久一点也不会破坏牛肉的弹性最大体现了雪花肥牛的良好口感。\n特制肥羊：口感也不错保留了淡淡的羊膻味，肉质新鲜肥嫩。\n秘制五拼丸、蟹籽墨鱼滑：用料很新鲜很Q但去腥稍差。\n其他的蔬菜很新鲜。\n粉丝和乌冬提前煮过失去了应有的弹性。\n铁板类的黄油加的很足奶味很重但味道偏淡。\n另火锅调料不错，花生酱之类的基本是用油调制的所以很厚也很新鲜。\n总体感觉就火锅的话，在有优惠的前提下去吃吃肉还是可以的。环境的话等他家粤菜菜式再多点的话做为商务宴请还是可以的。,1
3517,因为离家里比较近所以就过来吃饭了，以为和西单大悦城的是一家店，结果到了才发现不是\n也许是我们到的稍微早了一些，店里虽然也有客人，但是不多\n服务员一堆人扎在款台聊天，叫半天都没人理我们，气的BF差点发飙，实在是对不起花的这些钱\n装修得还算可以，但是没什么吃饭的气氛\n我要的是番茄锅，BF要的菌汤锅，都还不错\n在番茄锅里涮蘑菇会有非常浓郁的番茄味道\n小料是自己调的，比较稀饭他家的海鲜小料，我配的是海鲜酱+沙茶酱+海鲜汁+泰辣椒\n味道还满鲜的\n这里的菜实在是小贵，最稀饭的是虾子虾滑，很好吃，BF说有点吃龙虾的感觉\n我最稀饭的是他家的手打烧饼，小小的，但是很好吃\n结账的时候没有什么优惠，只给了两张10元代金券\n但是今后也不会过来吃了，所以没拿\n环境和味道都挺一般的，服务太差，而且价格太贵，不考虑再来，完全没有西单大悦城的豆捞坊好,0
35351,那天是6折，排了好长时间的队啊~北京没人去的说啊~这是餐饮沙漠吗?\n早就听说三杯鸡~~味道不错啊~本来以为上来会是三个杯子的不同做法的鸡肉呢~呵呵~我又bug了\n椒盐鸡和菠萝油条虾也不错~话说那菠萝有点酸啊~~\n卤肉饭很腻啊~朋友说我不应该把卤肉全部都加进去……你倒是早说啊~~\n干煸豆角做糊了~味道很一般\n花生沙冰的味道还是不错的~抹茶口味太淡了~没啥味道的说~~\n那天走的时候都排到130多号了~~太火了~~,0
35872,过年吃饭人哈多，因为看中是广蕉下面的，所以选了这个吃，感觉个人更喜欢汉泰，但是味道的话，喜欢里面的海鲜菠萝局饭，而肉骨茶，虽然真TMD打酱油啊。。。\n4人点了很多，但是还是全吃完啦。。。感觉一般。。。,0
35416,从小对于这一类的就是大爱\n总是认为他甜甜的，可以让我忘记一切不开心的事情\n一直都不知道还拥有了这么一个好的地方，而自己也是在一次无意中在网上看到了这个地方，感觉名字还是蛮好的，就自己来看了看。\n呵呵，很是不错的，特别是当你一去的时候可以很好的看见这里的环境，很安静。\n而且也是蛮有特色的，特别是这里的WC那个装修很搞笑的呢，呵呵\n空气中充斥的是一种浓浓的甜品味儿，很好闻。\n听说他家的巧克力也不错，但是我不是怎么喜欢吃那个。呵呵,0
2498,店面虽然不是很起眼但是味道真的很好~ 菜量很足 味道也很正宗~ 外国人很多~ 高峰的时候可能找不到位子= = 总之气氛还是不错的~,1
4990,"离单位很近的异域风情的餐厅,开了很多年,比较小资,餐位比较少,所以要提前订位子.装修比较老了,可能因为开在解放前老房子的半地下的原因,部分墙面有碱蚀现象,不过不影响整体异域风格.\n因为有些小贵,很少去,比较正宗,口味偶比较喜欢,木瓜丝不错,最喜欢那个炒牛肉,名字叫的不准确,但是偶超级喜欢,整盘子都被偶消灭了,嘻嘻",1
20901,"这家店里面的品种还是很多,什么都有,连干锅牛蛙也有,\n但感觉这里还是龙虾比较好吃.\n喜欢吃这里的十三香龙虾.\n还有锅贴...",1
14985,"不知道为什么最近一直是78,原来是138的.图新鲜去尝试了一下.非常失望.服务员不亲切,目光很有杀伤力.先付了钱才可以进去.找了位子坐下就开始找东西吃了。没发现什么特别好吃的.烧烤区基本没什么可以吃的.就一个工作人员在忙.那生蚝什么的,每次只能拿一个,可怜的要死.这哪是自助餐啊.批萨不好吃,没味道，而且很硬.寿司也是些不好的东西,像三文鱼什么的,更是从没见到过.唉.不知道他凭什么能这么贵,以后不会再去了",0
38886,逛商场逛累了，所以吃点甜点休息休息，顺带补充补充能量。由于之前没有做功课，并不清楚它家的特色所在，便选了我最爱的提拉米苏。味道还不错，酒味很浓郁，就是价格小贵。,1
35200,"考虑人多，烤鱼本来想点鲢鱼的，服务员说没有了，结果等我们吃完走看见人家桌上就有。这是个诚信问题，八宝鱼价格是高,但不该这样吧。",0
25579,这个是我的母校，在这里3年了。走之前的一天感觉非常依依不舍，因为真的是舍不得，舍不得学校，舍不得老师，更舍不得上了3年的教室，每年的9月10号我都会会来这里再看一看,0
30525,从来没有堂吃过，都是叫的外卖，冷面很好吃，特别是辣肉冷面和鱼香肉丝冷面，我和老公喜欢再多加一份大排和一份咸菜肉丝，味道蛮不错的，不过晚上八点以后就没有外卖了,1
27919,2011.06.12 周日\n和湖庭并立 地理位置相当优越\n环境简洁而大气 安详中带着些许优雅\n包房的环境不错 喜欢那霸气的沙发也优雅的吊灯\n被安排在一侧的沙发坐 高脚凳坐着还算舒适\n二楼中午一般不对外营业 时常也会办些大型派对\n当日菜色\nAperitivos小食 前菜：\n【Creug Salad特色芝士培根色拉】55RMB\n【Chicken Salad鸡丝生菜色拉】58RMB\n两款沙拉 各来了一份 \n偏爱第一款 量不小 口味普通\n【Lamb Skewers迷迭香小羊肉粒蔬菜串】58RMB\n【Madrid style beef Skewers皇家马德里牛柳粒，蔬菜串】78RMB\n烤肉配上青椒 爱吃肉的姐姐配上爱青椒的妹妹\n完美的两人组 消灭了很多份\n【Plate Of La House本店经典拼盘（香炸鸡肉蔬菜串 鱿鱼圈 洋葱圈 薯条】98RMB\n垃圾食品大拼盘\n话虽如此 不过依然无法歼灭我对它们的渴望\n其中最爱的便是薯条了\n柔软的口感 香喷喷的现炸出炉\n洋葱的口味太重了一些\n【Caramales con Ali-oli香煎橄榄油罗勒目鱼】58RMB\n这是前菜中我最爱的一道\n目鱼煎的口感酥软 十分嫩滑\n配上健康喷香的橄榄油 \n水灵灵的摆盘十分诱人\n搭配的酱汁也相当的美味\n西班牙经典TAPAS:\n【Creamy Shrimp Croquettes西班牙奶油虾仁卷】36RMB\n经典的TAPAS之一 叫了两份\n虾肉的个头不大黄油味很重\n只能说没有太大的好吃 不过也不难吃\n整道菜略感油腻~\n【Creamy Seafood Soup with garlic toast香浓奶油海鲜浓汤 配蒜蓉面包】48RMB\n汤很不错 搭配的蒜蓉面包更是亮点\n【Classcial Spanish Serrano jamon with Cantaloupe经典哈密瓜配火腿】85RMB\n普通的自助餐火腿水准\n搭配的蜜瓜也不是太甜\n【Spanish Omelet to taste freshly made斗牛士土豆小煎饼】48RMB\n这一道非常喜欢 虽然貌不惊人\n想想糯糯得口感 作为一个土豆控无法不爱\nPastas&Rice 主食\n【Slow cooked ox's tail with Spanish red wine sause慢火古朴红酒煨牛尾】88RMB\n很爱牛尾 那是一种不同于牛肉的味道\n牛尾也是相当珍贵的食材 毕竟一牛一尾巴\n能用来烹制的部位也实在不多\n鲜嫩的肉质 配上红酒飘香 味道不错\n【Paella with clams mussels prawns and calamari西班牙海鲜饭(蛤蜊 青口贝 大虾 章鱼仔】98RMB\n其实西班牙菜种我最期待的不是火腿\n而是PAELLA 于是点上两份\n几乎是全熟的米饭 味道还不错\n也许正宗的我会吃不惯呢\n海鲜的量不少 虽然个头不大\n烹制过程相对冗长 需要相当的耐心\n【Classical squid ink Paella 经典西班牙墨鱼汁饭】98RMB\n比起海鲜饭 似乎更偏爱这一道墨鱼汁饭\n虽然吃完后果会很严重 不过依然不减我对他的痴迷\n墨鱼汁的那份特有的口感让我对之无比迷恋\n无论是PASTA 还是PAELLA 总让我心驰神往\nDessert 甜品\n【Ice-cream 特色冰激凌(香草 草莓 巧克力)】28RMB \n冰激凌没有很大的亮点 只是中规中矩\n无关痛痒的一餐 虽然有些菜味道还不错\n只是并无兴趣再次光临\n服务员的态度也并不是太好\n只是价格适中 环境也还不错\n来过一次 便已足够\n————————————————————————————————————————————\n论地段：很好 论环境：好 论服务：一般 论口味：一般 论性价比：高,0
5571,炸酱面好好吃，还有豆汁，感觉有些改良过，酸酸的，但没什么馊味，陪着焦圈和咸菜，很上瘾，比较适合不是特能接受豆汁味道的人；疙瘩汤好大一盆，喝起来很痛快。就是服务不怎么好，基本上每次去都会有一个菜因为各种原因上不来，最后只能退掉，服务员比较懒散，缺少积极主动性。,1
1082,每次经过必买的...\n北海道超级爱...很厚味道很浓...\n他家的西柚汁我也是必买..价格是有点小贵啦..\n他家的年轮MS要订的...味道还可以没有想象中的好吃\n提拉米苏和布丁..也不错\n蛋糕么黑森林很好吃...\n还有他家的小点心都很好吃..不过8块一个还有小贵...,1
14592,中午路过看到生意超好，只是他家店面已经属于景区的外面了，而且已经用过午餐，所以决定晚餐就选这里了\n过了五点景区所有的进出口就没人把守了，不过南浔真的是不比别地的古镇，游人真的是不多，所以我们用餐的时候只有一个小姑娘在吃面，后来又来了一对，总共才五个顾客\n点了卤汁面和爆鱼面\n卤汁面就是黑木耳炒肉片浇头，没什么特别的，8块\n爆鱼面就一块爆鱼，不过里面的咸菜蛮好吃的，6块\n后来让老板娘加份咸菜，也没另外算钱，纯朴实在\n老板娘还介绍这张店开了三十年了，当地人都是开着名车来吃面的\n不过说实话，这面还真的是一般，价钱蛮实惠的。,0
1981,第一次吃泰国菜，味道挺不错的。\n因为我忌口，所以没有吃到多少招牌菜。但还是吃得很有满足感。\n两个人三菜一汤。排骨、茄子、泰式炒饭、冬阴功汤。都挺不错的。\n冬阴功汤有好多金针菇。\n有沙发座，挺大挺软的。,1
29728,一般般吧~~\n没啥特色，味道也一般般~\n榴莲酥做的不好吃，不够酥，榴莲味也不足，汤包还行~\n煲仔饭还没有迪欧咖啡的煲仔饭好吃~\n挺失望的~,0
22112,吃过这里别人带的话梅~~\n红梅糖条..蜂蜜的都尝过味道...\n我倒是觉得相对来说紫苏的最好吃点...酸甜适宜....\n专心做一样食物也是能做好的...共勉~!!,0
36363,"单位聚餐,吃火锅来年红火哟，首选当然是海底捞啦，这家店离我家近，嘿嘿。预先定了座。周一晚上5点半到，发现人还是蛮多滴，已经开始排队咯，建议早点去。\n服务一如既往的好,热情亲切,点菜时吃了不少橙子和圣女果，涮菜时候服务生小橘子和圆圆都很主动帮我们换盘还积极滴给我们把桌子上的油渍擦掉，因为人多是坐的两个拼桌，点了一份的菜品可以分成2个0.5份上。吃饭吃的心情很好。\n鸳鸯锅，在鲜汤锅里吃到不少虾米和牡蛎，牛肉羊肉很鲜美，虾滑也是不少人都很喜欢的。\n有同事生日，送了小礼物和捞面，捞面表演还是很可爱滴，最后意外的还赠送一份大果盘。",1
36309,离自己家挺近的一家店的，这里的环境还是很不错的，和另外一个朋友一起来的感觉这里的味道什么的还是很不错的价格也还行。,1
34645,"住橘子酒店时曾匆匆一撇,那娇羞的女孩图样,夜里打上昏黄古典的灯,让我”食程”里记下了它~\n两人能点的菜真的不多,服务员推荐的招牌菜似乎不是很对我们的味,左思右考决定就先”会会”精致量小的几道佳肴,法式煎鹅肝$68(味香滑嫩佐法式吐司,一口口都是奢侈美味)起司焗吉贝$26(创意100味鲜)、蒜泥时蔬$22(家常菜)、蒜泥基围虾$79(四两)(虾小,剖半后视觉虽然好看,但是口感却少了)、陈皮骨$48(陈皮味解腻,肉咬劲十足味香)、虾饺$6(一颗价)(这就是水饺皮包着虾的口感,如此让人失望)萝卜丝灯饼$3(一颗价)(喜欢里头的清甜萝卜丝口感,但油了点)、普洱一壶$20(茶不够浓),餐后每人附送一小盘水果~~\n在这紫色布幔,绒面椅凳,华丽水晶灯、复古装潢、老音乐、与中西合并的餐点料理享受着美丽晚宴,何等幸福满足?!\n当日遇到颇没耐心的点单员,不耐烦的口气写在脸上,我按耐脾气~~结束这一餐,也因此心里默默的扣下分数?!另外她告知我们”菜式”不能拍照~~这让我不解?!只好在这写下提醒各位!",1
6777,去扬州玩\n临走的时候想随便找家店吃点东西，就去了这家。。\n普通的汤包一般吧，感觉没什么味道。。\n两个朋友，一个点了什么面，据他说不好吃。。\n另一个点了虾肉馄饨，尝了一下，味道也一般\n看了点评后悔没有点绿茶汤包了。。。,0
31704,"特意预定的卡座,以前吃过环境很好,东西也蛮好吃的,也许因为点的太多了所以没有吃完,不过下次应该还会继续光顾的",1
2613,lg大学里就吃过啦～～推荐给我～～现在我也很喜欢～～里面的点心基本都蛮好吃的～～面包啥的没试过～～每次都是路过想甜甜嘴～～解解馋～～,1
44170,一进去还以为到了火车站的候车大厅，卖的东西很像，真不知道能有几个人买。里面的玩具比较全，价位也和其他地方差不多,0
6232,比起友谊宾馆这里实在是太好了！！房间的打扫很及时 而且还附送了水果。屋内的设施也很不错 一应俱全 而且关键是空间很大 一点也不拥挤 那个床啊 那个大啊 睡三个人都没问题 上网还是免费的 不错不错 总之我觉得性价比还是很高的 卫生间也很大 唯一的缺点就是采光不是很好,1
31067,每次吃蛋挞都只吃原味的，里面还有葡萄干，不过每次去都买不到刚做好的。味道在济南算是最好的了，不过还是怀念上海的莉莲蛋挞,1
32402,因为心情不好\n很多事都不顺\n为了摆脱这种糟糕的心情\n决定去剪发\n在网上选了好久选定这家\n店不是很大，但东西很齐全\n服务不很好，环境也很好\n剪出的效果也很满意\n价格也比较适中\n投了4颗心,1
15090,现在这里已经成了我们的唱K大本营了，价格便宜，每次去都是几个人一起去从12点唱到7点。每次都很满足的说。\n送两扎饮料，还有一顿自助餐，虽然谈不上好吃，但是还是很实惠的。\n环境也不错，歌曲库更新也还可以。\n从外面看会觉得不是很好，它是在地下的，环境还不错。\n最近打算再过去呢。\n其实办个会员卡还是满值的。,1
36404,腾龙阁装修之前，唐人佳开张之前，呢度系我地屋企聚餐既首选··\n头号饭堂....\n不过，那时候家里没车，毕竟还是比较远了。所以都系中意唐人佳多d。\n有车之后，就少左好多系石龙吃了。。\n都好挂住呢度既咖喱麻虾同埋蒸虾饺架~~同埋滑滑既葱油鸡,1
26373,"就在我们学校那边\n个人觉得味道一般般\n可能吃多了吧\n第一次吃的时候忘了要他少放点辣椒\n辣死了,一碗牛肉粉就几块牛肉\n个人比较喜欢喝那边coco旁边的豆浆\n有那种豆渣,口感挺好..\n每次路过都会买一杯..有小杯1块大杯2块\n个人觉得小杯划得来些,,都是买的2杯小的..",0
18084,这家店离火车站不远，走着三五分钟。\n店家门口马路两边，每天早晨停着不少的旅游车，发往太原周边的旅游景点！\n因此这家店异常火爆，每早5.30就开始营业了。\n小店很干净，桌椅是连体的、典型的快餐型的！\n主要是各种削面，牛肉的、小炒猪肉的等！\n面削的薄卤汁很香，偶吃的是牛肉的，很好吃。\n店家的蒸菜也不错，有蒸扁豆茄子的、红烧肉、小苏肉等等！\n小苏肉卖得很快！很受欢迎！\n特别是这里还有偶喜欢喝的雪花啤酒！\n还有很多的游客和导游在这里小歇等车或接头。\n店家好像并不在乎这些，但大部分是在这里消费的，且时间不会太长！,0
41243,东西好不好吃我就不清楚了，因为没吃就出来了，晚上想去吃饭，结果进了门很多个服务员看了我和朋友一眼就走了……都没有人理，看到前台一个男服务员在，就想问他有没有空位置，结果刚跟他打了个招呼，他就态度极其蛮横的说：干什么？！有什么快点说！！我靠，我来饭店当然是吃饭的，难不成来买菜啊？棒子的饭店服务这个样子吗？,0
44470,第三天起来直接就出门了，没空吃饭，出了地铁看到对面有家MC就赶紧先填填肚子\n里面人还真不少，我让LG自己点，反正汉堡味道都差不多的\nLG选了铁板烧鸡腿堡套餐+中杯的可乐，大概是太饿了，拿到汉堡没几下就快吃光了，剩下一点点汉堡皮给LG\n鸡腿堡的味道还是老香的，也算肉多，吃的很满足\n薯条油炸的也蛮好吃，我喜欢原味的\n中杯可乐就归LG消灭了，这种碳酸的东西无爱，吃完明显体力也跟上了，就可以逛颐和园啦,0
700,中华路还真的很长啊，原来就靠近文庙，我孤陋寡闻了一记。这个地段靠近城隍庙却从来么有来过。周边的小店很多啊，路窄窄的，很有老上海的感觉。\n百年老字号，哈哈，一楼小吃、熟食、点心外卖，二楼单点。随意点就一楼小吃，价格不贵，小馄饨3.5元，赤豆莲子羹3.5元，上海小笼5元，一共12元咯，不过味道吃下来没有家门口点心店好吃。小笼皮厚了点，温的，汤汁也不是很鲜；莲子羹里面放了很多的淀粉啊，稠是稠了点，但赤豆选的个头太大了，没撒感觉，更喜欢以前弄堂里老阿姨少的桂花赤豆羹，里面还放了小丸子，那个味道真的嗲；小馄饨，个头比较饱满，汤太咸了啊，一般； 他家的熟食我打包了一份熏鱼，一份鸭膀，吃下来熏鱼不错，味道可以的，这个还有点本帮的特色，鸭膀一般了点，好硬；包子1.5元-1.6元一只，买了几个荠菜肉的还有菜包子，个头很大，味道一般；桂花糯米糕，这个可以，甜甜糯糯的；烧卖买了但我早上来不及吃所以也不知道味道，反正我2分是给熏鱼的。,0
40,只能说希望越大失望越大。台独真不好。。。可能生意太好人太多。招牌的双皮奶的确不错，但红豆就一班了，尤其是热的。\n另外。每个人进去都要点的，否则酸你没消费，要收你10港币服务费。。。人家牛呀。,0
30024,请比较重要的朋友一起吃饭。味道算是中规中矩，种类还真是不少。我尝试的几样感觉都还可以，但是也没啥太特别的感觉。羊排和牛排都还不错，沙拉比较一般。小甜点还可以。热菜里面的意大利面什么的也都还说得过去，我觉得总的来说，做的味道不算那么好，但也说得过去吧。毕竟这么大一家店。\n服务员总想让我办卡，哪儿那么容易啊亲。\n没吃海鲜，不知道该如何评价。其他的也就是个70多分的水平吧，对于他家档次来说。,1
31238,店面内外装修富丽堂皇，门口有服务生指挥停车，商务宴请，家庭聚会，举办婚宴都很有面子。菜品海鲜居多，大众炒菜价格适中，味道一般吧。,1
1151,里面的服务员的职业操守一个字差！特别是收银员 那个恶劣的态度哦\n简直就是丢85度C的脸！！！我一下子对他们非常失望\n服务性行业的特色呢？？？,0
31028,反正我不爱吃\n但爹爹不知为何\n独独爱他家的吮指原味鸡...\n虽然嘴上说着垃圾食品\n但\n就是喜欢吃..\n没有办法\n今儿看着开业了\n回家就顺便买了一桶\n回去孝敬爹爹\n给大馋虫解解馋~\n其实\n原来总是抱桶\n喜欢里面的胡萝卜面包\n慢慢撕着吃\n还有粟米\n怀念刚有粟米时\n7米一大根\n而且味道超级浓\n现在根本没得比\n他家蛋挞因为总是热乎乎的\n所以很爱很爱\n各种味道中\n还是最迷恋原味葡式蛋挞\n一次一整盒\n来上一杯咖啡\n全部消灭~~\n我是超级甜品王~~〉.〈,0
33481,那天去看肺炎，挂了呼吸科，可能是节前好医生都放假了，留下的都是超年轻的象刚毕业的实习医生，我肺炎一直没有好转，她看了后也没用话筒听，就照我之前看的那家医院的处方开药了，我晕啊，于是提醒她是否先听一下。所以，不要迷信医院，即使大医院也有不少混饭吃的。,0
37124,儿子喜欢自助餐，喜欢三文鱼，所以一般都带他来这儿吃。菜品不多，但昧道都还可以，特别是甜点，这点五星级的酒店是绝对有优势的。,1
30703,中午跟同事去得，人依旧很多，要等很久（大概40分钟吧）。不过味道还不错，环境也很好，总体上还不错，以后应该还会再去。,1
40401,冬至跟朋友四人聚餐，看点评觉得这家性价比高点，就去了。点了诸葛烤鱼、干锅牛蛙、水晶肥牛、辣子鸡，只有诸葛烤鱼不错，香辣味正好，肉嫩，皮好难撤啊。其他都有点椒盐重味，干锅牛蛙的薯片也还行，脆脆的。,0
13340,要吃自助烤肉的话当然是这家咯，感觉超棒的。要收一块钱的餐具费的。\n老板见到我们不会吃的人是最高兴的，所以要努力吃回成本，什么贵吃什么，但感觉还是吃不了五六十块的肉...咖啡很好喝，凉菜也行，就是酱料太少了，如果能加上香油，蒜末，葱，会更美味更吸引人。,1
35797,昨天新玛特做活动，买衣服送一部分7楼美食的代金卷，在7楼转了一圈，选择了这家店~\n这里的菜都是一碗碗的蒸碗，需要什么自己拿，点了3个菜，总体来说味道还行~\n米饭是红豆的，比较有特色~,0
5356,很想吃石锅拌饭，正好大众上有同款石锅拌饭第二份半价的券，下了就去吃了。\n点的是牛肉石锅拌饭，味道还不错。即使只点了2份拌饭，店家也送了小菜。\n饮料点的是蜂蜜柚子茶，超大一杯，16块，还可以不加冰，感觉挺值。\n2个人2份牛肉石锅拌饭，2杯柚子茶一共33，挺好。,0
31229,"觉得这家开了好久，但今次去还是看到在招租，奇了怪了，但是环境还是很新的样子\n外婆家的第二家分店居然在这里，人气一下子带起来点了，呵呵，聪明的商场应该给外婆家特设绿色通道的\n入口处还有一家面包新语，生意非常好，而且觉得很多大路化的面包店涨地都很离谱了，这家从开始的高价到小幅上扬，维持地不错\n优衣库，zara,HM，到哪都会遇见这三家，三生体\n第一次逛万宁也是这里，但最后还是没火起来的店\n记得当时还有卖hello kitty睫毛膏的，现在变成了林清轩的手工肥皂\n还在这里做过一次诗泥，很愉快的体验，却是最不愉快的接待",1
27442,作为这边的人，一年前曾经和我表哥一起开车去过那里，当时二人转那边的小院子是开放的，里面有水有沙子也有各种比较好玩的小娱乐设施，一分钱都不要，大家都是免费在里面玩。现在每次经过那里，感觉小院子里好荒凉啊，可能需要收钱了。因为门头沟政府要建设湿地，所以嬉水湾那里的景色弄得挺不错。,0
7451,是看了人家写的攻略，然后发现这家店正好离住的地方很近。。\n某一天的晚饭就去那里解决了~~\n感觉像是私人开的小店，虽然环境不咋地~\n但是东西分量绝对足。\n云吞是20块一碗，五个\n云吞面是20块一碗，四个云吞加面条~\n虽然只有四五个，但是绝对能吃饱\n因为它的云吞，一个基本上个小宝宝的拳头那么大\n里面有七个虾。。。\n七个！！！！！！！！！！！！！！！！！！！！！\n真是内牛满面。。。。。,1
439,朋友的学校在这儿附近，刚来北京就是逛的这里。\n慢慢就喜欢这里了。没东西都喜欢来这里看看。\n小商品很多，好多女孩子喜欢的东西。\n衣服包包鞋子应有尽有，而且还能买到好价格。,1
10293,生意真好啊，前几天去的时候看到队伍各种长，排队等了十几分钟才吃到，麻辣烫还是那么好吃啊，比起南京东路有一家好吃多了，虽然价格都不是很实惠，我喜欢吃日本豆腐，每次都要加的，在来点油面筋，豆腐皮，墨鱼丸，搞定。,1
37485,很不错的韩国料理快餐店，可是快餐并不快，不知道是不是因为人多的缘故，可是碗拌饭很不错，用个小盆装的饭，五花肉也很香~,0
30447,大过节的还能订到位子真好啊~~ 生意非常好！\n点了很多菜，烧鹅太肥了，可能是切的方法不对，咬不动啊……\n苔条炒饭蛮香的，水煮鱼一般般，碧绿海蜇捞鸡还可以的，粉丝煲蛮好吃的~~,0
27726,算是比较地道的东北饭店，也很有特色，有大马哈鱼，玉米贴膜，用柴火煮的，所以要多等一段时间，鱼的味道很好，据说是从东北空运过来的，所以价格还是挺贵的。,0
16727,"中午已经吃过饭了，路过想喝碗豆汁消消食，结果小店内爆满，没有落脚的地方，只好买点小吃打包带走。\n豆汁装在塑料袋里带回单位，在电梯上引得周围的人侧目，热热的，比较稠，现在已经习惯了，可以不就咸菜，不皱眉头的一口气喝了。\n焦圈：0.8/个.\n糖火烧很好吃.\n门口还外买各种馅的玉米面菜团子,看起来很健康.",0
37575,小杨生煎哪家生意都是这么好，看一下他们所有的环境都是那样，不是太干净，但是他们的味道绝对是没话说的，哪家都是排队的。爆好。,0
31905,经常看见，。但是没吃过，。\n总是能看见有人在排队。\n一看就知道生意好肯定味道也很不错。\n今天有看见这么多点评，等会就在买份尝尝，不然肯定会遗憾的。,1
4917,老师请客去的那里 其实之前我一直都不知道有这样的店（本人很宅）一般都是别人请客才出去吃 这里的羊肉泡馍 真是相当好吃 建议大家可以去尝试 \n环境很一般 服务员 挺认真 应该都是外地的居多,1
12071,离家里很近~夏天的时候生意特别特别好，都摆到露天的步行街上来吃，有感觉~复旦的外国留学生晚上经常在这个店聚餐，很闹芒！我跟老公晚上肚子饿了就来吃夜宵，味道好那是不用说了，价格非常便宜，吃的就是高信价比~,1
43348,跟老弟逛南锣鼓巷，他突然饿了，来这儿尝了尝卤肉饭。\n因为上次找芝士蜜的时候知道小菊儿胡同在哪了，这次一下就找对地方了。店里很小，貌似就4张桌子吧，菜品也很简单，主打卤肉饭，还有双皮奶炒红果柚子茶啥的。\n卤肉饭套餐20米，看上去还不错，挺实惠。炒红果挺好吃的，不过与卤肉饭相比，小贵。柚子茶不好喝。。。双皮奶8米，之前吃过文宇了就没要。\n店里布置的有点特色，地板上是个大玻璃，下面摆着些老北京物件儿，有无线网，但是老板不知道密码。。。,0
16117,~妖~\n蛮久之前去吃的~五角场这一块地方吃的地方不少~\n但真的找到这家满不容易的~转了好几圈才看到~\n点了两种龙虾~十三香龙虾~黄焖龙虾~\n按照我个人的感觉这家的口味是有点虚高了~根本没有那么的好吃~量也很少~\n那么大个头~把头去掉还能有多少啊？\n况且这里龙虾也不便宜哦~点了两种就要一百五十块~贵了不好吃就不划算了\n这个价格去龙虾一条街的那个地方好吃很多斤呢~\n这里的环境和服务也是烂的可以啊~走道上面都是油~一个不小心就会滑倒~\n服务也是那种爱理不理的的~大概生意好了~牛起来了~,0
20953,经常去玩的，环境还不错，气氛很热闹~~\n很喜欢敲榔头的那个，非常适合想发泄情绪的时候玩，很有作用的~~\n技术不大好，所以基本上换不到什么东西= =,1
43172,本人有散光，本来是想配个隐形眼镜周末玩的时候戴戴。去了以后就被说我这种情况最好是一直戴隐形比较好，框架的会滑动，对视力不好。但我之前的经验告诉我，隐形眼镜看电脑等近的东西是看不清楚的，验光师就说那不会存在那种情况，要看是我之前戴的是什么镜片了。\n就让验光师验了光，我有散光，没想到散光片好贵啊，我的是最贵的那种。没办法啊，就买下了。\n五一前拿到了镜片，第一天戴的很不舒服，可能是很久没戴隐形的缘故吧。\n第二天就舒服多了，可是不清晰啊，不知道是怎么回事，感觉总会动，一闪一闪的，再看看情况吧。,1
3020,对锦江的良好印象是在去年年前的冰雪天留下的。\n 记得那晚风雪大作，加完晚班后的我独自走出公司的大门，夜宵线要等上半个多小时才来。冻得不行的我在街头扬招了几部小公司的出租车全部都嫌路近而拒载，正当雨雪越来越大的时候，一辆白色的锦江停在了我的面前，上车报好目的地后。司机师傅发动打表。\n \n 一路上因为雨雪司机师傅开得很稳当，与司机师傅乘着红灯聊了会天，老师傅向我感憾了份子钱的难赚与汽油费的飞涨。早就听说差头司机的辛苦，高强度的工作与收入不成正比。的哥们赚的都是辛苦钱啊，也需要社会的关心与认同。\n \n 到了小区，师傅特地把车子开的离我住的楼近了些，付过钱后，又听到那声熟悉的请不要遗忘随身物品的提醒。看来大公司的服务就是细致啊。,1
7452,星期四中午去吃的。\n点了肉骨茶30元，和在Singapore吃的完全不同。一大碗，旁边还配了一份油条，肉排还是蛮好吃的，可惜汤完全没有以前吃过的肉骨茶独有的香香的味道。\n还点了一份泡菜炒饭28元，味道倒不错的，饭里还放了很多蛋皮。\n价格不便宜，味道参差不齐，中午生意倒蛮好的，不过看起来都是港澳台同胞，毕竟是东南亚风味么。\n****************************************************************\n看网友们都说好，就再去尝试了一次，毕竟N多年前去过新加坡，新加坡菜在我的记忆里还是不错的。\n点了海南鸡饭，在新加坡工作的时候，中午的盒饭老是海南鸡饭，那时候觉得比在苏州吃的盒饭好吃多了。不过最喜欢还是海南亚龙湾5号的海南鸡饭。\n这里的完全不是那么回事。鸡肉肉质很厚，淡而无味；应该是食材不好烹煮也有问题。其实就是很嫩的白斩鸡，又或是上海人很爱食的三黄鸡。应该是骨中带血肉质鲜嫩的。可他们家做的，骨中有血但鸡肉已经“老木夫夫”了。失望。\n摩摩喳喳，椰浆浓而香甜，不错。可里面的内容“刚”的，一点不糯。应该是MS芋头、山芋、山药之类的。\n***********************************************************************************\n叻沙很不错，虾和沙爹肉串也可以吃吃～～,0
15568,挺适合聚会什么的一地儿，包房大、服务态度好、门面也挺大的 而且价格不好很贵。这么多优点，所以就不能挑她的口味了 哈哈~ 也不是难吃的那种 就是没什么特色。当然 一般聚会吃大席什么的 也吃不了什么东西 就是那么回事。\n  我来这 就是因为同学聚会。 来过两次了吧 每次吃回来 都没能记住都吃了什么。聚会嘛 好久不见的朋友在一起 也就没有心情再去用脑袋 用相机去记录什么了。每次回来 只记得 闹哄哄的一片 酒瓶子一地，但都是些欢乐的气氛。但印象很深的是 她家的服务态度真的很好。\n  虽然每次这帮男同胞们都喝的换七八糟 对服务员们真的是大呼小叫 胡来换取的一会要这个 一会要那个 但 从没有一个人 表现出一点点的不情愿与厌烦。这点真的很是值得称赞的！！\n  至于菜呢 我说说 我吃的 感觉还不错的。 \n 干锅茶树菇做的 还可行，不会像有些地方做的茶树菇 有咬不烂的感觉 有点微微的辣味 算是不错了。\n 芝麻香芋卷，这个不错 外皮酥脆 里面的馅 甜甜的软软的很是细腻 口感很好。\n  烤鸭，本来不想写这个的 但貌似 这个是他家的特色 不少人 也都推荐了这个 就写上了。这个吧 不是不好吃 只是我觉得 没说的那么好 口感上 是比 菜市场上卖的十几块一只的好 但味道上 菜市场卖的和这 也就都那玩意。而且我吃鸭子 不爱吃片的 就爱掰着啃 那吃起来多爽啊 哈哈~~这样片 都没味了 \n  蒜蓉粉丝的扇贝， 因为我特爱吃扇贝 而且吃这种席不都是一人一个嘛 吃不够吧 呵~ 所以会印象深一些吧 其实 也没什么特别的\n  毛血旺，这个 很是出人意料呢，因为 味道实在是不错滴，但里面的食材不是很实惠丰富，豆芽 火腿居多，而主料的鸭血和肚片要少一些。。真的没想到做海鲜的地方 做毛血旺会不错。\n  小基围虾，这个不错 没经过什么加工 很新鲜很 嫩的。\n  \n  海鲜楼做的海鲜貌似 没有什么特色的，依稀记得清蒸鲈鱼啊 螃蟹炖南瓜啊这些我平实喜欢的海鲜 做的都很是一般。。。\n   真的是 很适合聚会会婚礼的店 服务好，还没特难吃的菜 环境也还行。,1
27143,感觉和上海的永琪很类似，加盟店很多，水平不会很差，但也不会多让人惊喜。好在不太推销，提两句你不接腔也就完了~~~不会像永琪一样从进门就开始苍蝇念呀苍蝇念~~~\n不过我是很不喜欢洗发水还要额外加钱的店的。。。,0
8244,瑞金医院体检完出来就到这家永和大王吃早饭，东西还挺贵的呢~一碗雪菜肉丝面加一碗粥要二十呢，皮蛋瘦肉粥里最多的是葱，吃了我一肚子的葱的味道，关键的都只有一点点。\n还有就是这家店的服务不是很好阿，两个人吃饭只给了一张纸巾，问她多要一张，答应是答应了，问题压根没给阿，吃完了都没给，店里也没多少人，弄得好像很忙似的。多嘴一句油条太油了点~,0
12259,晚上吃的第二顿，第一顿烧烤实在不咋地。\n  清炒虾仁，个头偏小\n  童子鳖，真“童子”，烧的也不酥\n  红烧肉，味道还行，特别是那4根配菜，味道不错。\n  红烧鲳鱼，很腥\n  还有其他的菜实在没什么特色 ，记不清了。\n关于服务：\n  上菜速度还行，可能是人太多服务员的脸色可不好看，给我们的汤勺上还沾着人家碗里的东西。\n关于环境：\n   店里地方不算大，生意很好，抽烟的很多，所以店里烟雾缭绕，如同身处“仙境”。沙发坐的倒是很舒服。\n   不能刷卡，只能现金，要发票倒是给了。,0
39291,"不管白猫还是黑猫，只要名下的菜肴美味就是好猫，喵~~~\n照例瞎吃吃，点了份黑猫香肠，密制排骨饭，奶汁海鲜面？还有神马的失忆了...\n黑猫香肠卖相是可怖了点，但味道很不错，I like it,密制排骨饭浓香入味，就是排骨少了点，奶汁海鲜面比较一般\n上菜速度太磨叽了，催了老半天才上齐，店内装修倒是有点历史文化内涵的",0
32155,一处徒有其表的地方，东西做得样子不错，但很咸，不太健康，请一些不太注重口味的客户还凑合。\n服务质量有待提高，起码端茶倒酒应该有点眼力价。\n价钱算不上实惠。\n还要提醒大家尽量不要把手机号留给他们，不然他们热情的客服每周都要发几回短信祝福你，不过真的挺烦的。。。。,0
43521,和朋友聚会来过几次 每次来都是人满为患 生意不是一般的好\n总体来说饮料和小食的味道还算好 在这边和朋友打打牌 吹吹牛消磨一个下午还是很惬意地~~,1
27935,跟同学去过2次0 0\n又吵烟味又大。。。\n不是最喜欢- -\n额。。但是人广那里还算方便额\n其实也凑合。。。\n预订的话有优惠。。。\n别的没什么了。。。,1
4077,总是觉得汇银这块人气不够旺啊，不过就这里来参加娱乐活动的人还是蛮多的。游戏币不算贵，有买赠的话还是很合算的。,0
14924,今天爷爷去东海广场参加座谈会\n本来以为一个小时差不多，结果开了2个小时\n等的我饿死。。所以跑到这家吃点饭\n去的时候快关门了，进去说只有招牌饭了 14元\n东西还满多的，蛮大的几块肉扑在最上面\n很适合喜欢吃肉的我 哈哈,1
28409,天津第一个免费开放的生态公园，改建后比过去漂亮美观，小桥流水绿柳林荫，生生造出一份苏州园林的感觉。因为没有大门景致又这么好，到了晚上人还是很多，散步的大人小孩一抓一大把，貌似也是恋爱圣地，有点黑得时候一对一对的随处可见，哈哈~~公园开放大家欢畅~~,1
38258,想当年，学二食堂才是王道啊，最喜欢里面的尖椒鸡丁了。可惜学二被拆了，才有了现在的宏博园。总觉得万秀和鸿博虽然装修的好，但是少了以前那种抢饭的热闹。\n一楼以前卖特色小吃，生意奇差，现在改成菜了以后才好些。喜欢酸辣粉和鸡汤米粉。而且拐角处有一个窗口卖很多很多肉菜，就是贵啊。\n二层味道普遍不错，就是价钱有点高啊。\n三层清真食堂，喜欢大盘鸡面，就是肉好少啊。\n四楼环境好，价格稍高，不过吃的惬意。,1
14151,公司的会议啊，晚会都是在这里办的\n紫藤宾馆交通很方便，地铁5号线文井路站下来就到了\n我们基本都在进门的左边那个厅开会之类的\n感觉宾馆的条件不错\n厕所也很干净，卫生\n满喜欢这里的\n听说这里的游泳池也是很不错的，改天来游游看,1
1211,"上月夜班,这月早班真不习惯。早上打瞌睡，晚上睡不好。真心的吃力。\n经朋友推荐的店店，预约了8日19:00。提前一天收到他们的确认电话。有点错愕，感觉做事情蛮认真饿。\n当天提前5分钟到的。一进门，感觉就很温馨，墙纸和里面的装饰都是暖色调的，接待的MM很亲切，上茶后简单介绍了下操作的流程，解答了我一些些问题，不让我带有疑惑。\n做的是全身舒缓+脸部护理。\n简单冲了把澡，开始我的全身舒缓，先是背，再是腿，然后胸和肚子，按摩的MM手法不错，到位。时常都会询问力道是否够，第一次做按胸的，带内衣钢圈的地方有点痛，MM说这是正常的，还教了一些平时在家自己按摩的手法。超贴心的。\n脸部护理，先去了角质，稍稍刮痧，眼部的按摩做的很舒服,特别是做冰球的时候，用来收敛毛孔的。超舒服。MM还附赠帮我修了眉毛，最后的面模也很赞,底膜敷好敷软膜象果冻一样，然后敷上厚厚的面膜,最后撕掉象做了个面具。感觉自己的皮肤真的喝饱了水。\n21:45左右结束，前后一共2个多小时.在我准备回家最饿的时候.准备了绿豆汤和茶水。\n10日 也就是昨天接到MM电话，询问SPA做好后是不是安心入睡，不错的SPA店，服务很到位，很亲切，能做到这样不容易。",1
5122,要了裙带菜拉面，38米，\n比35米的招牌拉面多了一些裙带菜而已。\n面很好，非常有嚼头；\n但汤一股腥猪肉味……\n加10元可以得一小碗叉烧饭，还不错。,0
43658,他们家的菜味道还不错，但是服务态度那叫一个差啊，很久才来给你送吃的，而且分量少的可怜。最坑爹的是：每个菜只能上一次。结果我就只好去吃那些便宜的小菜了，烧烤都没吃多少。,0
6016,"味道真的很一般,铁盘沙姜鸡几乎全都是沙姜,招牌的铁盘鱼头很腥,铁盘猪颈肉又很咸很肥,吃起来都不觉得这是猪颈肉,服务员也没几个,叫了很久都没人来,就烧烤还不错,烤豆皮好吃,不过不会再想去这家店吃东西了.",0
43540,试营业的时候去逛了逛，\n一层是金银珠宝、化妆品和鞋包，\n二层和三层是品牌专卖店。\n越往上越感觉格局有点乱，\n在其他商场的品牌这里基本都有，\n比如Only、very mode、Jake Jones等等。\n不过逛着逛着就会发现，这里竟然有山塞！H&M变成了H&N？\n这里的品牌虽然满全的，\n但是没有什么打折活动，\n所以看起来人气不是很高。\n配套设施不建全，\n没有找到休息的座椅和服务台。\n卫生间是打听了无数服务员，\n七拐八拐才找着的，\n还有一股特别刺鼻的漆料味！\n周围只有好伦哥肯德基两家像样的餐厅，\n往东走一点有小店，\n有成都小吃和驴肉火烧，\n光顾的民工较多~\n地下超市的东东还可以，\n价格适中，\n有的商品还有促销活动，\n就是每一类的商品相比大卖场就少了许多，\n总之，可以满足这周边的小区日常需求了。,0
39508,最早吃俏江南就是这里吧，都是商务宴请，但是相对于菜的原料，价格明显偏贵啊，口味倒是不错，国人宴请主要看牌子啊。环境和服务都还不错，似乎还送过券给我，也没用上。,1
12984,排队排的人很多，味道真的不错，外壳和里面的肉都可以直接分开的，我一般都是拿这个来区分栗子的，呵呵，价格不贵，比较合算，虽然涨了价格但是还是相对其他的店家还是便宜的。。每次路过LG都会帮我买点，谁叫我喜欢吃呢。。,1
9903,最近新去，变化很大，修改了。\n不出意外的话是换老板了。不出意外的话，是最后一次去这里了。\n以前印象不错，有日子没去，差了不少啊。晚上去的，不算高峰期了，二楼的桌子10分钟才有人收拾，还非要让坐另一边小桌去。点了鸭肉粥和绿豆粥，绿豆的还没，换了红豆薏米；菜心蜇皮，中规中矩；鸭肉粥，咸死；黄豆芽炒粉条，没味，最后我加醋和辣椒油拌着吃的；还有个肉菜，想不起来是什么了；猫耳朵还说得过去；烤鸡胗让加辣没加，肉筋到不小，，3元一串。点完菜先让结账居然，不能刷卡。服务员好像都是新来的，都没个笑脸。就一个稍微好点的，还超级实诚，让拿个辣椒油，直接告诉等会，还就真没少等。。。你说句马上，我至少听起来舒服点吧。给别桌上菜的时候，后厨传菜大哥直接捏着碗边给拿上来的，手指头都在汤里了。幸好给我们上的时候是用盘子端上来的。\n糟蹋了一个不错的地方啊。\n下面是以前的评价：\n咋就没人提猫耳朵呢，感觉是最好吃的，凉拌莜面也不错。菜品味道都中规中矩吧，粥都不错。就是野菜，不是自己爱吃最好别点，那次点了个核桃菜，吃了一口感觉老的不得了，给马啊羊啊的吃比较合适,0
39050,美团的团购 地址有些偏 不过口味蛮好\n蛋挞小了点 一口一个很快就没了\n不是很甜 奶味很重 还是比较好吃的\n小店还顺便卖面包 烤肠什么的 地铁里 生意还不错,1
42046,是加盟店，里面的设施不是和格林豪泰统一的，有些设施有点陈旧，晚上周围不是很方便，硬件不好软件补，服务还是不错的,1
20978,里面东西卖的都是环境... 其实大部分摆到曙光里就是地摊货 估计进的渠道也差不了多少 就是放在八里台里环境好点 就要价明显高过东西的小破质量 去那买东西必备技法就是划价~,0
40941,吃过几次，外面看起来一般，里面环境到是还不错。。。味道也确实还行，但实在想不起来有什么菜特别惊艳。。。中规中矩吧。。。说不出什么了,1
39431,同事请婚姻，去过两次，感觉那里的氛围不错，环境也挺好。重点品尝过狮子头，那道菜感觉很一般，其他菜还不错，啤酒也挺好,0
26237,环境还算不错，口味也还好，不过大厅有点嘈杂，包间很宽敞，但是要提前预约，要不然就没有了。和吕营其他的饭馆一样，在门口停车，但是车位不多。,1
15061,只要来武汉就应该来一次这里，这里是小吃一条街，东西多，品种全，你可以想到的美食这里差不多都有了，不过我最喜欢的还是豆皮和热干面，而且最主要的是价格还很实惠,0
6932,"very nice view by the window, enjoying a cup of coffee with generous value even for a small size. i've orded a cappuccino(25rmb) with a small cookie topped with chocolate dots. Nice coffee especially when you feel confortable sitting in a soft and cozy sofa, viewing how busy people were walking outside meanwhile feeling precious about the relaxation you were enjoying. \ncool and maybe next time will come to try other kind of coffee, or maybe its afternoon tea set for two.",0
22071,早就耳闻此处为小资人士的最佳选择，后来携男友和他的父母来此处，结果大受赞赏啊。环境非常棒，东西也较好吃。里面还有包厢，适合商务宴请。天气好在露天饮茶又是一种朋友与家人的欢聚，室内是情侣和兄弟，闺蜜的呆处，适合不同人群的需求，和市区一些茶馆好。值得一去的小资茶馆呢！,1
33711,朋友推荐的，和老公一起去吃，我比较爱喝羊杂汤，这家羊杂汤味道很正，就是羊杂少，粉丝比较多，希望羊杂能在多点！烧饼加羊肉不错，肉嫩，烧饼很酥！,1
22208,吃的东西倒是很多，各色齐全，就是哪个摊位前的队伍都会令人汗颜呀！绝对不可以等饿了再去排队买，等买到都饿死了。。小杨生煎和烧烤是特色，甜品也还不错,0
29322,北京最近的天气已经开始冷了，正是吃涮肉的好时候。奇门鲜肉坊主打京味涮肉，不同于四川火锅和港式火锅，京味涮肉吃的就是一个气氛，特色大铜锅，透着热闹劲，能带给客人一种家的温馨感觉。屋外秋风阵阵，屋内大家围坐在桌边吃着热气腾腾的火锅，绝对是一种享受~~\n店的位置在簋街，离地铁北新桥站很近，交通很方便。先看看环境吧，店面虽然不大，但是能看出来是老板精心装修的，透着一股浓浓的老北京特色，墙上还挂着富有老北京色彩的卡通画，与店里的气氛很吻合。\n奇门的后厨是明档，干净、整洁，卫生上很讲究，让食客们看了放心。\n菜品\n锅底：鸳鸯大锅，分别是菌汤和番茄汤。\n蘸料我要的是麻酱小料，造型很有特色，像冰激凌球，需要自己搅拌均匀。\n奇门手切鲜羊肉，切的很均匀，涮完以后肉质相对比较厚实，一点也不膻，很赞。\n精品牛眼肉，这个肉比较瘦，但是一点也不柴。\n金牌肥牛，摆盘像一朵花，肥牛的肉质很嫩。\n高钙羊肉，第一次吃这种肉，很有特色，涮完以后中间还有脆骨呢。\n奇门小肋卷，造型很抢眼。\n还有四种丸子，分别是虾丸、鱼丸、牛肉丸、羊肉丸，QQ的。\n豆腐三色拼，分别是豆腐、冻豆腐、血豆腐。\n主食：\n麻酱烧饼，是涮肉怎么能少了烧饼呢。奇门的烧饼个头不大，麻酱味很浓。层次分明，非常酥。每人一个大家一致反映没吃够，后来又加了一次，强烈推荐。\n饮料：\n奇门秘制乌梅饮，酸酸的，味道有点像山楂，很解腻。\n奇门涮肉的老板是地道的北京人，人很热情、痛快，爱聊天，当天一直忙前忙后的招呼大家，非常感谢。,1
26333,和老乡去的   一张饼可以分5层  薄薄的 卷些土豆丝 最好吃了\n 我从小就特别喜欢吃土豆丝和卷饼了   原以为南京这边吃不到呢\n有天上点评 一搜东北菜 还真就找到了  离学校还不远 就去了\n大酱鸡蛋是必须点的 又要了土豆丝 菜单上没有醋溜的特意和老板娘要的\n又点了鱼香肉丝 地三鲜\n我们4个女生 吃的好撑啊  话说我还剩了张饼实在吃不下了  这战斗力啊\n  对了老板娘是辽宁的  长得有点凶 不过挺好说话的,0
7478,地方很好找，北新桥派出所对面就是。在一个小院里，门口可以停自行车。口味就是传统的羊蝎子味了，没有特别好，也不是很差。只是没有手套，吃起来怪不方便的。,0
8422,"因为给老公买衣服一直是在ZARA，所以基本不留心别的品牌，相对ZARA,这个牌子便宜很多呢！！\n这的纯色短袖POLO衫老公很是喜欢，因为老公很瘦，买这种POLO衫都会偏大一点，再加上老公对短袖的袖口要求很高，所以买起来很困难，好在这的板型和袖口都是老公中意的，价位更是划算，衬衫和针织衫的板型也很不错，吼吼~真是个不错发现哦！！",1
23038,初二去的说不可以订房  人多就做啦个中房  音响和歌曲更新都还可以                                  农历十六去的  根本没什么人  但是前台说没有小包  叫我们两个人做中包   后来我问什么时候有小包前台说不知道 我说我订一间小包  说现在不能订房          我看啦下   根本就没什么人     是不是中包他们提成给的多啊   真是生气  以后都不想去啦   态度也不怎么好,0
18738,朋友请客，选的这家，装修不错，简洁大方\n做菜比较精致，但价格高一点点，还能接受\n毛血旺，麻婆豆腐，宫保鸡丁味道不错，摆盘也挺漂亮，不是很辣，但花椒和辣椒放的不少，味儿很冲，很爽，很下饭。\n雪梅娘有点儿意思，不过挺小的\n排骨萝卜汤和玉米汁非常好喝，但30多一碗的排骨萝卜汤里肉有点太少了哈。。。,1
25487,上周六去上面看电影前 正好当中有点时间 就去他们家吃晚饭 让我印象最深刻的是海鲜火锅 里面东西很多 我就是喜欢吃丰富的东西 哈哈哈 正好合我胃口 还有他们家的三文鱼刺身 我最爱 总体来说觉得回转寿司的话 他们家算不错的 如果有协成卡 还能打8.8折优惠,1
5202,天生喜欢吃甜食的我\n对于甜甜圈是毫无招架之力\n所以每次路过\n都会忍不住要去买的\n淮海中路这家唐恩都乐\n地段很好，\n顾客自然多\n那里有非常多款的\n甜甜圈和蛋糕。\n非常适合喜欢甜品的女孩子(比如我)\n而且有多款味道的拿铁，\n卡布其诺，\n沙冰等饮料\n是个喝下午茶或者\n朋友小聚的好地方\n个人比较喜欢吃\n蓝莓夹心包，\n布丁甜甜圈，抹茶甜甜圈\n圆形状的甜甜圈比较厚，\n而花瓣状的就比较Q～\n如果第一次去，\n一定要吃这款夹心蓝莓的！\n非常美味哦～\n蓝莓酱非常多！赞！\n另外，这里的咖啡都是比较苦的，\n所以建议要摩卡拿铁。\n不要点招牌拿铁。。会更苦、,1
18617,因为有住宿\n所以还挺方便的\n洗浴中心的过夜床位比较紧张 且不能预定 只流动\n浴资54 外加房间128 从长城回来休息得还挺爽~~\n服务也不错~~很有礼貌~,1
23549,自从味千的骨汤门曝光后，很久没有吃味千了~人还是很多，味道还不错，服务员反应有点慢，面都吃完了，点的小菜还没有上。点了一个蜜桃乳酸的饮料，满满大半瓶冰块，黑啊,1
19902,11月初去的 新开的 3楼还在装修 2楼还是很吵 而且装修气味也很厉害\n没有拿到过优惠券啊~~不过好在本来价格就挺便宜的\n但是我们点了很多吃的 一下子消费就上去了 而且味道又不好 以后宁愿外卖KFC也不会在里面吃来~~\n可能刚开业 人很少 很凄凉的感觉啊~~空荡荡的大厅只有两三个服务员和我们几个人光顾,0
7375,可以自带机油，本来说好换宝夫的机滤，要70一个，但是师傅看我还没出保，主动推荐我换原厂的机滤，才28.换好机油后还帮着把发动机舱清洗了一下，虽然要了40的工时费，还是觉得物有所值。对了还送了一瓶玻璃水,1
18143,很早就听说棒约翰比必胜客好吃，今天刚好赶上附近必胜客装修，便拉着老妈来吃棒约翰。\n【9寸海鲜匹萨】具体名字忘了，样式很多，加了8元弄个芝士卷边，另外附带一碟青辣椒和一碟“黄油芝士”酱。味道很一般，卷边也不好吃，不过青辣椒倒是挺好吃的。\n【肋排+星星薯+薯角拼盘】点失败了，土豆完全不该要，直接点肋排就好了，味道很像街边的烤香肠，好吃。\n【牛肉汤】就是菜汤+牛肉丁\n【腊肉批萨饺】腻死我了，太一般了，相当一般，不推荐！\n【田园沙拉】酱好多，齁的不行。\n【XXXX意面】名字忘了，一般吧，味道比较淡，还没有金鼎轩的芝士面好吃呢。\n一共花了198元，匹萨只吃掉一块，都打包了。这儿的套餐不是很实惠，个人感觉还是必胜客好些。\n环境一般，洗手间还得出去。\n上菜挺快，服务凑合。,0
27918,西边少有咖啡馆，这家还行，比较安静，不过周末人不少，东西还好，环境不错，朋友见见面啥的，可以作为选择项之一，不过都是简餐,0
35352,楼外楼名声在外，来杭州一定得来试试\n十一长假最后一天去，原以为人会少一点，可是中国的消费市场完全不受影响，人满为患\n订了个包房，被告知有2000元消费限额，好吧，应该总能吃到的\n西湖醋鱼：鱼肉很嫩，但是这是整个餐桌中最酸的一个菜，真是酸到家了，不过味道很赞\n宋嫂鱼羹：和西湖醋鱼比起来，这个酸温和了很多，但是没感觉到特别的地方\n糖藕：完全和上海的不一样，颜色想抹了老抽，藕完全被切成了一小块一小块，最重要的是味道真的不怎样，只记得表面裹着的那一层糖\n叫化鸡：很香，鸡肉和骨头被煮得完全酥透了，但是就是不好这种做法的鸡\n蜜汁火方：味道很不错，但是色面比起苏浙汇的差远了\n龙井虾仁：现在上来说有两种做法，新的做法里应该加了面粉所以口感不好，还是原味的ok\n其他菜也没什么特别的印象了，只觉得他们家的菜做得不是很精致，有点点粗，服务员的服务也不是很到位，总得催着\n如果自己来玩还是会选择外婆家,1
794,打五星没别的原因，就是环境，在地下半层，不是那么显眼，所以人就不多，kfc很少有这样的环境的，两两杯咖啡坐那聊聊天还是不错，如果不刻意追求小资的话,1
14493,作为五星酒店的自助餐厅水准来讲，可以赞一下。\n菜式很丰富，从日式料理到中式、西式，包罗万象，还有红酒、啤酒各种饮料，冰淇淋是哈根达斯的，但是有限量，没人一份，每份两个球，也够满足了。,1
34110,纪念岳飞所建，是爱国主义教育基地，收门票，里面有秦桧夫妇的跪像，万人呕吐。可去可不去的景点。只不过是历史有这么个英雄，纪念一下而已。,1
37079,一直喜欢淮扬菜，老鸭汤是每次必点的，可以说是老少皆宜的，清炒虾仁粒粒香滑，弹性十足。响油鳝糊，在天津人的口味中可能偏甜，偏油了些，可正突出了本帮菜的浓油赤酱，蟹钳芦笋，选料精良。整体价格不菲，但是也是物有所值的。,1
18141,欢送Wenya时去的，还可以吧，里面很多老外，真的很多人喜欢日本料理，但对我来说也就接受北极贝和一个黑皮肉比较老的鱼，烤鱼也不是很好吃。小甜虾也一般了。,0
16470,和几个朋友一起去吃的，生意还不错，但比起对面的深山老屋就相对人要少些。我们点了剁椒鱼头，味道一般，不算很入味。干锅牛蛙，量不多，味道还可以，松仁玉米量挺多的，味道不错。总体来说还不错，挺实惠的！,0
32719,外滩天文台，也是上海标志性建筑了。。。不过现在已经失去了他的功能，往外滩望去，看到露台有人吃饭呢。。。走进一看，原来现在变成了酒吧了。。。。在灯塔上瞭望，一定感觉不错吧，，可惜最低消费1500呢。。。,0
24933,"微博上面看到的,晚饭时间不饿就过去吃了.\n周六的人真是暴多啊,生意哈好.\n选的是车打芝士和芥末味的.\n人虽然多,到也没有等很长时间.那个阿姨态度还蛮好额.\n味道倒是比我想象中好吃哎.薯条满脆的,酱也蛮多.芝士味很浓.不过我觉得口味可能太淡了点.朋友的芥末味比芝士的好吃的多,有点酸额.下次再去吃芥末的",1
19419,跟朋友一起去过他们家，店不算大，环境还可以，不过生意到是蛮好的，里面服务也不错很到位!比较喜欢吃他们家的芝麻小牛排味道很赞.......还会再去的！！！,1
16939,小年夜的年夜饭在那里吃的。老实说 觉得环境一般，闹哄哄的 菜的量也不算大。味道到时还可以的、很喜欢里面哦三文鱼。，糯米红枣做的很有特色的 外面是脆的 至于其他 没有留下很深刻的印象,0
27530,刚开张的时候就来尝尝了。汤的种类还算多，但是汤的味道总是差那么一点啊。这里还有套餐，是用煲汤的料来做的，勉强可以做饭吧。,0
14033,这一家跟隔壁的好利来简直就是当面锣对面鼓，每次去都跟看热闹一样。两边的营业员都扯嗓子招揽客人。客人总是川流不息，但品种不多，有的品种卖光了，用其他品种来换盘子，也不换价格牌，看得人直犯糊涂。\n从最昂贵的黄金地段开了那么多面包店来看，面包行业还真有暴利啊。,0
35847,晚上到店想帮老爸定个蛋糕，知道里面有水果，但是不喜欢，\n所以就问营业员阿姨，有没有不放水果的，可以不放水果吗？\n态度不太好：没有，不行，就这个。。。。\n无语。。。要不是看在奶油的份上，真想走人。\n除了口感，造型完全不能和面包新语比。。。怀旧也该稍微做的好看点。\n服务也该跟上！,0
7985,本来要在另外一家桌游玩三国杀 后来当天怎么也联系不上商户 最后在下午好不容易打通电话说 他们决定从即日起歇业 所以已经开始整理东西要搬走了\n所以临时找了这家做替补，15元一位畅玩，还送饮料，价位很不错，交通也方便。\n周一就我们一桌。基本等于包场。\n离新闸路地铁站5分钟，还有我回家坐的210，回家很方便的，以后应该还会来光顾~,1
28164,开了大概也已经有十几年了吧，开在社区周边，至少还是个不错的早点店，虽然我没有试过早点以外的食物，但能开这么久，其他的食物应该也不会太差。\n小笼：5块8个，算是平价的，卖相不错，肉陷不算太紧实，随便吃吃。\n锅贴：1两3.5好像，底煎得很脆，我还蛮喜欢的。\n小馄饨：糟糕了点，总是有点糊，而且馅超级少，吃没几口就会没兴趣的那种。\n总之，就是很普通的路边家常小店，随便吃吃还是可以的。,0
4443,朋友的小型婚宴办在这里，6张小桌子，铺了红台布，场地稍加装饰，感觉还不错。\n吃了一会儿之后经人提醒，我才意识到这是一个旋转餐厅。。。于是在心理作用下开始头晕了。。。\n菜式比较大众。,0
13279,这家店的羊蝎子我没吃到，不过涮肉尝试了一把\n有天晚上8点多跑去吃饭，因为开在宾馆里面，所以除了我们只有一桌客人\n这家蒙羊坉新开了不是特别久，布局和东西都跟上一家在这里的店一样，环境还比较好，人也少\n但是这家的火锅，先说东西，蔬菜很新鲜，这点必须表扬！\n但是羊肉和肥牛质量一般，尤其羊肉，说是蒙羊肉，但我觉得口感很老，不好吃\n小料比较稀，味道不重\n所以做为一个涮羊肉的地方，羊肉不好吃，我只能口味给1\n我们点了肥牛和羊肉，还有最便宜的锅底，还有两三个涮菜，但还是撑了，最后是100多，还是有些贵了\n现在看见他们还添了梭边鱼，不知道怎么样\n如果顺路来吃还好，专程来吃，就不太值得了,0
30460,很久之前去的了，其实之前对这家还是期望颇高的\n不过说实话，吃完倒是略有失望，也许是菜点的不对吧\n去的算蛮晚的了，生意不算太好，显得有点冷清\n回想一下，没有吃港式点心类的东西，点了四个菜\n串串虾：虾还算可以，不过这类菜哪边都能吃到\n广东菜心：粤式的菜心，脆脆的，不是我爱的，没怎么碰\n蚝油西兰花：这个吃的还算多点，不过好像就是水煮西兰花淋上了蚝油\n还有一个什么真不记得了\n反正没有吃到什么印象深刻的东西，而且东西真的不便宜\n还在考虑要不要再去试一次，话说这也是所谓无锡最正宗的茶餐厅,0
43475,与顺义的意大利农场是一家，环境与其也相彷，感觉不错\n提拉米苏蛋糕让人回味，是我吃到的最好的蛋糕了\n比萨也不错\n去的老外可真不少呀\n小贵，喜欢,1
36613,之前去过很多次，一次比一次减肥，种类越来越少，最近一次中午去得，连五花肉都开始限量了，外面都不摆，要才给，也给不了几盘，一盘薄薄的几盘。比较好的地方就是水果不错，种类多，也挺新鲜。,0
27468,门脸很小。一不小心就走过了。店里收拾的很干净的。从窗口能看到后厨。看起来还是挺整洁的。拉面还挺好的，能拉粗拉细的，怎么都行。汤有点小油吧,0
29195,和朋友去看电影，因为还有一段时间，就在这边吃晚餐了。喜欢吃披萨，但是觉得他家广告推荐的那个39元的披萨真够失败了。,1
716,负一层吃的东西比较多，麦当劳、肯德基、小笼包、料理什么都有，一楼的大堂会时不时搞点特卖场什么的。其他的店铺就很少逛，没觉得有什么好东东。,1
33883,元祖的雪月饼很好吃哦，夏天吃又凉快又美味，还有很多口味可以选择，很赞！还有披萨饼也很好吃啊，不贵而且放的奶酪很多！,1
20264,考虑到年夜饭出来吃的话服务质量比较恐怖，所以小年夜带了爷爷奶奶出来吃饭啦\n味道还是很好的，口味比较清淡，不过摆盘什么的都很精致\n不过由于小年夜人也很多，出菜很慢很慢啊！~,0
5542,周末一家人一起去啃骨头，点了带肉骨头沙锅，一盆子骨头，全部消灭，非常有成就感，骨头锅底除了骨头还有一些配菜，四个人的话在稍微点些蔬菜就够了，多了也吃不掉，如果喜欢吃肉的话倒是个不错的去处。,1
31778,看了点评才去的，一般学校附近的饭店我不太敢尝试，因为针对学生的菜品没什么口味可言，不过这家饭店给我印象很深刻，略带东南亚风味，而且又做中国菜，他们的马来风光给我印象最深，还有沸腾鱼片不放在油里，他们的玉米烙也很好吃，最重要的是这么小的店居然可以拉索迪斯卡，我老公的饭卡都用在这里了，嘿嘿，不错的小店，要是装修一下就更好了，上星期请客去包厢吃，空调不足，这么好的生意应该花钱大大装修一次，我想我会再去的,1
43151,公司培训在青少年活动中心\n本来以为午饭要自己解决，没有想到培训中包含午饭\n青少年活动中心自己的食堂\n就是和学校的食堂差不多，一杯酸奶，2个荤菜，2个素菜，一碗饭，一碗汤\n没有什么要求的话，味道还可以\n反正就是例行公事，哈哈,0
35768,这是离家最近的装饰城了，所以新家家好多东西都是从这定的，价格公道，觉得家具还会比别的地方便宜些，灯就不用说了，这里是绝对的优势！据里面卖窗帘的大姐说这里的灯比十里河的还要便宜些，心里窃喜！,1
6105,我也没有查过那家好吃什么的，出去路过那有店就进去吃，只要环境好舒适什么的，在外就将就只要肚子吃饱就好了…………,0
36492,喜欢老鸭粉丝汤，这家的吃过一次，位子很挤的。记得那天正好降温，吃了浑身热乎乎的，很舒服，味道也很好，以后再去试试别的。,0
10371,离家很近的火锅店，锅底的味道很不错，不过没有以前实在。刚开业的时候猪骨汤里面还有猪肚什么的，一看就是真材实料，现在就差了很多。不过还是很好吃的。,1
28791,慕名而去 里面的服务员都是短头发的女孩子 很特别\n等了将近半小时 人很多啊\n炸豆腐超赞 不油腻 小料口感独特\n冰品也不错 布丁没什么特别之处 但是搭配的草莓果酱冰沙很好吃\n发票中了10元 呵呵,1
9688,吃过后觉得还行，很多人就是冲着他家的粥来的，喜欢吃清淡点的朋友去尝尝口味还不错，不过等的时间有点长，服务质量也不怎么样,1
33304,先说好的吧，预订的时候接电话的外国男生很诚恳很热情，一想他那么热情的态度，就觉得给个差评挺对不起他的。不过吧，体验的过程真的很让人生气，还是得给差评。另一个好的地方，就是跳舞的姑娘们真的很美艳诱人啊！看着养眼。\n预约的，但到的时候没人管你是不是预约，你就随便坐吧。觉得位子排的挺混乱的，一混乱，格调就有点上不去了。\n服务非常的差。明明没多少桌人，服务员一个个脚朝天的样子，团团乱转，不知道是怎么管理的。果汁貌似就是汇源，倒一玻璃杯里，某人嫌杯子不干净，最后没喝。芬达什么的就扔给你一听，要杯子呢，找了4个服务员都没要到，某人说你就着罐子喝吧，还比杯子卫生。好吧……\n虽然不是什么专门吃饭的地方吧，但是到了后，快速给了饮料，给了冷汤，就没人理你了……半个小时后终于给了盘难吃的沙拉（那个金枪鱼味道跟金属差不多，真的难吃），然后一小时20分钟后，终于给上了无比难吃的主菜……饿昏了。不过看到对面桌坐下后除了两杯饮料，一个小时内再无任何东西供应，那位男士无数次去交涉，对比之下，心里舒服了很多（劣根性啊……）。话说那男士交涉时，服务员理都不理，直接甩一句，你找我们经理去吧……\n好吧，什么东西都没有，但我饿了，有汤，给我上个米饭成不（套餐里包含的）？要了两次，服务员不耐烦的说，你等着吧。于是等到我走人，也没见给上，当然，那个时候，已经决定不要也不计较了……\n中途叉子掉地上了，要了几次，没人理，好吧，最后我“愉悦”的自己去厨房拿了个……\n吃的东西有多难吃，我就不说了。那个红菜汤，还不如罐头汤，那一瞬间想念芒果啊……牛肉很硬很咸，鸡肉不硬很咸……\n好吧，其实姑娘们跳得很卖力也很漂亮，不过背景屏幕就来回放两张照片，再无其他……\n朋友说以前拉斯维加斯没这么差的，不知道是为什么……,0
21242,随便吃吃，不大爱吃避风塘。。\n总觉得点心什么就是他们速冻装里拿出来热一下的。。。。\n一般实在没东西吃才选这家。。\n反正吃来吃去就这鞋，虾饺是每次必点的。。。,0
28787,这店在苏州有很多连锁，上次去中医院那里路过这家就去买了点东西，一般我都是要在六点后去买，有8折的活动，觉得有点小贵，但东西是真的好吃，我儿子喜欢里面的蛋糕。,0
33243,我和朋友去的时候，刚好没有人排队，就试试咯。感觉东西一般，真的要说有印象的，那就是糖醋排骨，虽然没有这边的味好，较油腻，味也比较淡，可能就是江浙风格吧，其实也是第一次吃比较正宗的江浙菜，感觉没有粤菜好吃，可能是这家东西一般般吧。东西都比较小件，女生吃就比较适合，要是男生，恐怕不够吃。就不明白为什么还这么多人排队吃这家，吃一次就够了，很难再去第二次。除非又刚好午餐时间，又没有人排队，可以考虑下~(^o^)~,0
17306,以前上学的时候跟同学经常去，不会滑，都是瞎玩，摔过很多回呢，有的人滑的特别快，花样特别多，但跟我面对面过来的时候我不会躲，就害怕，怕他撞着我，还好人家都技术高超，从我身边过的时候跟八级大风刮过是的~我都站不住~嘿嘿,0
28394,住过2次，毕竟是星级宾馆，环境还不错啦，不过2次都因为住在比较底层，早上大概是装修还是维护什么的巨大噪音被吵醒，然后要求更换到楼上的。\n不过态度不错，楼下的餐厅晚上都会有表演，不过菜品和饮料的选择太少了，总体感觉就是搞搞情调可以，别的还要再接再厉。\n个人感觉楼上的环境比较好（没记错的话好像一次住的是22层，一次是20层），晚上看外面的灯火辉煌，高架上的车也变成了一种风景，记得好像楼下的房间是那种大彩电，楼上的是液晶，懂的咯，重点是没噪音~,1
8374,带我来的是个四川人，说这里的菜特别地道\n川菜的同时还有粤菜，我们看到什么都想点，不过照顾到我不太能吃辣，没有点特别辣的菜\n有一道肘子的凉菜特别好吃，切成小块用各种辣椒做成的调料拌的，虽然很辣但是超级好吃，据说这道菜特别地道\n鲜榨玉米汁很好喝,1
24376,这家店远远一看就会被吸引过去，店面很可爱\n超爱奶茶，每次去都会要一杯布丁奶茶。\n其实冰沙也蛮好吃的\n服务态度超好,1
43675,上次单位聚会去的，我去点的菜，真不知道点什么。感觉都烂兮兮的。就最后吃的那个鱼头汤感觉还不错，是两个人给抬上来的，那个汤很鲜。,0
5751,大众点评的超值优惠活动，寿司类等68折，铁板类78折！\n周五晚上过去的，人超少，环境很好，菜单上寿司有名称但没有显示原料，服务员讲解得很熟练\n刺身非常新鲜，有一定的硬度，口感很好\n鳗鱼绵软入味，甜虾很Q弹\n鱼子跟别家的相比，腥味很淡\n最喜欢的是铁板鹅肝，法棍切片与鹅肝中相间了一片猕猴桃，入口酸甜，成功地避免了鹅肝的油腻,1
18091,以前和老公家亲戚过来吃过一次，印象中包厢不大，人多了有些拥挤的。服务也一般般。菜式倒还可以的，本帮菜，生意非常的好@！,1
27278,还不多的一家店，现在桌游越来越火了，玩的人也越来越多了，我也很爱玩。\n这家来过几次了，地方真心还是挺大的，我们订的包厢也是很大，很多人玩才热闹。\n什么都挺满意的，唯独不太满意的就是服务员，不知道是不是人太多了。\n感觉让拿个什么问个什么，都慢悠悠的，服务员能不能多招点呢~~,1
1616,因为办理会员卡，所以只有就近经常在共康店买东西，上次买了一箱奶粉，送了一个迪士尼儿童相机，结果拿回家时坏的，每次去买营业员都是不很热情，但是买单的时候只要是价高了，他们就会川剧变脸，马上喜逐颜开。。。。哎！,1
7242,石锅很有特点，营养饭也很有嚼头；明太鱼有一点点咸（可能我口有点轻，不然整只都会被我灭掉）；小菜很好吃，萝卜和辣白菜做的很地道；姜汤的锅非常cute，还有两只蛤蜊，味道也很纯；小店装修的很雅致，很干净；如果价格再能便宜点就更好了^^,1
11450,每次路过，，，每次闻到很浓郁的鸭膻味，，，真的很受不了。。。\n但是真的去吃了么也么撒味道了=。=\n里面的汤头还蛮鲜饿，，汤里德东西啊蛮多饿，，，\n这么一碗是肯定吃的饱的=。= 随便吃吃还是不错的选择,0
7677,由于本人比较喜欢吃日料，所以生日当天选择在一心请朋友吃饭。提前一天订了位，被告知因为我们是8个人，所以不可以预定10人位的榻榻米，有点儿小失落。寿司和刺身倒是挺新鲜的，可能是我之前看过大家点评期望太高了吧，我觉得他家没什么特色，有些寿司味道甚至不如回转家的。最可悲的是他家结账时尽然没有电子帐单，服务员将几张手写菜单甩给我让我看消费金额，字写得洋洋洒洒不说，由于点的东西比较多，我也不可能一个个去核对内容、价格，然后再去按计算器。虽然说是寿司有半价活动，但是也不知道实际结账时有没有按半价来算。总之这种帐单方式让人感受很不好。,0
7227,环境不错，总有老大爷大妈来爬山锻炼。\n顺便看看古迹什么的挺有意思。\n就是山有点矮，爬不过瘾啊。\n还有很多爬野山的小路可以探索,1
42380,吃完这顿就要回上海咯！住店老板推荐的这家饭店，说是正宗大连菜，果然不错。椒盐皮皮虾非常入味，溜肝尖虽然有点小咸，到味道也不差，会推荐朋友来的。,1
6243,自从老婆带我去吃过一次后，就迷上了一锅两吃，可以吃烤肉还可以吃火锅。我们一般都吃蔬菜锅底，把送的泡菜放进火锅，味道特别好！以后还会经常去吃。多点活动就好了。,1
19629,环境很不错，我很喜欢吃，所以我经常去，羊蝎子的味道很好~特别是辣的！价格也不是很贵~我推荐大家去尝一尝，位置就在路口很方便找到！现在有冷菜了，鸭脖子太好吃了！推荐大家尝一下！,1
25104,商务宴请去的次数多，所以不太知道人均价格，呵呵。他们家的菜味道不错，量也可以，拌金针菇用的辣椒是那种南方黄尖椒，够辣够味、主食里的菜团子尤其推荐，应该算是特色了吧！上楼时看到很多和明星的合影，怎么我去那么多次就没赶上一个半个的呢(⊙_⊙),1
43093,东西很新鲜，做的也快。\n小儿鲜个头很大；\n蒜蓉扇贝上面的酱有豆豉和青椒粒，味道不错；\n卤海螺不牙碜，肉也不硬。\n总的来说\n东西的味道还不错，只是人气不足。\n据说这地儿曾经红极一时，现在似乎是风光不再。\n凯撒大帝说：我来过、我看见、我征服；\n李小花说：我来过、我吃过、我付钱。,0
26643,紧挨着工人影院，所以每次等电影前那段不长不短尴尬的时间都会来这家店里喝东西。地方不大，环境还算舒适，尤其夏天的时候进来喝冰饮真是享受，就是有时候会有不自觉的客人在里头抽烟，这点比较讨厌。\n他家的芒果很新鲜，我对芒果偏爱，总是点芒果紫米甜甜，多芒西米捞，红豆紫米甜甜，海底椰果西米捞，用小勺一点一点的送进嘴里，凉凉甜甜的，跟朋友聊聊天，时间不知不觉就过去了，他家奶茶和摩卡也不错的，很大一杯，双皮奶和芒果班戟很多人喜欢，却不是我的口味。,1
17996,喜欢亲家的菜，吃着这里的菜很有家乡的感觉，我是四川人，喜欢盆盆富贵虾，够辣够嘛，如果里面放些黄瓜，丝瓜会更好，还有一个小米煮凄江鱼也很棒，就是有些小贵,1
15605,地方太细，台凳安排唔多合理，比较拥挤。唔多配得上五星级酒店的感觉。插座太少，而且店员服务感觉好一般。出品同其他分店的差唔多。,0
33082,因为住得近，比较方便。\n喜欢农家小炒肉以及干锅手撕包菜，但是菜的质量不稳定。肉的份量也越来越少了。\n还有，不能外卖，真是讨厌啊。\nPS：现在已经搬走了。,0
38960,地段是不错 因为上面有个华尔街英语所以门口有很人拉人的人 每次路过都有人会叫住你的 晕 还说了几句英语 旁边有个宝大祥 还有个星巴克,0
15436,可能是新开的原因吧，今天是周末里面的人都不多，款式不少，样式也都很新的，导购比顾客多，都很热情的帮忙，感觉不错，价格不高。,0
30480,老肥杨又跑去西湖饭店刷一顿了，路过此地，顺便带点名叫“年糕团”滴东东……\n话说就是一大块圆年糕片裹着咸菜&油条，看上述点评，就是咸味那款啦！\n年糕是满糯额，而且不粘牙；咸菜SOSO，无功过；油条回炉后减分不少。\n整体造型像极粢饭团，但没它管饱！3元一只，性价比不高哦……,0
39095,感觉菜做的挺好吃，环境不错，烤肉不觉得很好，挺腻的，有些肉给的太少了等到他下一轮过来真是费劲，同学聚会去还是不错的选择。,0
37726,刚知道晚上出去吃饭就做足了准备，打了减5元的优惠券去的。哈哈，之前还没吃过这么正的日料，所以对此很期待啊。有朋友从国外回来，1年没见了，大家就聚会下，吃个饭。话说刚进去就感受到浓浓的日本的味道，立马情不自禁的讲了几句日语。\n后来等不及另两位，就先点开了，自助的有两个价位，主要是150的可以点的东西种类比较多，我们点了120的，料理都是一小蝶小蝶的上的，但是因为种类好多，所以吃到后来就饱了。比较喜欢天妇罗，烤鳗鱼也很入味，蒸蛋很漂亮味道也很好，蛋蒸的比较细腻。材料也感觉比较新鲜。吃刺身的时候感觉这里的调料味道比较好，哈哈，之前一度以为自己不能吃生鱼片之类的呢。,1
2159,环境不错，不过经常需要等位。二层不经常开，貌似因为服务员不够。去过几次，正好赶上二楼开放，坐在了靠窗户的位置。菜品一般，上次和闺蜜去他家，闺蜜想吃焗饭~做的太悲催了，特别难吃~~披萨也一般。总之觉得这家店的口感确实不是太好……,1
3048,"最近老火的餐厅,味道和焦叶差不多,价格却实惠很多,最大的区别就是气氛比起焦叶差些没有什么歌舞表演,桌子之间也挨得过近,整顿饭就听见隔壁一大家子在激烈讨论台湾局势,蛮空的.\n  第一次用签到换了份免费菜鲜虾芒果沙律,好有成就感滴,咖喱牛腩的汁水拌饭最好吃了,要了个椰青,淡淡的没在泰国吃得那么甜.",1
23346,他家的面包很新鲜，味道也特别好吃，最爱吃他家巧克力奶酪蛋糕，外包装盒子就很卡哇伊，价格20元，还是挺物有所值的,1
19766,凉菜~\n老醋蛰头 ￥22米\n对不起这个名字\n一是没用老醋\n二是没用蛰头\n到是很像凉粉\n热菜~\n京葱烧木耳 ￥16\n中规中矩\n木耳没去根\n边吃边剔\n烦心\n蒜蓉芥兰 ￥18\n实在一般\n家常水平\n服务生推荐什么鲶鱼\n说是这里的招牌\n端上来一大盘子\n继续家常水平\n主食~\n米饭和南瓜饼\n喝的是菊花茶\n合计￥186\n味道十分家常\n难怪到了饭点也没什么生意,0
10104,那次跟妈妈和朋友一起去 吃了还算大 价钱也不是贵 \n但里面的食物真的是很难吃 以我的标准来说是不过关的 \n我去过一次之后就不去了 太不公道了,0
35094,人气不怎么旺，店里WIFI速度很快，偶尔来店里劈劈情操，很是雅静，早餐味道一般般，咖啡也是，停车4元／小时。,0
16800,套餐里的东西还是满多的 吃饱是绝对没有问题.\n味道么也还过的去 不想烧饭的时候去吃吃也还好的.\n喜欢他家牛排里的煎蛋和通心粉 加点番茄酱很不错.,0
4083,看装修风格还算可以，所以打算买点蛋糕送人。\n价位属于中等，不贵的。\n不过口味很是普通。\n打包的小姑娘绳子绕了半天，还是松松垮垮的，还好没打翻蛋糕。\n以后不会去了。,0
14873,听朋友介绍这家店就去了一次，感觉还不错，就是上菜速度偏慢，服务态度还过得去，菜的味道很好，尤其是肉食，可能是本人喜好肉食的原因吧,1
26034,无意间经过一家奶茶铺，一抹绿色很吸引眼球，店面不大但却小小的很精致，停下脚步，推开门，一股浓郁的咖啡香会扑鼻而来，店员会很亲切的招呼你，于是点了一杯抹茶鲜奶绿，惬意的坐在旁边设有的转椅上，喝一口热乎乎的奶茶再加上冬日的阳光，会让你整个人很放松哈哈，抹茶味很浓郁哦，甜而不腻，口味很适中，意外的搭配了老板推荐的水晶珍珠，听老板说是红豆馅的，口感很糯很香很喜欢。\n另外，旁边的积木小火车和魔方可以陪你度过闲暇时光~~整体来说相当不错哦^^,1
31725,又一个环境远大于口味的地方。\n有上下2层，但店不算大，座位不是很多的。\n店内布置还不错。一楼花园有露天位，二楼外面也有一桌。天气不冷的时候晒晒太阳还是很惬意的。\n咖啡和茶基本都是四十多。\n甜品也是四十多，但是选择太少。\n下午茶set的话相对稍微便宜一点点。\n口味都是无功无过。,0
26608,搬家到人民公园这里，于是就近去河西游泳馆练习一下，由于去年就刚学会一点，所以想，里面的阿姨态度特别号，可是进去以后，就特别失望，只有三四个泳池，而且浅水区也是最少1.5米，我根本都不敢游，只能在里面跑跑，走几步。水质也挺差的，只游了一次回来就感染了妇科病，烦死了。游泳的人也是以四五十岁的阿姨为主，只有一个救生员，如果我没记错的话。,0
43902,一家人去吃的，4人，共310元\n菜：\n1. 蟹粉鱼结-很腥气，没吃完，个人不喜欢吃\n2. 烧汁牛柳——很嫩，炸过的地方很香\n3. 口水鸡——放了很多花生酱，味道和踵香很像，但是便宜，不过鸡太老，没踵香好吃\n4. 酸菜鱼——普通，比较嫩，但是个人比较喜欢吃鲶鱼\n5. 番茄丝瓜面筋——满好吃的\n6. 上汤娃娃菜——猪油烧的，猪油味道太厉害了，不过还蛮香的\n7. 西湖牛肉羹——很大一盆，我满喜欢吃的，家人觉得太稀\n个人觉得一个老板开的，但是菜色没有踵香好吃，不过也比踵香便宜，下了优惠券忘记用了。。。不过看别人评价貌似折扣幅度不大，心里平衡一几，服务员很少，不过叫了态度还是很不错的 客客气气的,0
43203,生意很火爆的牛杂店，去过一次，那个萝卜真的超级入味，现在要找到那么好吃的牛杂萝卜很好，而且价格真的很便宜，去晚了还可能吃不到,1
40614,发现在望京这一块都有一个特点就是不管是商场还是超市，货架之间间距都很大，逛起来很舒服。虽然不常来这里的乐天玛特，但偶尔也会过来转转，很多韩国的调味品我很喜欢的，这里都可以买到，就爱这点,1
4950,很不错的一家冰激凌店，不过价格比较高，比DQ要贵一些，量不大，口味还行，在美罗逛累了可以去休息下，环境还是不错的。,1
12475,好吃哦，上次在商校上完补习班就去吃了，点了麻辣牛肉米粉，好吃啊，肉挺多的，量很足，10块钱一大碗，比旁边吃老鸭粉丝的划算多了呢，味道也好，很浓的，非常喜欢，下次去试试看别的,1
28838,想不到肯德基都算是中北镇对外的宣传点了。不过，快餐么，都是一样的味道，只能说这边满足了一部分人说自己住在肯德基附近的说法。,0
42282,招牌很可爱，店内的装潢就是日本家庭餐厅的样子。\n是自己拿盘子选菜的，菜色不是很多，口味还不错，不过绝大多数的菜都是凉的，还要用微波炉热过，觉得不是很健康，所以除非想吃轻食，否则很少去。,0
34138,周末去上地哥们的公司玩，晚上几个人决定再附近吃饭，于是选在了九头鹰，好朋友是这里的会员，可以享受8.8折。菜都是我来点的，选了酸汤肥牛、毛血旺、香辣蛙、香辣红薯粉和娃娃菜，要了两扎鲜榨果汁。这里的菜做的都有点偏咸，不过味道还是可以的，特别是牛蛙，很咸，于是我们不停喝水。店里就餐环境很好，很舒适，但服务员态度不太好，点菜的时候不热情，一副爱搭不理的样子，询问菜的材料和口味时也显的很不熟悉。希望服务质量更好些，其他的都还不错。,1
12793,听点评上的其他童鞋说晚上去这家风景比较好，所以选择了去那里吃晚饭～\n环境在朱家角的一般饭馆里算比较好的了，就在放生桥旁边，其实要说风景也没什么好看的，晚上也没什么灯，就看个模模糊糊的影子吧～\n菜的口味都一般，没有什么特别推荐的，因为所有朱家角的农家饭店里吃的菜色翻来覆去就这几个，菜单都像是统一的，尤其在吃过了八仙楼之后，以后再去就打算直奔那里了，其他饭店不考虑了～\nPS：在我们吃饭的时候，看到河上有船在捞鱼，原来白天放生桥上卖给人家放生的鱼就是这样“循环再利用”的，唉，人心啊……,0
34407,同学就是这家学校的，记得她说环境不好，同学好像都勾心斗角的，据说她在那里成长了许多，后来还是自己出来读的自学考~那同学真的是很厉害啊，自学考两年全部过了，好佩服亚！,0
25789,礼拜天晚上跟一群朋友吃过饭，想找个KTV消化消化再回家的，就来了这家。\n要了一个小包，88/H，第二个小时开始按照分钟算，这点还不错。\n20:00我们进去的，一共6个人，反正随便唱唱，音响还可以，本来在这个价格下面也不要期待有什么好的音效吧。总之蛮划算的，唱了2个小时不到一点，结账175一共。还不错。,0
26919,"不知道是点的不好还是怎么的,在别的地方吃的觉得还不错才再去的,换了家店怎么感觉味道都不一样的,不搞活动的话贵死了",0
16905,第一次吃韩国料理就是在这家土大力，好像是上高中的时候，那时候还赶上“韩流”吹的正猛呢~跟朋友两个人，她要了传说当中的石锅拌饭，我要了大酱汤，依照着在电视上学来的方法就开始进餐了，当是觉得味道还是不错的，现在感觉依然不错，长久不吃，吃一吃感觉蛮香的呢~\n还记得几年前，当我第一次见到石锅拌饭的碗，那叫一个震惊，我满脑子都浮现出法海用来收妖的钵了，想着，女生怎么能吃那么一大碗呢~\n现在看来感觉量比以前少了不少呢~哎！\n不过味道依然不错的！最喜欢吃的就是烤串了呢！,0
34891,"去之前有先去点评网取经,看到人均都是一两百的, 还以为写错,到了之后发现点个一小块鱼就四五百没了.我们7个人去一共点了两种鱼,大马哈鱼人人都推荐自然必点,另选了一个稍微便宜一点的鱼. 本来怕是不够吃,不过加了配菜还真是7个人都吃了个饱,而且吃得非常满足,因为那个鱼真是自然鲜美,肉质非常鲜滑, 虽然价格的确是相当的贵,不过家人吃了都表示还是值得的.借他们店里的一句话,宁吃半两野生鱼,不吃一斤养殖鱼.\n还有一个是推荐度很高的玉米饼,本以为会是一大个,后来小姑娘介绍才一个碗碟大的饼,而且才2元,我们就一人来了一个.它只能点一次,之后不能加了,不过这个饼的关键我个人认为不是在于味道,而是服务生当场亲自制作的过程,看着它从玉米粉捏成面团,贴在他家超大的锅边上,非常有艺术欣赏价值.就味道而言,我们7人评价好坏参半,年长一点的相对评价较高.\n总之汤底真是鲜香,相信有一阵子不想吃其它的鱼了.",1
3062,我们单位都是叫外卖的，让他们送来的，口味还可以，看上去也挺干净的。\n但是服务实在太差了，打电话过去还想欠他们钱似得，对客户大呼小叫，我气的不得了。\n因为生意好了，所以态度就很差，感觉就是不差你那一单，你爱来不来，服务态度实在不敢恭维！！,0
4448,和女朋友去过这家，给我的感觉是环境很好，安静，就餐地方很大，朋友推荐的，就说环境好。他家酸菜鱼是我吃过味道最好的，汤很鲜，酸菜是南方的，口感很好。还有宫保鸡丁也好吃，软。,1
37752,今天陪妈妈去剪头发，David又换店啦！！还好不远，不然就纠结啦，效果还是剪的那么好，就是店里的人多了点，等了1个半小时才轮到那，怪不得都说David那么难约了\n妈妈说很喜欢他的风格，而且他也很细心，说夏天可以剪短些\n以后还是在他这里剪,1
4129,就是一个填饱肚子的地方。\n菜都很一般，特别是特价的水煮鱼，看上去鱼肉都不很紧实，大概不新鲜，我都没敢吃。\n吃到半截还跳了一次闸，真是够戏剧化的。,0
19493,这里的环境很好。清静的~和朋友一起过来这里找个地方坐下来，闲聊，喝喝茶~欣赏一下，周围的青山绿水，也是一种享受的。还有个花湖，真棒。如果碰上下个小雨，更有意思了。,1
35159,吃的云吞面 鲜肉的 味道不错 面很劲道 汤很好喝\n还吃了 奥尔良鸡排饭 味道一般般了 可能不是特色才把\n反正有汤汤水水的很喜欢\n \n机场也没有什么吃的了 这个还是不错的啦,1
15617,保利广场的家乐福的人气还是很旺的\n每次来结账时间都很长，东西品种还是比较齐全的\n但是感觉东西比其他的超市要贵点,0
21064,珠海本来就比较少茶餐厅，真系茶餐厅价钱唔算好贵，但D野食就比较普通，想吸引多D顾客既话，需要改进，食物俾客人唔会留低深刻的印象。,0
17230,鲜奶小方，大爱哦~~~ 虽然要减肥，但是总是忍不住，连糖尿病的妈妈也喜欢，可见味道一般，嘻嘻~ 这家在公司附近，下班的时候会去买点吃吃,1
23027,很小很小的门面，没有坐的地方，都是买完走的，还有热热的热狗卖，吼吼，好吃，核桃口味的暴风雪一般吧，感觉桃仁不是很新鲜了，稍苦,0
25754,姐弟俩土豆粉味儿确实不错，粉儿光滑筋到，配菜也比较丰富，女士们的最爱。个人感觉汤味有点咸，加点醋就更香了。,0
39525,在订奶的时候说清楚每天9点30送的，当时客服人员说好的。但是过了几天都给我8点30送了，因为是公司不是家里，我那时候还没到，致使很多问题不能交接清楚。诸如订芦荟果粒的酸奶，没有调羹；送奶时间还是安排在9点30；货送到时未跟这边的员工清点，自说自话放那就走了，少了算谁的？\n今天打电话去质疑客服员居然说送奶时间不是按客户时间要求送的；芦荟果粒酸奶本来就是吸管的没有调羹的；还说有问题到时候跟收费的工作人员讲，说15号收费，那之前定的时候不是说月底收的嘛；这种问题不能跟送奶员工反应吗？每次都见不到人？\n这就是所谓的随心定吗？一包气！,0
36617,7点半左右才到。。一行五个人，地下车库有停车。\n车库蛮陡的。。在小南国吃饭拿了停车券，可以免费2个小时。。\n这个服务还不错滴~~~但是从地下车库到5楼就餐区蛮麻烦的！！~~\n像迷宫一样的，是从写字楼里面钻出来的，晕过去！！~~\n我也不知道这个算到的晚还是到得早，反正到了之后点这个没有点那个没有。。\n郁闷哦，，说是生意太好了，全部爆满，爆满也不能这个没有那个没有啊，吃撒啊叫我们@@\n三文鱼马兰头冷菜，味道不错，马兰头超级新鲜，绿绿的，吃进去的满满都是健康。\n蔬菜色拉，最最出彩的就是这个色拉酱，有一种日本料理的味道，嗲哦！！~~~~\n红烧肉虽然只有一点点，但够我们五个人吃，放在一个小坛子里面的，很入味。\n不过上菜很快，一看就是热加工出来的。。\n杏鲍菇小鲍鱼 这个菜算是比较贵的，小鲍鱼够小，不过贵在新鲜。\n地下有杏鲍菇，味道比较好，黑胡椒烧的，不错不错。\n人均不便宜，适合家庭聚会和商务宴请。\n郁闷哦，边上一对小情侣在吃，倒这种地方撇情操，怪怪的@0@\n有靠窗的位子建议大家选靠窗的位子，比较安静，而且窗外风景不错，边上就是万体馆。~~,0
26768,坐在户外的位子非常惬意，还看到一个辣妈和两个孩子游泳。吃的口味也很好，而且价格算比较合理。另外11-16点提供茶点资助，188元。可以去吃一吃，老公的爸妈很喜欢。,1
22311,那次爸爸妈妈结婚纪念日去的那边，饮料的瓶子很有个性，服务也很周到，就是点菜没有菜单，要离开座位点有那么点的不习惯，菜味道很好，就是有点小贵哦~~,1
28859,今天去这家店，很遗憾的被告知胡萝卜牛肉馅包子从此下线，叫人不由心生遗憾。比起其他几款肉馅的包子，胡萝卜馅的已经是佼佼者了。唉。。。\n还好，取而代之的将是猪肉茴香馅，期待中，最爱茴香馅包子。千万别叫我失望。\n另外，真希望店员服务态度能好点儿！想当初，开业第一天，我可是光顾过的，那天，所有人的态度那个好啊。。。好景不长。大家伙加把劲吧！,0
39055,最中意就系去买芝士饼同蛋糕食，次次翻四会之前我都会去买进口零食返去比老公咖，又便喔，但离我屋企实在太远了，多数都系在北京路行完街经过顺便入去买，唔会特地去咯。,1
3017,秋刀鱼如果加两片柠檬，就完美！热拉茶太甜。冻拉茶比较好，茶味够浓。飞饼虽然好吃，但没有切，卖相不佳。环境较好，适合聊天。,1
5903,原本以为是澳门惊喜饼屋类型蛋塔店，可惜不是，不过貌似种类挺多，也是有兴趣尝试的。一种很小的广式的一元一个，香芋酥被我看到 又心动了 不过称了个小小的也要1.6元，里面陷比较像莲蓉的 不是很好的说，算了 不会有下一次。。,0
14242,要的招牌便当，8元，还算很划算的\n中午1o:45 订餐还会送一份苹果汁饮料\n里面有牛肉干、玉米、白菜、半个鸡蛋、一片火腿、春卷两个，感觉还是很划算的\n南开学生自主创业，支持一下,1
14908,米线味道很好  里面的配料很好吃  逛街累了的时候可以进去吃哦 分量比较足的   环境很干净通亮   每次去我都喜欢坐在靠窗的那个位置,1
9786,这家汉拿山烤肉是吃过的几家中服务 最差劲 的一家~！有几个服务员很不会说话。举个小例子：\n我们吃的烤肉，询问服务员可不可以帮忙烤肉，一位男领班的回答是：没看现在人很多吗？！嗯~回答的可比韩国辣酱呛口的多嘞~\n餐厅的环境很餐具也很老旧，给人印象很低档，完全不像其他店那样的水平，在这里顺便推荐汉拿山的望京店，相信在望京店吃过了，您就会想：同样是汉拿山，差距咋就那么大呢~~,0
37830,也是朋友极力推荐的店，网上也有好多亲推荐说很不错，所以一到厦门就拖着行李找这家店了。在轮渡那里还是挺好找的。中午去人挺多的呢。随便点了个粽子和沙茶面。看到有个芋包貌似不错，也点了一个。吃下来感觉都一般般，沙茶面味道有些淡。汤还不错。料有好多种可以自己选择加的。而且吃沙茶面的人特别多，还要排队。芋包里面料哈多，不知道是些啥，味道有些特别，朋友吃不惯，我觉得还能接受就是不太好吃。粽子里料也多，就是不太糯。,0
8054,每年店庆有活动的时候都会去，指定的肥牛免费吃，调料品种很多，环境不错，免费的肉口味一般。同事聚会的时候也去这几次，服务还好，价格也可以接受。,1
42659,一个下午为了等达令，所以就躲在这里吃冰激淋。虽然天很冷，但还是受不了冰激凌的诱惑。可惜这里没有杂志之类的，无奈只能靠玩手机游戏渡过2个半小时。,1
8557,我比较喜欢看浴场表演，但是在看表演的时候发现他们双重收费，进门先收费（没座），座位还要收最低消费，所以再也不去了。,0
11036,新開的店.綠色的店面.感覺不錯.\n服務態度還是很好的.笑容很親切.\n個人喜歡吃甜品的.所以買了他家的布丁.\n是現場放的醬汁.是棗汁味的.個人覺得很特別.不是焦糖的.難道她放錯了?\n布丁味道實在不怎么.很一般.更類似果凍.但價格絕對不便宜.6元小小一份.\n還看到雪藏蛋糕.被名字吸引.也是6元一份.\n后悔啊.和外面的普通蛋糕一個味道.就是里面加了類似優酸乳的東西.\n但很不值得啊.沒有什么美味的感覺.\n估計下次是不會去吃了.,0
15201,小豌豆冷菜也好一般！只不过少点\n小排骨汤味道很适合现在的季节 \n这里有种小黑猪特别好吃 但吃起来也一般\n青椒炒肉 也和外面一样没什么特别\n其他的菜就感觉一般了\n只是味道偏重，\n总体还行,0
37978,七浦路人气一直很旺的一家店~每次去都会排队，还好排队时间不长。也就十分钟左右。\n很喜欢他家的云吞，个头很大，里面有很大一直虾仁，很好吃。\n粥的话就一般了，料也没有很多。\n 不过价格还是很实惠的。,1
14249,绝对是看到网上的点评去购买的，有蜜汁和孜然两种，因为爸爸不爱吃甜食所以买了孜然味道。很嫩，香味很远就能闻到。下午3点钟去的人很少，但是还是有人购买的，因为有些买家说晚上人会很多，所以提前购买，躲避高峰期。,1
17232,昨天去的，说实话，如果不是老北京人，奉劝大家最好还是别去！\n1、两个人花了142，基本吃饱，性价比很低；\n2、所谓的秘制什么的，都超级难吃，我点了一个秘制辣调料，真是难吃的要死，还不如像女友那样点个普通麻酱，至少能下咽；\n3、菜的分量都很袖珍；\n4、那里的葱花、香菜，自助添加，感觉有点脏，而且似乎还有腐烂的迹象，午饭后，感觉肚子不舒服！\n下次坚决不来这里了！！！,0
13597,买手办路过，实在累了，就它了。\n发觉现在店家做活动，29元一份披萨加一份自选沙拉。\n于是点了一份，然后……去码塔了，随着某某披萨店的自助沙拉撤出，这种乐趣就渐少了，今个在这碰到，不出手都对不起群众了，然后就出现了一座以各种颗粒混合沙拉酱为根基，以黄瓜条玉米条为中坚，辅以黄桃、杏子，最后用花生葡萄干收尾的一份（一盆？）沙拉。 后来吃的时候，跟服务生要了一个盘子，然后这盆沙拉倒在盘子里很满的四次，才空了~~~吼吼。\n小披萨很小，口感一般般，焗饭量也比较迷你，几口就没了。柠檬茶是用的小号马克杯。好吧，或许是我胃口变大了。\n服务生还算勤快，环境倒是相对挺整齐，就是连洗手池都没有，比较别扭。,0
41973,这家店名声在外。上周特意去排队买。第一感觉是同等价位来比较，鸡腿太小了。味道也没感觉太好。还有，里面那位“掌勺”老大爷，任凭外面排队那么长，还是慢慢悠悠的。我觉得如果再招两个伙计，人们排队时间会减少2/3。压根不会出现每天都排长队的情景。,0
15512,味道还不错，但比起满记还是有差距的。还是经典的原味双皮奶好吃，味道很纯。我个人认为，基本可以从价位上评定一个地方的东西怎么样。,1
2979,跟旁边的两家相比，好适口算是个比较小的餐厅了，这边的主食味道不错，手擀面之类的，不过如果你只要主食，人家可能就没什么利润了，自然。。。。，这边的家常菜的味道也还不错，价钱还算合理，,0
3379,地方有点偏，而且不是特别好找，快到目的地那段路比较窄，还老过跑运输的大车。\n温泉在一个院子里面，进去之后在最里面，说实话还是不好找。我们光找地方就花了大约30-40分钟。由于大把时间被用在找地方，所以挺扫兴的。\n顺利的拿到定的房间，但网络根本没办法用，蚊子超多。温泉还不错，泡了泡很舒服，让人心情放松。\n本来泡完温泉想睡觉，结果有装修打钻的声音，特别大，根本就没办法入睡，打前台电话告知是空调主机的声音，由于正好有人退房，我们就换了个房间。睡到11点多饿了，去吃饭，路过他们的厨房旁边，发现里面就是在装修，根本不是什么空调主机的声音。骗顾客这点做得有点恶心。\n总之就这一次，下次我是不会选择来这里了。,0
40588,很有年头的副食店，地方挺大，东西非常全，蔬菜、酱货、糕点、烟酒，……感觉是应有尽有。有时在这里买点大列巴，据说这里的很正宗。,1
35306,看咯扁扁的DP，很是忐忑嘞打咯电话切预订\n接电话的姐姐态度很好，问了我们就餐人数，时间，记了我的电话就搞定咯\n团购的是双人套餐，但是我们三个人切吃都没有吃完\n我和一个朋友先到，由于要等另外一个人，提出先上咖啡，等朋友来了在上其他菜\n后来就餐人多起来，服务员姐姐过来建议我们说先把菜做到，不然等会儿要等很久才吃得到，还是多贴心嘞~\n【餐前面包】 之前看到有其他人说他家面包很好吃，很期待，果然没有让人失望，沾面包的醋味道很淡，醋上面有一层油，大概是橄榄油吧，油沾到面包上稍微感觉有点油腻了。面包很松软，蒜也不是很冲的味道\n【烟熏三文鱼沙拉】 朋友要吃肉多的，点了这个，看起还不错，个人感觉醋稍微放得有点多，生菜还是比较新鲜，整体不错\n【蝴蝶蘑菇意面】 记不清名字是不是这个了，味道相当淡，蘑菇很小，也不是很多，意面煮得嗨不错，没有煮过头\n【四季风情披萨】 看到还是有点大，但是没哟超出盘子的大小。朋友说面饼吃起像锅盔。无语。我觉得还好，看到面饼上菜不多，有点失望，但还好，cheese够多。最后大家都有点被披萨打闷咯\n整体说来，这家生意不是很火爆，午餐高峰期还是有比较多的空位。\n点菜的时候看到这家的价格还是小高，如果没有团购的话，我不会到这家来吃\n餐厅装修的颜色偏黑，地板的木纹很突出，很复古的感觉,1
10052,正月十五，五家好友携小辈一起聚会，正好，大人一桌、小辈一桌。因为都与汉中有渊源，加之其中一位知道这里有一个可以安放两桌的包间，就以回味汉中之名预定到了这里。\n进大厅，问所定包间，服务员直接让到二楼询问，上楼仔细一看，餐饮的包间好像全在二楼。找到我们预定的两桌包间，打眼一看，还真不错，简单、朴实、色彩柔和，桌椅家具还都说的过去，就是少了写地方的风土人情的渲染，缺乏了乡情的那种煽动。\n由于在座的大部分是在汉中土生土长的，其中我们几位在汉中插队、工作也待了十二、三年，对汉中有着深深的眷恋；就是小辈们也有很多是在汉中成长后来外出读书落脚西安，对汉中更是有着一种哺育之情。因此就是冲着这里的汉中菜来的！\n凉菜中，所反映汉中风味的菜不是很多，但是却典型地代表了地狱风格：\n拌凉皮。这是在大街上实在找不到如此正宗和口味的凉皮了，米的用料很考究，蒸出的面皮不软不硬，筋道滑溜、长而不断、柔而不粉，加之合适的调料，使得这份家乡的小吃激发了大家的无比感慨，纷纷评论起西安所售的所有已知的“汉中凉皮”摊点……；无奈，没桌有各加了一份，真是意犹未尽啊！\n西乡牛肉干。开初大家怀疑吃的是否牛肉，因为太干了，切得又薄，还有一层一层的，很像是猪耳朵片。后来大家证实确实是西乡牛肉干！看来多年过去了，西乡牛肉干还能保持这样的风格、质量和脍炙人口的赞誉，真是难能可贵。干而不柴、瘦却细嫩、越嚼越有味、越吃越有情……真是汉中名品啊！\n……\n热菜中，可以代表性地体现汉中风格的菜有：\n大杂烩。这个菜在陕南很有流传，只不过各有千秋。近期一些陕南菜的餐厅打出“紫阳蒸盆子”其实就是汉中大杂烩的同类。这个大杂烩，在汉中当地，每逢过年是必须要准备的一道菜，名字虽俗，制法讲究，内中所放原料众多，口味可调，是老少咸宜、人见人爱的一种“吉祥菜”，所以又名“全家福”。时过境迁，原先那些肥大的肉片被改良掉了，代之以汉中当地的笋、干货、菌类，使得菜的色泽更加丰富多彩，只是汤的鲜味就是大家争相抢食的对象！\n农家菜豆腐。真是好上加好啊，在大街的店铺里，绝对找不到这样的菜豆腐。\n花生甜浆稀饭。又使人回到那种不吝回忆的年代……\n只是这里的服务不敢恭维，可能刚过春节，劳动用工还没有回复的原因，服务员懒懒的，不愿也不会回答任何问题，让加个杯子始终也没有加……,0
28680,特别安静，人流不多。适合聊天和放松。\n交通方便，停车也方便。\n价钱还算合理，没有叫东西吃。叫了酒和一些无酒精饮料。\n叫了 pierrier water，发现是过期的！,0
3050,喜欢吃他家的冰淇淋。喜欢那种口感的。\n他家的浓情巧克力味道特别好。。\n每次去基本上都点这个味道的。除非他们有新口味。,1
21825,环境很好，而且有朝南的窗子，采光不错，不像有些西餐厅搞得像地下赌场一样昏暗。只可惜没有无烟区，等以后人多起来会比较影响气氛。牛排味道还比较正，就是价位偏高了点，一套下来至少100+，招牌套餐要200+。中式套餐稍微便宜一点，也要50左右。同样菜色比周围的西餐厅贵了30%左右。服务员长得都还不错，不会影响就餐心情，服务也很到位。就是一开始喜欢直接拉人去他们的铁板烧小间（有点小贵，略有宰人之嫌）。整体上来说，适合带女朋友腐败一下，或则简单的二人商务餐。,0
30913,去过很多次这里吃饭，开始觉得一般，后来去过韩古风才发现，这里简直是没得挑了，其实金斧山给的东西还比较多，肥牛至少总有，培根也供得上，东西挺全，尽管和开业时候比差些，但是和同行比还是有优势的，至少人家团购的时候不会像韩古风那么过分，什么都不给上,1
31244,今绣西沟大酒店 在这一片来说还不错、装修上档、服务业好、主要的是菜的味道地、有冰镇素鲍鱼、泥巴童子鸡、香煎多宝鱼、冰镇素鲍鱼、不错,1
32825,以前去过另外一个分店，比这个印象好很多\n这家店的午餐只有套餐，感觉不爽\n而且，慢！\n非常慢！\n还冷，不爽。饿着肚子还冷，换了谁能爽啊。比较失望啊,0
41752,之前部门聚餐大家选择了去肥羊王。总的来说还算可以吧。大家都吃得还算满意。只是服务不怎么样。老是叫了要很久才过来服务。\n但是那个环境真的不怎么样，地板很滑，要很小心很注意地走路。位子与位子之间很窄，通过很困难。,0
19551,一个星期要坐一次的车！！！就是末班车早了点。\n还有一次末班车让我等了20分钟，最后开过来那个SB司机居然不停！！！\n害我白等。气愤```,0
16893,很久木有吃到刀削面，惦记了好久，就在大众点评上搜了去的，还找了会会，结果……很失望，说不出来是孜然还是什么咖喱的味道，从牛肉到面条。。。甚至都比不上路边随便尝试过的几家小店。。。环境和服务还好，就是正常面店的样子了哈。。。,0
9772,很有味道的装修风格，在这里吃饭先不用上菜坐在这里也是一种享受哦！这里菜的味道也很好吃，特别爱吃这里的红烧肉，分量十足。,1
42203,个人比较喜欢D小食，好似菠萝油，目前为止我都系觉得表叔做得最好味。鸡爪我也很爱，煮得好林，好入味。北京路间店有好几层，环境不错。,1
5801,服务很差，服务员不是老大妈就是楞小伙，叫服务半天没人搭理，上个菜都笨手笨脚\n请客的人那天有点脑子进水，大冷天的晚上定的是那种竹棚子——四面八方都在透风，冷得不行，还扬言这个是他们的特色，很难订到的包间——说的是夏天吧，过时的大叔……我坐在竹棚子里面冷的跺脚，看着别人坐大厅的热闹温暖，那个纠结啊~~~~~~\n还闹酒闹了半天不放人，我半身都冻木了，好不容易挣脱身，回家立刻泡热水澡开空调偎被窝，结果还是感冒了……悲催的回忆,0
20173,被他家布蕾巧克力完全秒到……\n后来在别的地方就找不到这么好喝的了~\n倒是那天是电影散场才去买的，过了10点了都，没有多少人。,1
13272,环境不是特别好；菜品丰富，对于想吃肉的来说，即使没有烤肉也很不错了；烤肉上的速度还可以，上满一圈之后，服务员还会经常比较主动地来问，不过最主动的是你明显已经吃完，不会再吃烤肉的时候……比金汉斯啥的强多了。不能刷卡。,1
21735,"以前的春天没有了,只有来这里做了,感觉没有以前好,而且第一次去找了很久,那个大厦一共有2栋,应该不是靠近路口的那个门,而是靠近国美电器旁边的梢小一点的门.整个大楼很破,美容师做脸也很一般,对那个仪器感觉并不熟练,她家常做的是手法还有身体护理.在做的时候还不忘推销东西.服务和效果总体感觉都没有以前好,但是因为地段比较好,好象生意还不错.",0
17434,昨天第一次到无锡吃了熙盛源，今天为了买特产又回到南禅寺，所以就吃了王兴记\n真的是对这个所谓的老字号失望透顶。。。。\n同样我和朋友还是点了干拌馄饨和小笼\n小笼，皮不仅厚，而且汤汁就两三滴吧~~~\n干拌馄饨，皮厚肉不鲜美，还吃到鸡蛋壳，我直接无语~~~\n整个体验下来，除了服务员阿姨服务态度蛮好之外，其他真的是。。。。\n以后都不会再去吃了~~~~,0
43519,刚从那边回来，停车还不错。\n龙虾好吃，不过比较贵，50或者58大份的，根本不经吃啊。烧烤的话味道比较重，烤鱼不好吃，里面完全没有味道。其他菜还点了小炒，青菜什么的，味道一般。\n里面比较吵，说话要好大声。,0
37237,不给好怎么行呢！大学四年购物都是在这个超市的。东西太偏了，没见过这么便宜的，随便出去一家都比欧尚贵。像学校的什么联华，贵死人不偿命，牛奶，洗发水都贵几元钱一瓶。\n平均每个月去一次，每次总归要一百多元的。里面的东西很全，欧尚还有自产的东西，一般情况不会买，嘿嘿，质量不好的。吃过一次他们家的口香糖，硬死了。\n五一节的时候，大促销，什么都打折，爽死了,1
19699,四合院里面的创意菜馆，朋友带着来吃的，小四合院很有风格，东边是厨房，西边是个小包间，北屋就算是大厅吧。\n菜品的分量不大，可以根据食量稍微多点一些。\n比较推荐是的粤式蔗虾，虾滑打上劲，包在甘蔗芯上，拍上点粉炸制而成，比较费工夫，在家基本上吃不到那么麻烦的菜所以可以来这里尝尝。\n干烧鱼是淮扬菜的做法，比较香，喜欢重口味的推荐尝试。\n宫保虾球是大家都喜欢的啦，宫保口味大家都喜欢，大虾球谁也抵御不了这诱惑喽~haha\n打卤面很家常，如果吃不饱来碗面正好，分量比较大。哈哈,0
7374,这里有早茶喝，经常来这里吃饭的。这里的菜的味道还不错；而且分量还比较大，以菜的分量和价钱来说，这里的价格是合理的。,1
37909,我来这里是因为网上某位美眉的妇科就医经历，所以放弃了好多家身边的医院直奔这里！\n总体来说，各个医院都是人多看病难，海淀医院也不能例外了，好在那时候周六还有半天的出诊时间，我才抓紧了机会去的！\n其实只要是妇科就一定会查TCT，但我因为太过胆小回家担心了好几天，拿到结果后才真正放心了下来！如今想象，哈哈，傻死了！\n医院都差不多，我没觉得什么特殊的地方，也不知道这医院是啥级别的，只是觉得规模不小，最起码比我熟悉的安贞医院面积大多了~,0
30961,上家公司的楼下，和同事们经常去吃。不过味道只能说还行，好像和安定门那家味道差蛮多的。不过这家优惠比较多，算是比较便宜的。环境可以。,0
21816,新开的一家汤包馆，店面在这条街算是很宽敞的，装修的也蛮干净的。和LG2个人点了1份苏式汤包，1份蟹粉小笼和1碗小馄饨。小馄饨先上，味道还行，皮不是很厚，味道适中。苏式汤包，皮子还是蛮薄的，汤汁不多，味道甜甜的是LG喜欢的口味，蟹粉小笼的味道和苏式汤包基本一样，就是多了一点点蟹粉，个人不喜欢甜味，吃多感觉有点腻味。看到有不少人点葱油拌面，下次去尝尝。,0
10444,买药选择有很多，而且药品大多都是一样的，但价格还是有很多不一样的，\n这家药店服务人员的态度很好，有什么问题她都会为你解答的，而且药也比较便宜的,1
9590,最有欧式情调的咖啡屋 \n二楼的卡座 三四楼的包间都有着迷人的异域风情 \n推荐 花式咖啡 如冰摩卡 热拿铁等等 \n纯种的咖啡豆烘焙 浓郁的香气 \n赛过星巴克,1
38409,這家店的人非常少，東西倒是都和其他的連鎖店一樣，不過可能是服務態度有問題，所以大家都不太願意來這裡。很喜歡他們家的杯子，圖案很卡通，QQ的,0
23822,超喜欢正大这家新元素，尤其喜欢在有阳光的中午坐在露天座吃brunch。他家的美式早餐好大份，有4个煎蛋，还有培根和煎肠配烤吐司。反正没有一次是全部吃完的。吃过一次意面，感觉还行。主要都是去吃brunch的。\n那里小老外、混血儿很多，都是爸爸妈妈带着来吃饭，每次去都感觉很欢乐很温馨！,1
33317,杭州的特色也有叫花鸡的吧，搜了下哪儿好吃，最先出来的是楼外楼山外山之类的，但是刚吃过又不想去那儿了，就看到有这个小店，想想在河坊街也是个小步行街就开车过去了，那边没有什么可选择的，只有这家的叫花鸡看起来还可以一点，其他的都不怎么样，就买了一个，小小的·30元个外面是泥土，然后是油纸里面是荷叶，包的满严实的，而且确实不容易凉掉，我们半个小时候再吃也很热乎的，肉非常的软，虽然鸡肉质一般但是很入味，骨头有荷叶的香味还是不错的，,0
15667,与这家店很有缘份啊~话说上次男朋友的钱包丢在这里的LOVE LOVE情侣首饰店了，当时着急的不行后来试着到总台问问，没想到那家店的值班经理把丢失信息报到总台了，简直太幸运了。体现出这里的服务人员非常敬业和热心，印象很好！\n另外APM的东西也挺全的，相对档次高一些，最重要的是——人少！很喜欢地下一层一家卖日式点心的店店，很正宗啊~,1
36888,看到点评亲们的消息，屁颠屁颠跑去新天地那，看看这个传说中的饮料，参与了他家的推广活动，转转盘，领取相同颜色的饮料1瓶，他家的这一新系列的产品，感觉时尚活力，据说正式售卖价是28块/瓶哦，服务的MM还挺热情。,0
20218,在车站旁边的店，所以生意很好\n现在都说不要喝奶茶，就换点别的喝喝，巧克力系列都是巧克力粉充的，很不值。金橘柠檬很酸，芦荟什么的好喝,1
24977,很少去游 但那里还可以 环境不错  价钱蛮贵的 。。有热水澡洗 不错哦 。。  有时候人还蛮多的、。。,0
28001,这个牌子真的是很可爱的，但是为什么仿货那么多，加上专卖的价格又是这么贵哎...一直在挣扎着呵呵，等打折再买比较划算呵呵,1
4735,星洲炒米粉还算不错啦，不很油腻又充分入味。不过鲜虾云吞面太过寡淡，不敢恭维。店内装修略显凹凸，暗暗的陈旧感，喜欢不来。,0
27699,环境布置的真的很不错 很适合情侣约会 口味个人觉得还不错 奶酪焗扇贝 烤鳗鱼 扇贝 鳗鱼寿司 鱼子酱蒸蛋这几道菜很喜欢 点了好几遍,1
15172,这是我第一次吃呷哺的地方，然后就爱上了呷哺！\n我们一堆人吃的又香又饱撑死了。呵呵！\n我当时还幼稚以为服务员对我特别好，我可以无限量的要麻酱。,1
15597,这家上海开的网上眼镜店还不错，蛮正规的，态度也好，买过好几次了。就是希望东西能再多点就好了！客服时间再长点就好了！,1
16600,"去年帮我烫了个糟糕的卷发后就没有来过了\n但总体来说这家店的造型师水平都很好,不是那种硬盘人,有些还来自香港,一周飞过来帮你减次头发,不过那个发型师的价格也很辣手\n我之前都是找tony减的,人很不错的上海大男孩,就是减来减去都是BOBO头,不过我的头型是不大好弄别的发型.哎",1
19872,快八点去的，人还是不少的，就是辣的菜我始终吃不惯，结果没几口舌头就彻底放弃了，只好狂喝水。撇开辣的不说，味道还过得去，价格也还行，比较实惠一点。,0
28900,星巴克随处可见，但感觉这家更有氛围和情调。而且离家近经常路过，没事就进去坐坐，一杯咖啡，一本杂志倒也惬意。相对于国内很多咖啡厅的那种刻意的高调，我觉得这种街头咖啡厅馆更有情趣,1
17275,票价最合理的地方了，性价比还挺高的，不像有些地方还要换卷那么带样。环境挺好的，大厅也很漂亮，话说印象城本身就是个不错的地方。,1
41026,招牌菜千万不要点，那个鸭子我吃过后再也不想吃鸭子了。想当年，我和现在的老公去吃羊羯子，便宜又好吃，现在再也没有那种美味了。,0
16144,速度暴慢 还没吃 服务员就不耐烦了 每点一轮要催 上来就是几片 等了一小时才上来点 都等饱了 再也不来了 上三文鱼慢 说要解冻,1
17288,跟朋友两个人一起去的\n两张小课桌拼一起\n好像小时候上课一样\n书包放在桌斗里\n先说环境\n装修的十分到位\n墙上的小黑板写着饮料\n还有1面都是玻璃珠的墙\n其他的小装饰\n都是小时候的玩具啊\n看着就亲切\n再说吃\n天气冷\n点了麦乳精\n1大杯子热乎乎的\n老板心细\n还特意给我了搅拌的塑料小棒子\n酸瓜干肠很开胃\n鱼香小豆腐也不错\n豆腐很脆\n酱汁裹得很浓\n还点了西兰花炒青笋\n糙米饭\n总的来说口味偏淡一些\n老板说了\n要少油少盐\n呵呵\n很喜欢那些怀旧的物件\n有机会还是会去的,1
6397,小时候总被老妈带去那里洗澡....\n记得一人是5元好像...\n居然开到现在...不知道里面是什么样子了\n倒是总在郭德纲的相声里提到它 呵呵,1
3651,周末跟老公两个人到孔乙己尚宴吃饭，奔着清蒸报宴大黄鱼去的。以前在天坛店吃过，虽然价格小贵（268元/份），但是味道不错，野生黄鱼个头也蛮大。这次去朝阳公园店主要是因为在饭桶网上打印了9折劵。\n谁知我们一进门出示了9折券之后，待268元的清蒸报宴大黄鱼端上来之后，我跟老公都明显觉得太小了。也就1斤出头的样子。不过我们也没说什么，很快就吃光了。我还问老公是不是最近冬天了，野生黄鱼快没了......\n我们吃完离开的时候发现旁边两周也点了相同的鱼，但是看起来个头要大很多，也胖很多......\n难道因为我们提前出示了9折券？我跟老公相视无语。\n决定以后再也不去朝阳公园店了。\n好多商家可能不知道——就是他们的一些小伎俩伤害了消费者，更是将消费者从此拒之门外。,0
18820,之前来过呢度好几次，但是都无发现呢间海景茶餐厅，睇过个清单好多野吃，所以好期待，提前一日预约左，晚上5点半到同BF来试吃！！！柠七同鸳鸯\n柠七几好饮，但是其实都无技术含量，就是七喜加片鲜柠檬片同咸柠檬片！\n鸳鸯就唔得啦，一饮发现我口里面有D砂糖既感觉，都未融，咦~~~~点解甘噶！睇睇，我明了，原来距是奶茶加速溶咖啡，D咖啡都未搞匀，而且一D都唔好饮，我最后都无饮赛，剩下大半杯！！\n韩式石锅咖喱猪扒饭一上来我就心林哇，甘细碗既，我BF就话，”唔是啊，几多饭啊，而且D咖喱味唔错！”我吃左啖都觉得OK啦！\n鲜茄海鲜意粉是米貌似好好吃呢，你地被距外表欺骗了，其实料都几多，好多虾仁、鱿鱼，但是我一吃落口，第一感觉就是，番茄酱味道，距落太多番茄酱啦，好难吃啊！！！其实我唔反感用番茄酱煮野吃，我自己煮番茄蛋都落番茄酱，但是吊吊味就得啦，落太多搞到个意粉好难吃！！！\n西芹百合炒牛柳是我觉得最好吃的，西芹好香、百合好吃、牛柳分量都足几新鲜，好好吃！\n最后上既两个甜品，红豆双皮奶+红豆龟苓膏，红豆双皮奶如果是5分都会被3分距，红豆唔会太甜，双皮奶无凤厨的双皮奶好吃，但是都唔会太差，龟苓膏就是加左蜂蜜，BF话好甜，but蜂蜜都是甜的啦，龟苓膏唔够苦！\n总结：呢个套餐组合真是几特别，饮料有港式风格，主食有西餐风格，炒菜当然是中菜风格，最后加个广州地道甜品！！！而且每碟都唔多唔小，但是唔适合D大食既人！如果呢个餐厅下次出团购有其他菜式吸引的，我会再考虑来试试的！,0
36232,这个店是新开的，原先好像是卖衣服的，被王记鸭给盘下来了\n我很喜欢金陵的鸭血粉丝汤\n他家的怎么说呢，可能刚入这行，吃起来并没有惊艳的感觉，虽不如老牌红皮鸭子做得好，但也不差，可以一吃的,0
24424,装修过后各方面都比以前好很多，菜量还不少，两个人得就可以点半份足够了，包厢环境也不错，厕所有点类似海底捞了。,1
38901,他们家的牛肉面没吃过。。不过他们家的牛肉卷饼是真心好吃的诶！！\n卷的饼非常脆的类~ 很香的\n里面的料非常足 也有不少肉的\n洋葱好像很多 哈哈\n非常不错的填肚子的东西哈！,1
44209,果然是应了一个“隐”字，大门也太隐蔽了，找大门都找了半天……\n师傅切三文鱼的刀工很好，使得三文鱼咀嚼起来滑而不腻、久久回味，甜虾手握寿司，简简单单的只需加一点芥末、酱油就非常美味，铁锄牛肉，大块的牛肉却烧得相当嫩，喜欢。,1
40696,去宫村是因为那里有做指甲啦...而不是去剪发哦...因为同事一直在那里做指甲...看得心痒...结果就办了张500元的8折卡...那里的几个做的很好哦...特别是小胖...每次做都要找她...哈哈..opi的也不贵...特别推荐大家去...,1
25216,"在这办了好几年的年卡了,也没什么特别好的地方,设施比较古朴吧,就是觉得是最老的温泉,水质应该是过硬的,而且毕竟价格比较实惠~~",1
28645,早就计划到这里吃，中秋节没提前定，没吃上。国庆前3、4天定到了4日。地方小，老国营店，不过在这一类店里算好的，东西放心，黄鱼老大老大的，鳝糊也一大盘（芡汁厚了，炝虎尾芡汁少些，更爽口）；翡翠虾仁颜色好，口感老一些，不够爽滑，可能是用的海虾，不是河虾。黄桥烧饼看起来不错，我没吃打包了。狮子头，忘记点蟹黄的，我吃着一般，家里老人带回去，说是非常好。买了带鱼等不少外带，5人共800多。\n老国营店老字号里，推荐这家，还有西四的砂锅居，那里等位的不得了啊~~~,1
26868,CC突然想次白斩鸡~ 起初有点吃不准营业时间~ 担心下班过去鸡卖完了~\n于是乎还是去尝试下~结果运气不错~ 最后2个鸡腿了，让我们拿下~\n后面再来人就莫有啦\n鸡还是不错的~味道可以，酱油也挺鲜的~\n鸡粥有点冷~里面撒了好多肉松一样的东西，有点奇怪~ 一般般\n鸡汁拌面~ CC没次晚饭，这个都交给她了~ 一碗都干掉啦~\n不过不知道吃的不巧，还是面条太硬没煮透~ CC吃的胃撑住鸟~~,0
32356,眉州东坡的总店，位置貌似稍有点偏，但客流倒不小。\n店内环境还不错，二楼有个很大的厅。\n这家的菜品非常棒，很多菜都喜欢吃。\n东坡肘子，东坡肉最喜欢，味道好，很过瘾。\n香肠也好吃，还有真空包装的可以外卖。\n毛血旺也不错，内容很丰富。\n各色小吃都很爱，最爱担担面。\n酸辣粉，凉粉，小笼包之类的，也都很好吃。,1
20381,"人均多少没算过啦，因为付钱人不是我= =！\n啤酒很好喝,不过似乎很贵,要100多吧\n环境呢,有点暗,本来就是酒吧的说,很幽静\n音乐很棒,但不知道是不是我不会欣赏这样的音乐,听半个小时还好,坐时间久了,有种想吐的感觉。演唱者是位黑人女士,人很可爱.很多外国人也很捧场,还会上去跳舞什么的\n老板也很好\n去小聚啊,聊天啊,都很不错",1
41798,很喜欢他们家的生鱼片。前两天跟朋友三人一起去的时候，可惜生鱼片没了，呵呵，没办法点了鸦片鱼中份，很实惠的一家，做的也很好吃，味道不错，可惜的是：那天没用日本的梅子酒，哈哈，搭配的是韩国清酒，不过还可以，混合着黄瓜和柠檬的清香，酒还是不错的，关键是清单呢。,1
4849,据说60年代就有这家店了，搬了好几个地方了。\n羊肉一点都不膻！我不吃羊肉的，被硬拖去，但是真的超乎想象。\n不好吃我都懒得上来评。推荐！,1
16263,"离家很近,所以经常和朋友去那里玩,平时人还不是很多,什么时候去都有地方,除了摆球也不需要别的服务,有时候摆球的叫不来就自己动手",1
28642,在太原街，两个人逛街的时候随便点两碗面，再来各小菜吃吃，还是不错的选择，方便的很。面还是不错的，刚吃的时候觉得一般般，配上汤就好多了。冷的时候，来一碗热乎乎的面，再喝一杯冒着热气的大麦茶，胃会觉得很满足。,0
4565,在川沙开了蛮久了\n菜式品种不多，没多大选择余地，印象最深的也就酸菜鱼了，比较入味 ，鱼肉不错，一般会再点个干锅吃吃。,0
27455,来吃下午茶，鱿鱼塔一点都不好吃，量少，盆子里啥装饰都没有，特难看…关键鱿鱼一点不新鲜的感觉，有腥味。还不如烧烤摊上的。署角一般，土豆皮都不削掉…反正就很一般，纯粹是为了找个地方坐,0
14855,点左个双人下午茶套餐68元\n3层噶甜品塔 同菜单里面嘅图真系差太远 劲唔抵\n第一层系薯条 薯角\n第二层系两个蛋糕\n第三层系 香肠同鱿鱼圈这类嘅野\n真系好少 因为系下午才就算啦\n不过环境真系唔错\n建议唔好坐露天位\n因为门口隔离系垃圾存放处,0
5636,人多，混乱，近门冷风，冶安不好，？？？？？？？？？？！！！！！！！！！！？？？？？？？？？？？？？？,0
11459,绿茶在上海新开了一家分店，据说很火，这次去杭州，四个人去完灵隐寺就回到湖滨吃午饭，到达湖滨已经下午两点多了~人还是那么多~期间因为谈笑风生还错过了已经拿到的号，尼马这叫什么事儿~~不过还好后来就让我补上了，不用拿号。\n  点评上大家对绿茶的口味没有什么好评，自然也没有什么期待，只是大家都很饿，抱着饿的时候什么都好吃的心态点了 火焰虾，馋嘴牛蛙，莲藕炖排骨汤 ，巧克力岩溶， 还点了什么绿茶招牌菜，所谓的绿茶招牌其实跟绿茶没有什么关系。吃下来感觉这个汤是真心不错，四个人一致好评。还有饮料也不错，豆浆很浓郁。感觉如果来吃下午茶会比较合适。菜的口味真心一般啦。,0
26538,总算找到一个可以安静吃饭的地方了。\n进门的时候，竟然没有人来招呼我们，不过后来自己招来了服务员，那里的服务员穿的很拉风的深红和服。\n点了鲷鱼刺身，三文鱼山药泥，鸡蛋卷，烤鳗鱼，酸章鱼，果汁\n那个烤鳗鱼有失水准，东西马马虎虎吧，不过还算清爽。\n再次赞一下她家的环境，还有名字也起得好听。\n过程当中，服务员上错一次菜。。。,0
8390,三元桥点关门半年多了，居然连个通知都没有，哪有这样做生意的，太不厚道了，由于网上没有三元桥点，只好在这里点评了。根本不把消费者放眼里。,0
25540,以前傣妹红火的时候 常和同学同事去这家店吃的\n傣妹就是图一便宜和开心 味道嘛就一般啦\n不过很喜欢他们家的淡味锅巴沾了花生酱来吃\n现在火锅吃的少了 傣妹就更加不去了~,0
34070,还是挺好的。离家也很近，感觉也挺干净的。每次吃的东东都是现做的！热乎乎的很舒服~推荐咸豆浆，萝卜丝饼，煎饺。ps外送是免费的！umm，面类不推荐，馄饨口味比较重,0
5901,很让人纠结啊，环境一点都不好，开业也才两三年吧，天花板上的架子居然掉下来了，差点砸着人，逛个商场还要冒着生命危险。。。。。。。,0
120,出差和同事来这里吃的，味道不错\n没有选火锅\n推荐烤皖鱼、藕片、青瓜、菌菇\n主食面条，配上锅底鱼汤非常鲜美\n其它烧烤也不错，不过一定要乘热吃,1
2957,经常到双榆树店吃，简单的小聚餐吃的也很满意。前两天从清华出来说聚餐，看到老招牌没想就进去了，谁知道同是一个招牌差距原来这样大。东北乱炖基本上是双榆树店的1/3，内容品种也少得可怜。之前觉得东北菜就是量大入味，结果这家是小盘子小碟儿，菜里面还经常不放盐。服务态度也是极差，应该不会再来了。,0
18386,前几个月姐给我的电影票无一个人去看的\n当时功夫熊猫正在热映\n之前的功夫熊猫一我也看相当喜欢\n这次看的3d版本的2效果相当的美轮美奂啊,1
20055,金钱豹中国龙会所这家店开了有不少时间了，\n价格还算是比较实惠的，东西味道都挺好的。\n店里的服务态度也是挺不错的。,1
35323,小店，但人还挺多，中午的时候居然有等座的。服务还行，除了上菜慢点儿，点完菜，会主动提示消毒餐具收费1元，虽然挺反感这种东西，但主动提醒的，还真是第一家。\n春饼还不错，送一小碟酱和葱丝，各种可以夹的小菜，味道不错。\n两个人吃了75，感觉对于吃春饼这件事情来说，感觉小贵，不过现在啥都涨价，这家店也算是不错了。,0
2037,"天平山最出名的就是枫叶了,不是说天平红枫甲天下嘛，每年秋天去天平山既可爬山，又可欣赏漫山的红枫，山脚下还有范仲淹的祠堂，还有可以骑马的地方",1
20998,我最喜欢吃这家的凉拌菜了，猪蹄，海带和肺片都是我的最爱，觉得比廖记棒棒鸡好吃多了。海带比较啦，猪蹄酸酸的正好，肺片我一般都只要毛肚,1
15816,和icepp，楠一起去的，味道还算不错，\nicepp喜欢这里的养生汤，少盐，很健康，\n烧味三拼的叉烧也不错，\n煲仔饭，我也喜欢，\n还吃什么来着。。。,0
36216,讲真，性价比不高。\n寿司黎讲，呢间算系贵。\n但系唔算得上有几好味。\n吃了个拉面，一般过一般。\n应该，百分之九十九，无下次。\n除非成个商场得翻佢有位咯。,0
7982,去的是高义城地下一层的1家，没有座位，都能外卖的。只买了ya kun招牌的土司尝下，面包烤得脆脆的，当中的kaya酱也很香，就是太甜了。,1
17410,N久没有吃锅贴了，家附近和公司附近做锅贴的都关门了，突然想起这里有锅贴转卖，特地开车过去吃，失望啊，这种锅贴样子奇怪，还不好吃。,0
1454,装修后第一次去，预约了位子。到那里的基本是年龄偏大的人，比较喜欢传统怀旧风格的爵士。基本上都是慕名而去的，冲着老年爵士乐队。表演时间应该是8：30-9:30吧。 他们的怀旧风格爵士乐都是些老歌，可以说是百听不厌的。虽然3个老的退休了，换了稍年轻的，可能配合不如以前那么多年的磨合，但是始终保持着这种风格，让人缅怀上世纪三十年代的风光。酒吧里有很多老外，应该多于国人。\n之后的国外的爵士乐队的演奏风格就很现代了，那个鼓手很不错，有点疯狂，其他演奏者都停了，他还在不停地打，知道把手里的棒子打飞了，还继续用另一根打。很有气氛。不过更喜欢怀旧的老年爵士乐队，可能是年纪变大的缘故吧。哈哈。,1
41703,一直觉得HELLO KITTY粉粉嫩嫩，适合大LOLI小LOLI……我们嫂是不折不扣的大LOLI，这家店就是她找到的……哈哈\n一进店就看到超大一个KITTY玩偶，比人还大。整个店充满了KITTY元素，墙上的装饰画、桌椅、摆设、食物全都是KITTY的样子，还有好多纪念品。\n我们点了三种不同味道的咖啡，味道无功无过。做成KITTY头样子的蛋糕有三层口味，真心好吃~,0
25231,烧鸭饭 盐焗鸡饭\n炒河粉\n尝试了这三个，都非常美味的说。\n其他的炒菜也想尝试 ，但是中午的话套餐比较方便。\n以后人多可以去点菜吃。,1
23206,这里算幸存者 不过倒也没什么特别之处 非常油腻 我觉得实在是不如以前了 外酥里韧的口感倒是还在 但是品相也不如以前好,0
39602,大周末加班去的，去的原因是同事看到了别的同事在微薄上的推荐。\n羊汤我是喝不出好坏的，但同去的同事都说很一般。\n凉菜上的速度极其诡异，东西都快吃完了，还欠我们一盘姜汁皮蛋。\n店伙计也完全陷入在自己的欢乐情绪里，对我们挨搭不理的。,0
19159,要选购路路通 看中一个空心福字样的款式 最后买了一个 我觉得那边的阿姨态度老不好的 像欠了她的一样 东西应该是真材实料的千足金 做工上头跟周大福比欠缺好多~~,1
40674,前几年去过几次，当时觉得牛排太美味了，肉很嫩，价位也还可以的，沙拉也还不错的，只是现在很少去了，觉得优惠也少了，也没有什么新品推出,0
26192,"跟爸妈一起吃的,觉得一般,没什么特别的,就是好停车,凉菜还行,闷酥鱼不错,宽粉,金针茹好吃,环境一般",0
25506,泡芙是我家小朋友的最爱了，买了一次给他吃，他以后就惦记上了。每次去买的时候小朋友就在旁边说快点快点，呵呵，心急了。,0
15830,罗宾森下面的超市 世纪联华 没什么特别的 挺冷清 没什么人 东西还不错 价格比较高\n来这里买过几次东西 最近去乐购的次数比较多些,0
29763,环境很好\n去过几次\n朋友很喜欢去，我觉得还可以吧\n都差不多的样子\n座位有点不舒服，总感觉窄呢\n不知道是不是我太胖了哈,1
8797,叫的外卖，服务还是可以的。8元涨到9元了。感觉他家的比游子好些，味精少，吃了嘴不干。鸭腿肉还是可以的，薄薄的，里面的东西不是很多，随便吃吃还可以,0
38556,这是我去过服务最差的一家餐厅\n我实在忍不住了\n决定要写这个点评\n华强北曼哈店\n菜单下错算了，点的餐没有上算了，食物味道不专业算了\n就连叫个服务员买单每个人都是回眸一笑而过，都以为自己是杨贵妃了\n尤其是那女店长\n埋单要个发票跟抢她她钱似的\n一下一个白眼\n简直就是一个价格稍高点的大排档\n下次绝对不会再去\n不过你本来有火气又发不出的人可以去那试试\n保证可以让你爆发个够,0
40781,第一次去是在万达闲晃的时候，被他的奶香吸引的。一直买他家的那个销售第一名还是店长推荐的，名字忘了\n就是奶酥夹蛋糕的那个。不过他们家的华夫饼不太好吃,1
22436,哈，每次来都会看到一桌外国人。恩，很干净的店堂。收银什么的都管理得比较好，有电子屏。收银长得像汉族的，烧菜的师傅们都像少数民族的，总之大家分工也很明确，管理得不错。\n来了无数次了，每次来换一个品种吃吃，爱死这家店了。\n【新疆拌面】￥12不错，酱料很足，肉很鲜香，蔬菜很鲜脆，里面还有放白木耳跟黑木耳。\n【牛肉拉面】￥6经典款，汤很鲜美，肉很嫩很多，面很劲道。\n【孜然牛肉拌面】￥12孜然味道恰到好处，牛肉合着洋葱清炒，勾芡的汤水淋到饭里简直美味极了。\n【三片蛋炒饭】￥12又是一款热推的菜，青椒片、笋片、肉片红烧炒在一起，味道很棒。再加上下面放的是蛋炒饭，味觉都要来不及享受这美味了。\n【鱼香鸡丝蛋炒饭】￥12鸡丝相比他家的牛肉而言有点老，无功无过的一款。\n【三丝拌面】￥9所谓三丝就是土豆丝、青椒丝、肉丝。清炒的，有点干，略次一等。显然他家的东西跟价格成正比。\n【蚝油牛肉盖浇饭】很好吃！不解释。\n【牛肉夹饼】￥7饼很薄脆香，牛肉就是那种放拉面里的白切肉，饼超大，里面夹的肉也很多，还有香菜，加上酱料，美味一重接一重。\n【宫保鸡丁盖浇饭】￥12可能他家鸡肉款的做的都有点干吧，鸡肉不及牛肉能，无功无过。\n【两面黄】￥14所谓两面黄就是炸面条，很松脆，好像在吃麻油馓子。上面浇头是豆干、卷心菜丝、肉丝、黑木耳，味道很棒。\n【小盘鸡】￥25小盘量就已经够多了，很给力！底层还铺了刀削面，非***道好吃。美中不足的是鸡肉中混杂着羊肉的味道，对于不食羊肉的而言略带骚味。\n【笋丝鸡丝拌面】￥10竟然是白烧的一道菜，以为是红烧的呢。味道还是不错的啦，蛮清淡的。\n【牛肉炒面片】￥15点单的时候收银姐姐就说面片会稍微慢一点，要等一会儿。等就等吧，想好了要吃这个了。浇头其实就是跟新疆拌面一个款式的，面片很劲道，非常好吃！\n【辣子鸡块拌面】￥11原来这辣子鸡块不是我所知道的辣子鸡块，就是一般的鸡块，加青椒红椒辣椒一起烧一烧，不过好吃还是很好吃的啦。,1
27646,青岛的朋友带我们去了著名的海鲜一条街。\n晚上很热闹，原浆啤是特色，对面就是青岛啤酒厂，现酿现卖的。说是第一道发酵，口味清淡。可对于滴酒不沾的我来讲，算高浓度的了。说是像白水一样，可我觉得还是蛮冲的噢。\n“排挡”乐队会在各桌之间跑场，他们还会互相飙歌，有时觉得太吵了，但还蛮有趣的。\n其实那些海鲜上海都有，沿海城市的做法都差不多。就是大排档，也说不出味道有多好。就是名气大，冲着就去了。\n我们一桌8人，由一位SGS的重量级买单。呵呵，谢谢。,0
29903,朝外soho真是太冷落了，不过喜欢清静的再合适不过了，本来是奔另一家去的~结果周末不开门~可见人气惨淡。。。于是转战于此，吃的感觉一般般~不过主要目的是聊天玩牌~哈哈~人少就是好啊~成专场了~感觉不错,1
42269,还没开业就在小区门口办了卡，但是开业后一直没去购物。为什么捏？因为我们这里没有到那里的公交车，还因为到现在也没见到一辆这家超市的班车，前不久给这家超市打个电话，问有没有到我们小区的班车？回答：有。我又问班车间隔多长时间？回答：三小时一趟。我晕~~~间隔时间这么长，反正我是不会去的了~~~那卡只好留做纪念喽~~~不过听这家工作人员说，班车的车次可能要改了，还不知怎么改呢~~~好在我们小区门口经常有乐购、家乐福、易初莲花的购物车~~~也就无所谓啦~~~,0
41705,"今天去了N年都没去过的香港名店街,主要就是冲着come buy来的,网上看着评价都不错的样子嘛!香港名店街变化不大,除了南梦宫那里,现在的游艺机比之前的要好太多了,火暴的人气就说明了问题,下次一定过去玩次额.言归正传,come buy的奶茶品种很多,包装也蛮好看,要了北海道奶茶,味道不错,价钱也不贵,店员服务也不错,下次会再去喝其他味道的!",1
11115,这家百佳也是常去的，恒宝的二楼，也算大了，只是感觉每次去都不会买什么，因为这里是商业区啊，主要都是服饰类的消费了，超市来了主要就是买点水和吃的，所以真是不知道该怎么说这家超市呢。\n  烘焙类的面包之类也买过不少，觉得不错，价位比较合理，经常还有特价。比其他超市的面包标价就要便宜些，所以喜欢这里的面包。还有天然磨的豆浆也很不错，推荐。,1
38133,最近因为怀孕了　要找建大卡的医院　所以特别跑去 虹口区妇幼保健院看看．医院在一条小马路里跑进去感觉比较简陋的样子，听说现在承包了变私立的，费用一下子贵了好多．其他的医院是建好大卡一个月左右检查，这家医院是三周检查一次　，对于我这种懒人来说　，太麻烦了,0
11900,这家的巴比馒头还算正宗 虽然汤水不是多 个头不是很大 肉还是不错的\n肉包一元一个 一般两个可以饱了 再加杯豆浆 一顿早餐就搞定咯,1
46,没什么特色菜品，没有特点，环境一般。\n其实也没有什么不好德。\n但是总体感觉就是没什么可以吸引我去第二次得。\n牛排真的很一般,0
20209,是朋友推荐去的，位置比较好找。看到两岸咖啡就找到了。上菜速度奇慢。让我们一桌的人等很久。都是海鲜和农家菜，蔡量很少，花雕鸡味道不错。,0
40063,每次去上海城隍庙两样必点------三四春卷和酒酿圆子，一个香酥可口一个酒香扑鼻，一干一湿搭配正好。\n这里的面和饭比较鸡肋，叉烧包里的叉烧不够香，豆浆一般。\n虽说打着上海小吃的称号，离正宗的还是颇远。\n学生夜宵或者随便吃点儿，还是蛮划算的，口味上也不作过多要求了，毕竟价位在那里。,0
16992,地方挺大的 装修的也还行 菜价也跟着走高 基本都是五十几以上的菜 虾饺皇挺好 虾挺大的 牛仔骨有点老 榴莲酥端上来还热的 挺入味的,0
746,雷到我了。。。。。其他的也许麻麻，但吃到濑粉，就真是雷到我了。\n沙爹牛肉濑粉，牛肉其实很美味的，也很嫩，但那濑粉。。。又粗又硬又透明，像在吃胶一样。。。。。\n喂，是不是真的是塑料啊！！！！！！？？？？？\n吃下去几口，肚子感觉开始不舒服了（可能心理作用也。。。），硬硬的顶在胃那里。。。。。。。好恐怖啊。。。。。。。。\n第一次吃到这种濑粉，就是传说中有塑料成分的粉啊！！？？？？？？？？ \n然后奶茶，为何直接用塑料杯装呢？,0
19786,因为这家店的名字比较好玩~！所以就去吃了一吃~！推荐一下皮蛋瘦肉粥和菜粥~！我认为挺好喝的哦~不过我觉得这里的环境和服务水平都应该再提高一个档次才行~！,0
38905,很喜欢的一家日式简餐店，以前经常去人民广场的那家\n上次无意当中发现公司附近也有一家，蛮好蛮好~~\n和老公一起去吃的，饭点时候人蛮多的，\n这家店开的比较隐秘，\n店里还有日本客人，服务业蛮好的，\n上菜的速度也很快，当然啦，东西也很好吃的~~,1
13553,和cc一起去的\n中午，11点到的时候人还不是很多\n没想到这家店是2层的，上楼转角处还在装修，貌似装成收银台的样子\n洗手间在2楼收银台后面，有点难找、有点小\n点了扇子骨砂锅，料不少，5块扇子骨，软骨，甜玉米，还有类似面筋的、里面包着粉丝蔬菜的食品，黑木耳有很多，可是味道不好，我们最后都在怀疑这个锅子是不是产木耳的，哈哈哈\n和cc吃火锅怎么能少了金针菇呢，所以，我们又点了金针菇、娃娃菜、冻豆腐、猪脑\n接近12点以后，人慢慢的多起来了，大家都吃的很欢\n看了下菜单，锅底有很多种：筒骨、扇子骨、三鲜、鸡肉，还有一个新款的番茄鸡仔锅\n天冷，看着锅子咕嘟咕嘟的冒热气，感觉很好,0
18534,以前学校的文艺晚会就那边开的，去过很多去，连我的毕业典礼都是在杭州剧院。剧院有两层楼，不能说很大，只能说中档。环境也不错，就是设备有点旧了,1
25049,环境完全可以无视，只为能充饥而已，每家的味道都很一般，除了方便没有任何优势，但一条街对面有一家鸡汤米线还是相当GOOD的，价格很便宜，味道也很好，尤其是里面的香干丁，虽然数量很随机，可觉得值得一试。,0
7055,对HM的印象一直还不错。\n因为他们店铺够大，楼上好几层呢。\nHM的衣服款式还算挺不错的，但是衣服的质量比较一般，不是很实在的那种。\n男朋友比较喜欢去HM买衣服，所以经常去那里逛的。\n我没在HM买过什么东西。\n这家HM是上海最早开的HM店了，地段是非常好的一家，淮海中路上。\n后来旁边开了CA，感觉生意被抢走了不少。,1
35268,还可以啦因为水土不同，想吃到家的味道是不可能了，不过羊肉粉丝汤很好喝，其它的都还可以吧夹馍也很好吃，环境还是很西北的,0
32447,我们现在称之为社区食堂，\n一到饭点那个排队景象是蔚为壮观，\n有着可与洋快餐媲美的硬件环境--明亮洁净，\n最喜欢的是麻婆豆腐1元，烂糊肉丝4元，凉拌金针菇豆牙1元。。。\n菜的口味比较大众，随便吃吃家常菜也是挺好，\n缺点是，8元的整鱼总是差强人意，要不就是海鱼过腥，要不就是鲫鱼不新鲜。。\n6元--8元的红烧菜也会一般，要不就像剩菜要不就是酱油和盐过了头很咸，\n6元的鸡汤也不好，明显的味精味，不值。。\n总之，开在小区作为家庭食堂，确实方便与民众，\n支持中式快餐，希望类似的快餐会在祖国各处遍地开花，\n不要再MC、KFC一统天下。。。,1
25718,听朋友说，这家24小时营业\n晚上饿了去吃了。发现蛮贵的\n几片一盘的香肠20元，一盘拌鸡胗20元，一个榴莲酥，一个咸鸭蛋，两碗粥，一碗皮蛋粥，一碗黑米粥\n80元\n感觉比陶公馆贵。但环境又一般\n味道也一般,0
19418,"好小的银行,陪老公去汇款,不然还真不知道家附近还有中国银行呢!哈哈!实在是我不太喜欢银行!老很多人排队,看着就烦人!这么烦人的事情通常交给老公去做!哈哈!那天去汇款看见老外很多,老公说中国银行主要做境外的业务,难怪了!我是不懂这些啦!反正就感觉小小的,没有一般银行的气魄!",0
21114,人真是多，好在我们几个早一步进去，不然非排队排死。东西很好吃，超喜欢酸酸辣辣的凤爪，飞饼也好吃，期间还有服务员推荐特价菜，真是划算啊，哈哈,1
39755,家里人说要过年了，过去买一点海鲜，囤着过年吃。结果开了车兴冲冲的过去。地方很大，招牌醒目，不会找不到。\n车上还坐着邻居的老阿姨，于是开始算计了，这个不划算，那个不新鲜，结果...就买了两条鲳鱼，三包虾仁...老婆要吃的乌贼，蟹都没有买...\n个人感觉那里还是不错的，东西品种多，可以货比三家，来着逛一圈，一顿大餐都有了，当然一份价格一分货。,0
30336,吃过2家店的，环境都比较一般，烟雾缭绕，服务员的态度也一般。\n进门就闻到浓浓的香味，一种香料的味道。\n焖锅有很多种，我们5个人要了鲶鱼锅和鸡翅的。服务员先在锅底刷一层牛油之后，铺上辅料，红薯，芹菜，大蒜，胡萝卜之类，尤其喜欢红薯，经常都会再点一份，加进去一起焖，再铺上鱼，先焖一段时间，等到快熟的时候，再加上浓浓的酱料，再焖一段时间，就可以吃了！我感觉有点像家常烩菜的意思，有菜有肉有汁，咕嘟的一锅，光闻闻就觉得很香。鱼有2斤多，肉质鲜嫩，有种入口即化的感觉。鸡翅不容易熟，多焖一会，很嫩。酱香味道很浓，真不愧是秘制酱汁，很独特。焖的时间越长，越入味，也越咸。开始吃的时候可能会觉得有点淡。里面的土豆胡萝卜红薯，焖的软软烂烂的，味道都进去了，越吃味道就越重。最后一定再要一份泡饼，泡饼的确很好吃，汤汁都渗透到饼中，让人欲罢不能，焖锅的东西吃的差不多，可以叫服务员在锅里加汤，一锅两吃，再吃涮锅。不过说实话，这种味道确实是有点特色，但是一个锅无论什么原料，都是一种味道，吃到后来已经很腻了，什么都吃不出好来了，偶尔吃一次还不错。,0
18060,两个人吃了接近400块钱，可能那个多宝鱼比较贵些吧，木瓜汁59元，很好喝，很纯。榴莲酥，好吃呀。极品蛰头，也不错。还算值得推荐，就是中午的时候太吵了。,1
7694,价格作为工作餐的话不算便宜。因为离单位较近，有时候来这里吃骨汤面。饭点有时候没地方坐，骨汤面汤的味道还可以。算是较为浓郁的那种。,1
8647,"因为今天要跟同学早上坐京津城际去天津办事情 所以昨天特意上点评查了下吃中午饭的地方 要离火车站不远 分数又要不低 还不能是快餐 这可不好找啊 选了几家 最终确定来这试试\n地方不难找 皇宫饭店对面 就是门口是单行线 司机师傅还特意兜了一下送我们到门口 到那刚11:40 门口没有领位员 我们还以为没开门呢 不过进去后就有服务员带了 此时只有一桌客人 我们两个人 服务员请我们上二楼 我很诧异这家店的桌椅摆放 大厅不小 但只摆了几桌 桌间距巨大无比 看来老板心里十分有数 靠的不是数量 而是质量\n2人桌在二楼的过道 再往里是几个开放式包间\n开始点菜 照点评网的推荐 点了黑蒜子牛肉粒 麻辣叉烧鸡翅 软炸虾仁 两碗米饭 白开水\n其实一开始点的酱爆核桃仁鸡丁 后来想想还是想吃虾仁 就换了 赶紧叫服务员 还好可以换 谢谢 餐厅上菜速度还可以\n首先,黑蒜子牛肉粒 30多米,分量实足,牛肉很嫩,首先是甜咸味,之后会感受到蒜味,最后是黑椒的味道,蒜一瓣一瓣的也很香,就是吃多了会上火,不好消化,嘿嘿 推荐\n麻辣叉烧鸡翅 30多米,超级推荐!太惊艳了!一开始没有什么特别的期待,但当你吃第一口就会感举很满足,第一口很脆 酸甜味,之后会感到有些辣 但很适中,最后是麻椒的香味 很赞!这道菜选用的都是翅中,应该是先裹面粉炸过,之后放辣椒和麻椒炒得,以前没有吃过这种做法的鸡翅 很喜欢！性价比很高\n最后是软炸虾仁 42元好像 虾仁很饱满 比北京很多地方都好 虽说是炸过的 但一点不腻 沾椒盐吃味道刚刚好\n还有很多菜想偿偿 但人少 吃不了 只能留在下次尝试了\n结账 一共114元 人均57元以这口味算可以了 \n吃饭过程中来了不少食客 很多都是预定的 看来人气和口碑都不错 推荐 下次有机会还会来的",1
35051,咖啡很好喝\n夜景很好，可以看见霓虹灯下的国际博览中心和摩天轮\n靠窗而坐，点上一杯咖啡， 很惬意， \n看电影等待的时候和看电影后来这里坐会都是很好的选择\n看电影的时候外卖也不错,1
24039,非常大爱的斗香园，小笼是很美味啊，连续第二周来到嘉里中心，很多店都还没有开张，这个好像上菜有点慢，但是服务员态度还不错。推荐可爱的猪排，小笼还有婆婆葱油饼，芝麻糊感觉和南方芝麻糊差不多。豆浆一般般。下次继续。,1
18894,今天妹妹过生日，为了方便就选在这里了，可是这里的环境真的很差，生意也较为冷清，除了些包房有食客，大堂里的服务员比客人还要多。价格不算便宜，菜却很一般，没有性价比可言。一个凉瓜排骨汤就要58元，汤里没有什么东西，觉得很不值，吃了一千多元没有什么印象深刻的菜，总之以后不会再去了。,0
16973,来吃烧鹅的，下了公交车就看到了发记。吃完了无论如何都要打包两样东西啊。\n杨枝甘露是招牌，老公喜欢芒果布丁，就这两样吧。\n可惜，那天回了酒店后，肚子里的烧鹅和海鲜都没消化完，甜品放在冰箱里，做了第二天的早饭。不过味道真的很好。香港的芒果真是一流的甜，而且切的块好大好大，布丁滑嫩，杨枝甘露略有点苦涩的柚子颗粒中和了芒果的甜腻，让这个甜品非常爽口。不愧是老字号！\n对了，甜品外卖要多收1元打包的。,1
30555,看了大家的推荐去的\n大冬天吃起来特别有感觉\n热气羊肉是名不虚传的啊\n冒着流鼻血的危险 吃了好多好多\n朋友推荐羊蝎子锅 藕片和丸子\n个人觉得藕片很好吃哦\n很新鲜\n推荐一下,1
10379,购物环境不错，很方便，一般都是买一些零食什么的，所以不用像大超市那样排长队，有些东西超市没得卖，比如玻璃瓶装的星巴克咖啡，很喜欢。,1
39929,上次和朋友去南市 \n看不少人排队 所以也凑凑热闹\n买的都是素馅包子\n口味很一般  没有什么特殊的感觉\n不知大家为何抢购 应该价位的原因吧\n比二姑包子差很多喔\n包装袋感觉不错 有些老字号的味道,0
34174,平时去香港都会饮，价格相差不大，今日经过江南西打包左绿茶奶盖（乌龙）14蚊杯和珍珠奶茶12蚊杯，店员打包好左，我拿的时候把珍珠奶茶掉在地上，心想，没得喝了，收银的靓仔马上就话再重新整个杯比我，服务态度很好，不会因为洒一地而态度不好，我会继续帮衬\n绿茶奶盖（乌龙）正常甜度，上面奶下面茶，分层，不会“漏”，味道清新，层层不同味，好有层次感，小小咸小小甜,1
1795,什么时候吃的给忘了，现在才想起点评；我觉得这是国产披萨品牌里做得最好的一家了，价位也合适，不会比外来品牌差多少，整体觉得还真不错，下回还会去尝尝,1
36796,经常去的地方，金源本身可以逛可以吃饭，顺便看看电影挺好哒\n上午去比较值，可以半价\n当时看哈6和哈7的首映，觉得自己好幸福呀\n环境什么的都不错，音效也不错\n就是有时候电影中间间隔微久= =,1
23577,逛淮海路路过那边，一直看到介绍他家的松茸月饼，都没机会去吃，正好看到有，就买两个。\n热乎乎的月饼在天冷的时候拿在手上真舒服。\n咬一口，皮很软，不像其他鲜肉的月饼，干干的，还有汤汁溢出来，吃了这么多年的鲜肉月饼还是头一次碰到，那个赞啊。\n不过可能不喜欢吃油的可能会觉得有点油，我觉得刚好，大爱，吃到现在最好吃的鲜肉月饼了。\n结果等我第二次路过想买的时候居然说么有，要等半小时，唉，下回接着吃，再试试他家的鲜肉的，不知道怎么样。\n和这个一比，那个什么老大房直接无视，差远了。,1
38874,"同事之前去吃过,说是味道不错,今天去了,那个失望噢…叫了2份十三香微辣,结果没吃出香味,就吃甜味。而且小龙虾还吃到2个臭的,1个貌似是死了很久的。同事说他吃出了骚嘎嘎滴米道,,,唉,,,唯一好吃的是叫的点心炸馒头和麻将粉皮。那个馒头外脆里嫩,粘着炼乳,哈嗲",0
26334,就在共和新路临汾路口\n交通很方便\n楼下位置不多   二楼蛮大的\n加上在马路边上风景也不错\n安静的坐在玻璃旁的位置边吃边看着窗外偶尔发会小呆也不错\n它家的外送服务很好速度很快\n唯一的缺点里面没有厕所\n特爱：热巧克力 奶昔 薯条 麦乐鸡 麦辣鸡翅 麦辣汉堡,1
6947,很早以前经常挂在上面，30分钟刷一次，就有一个积分，还可以换东西，以前在学校的时候还会送到学校来的，但是时间间隔比较久，现在就不怎么上了，里面可以换的东西不是很多,1
16823,我这里的价格包括：28元的企鹅冰雪狂欢节周末票团购+50元的3分钟企鹅近距离接触+2元的陶然亭公园门票=80元\n在糯米上团购的极地企鹅冰雪狂欢节（周末票28/平日票19），上周六就去了。\n极地企鹅冰雪狂欢节在陶然亭公园的南门的一个湖里，现在改造成小型的雪世界了。里面有雪上飞碟（就是可以往下滑的雪滑梯），还有雪上悠波球等等，不过这些项目全部都是单花钱的，价格也不便宜，28元的团购只包括一个企鹅冰雪节的一个入门票，当然，进入陶然亭公园，还得单花2元的陶然亭公园门票。\n真正体会到了广告宣传的效果了：之前看团购里面的照片，尤其我看了团购介绍里面有张宣传照片体现的是几只企鹅在中间走，人在旁边蹲着开心的笑的时候，我还真以为企鹅就在雪场上能肆意走动呢，结果才发现宣传和实际的差距是如此之大，很多宣传照里面的内容到现场才发现很多也并不是陶然亭拍的。而真正在陶然亭的企鹅区域特别的小，在整个企鹅冰雪狂欢节的区域里面，只是一个一不留神就容易走过的一个不太起眼的角落里，还是个圈养的空间，大概也就有个50-60平方米的区域吧，四周用两层的围栏围起来。团购的28元，其实只能在围栏外面扒着栅栏看，而拍照的效果，也只能是栅栏+企鹅的圈养效果，跟在动物园看效果差不太多，如果按照原价50的话，那就更加不值了。但是，如果想近距离接触企鹅的话，那您得再额外再花上50元，以家庭为单位进入栅栏内，而且就限时3分钟。进去后可赠一张即拍即得的照片外，还可以在栅栏内给企鹅任意拍照，但不能触摸，企鹅对生人也是要啄人的。我们是进去了，跟赶场似的。\n总体感觉，28的团购价格感觉不值的，比预期的挺大差距的。,0
30174,我弟弟很喜欢NIKE品牌的鞋，正好他大学考好，我带他去逛一下，鞋子款式很多，最主要的是要有大码的鞋子，我弟弟脚太大了，一定要穿欧版的鞋,1
12786,新店，装修的还可以了，貌似没有边上的店人气足。人说天上龙肉，地下驴肉，吃过了，就这样。驴肉干锅，味道还可以，就是我实在吃不出牛肉和驴肉的区别，发现以后得吃清淡点的，估计就能吃出原味来，呵呵。鱼头味道一般，价格也是42好像，手撕包菜，18块的价格还算可以，还有两个菜忘记了，个人感觉就是农家菜，但是这家服务比边上那家好多了,0
14674,听朋友说这里的味道不错，今天和老公刚好路过就进来试试。人很多，我们到得时候没有空位子在门口的椅子上等了大约十五分钟，才排到位置。叫了一个干锅虾和干锅牛蛙，外加一份酸梅汁。菜上的不慢，服务也比较热情味道真的不错，感觉没有白来等的也值得。呵呵以后会常来关顾的,1
37382,纯正的清真口味，牛羊肉很纯正。菜码大，价格便宜，吃起来非常爽！烤羊排，大盘鸡，干煸茧蛹，铁板鲈鱼，馕，麻辣牛筋，……都非常好吃！老板还送了红酒醉雪梨，很贴心，很好吃！,1
17701,大牌聚集地，很少去消费，商务采购时去过，还有就是化妆品柜台可以光顾。在里面的Tiffany专柜买过一个钥匙扣，好像Tiffany在天津就这么一家店。,1
18960,很早就想去他家看电影了，听说他们家的屏幕是特别先进的。我看的是2d的影片，所以没有体会到有什么特别。\n很喜欢他们家的座椅，非常的软，很舒服，就是空调打的太低了，好冷哦。 \n他家电影票还是挺便宜的，还有套餐也不贵。,1
4245,就餐在二楼，一进门都怀疑这是吃饭的餐馆嘛\n点的火锅吃。菜量不大，但味道都很好。锅底点的什么菌类防辐射锅底，没吃出好吃。\n值得一提的是这里的环境和服务。服务超级热情，去洗手间都有人给你递纸巾擦手，服务员反映也很快。对对对，这里能免费美甲，但指甲油的质量不怎么样，涂完之后里面有小气泡。\n这吃饭不便宜，最近新开业，酸梅汤和啤酒是免费,0
17282,差差差差差，等了两小时，也没把东西上齐。环境又乱，肉上的又慢，关键是每次量还特小，味道就那么回事吧，吃顿饭基本都是在等待中。不会再去了！,0
22346,刚开业时吃面八折，点了个素的刀削面，还有条炖鱼，很小一条，不过味道很好呢，喜欢吃刀削面，很劲道，就是后来有点咸，又要了碗面汤，结果等半天菜端上来。服务员有点木,1
40099,很像日本的居酒屋一样的店，摆设什么都很有日本特色\n三文鱼还算新鲜\n吃自助比较各算\n我们没有吃自助\n才点了一个牛肉火锅，一个寿司拼盘，一个三文鱼刺身，一瓶清酒，就280了\n单点比较贵了\nPS：老娘长的很漂亮，哈哈,1
18293,吃小日本的料理，那确实是吃一个精致\n咸菜都恨不得一根一根给你排放整齐，其他的更不必说\n江南菜系的风格好像就是如此\n至于口味，跟其他日本料理没啥差别，好像里边的烤肉不错,1
9104,這是在美奈的第一頓午飯，sinh cafe的終點站自然是自家的mui ne resort，就是sinh cafe旁。其實我們可以早點下車的，因為在藩切去美奈會先經過sea links。雖然不會送我們到達酒店門口(因為我們的酒店在山坡上)，不過我們可以在附近的酒店下車，再打車去我們的酒店，那麼打車應該也就RMB幾塊搞定。\n我功課沒做好，心想就在sinh cafe那邊下車好了，看看有什麼餐廳吃好才回酒店，其實下車那邊也沒有很多餐廳可以選擇，那就隨便在sinh的mui ne resort吃頓飯好了。\n如果你是想經濟遊美奈，可以玩得很便宜的，在胡志明sinh cafe買3天2夜的美奈套票，包來回車票，住的是自家的mui ne resort，2星標準，也有一個小泳池和在海邊的，包早午晚3餐再包第二天半天的白沙丘、黃沙丘和漁村的half day tour，每人只需5百多就搞定，超級便宜。不過因為不想在住宿方便有任何不滿，難得來一次，所以不會考慮了。\n來這裡吃飯，服務員都會問你拿ticket，當然我們是沒有的，那就單點。\n點了一份咖哩炒飯、豬排飯、炸春卷、椰子沙冰和冰咖啡。炸春卷味道不錯，越南很多地方的米紙炸春卷都很好吃。炒飯和豬排飯也就隨便吃吃水準。椰子沙冰味道不錯，咖啡好喝，就是份量太少，沒幾口就喝完。,0
1006,算是离家比较方便的数码商场了，家里的机箱啊，什么小的数码产品都是这里的，LG有时会来看看的，但是要懂行的才行，顺便逛逛五角场,0
25217,和同学2个人去的 \n鱼都蛮大的 点的是烤鲶鱼 中辣 吃上去不怎么辣 烤的蛮好很香\n现在有满3斤减一斤的活动\n两个人吃了一条3斤7两的 撑四了 \n其实就一条鱼就足够了 还点了点蔬菜 羊肉\n羊肉不好吃 没有羊肉味的\n总之随便吃吃的一个地方,0
4611,离应用物理中心较近的涮羊肉……味道真的不错……分量也很足……\n羊肉一来一大盘……真实诚……\n味道还行吧，好像跟其他涮羊肉差不多……\n就是没什么特色……,1
26285,好不容易找到了，五个人要了两条金樽、两条虹鳟。金樽生鱼片，虹鳟烧烤。生鱼片不错，但烧烤虹鳟有一条烤的不太熟，懒得再加工了，没吃完。菜团子有点咸了，否则会多吃点。,1
6955,开了很久的小店了，好像从我小时候就有。\n烧卖很好吃，地道，一顿能吃两屉呵呵，其他的就是一些家常菜了。\n价格很合理，味道也很好，东西实惠老板也比较实在。,0
36843,行过比较闻名的婆婆面，坐低就梗系黎碗云吞面啦，但系……麻麻地咯，唔知系咪因为系分店既关系，D云吞好麻麻，对唔住个价钱咯。得闲要去吃总店的，呢D店铺既分店还是靠唔住……,0
7895,我家旁边哦，很不错滴，正宗哦，很多菜都不错的，每次能吃2碗饭，哈哈，但服务确实一般，价格也适中吧，像这样的湘菜店也不多呀。,1
43423,价格是自带酒水哈~~店里赠送 免费 豆浆 \n我们都是吃黑鱼 25一斤 草鱼18 \n味道超好~~常常去 我们住的在市区 开到东丽要半小时吧 但是还是常常去呢 一般根据季节不同都赠你若干凉菜 水果 或者素菜 让你吃完涮菜吃~~,1
31278,服务员都是40多岁的阿姨，态度特别好，我跟男朋友一起去的，一人一个主食，服务员推荐的小吃拼盘，2杯饮料，一个彩虹仙草烧，最喜欢彩虹仙草烧。超100了，阿姨说你办个卡，还能打折，多好。~\n每次路过的时候，我都想来一个彩虹仙草烧，，虽然不像图中画的那个大，但还是挺好吃的~~,1
18688,店不大，装修得挺有风格，大大的桌子，宽敞舒适的椅子，透着股美式范儿。个人感觉价格比必胜客略贵，菜品、优惠活动也没有必胜客丰富多样；刷交通银行信用卡九折，拿中影电影票根八五折。味道还好，馅料很足，推荐“超级棒约翰”披萨。,1
29163,6月26日，江桥新开的sasa，好像商品比刚来上海的时候丰富很多。有些外面买不到的东西。现在超过80元打折。买了两瓶指甲油55元。一瓶35元，suki的。颜色很漂亮。,0
13001,我住普陀，除了亚新和我格，也比较喜欢来大宁逛逛，交通很方便，乘876一部车就过来了。\n这里也是个丰富的SHOPPING MALL，几乎什么都全了。\n节假日人也很多，广场经常有活动，音响声音响的来。,1
12509,离单位近，搞活动总是一年要来几次，音响效果还是不错，价格麽也是较贵的。老了老了，总是觉得KTV太吵不适合自己。,1
16084,不同于小杨生煎、大和生煎的风格，比较干，像北方的煎包子。千张粉丝汤味道非常好非常纯，值得一试啊！其他的写不出了凑字数,1
10369,国家级的最高学府，中国领导人的摇篮！\n地方太大了，还好有出租自行车的，节省不少体力！\n给孩子加强教育，从小树立学习目标，其实是给孩子压力！,1
32600,【缘由】\n春节期间朋友去厦门游玩，带回的赵小姐店的馅饼。后在一次聚会上遇到其它朋友更是推荐MISS ZHAO'S CAKE是一家小资和浪漫的美食店。\n【解读】\n一款好的美食，离不开故事的包装，带着朋友们的介绍，我一点点从拆饼盒开始解读赵小姐的店。\n〖文字〗\n在每个饼盒子的左侧，都清晰地印有以下中英文的这段话：\n——怀念我的祖母\n——纪念儿时的鼓浪屿\n——The sweet of cookie\n——The smile of grandma\n从中不难理解开店的用意，和浓浓的亲情与思乡情。\n〖照片〗\n在每个饼盒子的右侧，印有一张古朴且井然有序的店面一角的照片，看着纸皮上照片的效果，不禁令人产生了回忆的味道。（可以说店主很怀旧，也很有心思。）\n【店名】\n这里的赵小姐其实就是话里的祖母，开店是赵小姐的孙女：陈女士。\n【品评】\n一个考究的拎袋里有四种口味的礼盒包装，每个口味的礼盒里有12个馅饼。分别是：〖蜜柚馅饼〗、〖绿豆馅饼〗、〖红豆馅饼〗、〖凤梨酥〗，每种口味配合材料的不同各有千秋，薄软饼皮，酥脆硬皮，细腻内馅，层层组合，口感不油腻，那绵密的咀嚼香醇，加上赵小姐店的回忆味，在午后泡上一杯花茶，坐在家里的客厅，忍不住就会去找本小说品读，一口一个品味馅饼，时光如此美好。\n下次我去厦门的时候，有机会一定要亲自去它家的实体店里小资一番，感受一下所谓的浪漫端庄。\n【感悟】\n美食的吸引有时候除了其美味本身，也不乏有一段背后的渊源故事，它们同样都很“美”，有着动人心玄和味蕾的魅力。,1
8596,爱尚辣烤鱼麻辣香锅(苏州桥店)，地址位于海淀区万泉庄路28号万柳新贵大厦斜对面(近万柳东路)，在万柳新贵大厦的东北方向。\n该店的环境对于烤鱼店来说，算不错的了，新开不久的店，食客还不少。\n我们在一个半开放的包间内，10个人，稍显拥挤些，隔壁还有一个包间。\n今天的菜品如下：\n麻辣香锅：配菜魔芋丝，娃娃菜，金针菇，豆皮，青笋，青虾，藕，排骨，虾丸。\n麻辣香锅离我比较远，吃的不多，只吃到了虾、虾丸和豆腐皮，不算啦，用的油感觉不多，相信比油多的要健康一些，味道上中规中矩，麻辣口儿的大众味道。\n烤鱼：2条\n香辣烤清江鱼：（2斤半以上）配菜：木耳，青笋条，鲜豆皮，藕条\n清江鱼是烤鱼里面常采用的，味美刺少，一般比草鱼和鲶鱼要贵一些，刺少于草鱼，肉不像鲶鱼那般肥，香辣的程度也轻些，适合大众口儿，鱼挺新鲜的，建议腌上半个钟头，在下面烤半个钟头再拿上来，这样食客吃的时候，就已经是比较入味儿的程度了。\n豆豉烤草鱼：（2斤半以上）配菜：金针菇，青笋，豆皮，鸭血\n豆豉味儿的很考验豆豉的香，这家店的豆豉中规中矩，烤鱼的烤制程度需要在桌上再烤一会儿，这样才能融入豆豉的香，风卷残云就尝不出豆豉融入鱼肉中的香味了。\n凉菜：香椿苗黑豆腐丝，爽口笋丝，三色豆皮卷。\n香椿苗黑豆腐丝口感清爽，是佐鱼的一道好凉菜，且黑豆腐丝和香椿都是健康的代表作。\n主食：金银馒头+家常饼\n馒头有些硬，口感稍差了些。\n饮料：酸梅汤\n酸梅汤过甜，从味道上来说也不是自己熬制的那种，应该是冲调出来的，口感不是我喜欢的类型。\n综合评价：烤鱼在北京发展有几个年头了，新店可以多借鉴下老店的经验，毕竟这都是现成的，想要做得更好，老板还需要在口感上多下工夫。,0
36865,很不起眼的店，里面3个立着的冰柜，下午去的，有些貌似没有了，每样都放着一两个，提拉米苏，13.5元，切片波士顿派，10.9元，奇怪的价格。\n提拉米苏的盖子没有密封，一路在撒提拉米苏的粉o(╯□╰)o\n两样东西里面的奶吃起来都有冰砂的感觉，凉凉的不错，如果在外面放久了也就没这口感了。提拉米苏是完全没形状的那种，粉挺苦的，奶也不会特别甜，不腻，好吃。\n波士顿派只是派的样子，内容是蛋糕，也是不错。\n这家店的态度还真是不怎么样哈，好在东西不错。,1
42470,和爸妈一起去的 感觉一般 等位等了很久 进去以后 前面一桌还没走呢 就让在旁边等着 这叫什么事啊 前面好几个等位的都因为这件事不吃了 真的有点过分 环境真的很一般 桌子 座位都很脏 也没人打扫 催了半天才给翻台 点菜也催很久 味道感觉一般 没想像中好 疙瘩汤真的就是一点点面 全是水 不是一般的稀 下次不会再去了,0
29928,在这家看的痘痘，一开始发的很厉害，我都不敢见人了，听同学说在那里看的不错然后去看了，开始还好，但是一个疗程（4次）下来，真的好了很多，而且那里的护士和医生都很专业，不是为了赚你钱的，他们推荐我去看中医，我现在吃了一年多的中药，真的不怎么发痘痘了，真心感谢帮我挑痘痘的小护士，感谢这里的医生，很敬业哦~~\n不过药膏一开始用用挺有效果的，到后面也就没效果了~~,1
18907,很久前吃过 很多人一起去的 感觉味道挺好的 很喜欢吃那个饼 放在烤鱼的汤里味道特别好\n已经很久没在去了\n不过听说后来没了呢,1
11695,23号晚上去的，为了感谢某同事，请他吃饭。\n看到点评优惠两道菜，一开始很是兴奋啊，就决定去这家了。\n但上菜了才发现送的火鸡沙拉，只有两小颗火鸡肉，也罢，送的么。。。\n另一个特价菜菜量倒是不小，不过吃完了猪颈肉，觉得有点腻味，这个古老肉就显得不那么好吃了。\n最后上的菠萝炒饭要给个差差评了，跟我以前在香港广场店吃的味道完全不对的，很油，很淡，没怎么吃到菠萝…,0
2880,有一段时间没有去了---\n记得第一次去时是个很冷的冬天，头脑一热--就去了；\n这里的ice-cream球很迷你--吃了三个都没有吃够^^\n顾客不是很多，如果喜欢安静的--可以来这里\n朗姆、绿茶、奶油澳大利亚坚果、摩卡杏仁不错,0
23944,回龙观这边资格相当老的一家饭馆，基本上是头一批起来的，生意一直很好，印象中装修过一次，也换过菜谱，在这吃过无数次饭了，光生日就过过三回，有吃的非常满意的时候，也有气的火冒三丈的经历，不过总体来讲，还是挺喜欢这里的。几个朋友之间没事聚聚，菜的味道说的过去，价格也算合理，还能要求什么呢。况且他家的会员卡制度是我有史以来见过的最好的会员制，非常划算，不但每个菜都有会员价，而且还有百分之十的积分系数，下次可以直接抵扣消费。推荐住在这边的同学都办一张。\n另外，最近吃了一道叫什么羊楠的菜，卷荷叶饼吃的，挺不错的，感兴趣的可以尝一下。,1
40591,在波特菲诺这个地方已经生存了很久，应该说算立住了。\n日本料理哪儿的味道都差不多，区别不大。这是因为我主要习惯于日料中的刺身类食品，新鲜最重要，其次是价格。这里么，食材的新鲜度还不错，就是价格上略贵了。,0
30495,"最近我大概脑子真出问题了，明明已经知道失去的东西，还偏偏想争取。\n争取了也成为不了我的东西。\n再说争取值得吗？如果是你的，会失去吗？\n每当大脑混沌，放空，烦躁，郁闷的时候，麻木消费成了自然反应,包括吃,呵呵.\n车到老锦江,本来想停地库的,因为可以免两个小时车费.\n没想到,明明看到地库里一辆辆车开出来,进口却一直不让进.\n算了,多花20停车费吧.\n之前来过一次,因为没有订位,所以安排看门的位置不爽,所以没吃.\n这次订了位了,所以坐了个蛮好的位置,环境不错.\n感觉这里的环境不适合谈情,比较适合关系已经稳定的朋友来吃,个人感觉.\n菜单有单点,也有套餐,套餐有300,500,800,1000,好象还有个素的套餐200的.\n问了服务员,说是东西一样,套餐价格大概是单点打8折,不知道真的假的.\n于是点套餐,我点了个800的,朋友点了个300的,还有饮料.\n800里没鱼翅,还有甜品不喜欢,于是,问服务员能不能换,加不加钱,退不退钱之类的.\n服务员态度不错,一次次跑,弄得我不大好意思.\n结果成功换了稍微贵几十块的鱼翅和甜品,没加钱,满意了.\n两个套餐的内容就不细数了,比较喜欢的是鱼翅和一道牛肉上有个鲍鱼的菜.\n两个套餐的虾都做得不太好吃,特别是龙虾三部曲,单点好象要289,味道实在不敢恭维,而且量也觉得好少,两小块肉算两曲,碎的那一曲里也没吃出龙虾肉,悲催.\n不过总体味道还是不错地,属于比较满意的一餐,朋友也吃得蛮开心.\n补充下,这家店好象还得了蛮多奖的,什么最佳餐厅什么的,贴墙上,没仔细看.\n最后买单,收10%服务费,100多块,伤心.",1
25247,家楼下的一家以鸡系列的小门脸。别看不大，而且每天下午3：30才开始营业，可是天天都有很多人在这里排队。因为好奇所以也排队买了一次。没想到味道真的不一样，才知道为什么每天都有这么多人去排队。值,0
36382,相信爱看书的孩子们都喜欢逛书店吧，渡口书店蛮好的。一般日常需要的书这里都差不多有的。书店的格局很好的，比较有调调。,1
2203,中午在这里吃的，很不错，幸好没在隔壁吃简餐- -！~我就说了嘛，还是中餐好吃！点了一品豆腐，烤鲈鱼，虎皮青椒，油浸芥兰，芥兰切了太细，估计怕焯老掉，故意切细，这点很不喜欢呀。。。虎皮青椒还行，就是那种味道。一品豆腐里面有很多海鲜干货，蛮鲜的，烤鲈鱼不错，味道正正好。,0
35909,克莉丝汀，遍地开花，地铁上很多站报站都会说附近有克莉丝汀饼屋，看来广告费没少花。不过我对克莉丝汀的印象一向不大好呀。东西又没什么特别好吃的，高中的时候报上一块豆腐干新闻还说细菌超标，我一直记到现在闹，也就一直不大喜欢克莉丝汀了。\n很少去徐家汇的，上次坐地铁到那边发现有个旗舰店，搞不懂为啥卖卖面包蛋糕的要那么大个店面……\n只有以前在陆家嘴上班的时候会出地铁买个三明治做早饭，看来面包店开在地铁站真是多很多生意。\n还有还有，上个礼拜去青云路配眼镜，看到克莉丝汀门口排队，里面的售货员拿块牌子挡在门口，收一个人的钱给他一袋东西，原来是蛋糕的边角料…… 哎，物价上涨，边角料排队,0
5197,医生都很耐心，但是看上去就很贵，我们家猫绝育之后不肯穿手术服，下楼去他们家买小号的伊丽莎白圈，那个大叔说要45米……45米啊……而且死活不肯少的……我在腐败猫咪上看到一模一样的也就10块啊……么办法，最后还是买了……,0
26161,那天过去吃了一下，我点了个广式烧鸭煲仔饭和一份鱼肉肠粉，肠粉感觉还蛮不错的，但是烧鸭感觉不是特别好吃那，有点干干瘪瘪的。,0
28769,看到点评俄优惠券要过期了。\n个艘帮同学去次她们家点心\n他们是在上海体育场下面的。。富豪东亚酒店里面的一个厅。。\n先说他们这里我觉得还过得去的吧。。\n１　虾饺　、：帮我吃过其他地方么的比。。里面有笋／。但是笋的味道太过于强烈了。。虾仁不是很大。。　但是很有弹性。虾仁的皮做得不好。。　有点厚了　而且没有弹性。。\n２　杨枝甘露　这个东西还是不错的。。　就是里面柚子为什么是苦的拉，。阿拉同学说你不要咬碎　个麽就不苦了。。五绝到来。。\n３　风爪：这个还是蛮好吃的。。。。。\n4  鲜奶蛋挞：这个 上来热气腾腾的 不错。。 而且皮很松。。\n5 皮蛋粥 料满足 还有很多肉丝在里面。\n＝＝＝＝＝＝＝＝＝＝＝＝＝＝＝＝＝＝＝＝＝＝＝＝\n乃么开始评价他们其他的了。。。。\n鲜虾腐皮卷：腐皮做得不好，一点都不脆。。。里面的虾仁也不多　都是菜。\n鲜虾春卷：哈油 一股油耗气 里面虾仁老多的。但是那个皮真得受不了他 哪能嘎油的拉 我真俄吃不消。他。。。。\n叉烧：很小的。不过叉烧的味道还可以。。就是太小了。。\n油爆虾：使我帮阿拉同学不一样的口味啊？ 哈硬。一点不好。阿拉同学说很好次的。。 而且是冷的。。O MY GODNESS.\n糯米及 不好次\n烧麦：哈南吃。。怎么怎么硬的阿。。什么东西啊。。。\n小笼包 /：还可以。。 但是不知道为什么里面鹅肉可以这样西里索罗的。。\n萝卜高 不是很喜欢这个。。。。\n烤麸　一般性。。味道还不是很浓郁。。\n排骨 哈南吃。一股味道。。 怎么回事啊。。 不新鲜。。。\n肠粉 那个皮怎么可以嘎厚俄啊？帮饺子皮差不多了。。。哎 把叉烧吃掉了。。。\n铐子鱼：帮橡皮鱼一样的。。　咬不动他。。\n=======================\n其实还有其他乱七八糟的东西我也不多写了。。。\n \n乃么是58一个人 没有服务费的。。\n什么价钱吃什么东西。。 \n就这个价钱来说真的阿差不多了。。\n服务很好。。。,0
31862,用了维络的优惠券 第二杯半价 很划算 是喝的奇异果雪梨 很好喝 让我有买两杯的冲动 以后出门都会买这个了 因为挺健康的,1
24514,不管是环境还是口味都中规中矩吧，赶上一次满100返100的活动，还是挺实惠的，第二次拿券带婆婆去吃，不过如果没有活动可能不一定会再去，可能还是没有什么能特别吸引我的地方吧。,1
18489,"又到了腐败的日子了，这次讹的又是何神仙....唉为什么我们吃你的时候就没有一点罪恶感，反而有一种自豪油然而生呢，哇哈哈哈。\n由于大家几次腐败都是去的小螺号，已经产生了深深的抵触之情，所以在我的虚嚯之下一众人选了锅贴王，本来对这个店还是有一些好感的，女朋友第一次来家里我们来的这家店吃了个饭，当时记得叫了个木瓜虾仁挺好吃的，锅贴也不错。\n我先赶到，何神仙、詹MM他们又去接了个新朋友，我在店门口看了看，一楼已经满座了，对于选择又添了一份自信，进门之后没人鸟我....我就自己个跨个电脑包在一楼逛了一圈，只好点头哈腰得找到门口的门童“我们六个人，能给找个桌么...”,门童说二楼有圆桌，我一个人爬到二楼，结果.....二楼上一个客人都没有，我勒个去，坑爹呢啊。我们捡了个靠楼梯的座儿，旁边的小隔间里塞得全是被子,说实话看着挺破败的，我都有点想打退堂鼓了。本着对味道的那点希望，我还是点了菜，店员说6个人大概每人一个菜就差不多了，so，我一共叫了7菜一汤还点了里面最贵的那个大份酱牛尾，店员给我说""是那种盆装的，一小盆""。\n10分钟后大部队杀到，开始上菜，上来的第一个是传说中的酱牛尾，我....faint，分量我就实在不说什么了，大家自己看图吧，那个是我和何神仙一人夹走一块之后的剩余情况，要不是看着一桌子人我真是想把那盘子牛尾扣他头上，一块得合人民币5块钱了吧，可是味道......只能说相当凑合。别的菜陆陆续续上来了，色香俩字肯定是不占了，味道也非常一般，我在自己家可一样可以做的出来。蛋黄焗南瓜，上来是白的(为啥别人家都是黄的)....盘子底下还有一汪油.....夫妻肺片就是一人一筷子的量，卖20貌似.....尤其糟烂的是疙瘩汤，端上来我第一句“怎么看着和黏粥似的”，娄半仙儿立马笑了。确实太不像样了，不用说比小螺号的，谭MM说她奶奶的手艺都比这个强得多。\n最后又叫了两份锅贴，还好，锅贴的水准还不错，三两下被大家瓜分了。我觉得素三鲜的比较好吃，很鲜美，肉的有点太油了。而且，两种馅料的分量差的太多了，肉的里面慢慢的肉，素的里面却只有稀稀拉拉的韭菜，拜托，才便宜3块钱而已啊，差的太多了吧。\n总体来说对于这个店挺失望的，以后如果还来的话估计只有路过的时候带个锅贴当晚餐了，对于菜品绝不会考虑了。",0
21863,每次去  不管什么时候  总有无穷无尽的人排队  附近大概真没什么好吃的了  吃去的爷爷奶奶辈的蛮多的  可能老人家比较喜欢这种风格  我去大都是买熟菜的  他们的果木烤鸭  蛮好吃的  不过有点小贵,0
35766,不知道是因为我们吃的品种太单一了还是怎么回事，反正我没觉得他家比别人家强到哪去。我们点的就是牛肉、菜卷、油麦菜、馒头、熟筋、筋皮子啥的，那些乱七八糟的东西没吃，所以可能错过了美味~ 不过说实话，这些传统的烧烤他家还真的挺一般的。土豆泥还行，疙瘩汤太一般了。,1
24767,怀疑和上海的汉拿山不是同一个品牌。。。\n整体来说真的不值这个价位，烤肉普遍偏贵，我和同学点了三盘肉，其中两盘还是相对便宜的猪肉，外加一个拌饭和一个小炒孜然脆骨，消费就超过了两百。。。有点无语，这个在我吃到的韩国烤肉绝对不算便宜的。。。\n猪五花还行，猪梅肉太柴了，和图片上的差很远：图片上是肥四瘦六吧，上来的实物肥二瘦八，导致一烤基本就干，完全没有油，很柴很柴。牛肋骨基本是烤肉必点，上来的又晚不说，肉太厚，完全不好烤。想烤透就会烤得很老，时间短里面又还带着夹生的酱汁。。。\n牛肉石锅拌饭我们点的也很失败，经典的石锅拌饭应该会好一点。\n自助的酱料很一般，没有常吃的大酱伴辣酱的酱，日式汁也不鲜，沾牛肉吃也一般，另外我也没有找到混合了孜然粉芝麻的那种粉料，搞得我烤出来的肉都不太想沾酱吃，因为没有喜欢的酱！\n以后即使去万达应该也不会去了，还是尝试周围的川菜馆吧。。。,0
896,感觉有点大排档的氛围，还不错啦，选的是中辣的锅，但是感觉蛮辣的，送2碗米饭，一小杯可乐，续杯的话是3元一杯 = =超昂贵的可乐啊....\n感觉量还挺大的，不过锅里香料很多，吃的时候要注意把花椒挑出来\n宽粉很好吃，很大一条，但是很Q～\n放点蟹肉棒和午餐肉也很好吃，很香\n金针菇的话就是比较容易裹着花椒什么的，吃的时候要注意\n还不错吃啦，下次还会去尝试的,0
44973,这里的包子实在太好吃太好吃 太好吃啦 我每次和男友都会吃上半斤的包子 个大 馅香 特别是刚出锅的包子 那叫一个香啊 我其实不太爱吃馅 饺子 包子一般都不喜欢 但是他家的包子绝对是个例外 一定要吃哦,1
18584,味道不是一般的差，真让我没想到，宫保鸡丁做的还不如单位食堂的好呢，水煮鱼不给看死活就做了，问他们，居然回答一般都不给看，服务员自己打闹，问一句话代答不理的还，为啥那么多人去呢？,0
15073,搬到南区之后 每天早饭都是要在这里混的~\n不知道是不是因为天气还比较热的原因 很多东西都不是热的~-_-|||,0
18127,这家只去过一两次，去其他店还要排队到门外面。。所以就吃它了，反正叫外卖就行了，味道和别的差不多，只是卖相稍微输了些 呵呵。不过很便宜，比别的性价比高,0
34445,每人一锅，有很多锅底可以选择。\n菜品比较精致，总体来说不错。\n不过呢，吃多了粗犷型的火锅就感觉这锅有点小了~\n酱料很丰富，是自助形式的，泰式小辣椒很不错~,0
44599,喜欢这家店超过了COCO~~~\n只是分店比COCO少~~~\n鲜奶茶和巧克力冰沙都很不错~~~\n不知道为什么会这样爱上。。服务也很不错~~,1
42486,比较合适的折扣店吧。。基本上都有折扣的。。。活动也几乎都参加。。。还算是不错吧。。。以后可以考虑去淘淘。。。也能淘出不错的好东西。。,0
12144,新开的和隔一条马路的苏州汤包几乎是差不多的，无论口味菜式，但是这家胜在是新开的，刚装修好的，环境肯定比隔壁家好很多，人气那个旺哦，也是，这么热的天，街坊都不高兴开油锅煮饭，都到这类经济实惠的店来解决一天三顿，我又要感慨彭浦这个全国第一村了，短短吃笼汤包的时间可以碰上邻居、同学、同事，也可间接看出这件人气之旺呀……,0
17946,很有乡土气息的一家店哦，听说了很久了，终于在长假里去了一次。\n可能是对本帮菜的期望太高了点吧，总体感觉没有期望的那么好，有点小小的失望。\n老八样菜，我们点了3个，都是比较经典的\n响油鳝丝不太本帮的味道，不好；\n臭豆腐很不错；\n醉虾相当好；\n坛子红烧肉也相当相当好吃；强推！！！,1
4289,去过好几次了，最近过去正赶上周末，那叫人多啊~回想起来都可怕~\n里面的空气差得要命，堪比上班高峰挤地铁，好好体会一下摩肩接踵的感觉~\n找到小朱家的店，挑了好多BB的漂亮衣服，还给朋友也带了几件。还是比网上买合算~\n不过自己看上的衣衣都很贵，还纳闷这么差的环境，贵的什么缘由呢？质量也平平啊~估计还是因为人多\n看了一圈，东西样式还真是多啊，但就是因为多的眼花缭乱，反而啥也没有买，唉~\n因为如此，所以没有呆多久就出来了，看来以后一定不能赶着周末过去~,0
23042,就在公司附近，去吃了几次，价格比起复兴门附近的其他饭店还是蛮有优势的。属于价格不贵，菜品能说得过去的那种，平时人也不太多，家常口味，宫保鸡丁做得还行。适合随便吃吃,0
32013,还是从我老公嘴里听到豪大大的名字，因为他公司的小姑娘买了，他尝了两块，回家就跟我说怎么怎么好吃。\n晚上散步时，他就带我来到三星路上的这家店买了份超大鸡排。\n鸡排的量还是蛮大的，两个人分享也不错。\n鸡排真的很嫩，炸得也不错，只是我不太习惯这个鸡排的味道，感觉有股中药味。\n但是老公却说好吃，他喜欢这个味。\n后来他说了一句话把我给笑坏了。\n因为吃完我们去洗了足浴，用的是中药的，回家时他打了个饱嗝说，打出来的都是中药味，我想泡个脚也能把药味从嘴里打出来？正纳闷，他又说是豪大大鸡排的药味。\n~~~~~~~~~~~~~~~~~~~~~~~~~~~~~~~~~~~~~~~~~~~~~~~~~~~~~~~~~~~~\n某天想吃鱿鱼酥，就特意去他家买了一份，5元钱才4根？？？\n看来以后这家店要改店名为“豪少少”！\n上次去就听见帮工说要辞职不干了，老板说加她些工资干不干，她说，你一个月一天也不让我休息，吃不消。\n这次去果然只有老板一个人在店里，手艺不如帮工的，炸得不灵。\n而且心太黑了！鄙视你，以后都不会光顾你家生意了！,0
32185,11月16日，10个ID都只点评这一家，而且评价都是很好，此店是非暂且不论，就这么个整法，白也变黑了啊！拜托点评网查查马甲不好吗？我还指望点评的公正公开给我指导呢，长此以往，网站岂不变成了商家操纵的工具了吗？,0
30338,每次经过它家都忍不住要进去看一下，口水止不住啊，最喜欢它家的小核桃和蒜香青豆，不过价格也不便宜哦，经不起多吃。,0
18398,坐差头居然坐过了地方，我们又走回去的，先锻炼再吃嘛。哈哈\n外面的招牌真的是不起眼，所以我们才会坐过头滴。\n生意挺好的，大概是开在校园附近吧，我看顾客中很多的都是大学生。\n有好多的价位，我们要了59元的套餐，五人行可以免一位，所以59还是挺划算的。\n肉很多，饮料可以畅饮，都是玻璃瓶子装的。\n我们刚开始吃了很多的肉，后来也不行了，太腻了，转吃素菜，反而觉得素菜超好吃，呵呵\n吃好回家我可是减了三天的肥呀！,0
5889,亚洲套餐基本上全吃遍了\n每一个都很喜欢\n推荐陈氏鸡腿饭 鸡腿肉好多 每次都吃不完\n鲜虾炒面最爱的是搭配了青柠 多了一分东南亚的感觉\n这里的食材很新鲜 东西也精致\n配餐的水果量很足 每日例汤也很认真做哦\n今天刚尝试了新出的秘制牛肉饭\n牛肉超大块的 是牛腩肉呢~\n不想吃饭的时候 \n点一杯鲜榨果汁 不加水和糖\n再来一份色拉 坐在窗边的位子\n如果太阳好的时候 那种感觉特别喜欢~,1
23325,法式奶油烧是我的最爱。每次去都要一个。第一次买提拉米苏是时候我第一反应是好便宜，一个100都不到，印象中蛋糕都是很贵的，慕斯蛋糕更加贵~没想到那么好吃的冰欺凌蛋糕不是很贵耶。全麦马铃薯我都叫他土豆泥包，喜欢里面的土豆泥，让我想起小时候吃肯德基时把土豆泥塞进圆圆的餐包里的味道。芝士球味道很好，很纯正，但是我对芝士过敏，不死心的试过两次，肠胃都无法接受，现在我只能看着芝士球流口水~另外8月5号是85度搞活动的日子，那天买东西都打85折滴~买蛋糕的话优惠幅度还是比较大滴，我会在那天预定好家人的生日蛋糕，等到时候再去拿。,1
11559,经常逛这儿。\n购物环境不错，东西很多，质量也保证。\n若有什么物品买了以后又不想要了，只要包装完整，凭电脑小票，可以无理由退货。\n有一次，买了一个电熨斗，在那儿试了以后，好的，就付款回家了。到家后，才发现有一个小配件忘了拿了。返回后，营业员态度非常好，说我走了后他就发现了，但找不到我，就放好了等我去拿，并且道歉说自己当时忘了放进包装盒里了。真是一个好营业员。\n停车在旁边的花园城地下停车场，很大的，一般不会找不到停车位。,1
5590,这边的生意比想象中的好太多了，所以去的时候发现人超多啊，有点乱，很拥挤啊，由于我去的太晚，其他同学都已经吃好饭。所以就冲冲在点了一些。觉得还可以吧，这边超热闹，比东川路的那边热闹，所以也显得吵闹。下次还是去东川路好了。,1
10777,去过的韩罗苑有很多，虽然是连锁，但是感觉每家的味道都不相同，一次半价的时候来过这家，发现应该是我去的里面服务，环境，味道最好的，没有因为我们只点了拌饭而不乐，小菜、西瓜送的都很及时,1
40460,广式的那家店味道很赞，但是要是比较适合女孩子……别的味道都是不错的，个人认为没有什么特别突出的，非常适合逛街后填饱肚子~,1
1169,环境没什么好说的，有目共睹\n口味有点差了，\n柳橙汁他们竟然能找到那么小的杯子，还敢卖55\n皇家奶茶什么味道都没有\n干椒鸡肉饭，没敢多吃鸡肉，觉得肉的味道不正\n咖喱鸡肉饭，上的时候服务员说很抱歉，做成咖喱牛肉饭了.....\n如果不是没的可选，下次应该不去了,0
34506,2011.07.23周六\n位于丽兹卡尔顿酒店大堂1F一侧\n地方虽然不大 但是却颇有风情\n靠窗的贵妃榻大概是最具特色的雅座了\n不仅有蛋糕面包甜品出售 更有简餐提供\n想必坐在精美的贵妃榻上\n来上一碗日式拉面也是别有一番风味吧\n恰巧路过这里，所以采购了一些面包甜品\n【精装饼干】48RMB\n小小一盒售价虽然不便宜\n不过的确有够好味道\n尤其钟爱巧克力和抹茶味的\n巧克力饼干香浓诱人 其间夹杂着颗粒状的小巧克力\n抹茶更是无比的浓郁 原味的曲奇也不错 非常喜欢\n【香蕉蛋糕】12RMB\n对于香蕉口味的蛋糕没有太大的好感\n店员强烈推荐了这一款\n于是决定尝试一下\n口味有惊艳到我！\n口感微湿 虽然小小粘 \n但是却丝毫不腻也不会太甜\n【杏仁牛角包】15RMB\n很多店家都以杏仁牛角包作为招牌\n这家也不例外 不过口味的确是不俗\n除了表面的杏仁片 馅料也以磨碎的杏仁泥贯穿其中\n让整个牛角包的口感无比丰富.\n买单其间还粗心的丢失了银行卡\n店员MM的服务十分贴心周到 细致入微 值得赞扬哟！\n——————————————————————,1
25486,很喜欢吃羊肉，原来这儿是一家贵州饭店，生意一般，忽然变成面馆着实让我高兴。红烧羊肉面很好吃，很入味。下次来常常白切羊肉。,0
23266,综合的大商厦，吃喝玩乐，全部有，这一圈的楼都是连着的。购物，游戏厅，电影院，饭店，超市，滑冰。非常齐全。非常现代化，活动也挺多的。非常喜欢。,1
26302,经过朋友介绍来的这里\n原来不知道还有家这么好吃的小馄饨\n真是要谢谢小西了\n她说我疯了\n我要说我就是迷上这家小馄饨了 5555\n应该用超级喜欢来形容\n大大的肉馅 在其他的馄饨店里是很少看到的\n肉肉的 大大的 端上来的时候是会飘在汤上的 很诱人\n还有喜欢的包心鱼丸\n很有弹性 有嚼头滴\n一碗小馄饨加上鱼丸\n真的很美味\n哈 我会经常光顾滴 西西,1
5680,一顿饭吃的心惊肉跳的。\n一进门就大嗓门的喊，太热闹了\n菜单没的，是根据他们上的，也不会上太多，但是价格便宜。\n菜感觉有点咸，吃了没多少,0
21080,听朋友推荐的一家店，很喜欢他家的牛轧糖，老板是个很有意思的台湾人，他家是那种纯手工的牛轧糖，之前朋友去台湾旅游也有带过当地的牛轧糖给我，但是觉得口感不如这家店的，他家的牛轧糖不是很甜，也不是很粘牙，口味品种也很多，抹茶味道的是个特色，喜欢牛轧糖的朋友可以去尝一尝。,1
23410,他们家的肉非常新鲜，出了名的新鲜。\n我在日本吃么也就这个水平，正宗！！！\n这个可是N多日本人的评价结果，放心带日本客人去吃吧~\n下班了，不多说了，下次候补。,1
14113,鼓楼南大街永远有两个商户门口排长队，一个是卖点心的，还一个就是这个炸糕店\n馋得不行了，中午从五道口大老远跑过去，大冷天排了半天队终于到我了\n一个炸糕一块五，于是买了六个\n趁热尝了一个，还不错，跟驴打滚的材料一样\n估计就是炸了的是炸糕，不炸的卷起来就是驴打滚\n总的来说还不错，看好多大爷大妈一买就买好几袋！吃得了么。。。\n排队要做好心理准备，可能一个人就买几十个，把一锅买完了您就只能等着了,1
25600,最喜欢捞汁海鲜，脆脆的海参跟黄瓜都很美味\n干锅杂菌（大概叫这个名字）极力推荐！\n这个菜不像一般饭店做的那么油，蘑菇却带着干煸的香味，吃了就停不住口\n牛蛙没有太多感触，还算新鲜吧\n这次还吃了松鼠桂鱼，酸溜溜甜滋滋的，好这口的可以来一条\n只是这里赠送的冰糕实在水准太低了，降低了这家馆子的档次,1
22348,其实是家价位挺实在的日料。\n看看好像鱼生很贵，其实上来量超级多，这么一算价格还算好啦。\n牡丹虾真心好吃，炸过的虾头也非常香。\n可惜现在米有牛油果，所以米有尝试到。\n海胆是整个上来的，第一次吃到这么多海胆，超满足。\n就是地方不是很好找。,1
5637,人气美食介绍过的呀。去过两次，工作日当中饭吃的，快2点的时间，人不多呢\n兰花豆腐干，素鸭加豆浆，吃了蛮饱的，米道挺好的，都很入味，适合我这种喜欢豆制品的人。\n不过，多数是油炸的，卡路里不低，偶尔吃吃可以的,1
41008,一个很不错的地主了哦。来这里的时候心情会变得很好的，虽说我也就只是在无意中看到了这里，但是就是很喜欢这里，虽说我只是到这里去了一次，但是还是很喜欢这里。虽说这里面不是很大，但是那么一次我却是真有在里面玩了很久的哦。\n这里是一个很不错的地方，反正我是这样认为的哟。有些人在那里放风筝！而且还有很多小朋友在上面玩、、看着他们玩乐就想到了以前小的时候，真的是很开心的哦。如果可以选择，我才不要长大呢， 但是我知道这只是我自己的逃避，只是自己不够坚强而已。\n夏天到这里来玩还是蛮不错的嘛，可以很好的乘凉呢。呵呵、、、但是就那一次后，我就没有到这里去过了，呵呵,1
33809,之前都是去蒙小肥羊的，这次因为朋友离东圃那边比较近，就去了这家。觉得味道没有蒙小肥羊好，汤底的味道越吃越淡~不过番薯饼就还是很不错的，喜欢！环境也还可以~,0
19771,花钱不管多少，可是能把病看好，医生的天职就是救死扶伤，很感谢这家医院的医务人员，给病人这么多的照顾与关怀，相信你们的努力会让更多的人幸福起来！,1
31309,估计是被最近的芋圆风带动，我点了芋圆4号，真心坑爹哦，里面是红豆汤+珍珠+地瓜圆+一大块芋头，我想问芋圆在哪里？？亲爱的点的芒果白雪黑糯米，味道不错。两个东西加起来42块，后来服务员说满50可以送一杯西瓜汁，就加了一份芒果，8块，正好50。这芒果一小碗，8块哦。。,0
17317,就在家隔壁，以前经常会去吃，味道还算过的去，但最近去吃了一次，感觉很差，味道不灵，量也不多，不知是否点菜没点好的缘故。连招牌的黑椒牛肉粒都感觉不行，难道厨师换了。,0
40310,参加上海旅游集散中心组织的金鸡湖、枫桥、寒山寺一日游，次到枫桥。古桥、古关、古寺、古运河和古镇集中于一地，环环相扣，处处都是拍照留影的好景点。可惜给我们的游览时间有限，不能深入解读这个苏州的最佳名胜，我会再来。,1
16325,有个姐妹住这附近 有他们家的卡 就过来吃了\n黑椒牛排还不错 分量满足的 黑胡椒汁好多啊\n配了鸡蛋 小面包 小面包不咋地 不是现烤的 其他的还可以 意大利面不错\n觉得他们家环境还不错的 可以打牌 可以在这泡一下午\n我喜欢楼上靠窗的位置 很安静 很悠哉 可以什么都想 也可以什么都不想 舒服的一天～,1
5894,很一般，菜牌做得漂亮，端上来却不是那么一回事了。很快上菜，其实都是煮好的大锅菜再热一热。想点的很多菜都没有了，网友们推荐的蒜头烧骨我吃得出排骨没有滤滚水，所以还带着股肉臭味。其他的就更一般了，卖相和味道都不佳。都很大份又便宜，这可能是大家推崇的原因吧。爬山自虐得要死要活的，再绝地逢生般坐了免费接送巴士吃饭，是应该感激涕零，少点抱怨才对，可惜真的很一般。,0
15256,密云就是个山美水美人更美的地方 厚厚 黑龙潭附近是密云景点比较集中的区域了 去到黑龙潭一定要爬山 划船 走到哪都是景。。。,1
18497,因为在上海的时候很喜欢满记甜品，所以回来后找了找，发现了这家店，环境比较幽静，人不多，服务态度很好，大部分甜品味道也都还不错，就是感觉榴莲的东西不多，希望店家可以再多加些榴莲味的东东，比如留恋往返等等。,1
18256,刚去大城小爱餐厅吃饭，充满好奇和喜悦。因为无论什么时候去，门口都排满了等待的人群。去吃过几次，感觉菜很精致，环境是精心设计布置的。很漂亮。。因为系出名门，是福记的，档次蛮高的。。菜呢，只能说，味道一般般。。。,0
44912,迪斯尼英文送的一个孩子的拍照片的名额，因为天气太冷了，连衣服也没高兴让孩子换，就着她身上的衣服拍了一组照片，很快就出来了，出来一看效果就不算好了，而且他们那里的人气也很淡的说，不推荐去。,0
16037,在久光的对面，静安公园的门口\n人也不算多也不吵感觉还不错\n味道是中规中矩\n价钱也不算很贵\n有露天位，秋天的时候坐在外面应该不错\n不能拉POS机是唯一的缺点,0
32008,【缘由】周末在网上做了个测试——“测试他是你的什么菜”，测试结果是我家GG是我的酸菜炖粉条，笑死了，赶紧截图发给他看，谁知道他看完，竟然勾起了吃东北菜的食欲，于是我们就去了很久没去的老知青，哇哈哈~先打电话去的文园路那家，没想到那家已经搬去湖里车站了。好险，不然跑个空。于是坐车去非矿站那一家。\n 【环境篇】店如其名，自然是革命、知情主题嘛！\n【菜品篇】\n1）羊棒骨，要么就是酱大骨，要么就是羊棒骨，总之就是要大口吃肉才过瘾！！！\n2）酸菜粉条大骨，又酸又鲜~~~越吃越开胃，吃的光光~\n3）地三鲜，东北菜必点~~很一般撒\n4）玉米饼，好香，外形很像多来梦爱吃的铜锣烧么？\n【服务篇】还狠nice的，用厦大学生证打了八八折。。。花费98元。2人吃得饱饱归来。,1
266,周五的时候想去FB了，心里想到底去哪儿呢？本来想到了去吃火锅，但感觉现在天气变暖了，吃火锅不是个好时间了吧，于是又改变了主意，还是去点菜吃吧~~\n 上次在盘古路这里吃过几家店了，觉得味道都还行吧，这次想再新吃一家店吧，在钱塘轩和鹏鹤庄园之间犹豫了一会儿，并且看到两家店的人气都不足，便想放弃了，后来发现钱塘轩人还是稍微多一点吧，于是就到这家店来FB咯~~\n一进门发现一楼这里是往下挖的，比地平面要低一些，整个楼层被店家分成了三层，一楼左边时点菜板，右边放着菜样（包括凉菜和热菜）、还养着野生鱼呢，顾客首先在一楼这里点菜，然后上楼等着就可以了~~\n就在我们点菜的时候，店家正好蒸熟了两大锅蒸菜，看到我们正在选菜，说锅里面的东西点就直接上了，我们看来看去，选了一道水波蛋，12元，其实就是我们家里平常做的蒸蛋羹，只不过店家用盘子蒸的，整个菜像水波纹一样~~我们吃下来感觉太咸了，应该放了太多的酱油，并且蛋羹打的不匀实，下面吃的感觉一粒一粒的~~\n干锅牛蛙，15元，特价菜，上来的时候还带着炉子，服务员点着了酒精灯，但是好像酒精放的位置不好，一边火都冒出来了，一边却看不到火苗，干锅里面有红辣椒、牛蛙、花生米等，牛蛙提前炸过的，做的味道还行吧，花生不酥了，应该时放了很久缘故吧，我吃到了好几个牛蛙脚：（按理说牛蛙脚应该是不入菜的吧~~\n饭悟茄子，12元，菜板上标价是8元，我们点完菜后服务员说，因为菜价涨了现在卖12元了。菜上来以后我们并没有发现有饭哦：（怎么叫饭悟茄子涅，就是蒸茄子嘛，味道也偏咸了~~\n最后两个人吃了39元。\n店里面环境一般般吧，比较拥挤，不过服务比较热情，服务员比较勤快，性价比比较高吧，就是菜的口味偏重了一些~,0
1707,觉得还蛮贵的 而且在北京吃貌似都比武汉的便宜些 而且这个分量还超级小~~ 牛蛙和鱿鱼很不错 羊肉就一般了 不是很嫩的感觉 热干面弄进去实在是太好吃了 总体来说味道挺好的 就是少啊少~~,0
37459,炒米粉还不错 对于附近没什么吃的 也只能将就了呀 最近处了菜饭骨头汤 哎 已经完全没有老式上海咸肉菜饭的味道了 完全不对了 饭是放点青菜炒出来的 排骨汤 也很淡,0
9353,公司每年都会发一堆的券，于是P484只好去吃掉。\nHGDS真心的甜噢～就连抹茶也好甜。\n要说的优点的话，就是味道够浓郁吧。。。,0
10945,昨天去看完樱花，闺蜜带我来了这家店。一进门我就大呼：好有爱啊好有爱啊。的确很美好的地方，很有厦门小餐厅的感觉。据说老板是台湾人。\n我们要了小鸡炖蘑菇，猪肝炒杏鲍菇，还有一个汤。\n很推荐猪肝炒杏鲍菇~,1
41711,芸豆卷30一盒能够外卖。只能跟豌豆黄拼。慈禧的肉末烧饼，小窝头，枣花酥，黄桥烧饼等热点就不能打包带走了。上午11点开始营业，下午5点。从南来顺打车过来三点半，发现居然没开门，TNND。\n芸豆卷确实是细腻如泥，冰雪通灵（@_@），但是仅仅是芸豆、豆沙和白糖，难以取悦朋友的嘴巴：这不就还是豆味嘛，她说。\n其实我很喜欢原味，能最大程度保持豆味很不容易。但要得到好评，首先吃它的人喜欢豆豆的味道。,0
30686,门面比较小的一家餐馆，里面的菜不是很多，味道倒是还可以，只是觉得环境比较一般，这里的菜比较便宜，如果朋友聚聚会到这里还是可以的。,1
42325,老字号的一家店，环境还算不错，交通也很便利。每次去都会点爆肚的，感觉总是吃不够的，沾着小料真是香极了啊，有时间肯定会去光顾。,0
26634,我觉得这家店里的牛肉和羊肉都很好，比较新鲜，吃起来口感也好，推荐一下。店里的装修不算很好，但是看上去也很舒服。服务员好像不是很多，有时候叫一下要过一会才过来，吃饭的人不算多。,0
38955,1月29日从御龙温泉回长春途中在双阳县城随意进了这家店，楼下有四小桌、三中桌，到二楼里面一个大点的包间，8个大人点了八道菜，记得有土豆炖大鹅（￥68）、尖椒干豆腐、烧茄子、酱豆腐、家常凉菜、酸菜血肠、干锅牛肉，还有一个记不起来了，大饼子、蒸饺，4个啤酒，好像近3B，孩子付账，他们开两辆车，不能喝酒。大鹅味道佳，只是不十分烂，有点硬；酱豆腐不是长春市做法，这家店大豆腐用盐调味弄碎装盘，另上葱丝黄瓜丝白菜片包着吃，倒也十分别致。餐具是用保鲜膜自己包的，我到觉得比其他饭店的消毒餐具还要干净！,0
4481,呵呵，很好吃的小东西，其实也不小，这个价钱挺划算的，当做零食吃很爽的，当饭吗，虽没试过，但觉的吃多了可能会腻吧，还是偶尔当零食好了，呵呵(^o^)/~,1
9860,他家面食做的还不错，菜品有点油。环境和服务都非常的一般。在家附近，但是很少去吃。因为没啥特别吸引我的。不过价格还算公道。,0
30783,平民化的餐厅也有着不一样的感觉吧 至少可以很平民化的聊天\n牛排真的是很便宜，随便吃吃当简餐咯\n上菜速度挺慢的，不过服务还OK\n结账速度也很慢……郁闷\n蒸饺和牛排套餐是首推\n周末懒得做饭可以去吃,1
33894,味道很好的一家店，环境蛮干净的，地方不小，服务也还行。\n喜欢他们家的竹筒饭、小盅汤，肉类做的很入味。米粉味道也可以。到这里办事就会想去尝尝。,1
1587,难道我之前没有点评过么……\n好吧，去过两次，没太大感觉，就是觉得像在森林里聚餐一样\n其实环境上说来，确实有这点优势\n然后菜的质量也说得过去，但是总体没有太出彩\n唔，红烧肉的卤蛋确实很不错,0
9759,来这里玩桌游的，一共五个人，开了个小包，最低消费290，环境还可以，服务员服务的速度也很快，在这里玩了整整12个小时，还是蛮好的地方啊。,0
7944,环境不错，空调开的够足，座椅很舒服，服务意识也很好，客人点多了会善意的提示。特价肉很实惠不限量，饮料买一送一很划算，22元一盘的羔羊肉口感很嫩，蔬菜量不大但很新鲜，总体来说还不错。,1
34316,半年卡30次400元人均十一块钱，很便宜，水干净，灯光超亮还有4个大天窗，倍儿亮，游着痛快，最讨厌黑乎乎的泳池。洗澡的地有十多个。,1
36736,细细个去得最多既公园，以前最出名既就系可以踩鸭仔船拉~~细个果时同爸爸妈妈一齐踩只鸭仔船，好过瘾，好怀念啊~~~而家荔湾湖公园扩建佐，D樹都长到好大颗，成个公园植被覆盖率好高，坐系树下投凉好舒服~~~,0
10197,表姐的结婚在吴宫酒店的二楼，一个楼面一分为二，两家人举行婚礼，怎么一个吵字了得啊，菜色量还可以，味道只能说一般，听说还是认识人打过招呼的,0
22058,味道非常好~嘿嘿，是吃过的所有香锅里最好吃的，辣的很正，所有的食材基本上都预先炸过，红薯、土豆、午餐肉、牛蛙、牛肉都非常好吃！去那里先加入会员就可以享受免费酸梅汤和啤酒和很多半价和特价菜了，非常好吃,1
4252,前两年开业的时候，晚上去晚了还要排队呢，因为那附近以前百姓消费的餐厅太少了。。。\n对小锅饭的评价用一个字——咸：经典的菜啊，石锅酱豆腐、东北家常菜等都入味很咸。。。\n用二个字——油腻：比如炒饭什么的，一锅油啊，，，\n不过价格还可以，算是不贵了，还可以刷卡,0
29664,这边的衣服，老婆倒不是经常来这边逛的，因为这边的衣服感觉比较大众化的那种，休闲的那种，质量还行！这边的价格也算比较好的，也不贵的，只是这边的款式老婆不怎么喜欢，她喜欢穿时尚偏职业的服装！,1
43316,很喜欢的一家店，结果被外卖搞得很生气。\n叫了200多的外卖，结果漏了一杯，说马上送来\n一个小时后打电话过去说还没送，说下次送了~!\n这是什么意思？？滑稽伐？？！！\n后来说好一个小时内送到，又迟迟不来~！,0
11325,烤鸭可以外卖 挺便宜的也不贵 45块钱好像 连葱丝黄瓜条薄饼 不给甜面酱好像 抠门\n建议买回家吃 因为我觉得那气氛不是很好的说\n服务也很一般 建议回家吃\n烤鸭味道还行,0
3950,说实话，要我自个儿去吃，决计不可能，性价比不怎么高的店，主要还是针对这价格和我没搞明白的服务费，好吧，先撇开这一切，说说菜品。\n酸辣汤，据说这个很受老外欢迎，我觉着吧，无功无过，也没特别鲜美\n虾仁炒饭，这个挺见功力，饭粒颗颗分开，虾仁也很饱满，这个给好评\n虾仁馄饨面，还行吧，料都比较足\n我们好像喊了个荔芋小笼，这个比较有新意，就是把芋粉包到小笼里\n还有一个枣泥寿桃，端上来的时候，我觉着和图片不太一样，因为顶上没有红，后来问了waitress，她说是现在国家明文规定不能加添加剂了，好吧，我还主要要求吃毒物，呵呵\n环境确实是不错，比起一般的小食店，真的是上了很高的档次，满面的名人墙也算是特色装修，总体来说，还是赚老外的钱吧,1
27242,"经常路过的小摊,有一次买了份炒饭,真的好便宜,只要4块,而且量也很多,超实惠的.\n可是味道太过清淡,不是很合我的口味.",0
14721,人很多很热闹，一般去时间都比较偏早，所以人还不是很多，不过就是人不过呆着挺舒服，已到晚上11-12点的时候，人就很多了，一般和朋友就会换地方，去mix或者其他地方走走~~~不能说好也不能说不好，还不错的地方，可以放松放松心情~~~,1
43412,这学期经常去　听云南的同学介绍　后来同学过生日在这里请吃饭觉得挺好吃\n首推：烤罗非鱼\n味道每次都不太一样　有点随机　不过每次都觉得超好吃\n两个人去的话要一个小份过桥米线　加个烤罗非鱼　再要个豌豆凉粉就能吃很饱了　豌豆凉粉也超好吃的感觉　凉菜里还有蕨根粉不错\n另外推荐下　炸土豆球挺好吃　12块钱一盘　量适中　\n汽锅鸡不知道是不是加了竹荪的原因　味道怪怪的\n烤肉不怎么喜欢　米酒很像北方人做的涝糟　嗯　味道还好\n米线汤好喝~~~,1
39480,跟其他的星巴克差不多，就是这个店里的人经常是爆满，跟前面的同志们提到的一样这个店不是很暖和，要是长待的同志要多穿点！,1
19310,跟老公就是在这认识的，除了游泳别的没什么爱好，上过一节瑜伽课感觉一般，或许是我上的是初级课吧，感觉老师教的就那样。老师经常换，据说肚皮舞不错。楼上的健身器材都很好，有电视可以看，但是需要自己拿耳机线。游泳池就不怎么养了，热疗池竟然还有人再搓泥！！！巨震撼！泳池也比较脏，潜泳就会发现底下好多脏东西，有一次游完烧了一个星期，然后就再也不去了~~,0
35651,十一长假亲眷请客，订了这里的包厢，难得到上海的西面这个角，路真心的远啊！\n不过总算没白来，环境很好，菜色也不错，材质也蛮新鲜，只顾了品味美食，谈山海经忘记拍照了，等牛头大餐夯下去，难么敦牢了，只拍了张残食照，事后看看蛮恐怖咯，不过咪道交关好，有四种配着的小料，看之前有个心理准备，伐要被吓到哦！,1
43865,梦梦就这么悄无声息的搬到三阳路去了，原来在武广时就一直说想去想去也没去，搬到三阳路倒是去了，做做挺简单，就是满累，我讨厌重复的工作，但是做好还是很有成就感的。,0
21032,因为住在书香，又不想走太远。经前台小姐大力推荐就来这家了，说实话，我根本连名字都没看就进去了，里面很多韩国人，感觉像到韩国一样。点了148的套餐，本来还担心不够。不过事实证明完全不需要担心量的问题。三种烤肉，一大盘生菜，还有蒸蛋，烤肉酱，石锅饭，烤虾，外加好多碟小菜。味道很不错，吃到饱。,1
21050,他家的甜粥种类好少，但是那个黑米粥的味道还不错！\n好多品种都没有，菠萝包没有，叉烧酥没有，蛋挞也没有！\n虾饺味道不错，紫薯饼太油了，木瓜鸡丝味道很好，就是太辣了！\n服务员的反应不知怎么回事儿，总是慢半拍,1
7267,某人很喜欢，我一般般，比起来吃过的几家，确实不怎么样，还贵的离谱，菜品也一般，味道呢，勉强接受吧，呵呵，除特殊情况，应该不会再来了！,0
23631,小外甥过生日，一家选择了在这里庆贺。\n热菜是明档式点菜，一楼都有样品。\n用餐在二楼，大厅很冷清，没有客人，包间几乎都有人，服务态度非常好，上菜的速度及快，刚坐定菜就一道接着一道的上来了。\n菜肴的口味不错，价格也不算贵，就是凉拌苦菊有点老。其他的菜都不错，尤其是面疙瘩昂子鱼里的面疙瘩特别，特别好吃，好像是油炸过再煮的，非常有咬劲。鸡汁素鸡，非常的嫩。特别推荐的是娃娃菜荷包蛋粉丝锅仔，家庭菜味道却非常特别。,0
29936,在天一广场里面，位置很不错，吃完就可以逛天一广场。吃饭的时候外面的风景也不错，人来人往。里面的菜如店名一样，海鲜很多,1
33969,交通便利，周围地铁施工，乱七八糟的，旁边就是海岸城和天利名城很方便； 房间很干净，服务员非常热情，晚上可以到周围逛逛，海岸城里吃的东西很多。,1
42201,在这里我并不是要说什么，但是这个医院有点朝钱看的感觉，不怎么听病人的意见。\n有一位舒姓的带眼镜的女医师，别的都很好，就是有待你为了提升自己的实践次数或者说是提成，将病人强行的进行大手术。\n不过她的医术不可否认，毕竟是主治医师，不过还请您可以站在病人的角度上去考虑，毕竟病人是病人，在心理上经不起医生的主观治疗。好吗？,0
8905,菜单上能点的菜太少了 都被贴掉了 但是点的菜味道都基本可以\n服务不错 4个人也有包厢 而且每最低消费 \n看到来这里的团比较多,0
12840,这家的肉夹馍真的很不错，我平时一点肥肉都不吃的，吃这个肉夹馍觉得刚刚好，不腻。\n就是店有点小，感觉油腻。\n而且最近又涨价了，桑心,1
20559,终于吃到了传说中的外婆家，激动一把！\n宝贝很早就去排队了，排队的地方可以玩小游戏，消遣时间，还能看victoria's secret。。。食色性也。\n红烧肉是合着腊鱼一起烧的，味道很特别。\n绿茶饼特别好吃酥软。\n外婆石锅鱼量比较少，但是味道很到位！\n茶香鸭真的是好大一盘啊。。。\n总体来说还是很不错的！,1
17801,可能是晚饭时间人太多，服务员忙不过来，坐下等了半天没人点单，面的汤味还是蛮鲜的，快餐吃吃还可以。指付通也不能用，收银员说接触不好。有一段时间不好用了。,0
19483,开在繁华的淮海路这里，因为旁边也有其他的餐饮店，都是这样门面小小的，可以看出环境一般性。从价格来说还是挺实惠的，与淮海路上众多动不动就30-40元中饭来比可以说性价比很高了，至少一碗馄饨能吃饱。\n如果不够还能加半份的，香菇鲜肉馄饨是我经常点的，如果要吃了好点的话可以吃虾肉蛋黄馄饨，如果每种口味都要试一下，可以选全家福也不错，此外还有小笼出售，现在店里面装空调了，如果天气热的话吃馄饨就不会汗流浃背了，此外还有外卖服务，也挺方便的。,0
30954,"最近火气大,很容易发火,\n昨天逛了西单,来这里吃,说算了,吃小火锅吧,\n于是选了这个呷哺,\n这里的服务员真不行,我选了边上一个锅,服务员非要让坐\n里面去,我说了,我这是挨着坐的,就边上,里面大家围一起,\n我又这么胖,服务员生硬的来一句:不行,不能坐这,\n气得我丫的,不吃了不行",0
25979,来杭州后下班被同事领着去吃的，听说是刚开不久的，店的位置比较隐蔽，但里面的装修还不错，菜的样式和味道还是不错的，价格也不贵，有机会还会在去,1
11903,新開不久 今晚和老弟過去試試\n生意還算不錯 陸續有客人進\n我點了雞排套餐 19元\n老弟要的菲力套餐29元\n那個女的服務員有點傻\n我都說了我要雞排 然後她還會重複錯\n而且居然問我要幾分熟\n我說:你們雞排還有幾分熟的嗎\n太滑稽了 雞排應該全熟啊\n先買單的\n然後上玉米濃湯\n我喝完以後 老闆滿客氣的問說夠不夠\n要不要再加一碗  \n然後滿快的上牛排 再上我的雞排\n口味滿一般的其實 面還不錯\n但是沒有蔬菜沒有蔬菜沒有蔬菜\n就是面 肉 蛋     \n也沒問要飯還是面  直接就是面了\n價錢是非常便宜的  \np.s. 一週後可送外賣 也就是1/16,0
29703,过来拿中药的时候来得这 感觉服务不是很好啊 爱搭不理的感觉 喜欢了就多说 心情不好了 就对你不冷不热的 郁闷,1
20626,一度很爱看芭蕾，经常拉着lg一起去。\n有一次是俄罗斯的舞者来了，那个妞特别爱讨鼓掌，国人不晓得为什么特别爱鼓掌，看芭蕾都会合着节拍大鼓其掌，唉，不知所谓。\n还有那边的木地方和芭蕾可能特别不合，舞鞋的木尖尖砸在地板上，非常影响欣赏舞者转圈圈，好像木匠随身听。,0
5713,喜欢这家……感觉比其他家的都好……其实面包的味道、质量……和其他的连锁店差不多……但是……关键是这家地服务好……店员超级亲切……呵呵……喜欢……,1
41370,这家店啊就在我家的边上我和爸爸呢经常去他们家吃饭觉得味道非常的好，我很喜欢他们家的辣味火锅，锅底正宗价格优惠。,1
29297,吃过两次，总的来说还是不错的。。。烧鸡不错。山猪肉汤也不错，够鲜甜。\n其他菜也就是那样，还好。。并不是经常去。。\n在大学城里的粤菜，性价比的话，这间也还可以了。,0
35258,开在北翼的前门，装修也装修了满多次了。\n这里既有老鸭粉丝汤，也有麻辣烫。。\n现在还出来了酸辣粉和水饺、馄饨的。\n吃的地方是在地下，空间还可以吧，\n但是给人不怎么干净的感觉~~~\n老鸭汤么是特色，现在里面的料明显没有以前的多了。。。\n还有次中午叫的外卖，居然鸭胗、鸭肠没有的。。。\n可笑伐~~~~\n一个整套么12元，加个茶叶蛋和狮子头\n狮子头就是面粉居多~~~\n麻辣烫的选料地方不知怎么地上总是水，\n料的质量还可以，东西也蛮齐全\n至少我要吃的东西都有的~~~\n味道偏咸~~\n酸辣粉我吃过1次，上次看人家吃的满好吃的样子\n但是醋和辣帮我放的太多了！！！！！\n量一般般，难得吃吃还行\n饺子和馄饨没吃过~~~,0
41479,环境不错，虽然是素食，但是辅料还是太重了。可能这是素食没法解决的问题。还有就是人均消费还是偏高，不晓得为啥子素食都这样，甚至比真正的肉食还贵,1
2225,伊顿玫瑰底商，新开业的，彤德莱分店越来越多，去过两次这家店，吃完给返卷，第一次吃感觉还可以，可能是饿了，但是第二次觉得不如第一次好吃，火锅口味不如传统店。,0
34332,20111113更新\n==============================\n尼玛三个人吃麻辣烫吃了84元，关键是没点多少，外面最多40元了\n尼玛好吃一点也就算了，东西不新鲜，那是啊这么贵肯定吃的人不会多的，东西流转就慢\n尼玛这种地方也是一次性的店，如果再来我名字倒着写，尼玛\n手机的网线找不到了，看我头五头六的，拍的照片自己无法上传了，这里还没有人传过照片了呢，呜呜～～～～\n昨天去步行街，印象中ＲＡＲＡ说到过这里的麻辣烫，正好自己嘴馋的很，于是欣然前往～～\n这里的麻辣烫做的蛮正规，虽然生意很好等待时间却不算很长，汤底３元，可以在粉丝和鸭血中选择一样，我挑了后者～～\n另外偶还点了香肠，里脊肉，蟹肉棒，金针菇，菌菇等，都蛮好吃的就是价格稍微高了一点，一共１７元～～\n小工的态度真是吓人，生意好了不起啊，要他拿副筷子也死样怪气的，拽个ＰＰ呀，偶根本还不甩你这种人呢～～\n就着吃的会儿，一会有断胳膊的来讨钱，一会有聋哑人还卖餐巾纸，趟８牢啊，赶紧吃好抹嘴走人，呼呼～～～～,0
841,这里虽然远，但是来到这里真的是心的享受。看见各种鲜艳的花，很香，很漂亮。而且每次来到这里都会买好多话回去，装饰在家里面，很舒心。,1
19636,不知道是不是因为现在市面上分店开的越来越多的关系，奶茶的味道没有以前好了，而且有些品种也不是一直有卖的，基本也就买个奶绿+珍珠解解馋。,0
13012,很适合和老外一起吃的中国菜。很精致，量不大，环境很好。\n味道一般，价格很贵。随便吃吃都要好几千。\n记得点了个四川酸辣汤，味道超级辣。不过还是满正宗的。\n片皮鸭味道不错。,1
44545,和老公都是快乐柠檬的忠实粉丝，真想喝遍他家所有的口味~饮料名字太多实在记不全，老公最喜欢养乐多的和柠檬c芦荟，我好像没什么不喜欢的，柠檬弹珠、仙草奶茶、红豆抹茶冰沙，大爱啊~原来每天下班都穿过国瑞，心情好的时候就来一杯，现在生意越来越火了，晚上去有时候所有奶茶都卖光了呢,1
6770,呢间野去左甘多年，都系甘正，，就连汕头D牛肉丸都无甘正啊！！如果两个人吃，一个套餐都够吃，如果大吃既话就要多个湿炒河粉，呢度既湿炒河粉可以话系最正既！！仲有牛腩，牛筋、腐竹都好好味！\n我觉得系大聚会地点既选择之一，不过环境就麻麻，而且有D吵杂，，不过一大帮人既话都唔会觉得有问题既，因为可以大声讲大声笑啊嘛！！！,1
41198,悦乐上中了紫荆豪庭的两百元餐，七月底就到期，约朋友一起去吃的。到那边已经六点多了，本来想吃小点心，结果被服务员告知已经没有了。结果点了大家都推荐的三杯鸡、蜜汁叉烧和绿豆糕，又单点了牛河和一个按位上的椰汁水果捞。加上服务费和一人五块的茶位费刚好198。服务员看着挺多，客人不算多，但就是叫拿个餐巾纸就等了半天。我们座的二楼的两人桌，透过大玻璃向外看，环境不错。三杯鸡和蜜汁叉烧感觉有点小油腻，让我不停的喝菊花来解腻。琥珀绿豆糕的卖相很好，里面包着的是哈密瓜吃起来很清凉。值得一提的是椰汁水果捞，服务员端上来的时候我们有点小惊喜，是用一个小玻璃盆放着一个小碗，由于在玻璃盆里放了干冰的原因，看着就是从盆里向外在溢着雾状的气体。其实小碗里面的东西和很简单，就是椰汁里泡着几个水果球，西瓜和火龙果，也没几块。这些都吃完了主食牛河还没上，又等了快二十分才来。牛河量很大，也很油，那时候我们已经吃得很饱了就尝了几口，拌上放着的辣酱味道还不错。,1
21462,对就餐环境考究的朋友们就不用去了。因为这家小饭店从外观上看，真不知道还在营业中哦，呵呵。但是菜的口味还可以，家常风格，特别推荐豆腐鱼，做得很有水准哦。老板服务很热情，做得都是熟客的生意，物美价廉，偶尔吃吃还是不错的。,0
15575,有2层。直接奔5楼去的。结果蒙对了。4楼都是包房。5楼可以大堂的。生意貌似很好。\n点菜老是等服务员，等好久。上菜也慢了点。价格算实惠的\n2个人吃本来点的3个冷菜2个热菜。。结果等来等去，没等到最后一个菜。嫌麻烦直接退了。\n忘记点的蔬菜是什么了。价格不贵。20内的。我男人说好吃。我就吃上面的松子粒。。。\n半只烤鸭也就30不到。肉还是蛮多的。吃剩不少\n猪蹄冷的，一开始觉得一般，吃到后面感觉还是蛮香的。\n基围虾也不贵哈。68一斤，全部吃光光。\n饮料也不贵。大瓶可乐才12.听装的6元。。雪梨黄瓜汁，12元。。我喝着就觉得都是黄瓜味。。雪梨没尝到味道啊\n今天第二次去吃。8个人。993元大洋。水晶虾仁一致说不好吃。那个鸭头吃着都感觉怪，不知道是放锅里时间长短问题还是什么，就是有股怪味。 点了条鱼，200多把，像黑鱼，吃着味道不错。狮子头，一人一个，可能吃到最后都吃饱了。都没吃完，上面有蟹粉，那个汤汁味道蛮好喝的。冷菜熏鱼都说好。水晶鸡其实也可以，不知道为什么，剩的蛮多，牛仔粒我吃着感觉 偏甜了，不过蛮嫩的。椰奶9元一听，不是椰树的。,1
23978,地处公园前地铁的很旺的区域，但来这的次数不多，某日和朋友突然经过，很想看，也就去了，环境来说还不错，人相对于飞扬或中华广场要少很多，但其实效果差不多~~不过优惠少了点，多有些优惠活动的话，会常来~,1
22626,不知道怎么回事 这家店的服务员好像欠他们多还他们少一样的\n个个板着个脸 什么意思\n到了那里我们点了很多菜 他居然说你们不要点了 吃完再说\n什么态度啊 我有点无语了\n吃的东西确实不错的\n但是这点服务员实在是太.....\n里面的蜜汁鸡排很好吃 甜滋滋的\n拔丝香蕉点了三份 口味很好\n牛舌也很嫩的 \n培根高丽菜点了到最后都没有上来 \n点了像白点一样的\n吃到最后有点小失望的。。\n上菜慢 漏菜。。。\n服务员态度差\n唯一欣慰的 就是味道不错。,0
42631,旅游的时候把朋友的肉松卷抢了过来吃个精光，真的很好吃很喜欢，香香的，脆脆的，松松的。肉铺好像有点偏甜，可能是口味不同吧，但是真的好香啊，流口水的~~~~,1
37032,大家乐，香港的快餐连锁店，港式服务不得不说就是比国内的茶楼饭店要好。小朋友喜欢吃猪扒饭，系好中意果只，所以经常去。有时我地两个有时去鳗鱼先生吃饭佢都5吃，只能去大家乐打包猪扒饭比佢。除了猪扒饭还有很多好东西，烧春鸡都好好食，我老婆最喜欢那里的可乐。在这里不得不再赞一句其服务，记得有一次因为走累了，我地两个去点两杯可乐座吓，拿可乐后准备到座位坐抵，一时不慎，打泻佐杯，但即可有服务员过来拖地，跟住无几耐又有个经理拿翻杯可乐来补比我，系5洗钱果只，因为系我自己打泻嘎，我重来都未向其提出过要求，但其即刻补翻比我，相信系国内5系好多服务行业能做到甘嘎！所以我都好喜欢来呢度吃饭。,1
37524,铁百超市保安的服务超差\n  我今天去这家超市购物，因我是自带的手推车，所以在入口处我要求保安检查。我说了两次，他不理。我就往超市里走。因为我是常客。每星期都来这家超市购物，每次都是经保安检查过进入超市。这次，这个保安非但不检查，还挥手让我去服务台存车。他嫌麻烦，却要把麻烦留给顾客。（请问手推车怎么抬进服务台？）而且一脸的不耐烦。好像是我在无理取闹。我怕影响他人就转身离去。有心人可以去看看这位保安的工作态度。值班时整个人懒洋洋地站成了S形。既然不喜欢这份工作就请走人。别在这里影响他人购物。也直接影响铁百超市的形象。,0
16472,公司年终联欢会开在这里，感觉还是挺气派的，宴会厅很大，水晶吊灯非常漂亮。\n但是吃的非常一般，菜都是之前做好上桌前又热的，当然，60桌的晚宴，这样做还是可以理解的，但是对于外形还是要讲究一些吧，毕竟是5星，大家可以看看我拍的图片，菜量和摆盘都让人以为是别人吃剩下的，尤其是那个看着好像鸭肠一样的东西，其实就是外面卖的那种豆制品。\n另外桌布非常脏，我的位置前面有好几处污渍，明显是之前清洗不到位留下的。强烈鄙视。\n上的主菜也乏善可陈，300的标准什么都没吃到。\n与之相比，服务的差距更让人郁闷，桌上的红酒喝完又要了一瓶，服务员先提醒你，每桌只限2瓶红酒。这是个基本的常识，你完全可以等客人要第三瓶红酒的时候再告诉客人，每桌仅限2瓶，然后去帮客人调一瓶过来，毕竟不是每桌红酒都能喝2瓶的，而酒水又是公司自己带的，喝不完也不会留给酒店。你早早的告诉客人限量，让人喝起来非常不尽兴。\n感觉服务明显不如索菲特。地方又比较偏，估计只有市政府的人会常来吧。,0
2653,香港荣华招牌就系月饼同老婆饼，食过佢嘅白莲蓉（系香港买架）味度同广州嘅唔同莲蓉味好浓好滑好好味架，不过价钱就贵好多，老婆饼好香好软滑几清甜唔错，我就反而几钟意佢嘅带咸味嘅老公饼多D。,1
22670,以前是给六折的优惠券，现在是八折的，一些东西也涨价了，不过总体水平保持的还不错，有时去欧尚还是会去吃，自带酒水比较划算,1
40607,自助烤肉，人非常的多，烤肉是吃的还不错的，就是吃完了全身都是味道，满大厅都是吃烤肉的人，没有味道都不行啊，既然来这样的地方就不管身上会不会有味道，先吃了再说，寿司真心的不好吃啊，还是烤肉好了，五花肉烤的很干的时候在配上料，OH，赞额，好吃的，肥牛也赞的，五花肉和肥牛吃的最多拉，鱿鱼一般般，不是很好吃，甜食做的很失败，一点都不好吃，冰激凌没有什么区别的额，和外面吃到的一模一样，就是烤肉好以外，么啥了，吃完了看那些碟子叠的那么高，大吃鬼啊。,0
21876,鱼很鲜。汤特别好喝。只是鱼的价格相对较贵。每斤要一百多。需要注意的是：要注意鱼的鲜活度。点好鱼，经后厨洗过后，鱼上来应该还在动甚至在跳。上次去吃，后厨小男孩用小碗将我们点的鱼拿上来后，明显都是死的，鲜活度不高会直接影响汤的鲜美度。被发现后，态度还算好，给我们更换了。希望大家注意。,0
33356,朋友请客选在了周末的晚上，虽说下班时分大雨倾盆，但路上的车还是堵得那叫一个伤不起啊，到了那边车位已经非常紧张了。包厢设在三楼，装修有点古色古香，空调开得足足的，让闷热的梅雨季变带凉爽起来，入座人已觉舒适不少。朋友已经点了好多的菜，肚子也是该饿了，于是赶紧开吃。一餐下来印象较深的菜有：瓦罐鸡，据说是将瓦罐置炭火上煨上几小时而成的岽阳土鸡，开盖香气扑面而来，里面除了鸡还有龙骨和沙参及许多的生姜，鸡及骨头煨得酥酥的，汤汁鲜美，值得一尝；上汤螺蛳，微辣加了咸肉丝和许多的蒜头，味道不错；瓦罐肉将五花肉炖得酥酥、糯糯的，与荞麦包一起吃，别提有多美味了；剁椒鱼头，大大一个鱼头身上盖满了青、红辣椒，鱼肉新鲜，味道正宗。对了，那个点心岽阳沃面给了我们小小的惊艳，那个面虽没筋斗但别有一番风味，加了胡椒粉香香的，一碗肯定是不够的。感觉此店的菜比长生路上那家岽阳菜馆来得有水准，呵呵，还是我白吃的缘故？,0
5926,和老公都很喜欢吃咖喱饭，蛋包饭之类的，所以经常光顾，很合我们的口味劳工尤其爱吃coco家的猪排咖喱饭，我喜欢吃牛肉咖喱蛋包饭,1
17157,我们放弃了 自助餐 来这里狂吃了一把\n麻辣烫 没有味道 平平淡淡\n凉皮挺好吃的 虽然没有家那边的好 味道挺足\n粥淡淡的性价比很高\n他家的东西 只要不是进口的 都挺便宜的呢 比很多其他超市都便宜 \n喜欢纯味酸奶 6 块钱 400ML 超级浓！！！坐在 zara前面的大熊旁边吃着BF喂的爱吃的酸奶 晒着阳光 春天 真温暖啊~\n不过这家店的特点 。。。呵呵 有钱人太多 买东西的人拽~ 卖东西的人更拽~,1
3862,"味多美蛋糕选用天然乳脂奶油，绿色无公害，新鲜鸡蛋，高品质阳光小麦，新西兰的奇异果，美国的大杏仁等50多种键康食材......正是由于这些健康食材的选用,成就了味多美每一款蛋糕的完美品质.口感细腻光滑,款式多样,造型漂亮,值得一试.",0
30696,这是一个吃湘菜的地方\n这里的环境非常的不好\n一进包间，立刻有一股非常难闻的异味\n上菜速度倒是挺快的\n所以，觉得他们很多菜都是提前做好的\n不是特别新鲜\n至于味道嘛，还行\n也许是我饿了的缘故吧，所以对味道没有那么挑剔了\n这里只适合朋友聚餐，至于商务宴请还是算了 吧,0
1512,口味没有以前好了，而且感觉价格提高。这家店的设施比较旧，沙发都快破了。\n双人套餐明显提价，而且招商银行的优惠也不能使用了.......感觉还是必胜客好吃,0
18472,昨天刚从良子足浴出来，往西湖边上一走。就刚好看到这家，然后在西湖边上逛了10来分钟。就进来吃了。感觉好像只有一层。因为不想吃太多了，就点了个不加香菜的冬阴功拉面。另外加一盘冷豆腐。感觉这样搭配吃很奇特。而且出奇的是以前冷热一起肯定拉肚子的。这次居然一点事都没有。不过吃面的时候总觉得里面有种没吃过的味道，就是判断不出来。,0
15242,不知不觉身体一天天一点点的胖了起来，为了身体的美丽，于是就在网上搜寻！不过想找一个好的减肥中心还真颇费了一番，经过比较终于选定了这家貌似还不错的减肥中心。第一次过来体验，感觉还真的蛮不错，所以就一直坚持到现在，一个多月下来，效果真的是蛮有成效的，人也瘦了下来了，不过为了漂亮还是要靠坚持的！也正如针灸师讲的，肥胖是你错误的生活习惯，和错误的饮食引起的，是自己吃出来的，想要不反弹，就要有一个正确的生活方式。嘿嘿！没想到老师蛮有才的，现在还真的没反弹了呢！,1
20967,店内几乎没有什么客人，大概是几个小伙子合开的店把，几个大男生坐在那里玩电脑，看到我们进店，1人忙站起来招呼我们进到里面的沙发坐下。\n价格偏贵，一个喝酒的小玻璃杯里面一点点茶叶要卖50元一杯，茶叶味道一般般，不算上品还可以喝喝。\n很多小食是附送的，但是这些小食真的不好吃，瓜子大概由于放在外面的时间太长有点hao掉了，其他的东西也是些难吃的不知道哪里产的东西。所以碰都木有碰。\n沙发后面有一排书架，都是些很旧的杂志和书了，没什么好看的。\n不过有很多种类的棋子可以玩，可惜的是大概由于长期疏于整理，都是乱七八糟也木有人整理，导致什么也没办法玩。\n最重要的是他们那里茶坊里面是木有厕所的，要走到大楼的最里端有个奇臭无比的厕所，灯光灰暗，很脏。作为茶坊来说，客人就是来喝茶的嘛，那肯定要经常上厕所的咯。碰到这么恶心的厕所，喝茶的心情都木有了。,0
44641,以前上班发餐券，所以经常来吃，面点挺多，但是味道一般，当然也有很多同事觉得非常好吃，可能个人口味不同吧。量还是很足的，不用担心吃不饱的现象出现，吼吼~~~，不过每次都得排很长的队，来吃的人太多了，人气很旺呢，估计都是公司发餐券来吃的吧~~,0
24311,想起这家书店，就觉得很愉快。\n有很多非常美的人文方面的书，环境闲适。\n让人愿意在一个不忙的午后，在这里消磨一个下午。\n第三极倒下后，真心希望所有有特色的书店一定要坚持下去。,1
31259,在開發區很喜歡去的一家川菜館，並沒有什麽特別出彩的地方，但是在大連這一飲食文化貧瘠的土壤上中規中矩已經算是不錯的了，那些比較有名的川菜做起來還是有模有樣的，而且服務員的狀態也一直不錯，每次去都是同學聚餐，感覺對我們很親切，價格嘛也算不錯，不知不覺的已經成爲了我們平日裡聚餐的首選。,1
22061,路过的时候买了巧克力布丁奶 巧克力双拼 红豆珍珠奶~\n第一次喝它家巧克力的~~~\n很好喝诶 巧克力布丁奶 很香！口感也好 也不会很甜\n巧克力双拼呢 是布丁加红豆 要的半分糖 但是依旧很甜……\n是不是只要加红豆的就会很甜呢……\n红豆珍珠奶茶 好吧 很甜很甜~~~\n看着好像又新出了几样面包~~~等着下次回家买来吃,1
37667,米宝宝最爱吃他家的肉燥饭，很香，很耐吃，吃几次都不厌，而且点肉燥饭上菜速度最快，马上就来，可能要吃的人很多，店家都准备好了，不过缺点是饭有点凉。其他盖浇饭，我推荐雪菜肉丝饭，只要5元，也很过饭很好吃~,1
1256,"well, this local experience is definitely a good one to visitors.  Music is surprisingly good. Yet it's really not my style.  Kids there are having fun for sure.",1
7280,楼下那个请我喝的 囧。据说2杯13.。。味道和外面卖的区别不大呢。。。喝完发现里面有料=。=原谅我不知道放的什么。珍珠的话有点弹性。不算太难喝,0
31466,一直很喜欢大清花饺子，以前爸爸的朋友开了一家大清花，在二院附近，后来不干了。他那里的东西就是很好吃。去了别的店，发现都是一样的好啊。价格不贵，口感很好，很值得推荐呢。,1
41478,俺写的是优惠后的价格，就是5折后的价格，可见这家也不便宜啊，还是那句老话，属于吃环境的店。除了菜式的看相好点以外，其他没什么特点。回来都想不起来了，饭也是3元一碗，比四季恋还要贵，不去也罢~~,0
42301,早早和商户约好了时间，今天晚上下班，坐车到了丰台路口，在车上，就在找天天渔港在哪，但是很显眼，非常大的“天天渔港”，旁边就能看到黄色鲜艳的“東方星貴族”五个鲜艳的繁体字，下车后走过去，感觉这的大门不太显眼，比较小，但是一走到门口，三四个服务员便热情的接待了我，经理很热情的接待了我，知道我是大众点评网来的以后，我选择了热石按摩的项目，我被带到了一个双人房间，由于自己相机很悲剧的没电了，没有美图上传，但是这家店的内部装修还是很典雅美观的，房间还可以洗澡，洗发露沐浴露等都一应俱全，浴巾毛巾样样都有，我洗过澡后，叫来服务员开始体验热石按摩！\n首先从背部开始，悲剧的是，一开始服务员就说我肩膀不好，有小颗粒，帮我刮一下，没过一会又说我脖子颈椎不好，有受损，帮我按按！一会石头好了，便帮我铺在背上，很细心，还问我有没有很烫，力度大不大，这个真的瞬间就热起来了，出了不少汗，背部铺石头的时候，就在按摩脚，按完后脚底也会放热石，然后取下背部的石头擦干汗开始按摩背部，然后就翻身在胃部进行按摩，放上热石，然后按摩脚，完了取下胃部的热石再按摩一下胃部，然后是肩部，至始至终没有按摩到的地方都用毛巾盖着，怕我受凉，很细心。\n基本这个就是这家店热石按摩的步骤，按摩完后我点了西瓜汁，想吃龟苓膏结果今天没有，晕，询问过后今天只有免费饮料，所以喝完西瓜汁。\n看了其他服务项目，有一个天下无双的项目是双人按摩的，让我有点想入非非啊，嘿嘿！等汗干了我就走了，出来后经理很热情的询问了感觉如何，还提醒我回去多喝热水，这个是有助于排毒的。\n总之这家店的按摩手法还是不错的，服务也很周到热情，当然就写下了这篇点评，谢谢大众点评网给我这次机会体验，东方新贵足在崇文门还有一个店，大家有兴趣还是可以去试试的，都是养身按摩！,1
32855,实惠，以前吃过一次，觉得味道不错，特地走过来吃，鲁肉饭，炖蛋，酸白菜，胃十分妥帖，一共23元，心里也十分妥帖,1
35022,超雅的店在福州还是很多的，蛋糕比较好吃，只是现在卖的东西实在有点贵啊，通货膨胀闹的吧，偶喜欢他家的泡芙，口感松软，看得就很有食欲的呢，哈哈哈,1
38658,送上的大麦茶 飘浮着污渍。鳕鱼和布丁味道可以 就是无比迷你 包括水果 迷你啊… 炸猪排跟路边摊差不多 里脊还满好吃的 刺身很肥 可惜有茎 。蒸蛋不好吃 qiudao,0
27475,附近类似的台湾料理很多，这家不过如此，7个人吃了200块，没什么大印象。另外这家店的洗手的地方实在不敢恭维，就是洗菜池啊,0
8429,这里是研究生部，来过很多次，中学的时候学校经常在这里组织看电影一类的活动，好像艺术节也是借用这里的场地，校园不是很大，规划很好。,1
31731,东西真是很一般很一般，可能对西餐的口感要求不同……\n为了找个安静地方才来的，对口味比较失望啦\n以后不会再来了……不好吃……,0
14209,素敵な店ですよ。店長さんと店員さん、全員は日本人です。\n本当に優しいの店長さんですよ。夕食はサラダと味噌汁を提供しません。そうなこと私…知らなかった。\n店長さんは「大丈夫です。我上菜」。私、感動されました。っていうか、なんで店長さんの中国語はすごくうまいですか～～へぇーーーーーーーーー\nとにかく、この店の環境はとてもE感じ。好きですから。店長さん、これからもよろしくお願い致します。\n（なんかブログのコメント見たい…すいませんでした＾＾。）,1
20418,分两家店，一家adidas在运动专卖区，一家adidas三叶草在南广场银泰广场内。\n运动专区的环境一般，很空旷，东西也是很久的款式，还有个柜台居然堆了很多旧的、脏的货品还在那里特价处理，真的有损品牌的形象，这家店淘淘网球鞋、篮球队服还可以。\n三叶草的布局就比较好了，买复古的运动卫衣套装和标志的贝壳头板鞋，还是不错的，现在有3折的特价鞋子卖，不过都是断码的43-45的。,0
7473,刚开业的时候很兴奋地冲过去吃   外面看上去还可以\n然后\n失望了\n反正。。。\n么撒特殊原因是不会去了,0
22821,老字号了 没什么可以挑剔的 每次想吃掼奶油蛋糕的时候就去的一家饼屋 静安那边的经常去的 而且附近有王家沙 传统就是要在一起,1
34219,新开的奶酪店~在菜市场旁边~现在是奶酪季打9折~学生也可以打9折~而且还折上折~\n所以一杯奶酪是8.1米~奶酪店小小的但是很干净~冷气挺足所以环境很不错~\n里面服务生比较热情~给介绍啊什么的~但是有点儿对产品不了解~\n要的紫薯的奶酪~偏稀~店家说因为北京的奶比较稀~她们是用鲜奶做的所以也稀~\n好吧。。紫薯的味道还可以~但是吃到底下不够细腻~有渣~醪糟放多了点儿吧有可能~\n里面还有双皮奶、奶棋子、布丁什么的~奶酪口味有南瓜、菊花之类的6、7种吧~,0
26071,环境不错，装潢装修有档次，服务很好。菜式丰富，川菜粤菜上海菜都有，也有海鲜，基本上能满足众口难调的口味。很适合家庭聚餐、朋友聚会或者宴请客户，值得多次光顾。,1
44791,感觉很不正规的地方，不用医保卡病例，有些自费项目是医生收现金代缴的，说是要送出去化验。还不如社区医院,0
24754,帮妈妈点了一杯美式咖啡，因为妈妈最喜欢喝。可是，咖啡的奶精太差了，太淡了，当时问服务员要三包可是服员员只肯给二包，小气死了。咖啡也不是很好喝，太一般了。\n总体感觉，辣鸡比原味的要好吃。牛肉比鸡肉好吃。其他的小食还没有尝试过，不过冲着收银员小气的态度不会去第二次了。,0
32502,前一段突然很馋火锅，刚好在网上看到郑州也有麻辣香锅，而且地点对我来说很便利，就兴冲冲的去了。到了之后发现环境不错，听从网上建议，两个人点了五份菜。当才端上来的时候，看着那个盆子很兴奋，但吃的时候才发现菜的分量不大，也就刚刚够吃。挺喜欢红薯的没感觉吃起来很有味。,1
44180,朋友生日时候好友聚餐去吃的~\n虾滑真的很不错 难怪很多盆友都推荐~\n菜得量很足~很多菜可以考虑点半份 总的来说还是比较划算的\n中午人不是很多 空位置蛮多的 挺好~,0
32187,特地冲过去吃枣泥拉糕的。吃口一般，估计隔水蒸的时候水放多了。。有点粘了，感觉苏州最正宗的苏帮菜应该不是松鹤楼，得月楼啧。。,0
25518,看名字和装修还以为是山寨面包店，市口是没有巴黎贝甜好，人气也不是很足，但店里打的是日本纯手工制作，从CITYSHOP出来就顺道买了一个尝尝。买的是草莓派，具体名字忘了，样子很好看，价钱也好看，15元一个。在店里试吃了他们家的招牌白吐司，觉得不错。回家后看着看着觉得突然有了食欲（刚吃过晚饭），忍不住咬了一口，好脆哦，又有股新鲜的发酵香味，然后就一发不可收拾地全吃了，草莓很新鲜，里面的芝士酱也很香甜，却不腻。天知道本来是当做早饭的。看来以后会经常去败了，我的钱包还有我的体重啊！！！,1
40993,和朋友吃完饭，而外面下着雨 没办法出去混了只有在这里躲雨，老样子大杯摩卡慢慢和朋友在这泡着吧 闲聊也是很快就会过去滴 哈哈  看着外面冒雨狂奔的人们心里还是蛮惬意地。。。,0
32043,不知道是不是这家，和N一起去额，除了烧烤外他们家还做粥，什么粥都有，海鲜粥比较赞。生意好的不得了，2层却一直没有位子。老板娘貌似是福建也不知道是台湾人，一口闽南话，里面的伙计也是。那个人气之旺啊，我们一边吃旁边就有人在等，晕死。。带子啊扇贝啊生蚝都是蒜蓉味道的，但是貌似你可以要求加豆豉的..\n可惜我们去的时候已经没有生蚝了额,0
2336,锅子很大，汤的味道不错，主料都是当着客人面倒到锅子里的\n环境还不错，就是小凳子冬天坐着有点窝的晃，坐久了有点累\n冬天吃吃热乎乎的米线还是很好的,1
23503,我喜欢吃他家的冰淇淋\n很大一杯。吃起来特别的爽。而且口感也非常的好。\n我喜欢抹茶味的。真的很好吃。经常也买他家的那上套餐,1
217,小南国在五角场还是满有人气的~~\n家庭聚会 不过 价格有点偏高\n菜色比较本帮 虽然没有川菜哪么风风火火 但是偶尔吃吃还是很清淡 比较舒服,1
6884,刚好情人节活动~好像30块钱送一对全年打折的情侣钥匙扣，还送了好多优惠券~有什么买一送一之类的~\n相当划算啊~~~\n当场就用了一张买一送一的暴风雪的~哈哈~~~\n那个服务员也挺逗。。因为必须两个钥匙扣同时出示才打折。。\n然后问他分手了怎么办。。\n他说如果分手了单独一个人来他这还是可以打折，因为他认识了。。别家就不行了。。。,1
7886,在这里定了厅柜、沙发，床也准备在这里买，很享受还价的过程，哈哈，要多淘淘，还是有质量不错的家具的。不过在这种大型的家具城看多了，再好的家具往这一摆，可能都不显档次了。,0
43330,环境很好，泡好温泉开车过来也就10分钟不到，很方便，就是农家的味道比较少，环境很好，很优雅的。下次来旺山应该还会选这家的。,1
5908,吃鸡块鸡翅 真的不能和kfc和麦当劳的比，不够味。但是买一送一显得还算实惠。\n经常去吃套餐，不过种类少了点。\n最近很爱雪布蕾，每次都是两个两个的买\n鸡排大亨有点“恐怖”，一个人绝对吃不下~,1
29223,欧婼妍SPA(徐家汇店)\n知道这家店多多少少还是因为点评~\n是参加点评的部落活动，\n帖子上首页的都可以获得欧婼妍SPA(徐家汇店)的美容卡一张~~\n收到这张卡已经很久了，\n但是一直没去用，\n想想时间还早了，不急的呀，\n就一直放在写字台上积灰~~\n终于有一天，国庆节前夕，心血来潮，\n就理了理东西~~\n顺便也拿出了这张券看一下，\n本打算看看这张券到什么时候结束，\n可以安排时间去做个脸~~\n没想到，\n这一看，\n就看出问题了，\n还记得我是在9月28日看的，\n而上面注明的截止日期居然是9月30日~~\n这个这个。。。。\n一下子傻了眼了呀，\n我根本忘记这件事了，\n一直以为是到年底过期的，\n这不，我是肯定去不了了~~\n因为这几天都要上班的，\n不过还好妈妈第二天不上班~\n于是就跟妈妈商量了带妈妈去做算了~~\n还好我们家到那里也不算远~~\n于是我就预约了~~\n预约的时候已经是晚上78点了，\n但是打过去的时候，\n接电话的MM还是很客气，\n而且声音很甜美的呢~\n我跟她说明了情况以后，\nMM就很热情的帮我看了还有哪些时间可以预约~\n本来想帮自己预约晚上的，\n但是晚上的都满了，\n所以还是就帮妈妈报了，\n报了下午2点的~~\nMM帮我预约好，还很客气的跟我说呢~\n再说说按摩手法吧，\n唯一遗憾的是，\n看到点评上面很多人都说，\n事前会让我们冲个澡的，\n但是去了那里，\n他们非但没有说要冲澡，\n妈妈问他么怎么不用洗澡的吗？\n他们就说不要洗澡的，\n这点好像不太一致嘛~~\n至于按摩手法么，\n他们家还是满正规的，\n先做面部保养什么的，还有清洁~\n然后按摩脸部~~\n还有按摩全身哦~~\n这个还是很舒服的~~\n而且做好以后是感觉还不错的~~\n所以这点还是值得肯定和表扬的~~\n做的不错呢~~\n而且就整个按摩过程中，\n没有半点推销什么的，\n所以这点还是很好的，\n因此，大家去做的时间就可以不用过分的担心了~~\n总体来说，\n我个人的感觉是：\n我感觉这家店环境还是不错的，\n生意好像和很好的~\nMM们的态度也还是可以的~~\n按摩手法和做脸的手法还是很到位的~~\n这些都是值得肯定的~~\n所以以后要是还有机会的话，\n我应该也还是回去试试看的呢~~\n期待下次还有这样的机会啦~~,1
32250,校园很大 操场在夜幕下看起来特别漂亮 只是没有开放 图书馆挺旧的 一排排书架很有感觉 附近有很多小吃店 华理的同学真幸福,1
33724,今天在大众点评的指引下，由河北区打车到此地。二十四快。尚未进门就看到门口各国名车在此地云集。看来名不虚传。进门就被大堂的豪华与宽敞所震撼。最好的当数洗浴区。豪华与人性化共存。浴池很大，象游泳池。哈哈哈哈。但唯一不足的是我来的不是时候，人太多了。三四楼的包间与休息大厅的床位全满。只有在休息区外面的茶坊休息。也不能怨人呀。自助餐没有吃，由于没有包间按摩与修脚也没有做，故不做点评。,1
23632,学校里的小吃店，东西还是不错的，那里的小笼和生煎都是很推荐的，可以打包带走，适合早上上课的路上买了吃，缺点的话，就是中午的时候人实在太多了，没有座位，很多东西都会卖完,1
7883,吃了拌面、燕麦番薯粥和拍黄瓜。拌面味道还不错，如果酱能再多一点就更好了。燕麦番薯粥也好吃，番薯很甜也煮的够软烂。就是拍黄瓜咸了一点。,1
7349,看点评网上好评一片，特意拉着老公坐地铁前来。快餐店嘛，地方小人多嘈杂，还没位，老公不太愿意进，我就跟他说这家店口碑那是相当好啊，烧鹅那个香啊，只有小店的东西味道才正宗啊。。。此处省略一万字。等了一会和别人挤了个一个小桌坐下，点一份油鸡，一份烧鹅，说实话，吃完没什么感觉，没觉得特别好吃，感觉一般酒楼的烧鹅和葱油鸡水平都在这之上。真的是百闻不如一试啊。可惜了我的一万字了？,0
36424,总的来说还可以，要了一锅不辣的，一锅中辣的，感觉还是辣的好吃一点，不辣的显得有些油大了。\n人不算多，可能是天气冷吧。服务员还可以，送酸梅汤。,1
16488,价格比海底捞贵，服务比海底捞差远了。饮料价格赶上大饭店了。上星期日去了一次，去之前打电话问要不要预约，答曰随时都有位子。大明虾特价，端上来一看就不新鲜，涮熟以后像烂泥，后来退了。再也不会去了。劝大家也别去。,0
30573,没有传说的那么神奇\n年轻人不一定喜欢这个口味\n40左右的还行\n这里可以回味上世纪老国营馆子的味道\n东西做的比道边的bb馆儿能讲究点儿\n没怎么偷工减料而已\n饺子是老饭店做法\n没汤儿\n大肠乎得很烂糊\n有点儿入口即化的感觉\n炒菜的味道的碰运气\n赶上个学徒炒得话就认倒霉吧,0
26903,无数次电话骚扰，问题是我们家头老早就被月子中心剔光了，你电话推销也要留好纪录的呀，我一度被折磨疯，比平安还过分啊。看到很多人点评说这是长妇婴推荐的，可能是她们冒充的吧,0
31099,在北京莫劳应该算很古老的西餐厅了吧，存活到现在自然有生存的道理，小时候对这里很有期待和梦想，那种咸鲜多汁的煮海虹让人做梦都梦到，长大了，嘴刁了，选择的余地也很多，这里很久没有光临.\n    一次到工体看演出，散场后慢慢的在街上走着，忽的看到这里，很沧桑的静静的在那里，心里一阵柔软，拉着朋友进了来.\n    还是那曾经的煮海虹，口味未有变更，只是，如今的我知道了海虹的价格，边吃边无法克制的计算了起来.对于味道却苛刻的觉得可以更加美好.\n    正如而今被大多世人摒弃的爱情，其本身并没有改变，只是人们变得越来越会计算，生怕自己多付出一点而得不到回报，而忽略了享受过程的美好.,1
37425,味道不错，和朋友经常去吃，一人一个锅比较卫生。每次都要吃多，没办法谁让他家的味好呢。他家每天人都很多。有微辣，特辣和清汤三种口味,1
5422,感觉这里的面包品质很好，价格也适中，不是太贵，尤其爱吃披萨，还有蓝莓口味的面包，还有那个 巧克力咖啡味的蛋卷，自己感觉原味的不怎么样，还有一个大的咖啡味面包我也很喜欢，他家的奶茶也好喝，总之对他家很满意,1
3569,实在给自己找不出理由在火车站附近吃饭，但是，我就吃了。传说那是一个夜黑风高之夜，从东区回来大半夜找不到吃饭的地方，走到这门口饿的不行，停车进店。\n  现在豪享来里德中餐比牛排还多，点了几个小笼和小菜，要了一个茶树菇炖锅：：：完全不推荐。没几块肉不说，汤几乎是清水，大半夜本来想喝点热乎乎香香的汤，结果热乎乎是做到了，只是汤没味道。而且茶树菇们很彪悍的样子，切都没切，整根的，吃的我这个腰疼。上中学时候追求比较低，还蛮喜欢去豪享来吃个大肉肉的，现在做的越来越不好吃了。\n  这店比较适合开到车站附近，就算没别的优势，起码人家24小时,0
23104,"这是我吃过最难吃的川菜店了，本来不想评的，但是竟然看到有人评说什么“在上海吃到的最好吃的川菜馆”，“这家的鱼恐怕是梅花路 2006 美食街最好吃的一家”，这也实在是“欺”人太甚了。\n我也点了烤鱼，跟QIL说的完全一样，“那鱼是炸过的,没烤...鱼没有腌过...所以鱼肉是完全没有味道的 所谓的烤 只是在上桌的时候盆下头放了几块木炭...额,起保温作用,别无它用”。其他的菜也实在不敢恭维。\n如果说是冲着川菜或好吃的，那就别去了；但是那里的服务还是可以的，服务员都很好。厨子应该换了。",0
25255,喜欢吃火锅的朋友可以去吃。便宜又好吃。菌类很多，可以各类菌都吃到。最特色的菌汤，很好喝。羔羊肉也很嫩。能满足不吃辣的朋友的所有口感。,1
9400,就在我家楼下不远处，听很多人赞美是厦门最好吃的，慕名而去\n超级芒果冰，25元，上来很大一份，但是并没有觉得有多好吃\n芒果只是很普通的芒果，冰的上半部分奶味还蛮浓，吃到底下就没什么味道了,0
41654,晚上去街上回来路过这个店，开了有几天了，不过还算是家新店，不知道是不是连锁的，反正名字没见过，看在是认识的人开的店的面子上我今天不去跟它计较了，说说我买到的奶茶吧，奶茶价格不贵，3块一杯，先不说制作过程了，拿到手我就喝了，先是喝到一根铁丝，我傻了，心里有点不爽，老公说扔了吧，我没扔拿回家了，洗完澡有点渴我又喝了几口，又觉得嘴里有东西吐出来一看是一个餐巾纸的碎屑，我的个娘啊，我是第一次喝凉水塞牙了，被一个铁丝和餐巾纸塞牙了，我恶心的马上去厕所吐了。诶诶诶。,0
19072,好像没有包间，只有一厅堂，八仙桌，长板凳，很不错 喜欢他们家的蛋黄锅巴 香香脆脆的 椒盐排骨 粉蒸肉 还有美味的蜂窝玉米 可以在里面大碗喝酒 大声聊天 非常随性,1
7042,我和羊咩咩属于比较能吃的那种\n昨儿和妈妈去家乐福看到争鲜\n才想起来去年羊咩咩回来的时候\n我们溜达这边就随便吃了\n所有【寿司6米一份】\n便宜是便宜\n但是，就回转来说，不如小乔和禾绿\n因为家乐福人声鼎沸，太吵杂了\n不喜欢这种环境\n而且，回转都没有什么好的食材\n三文鱼切片肉还有冰\n如果没有冰就是化了好久的...\n一点儿也不新鲜的\n而且，6米一份么，所以每份量也很小\n茶碗蒸不好吃...\n门口叫卖声此起彼伏\n吃过一次就不会再吃了\n人也不是很多\n但，他家真的是便宜,0
32946,很好吃！是我吃过的最好吃的韩国烧烤。就是忙起来，服务员觉得不够。其他的无论是烤肉、小菜都味道很好，而且送的小菜非常多，还有水果、口香糖之类的赠品。好吃价格也不贵。喜欢他家的猪排，一般两个人要一个猪排等肉类和石锅拌饭或者紫菜包饭之类的就够了，小菜就能吃得半饱了。,1
26844,今天和男朋友去吃的，要了一份银耳莲子汤，罐子好小啊，喝不了多少就没了，还点了一瓶啤酒，一份蛋炒饭和辣子鸡丁盖饭，主食的味道还是不错的。,0
11175,很好吃的味道！清酒也很好！吃不下的摇买单，但是真的很喜欢吃啊！几年前去的，在华山医院对面，二楼就是别有洞天的小BAR ！,1
11650,很喜欢晚上跟三五知己来这边坐坐。\n装修很东南亚风格。\n一楼有演出，纱帘的座椅搞的很有情调。\n三楼的天台旁边就是荷花池，吹着微风，喝点小酒。静静的享受着片刻的宁静。,1
22817,还是很好的一家店吧，服务生对这里似乎还不怎么了解呢，倒是很率真的，东西很大一盘，真的很多很实惠，口味一般吧，恩，环境还算不错，很有意境，饮料不怎么好,1
39935,总体不错，生鱼片很好，很厚、口感不错。豉汁牛舌很不错。环境也不错，就是服务员少点。不过上菜速度还可以。门前停车位充足。可办积分卡，积分可折现金用。,1
14572,最初买这个是因为它可爱的造型，上面是爆米花 下边是奶茶，爆米花很大颗 有许多口味，奶茶太赞了，很润滑 配着爆米花很不错的搭配,1
25131,大名鼎鼎，可能期望太高，点了双皮奶菜菜，觉得一般般。碗挺大的，东西料不是很足，小丸子只有三四粒，上面的抹茶冰淇淋很冰渣。味道没有让我有吃第二次的欲望呀。奶酪干也很干渣渣，没有奶香，但是有添加香精的味道，不喜欢呀。。。,0
8082,就在大世界旁边，春节的时候和家人一起去看的，生意不错，旁边就是云南路美食街，吃饭交通都很方便\n里面貌似是重新装修过的，环境不错，整场演出的多媒体效果很棒，大饱眼福，节目也很好看，真人的杂技秀，融入了音乐舞蹈，多媒体和超大LED萤幕，很棒，但看完之后还是觉得少了点精彩的亮点，希望以后能越来越好\n里面的服务也不错，服务员的态度很好~,1
15017,可惜评价没有负星的。其他朋友的评价真是太客气了。没有最差，只有更差。也许我的要求太高，但作为一个国际品牌，一个进入上海有年头的餐厅，发展到如今的地步，真是令人十分失望。首先不知道是不是店铺要歇业，还是平时被老板压榨，店内工作人员从店长到服务员都无精打采，扯着嗓子叫都爱理不理。如果连员工都工作得不高兴，如何让他们提供优质的服务给客户？再来是上菜，点的是套餐，说清楚披萨是2拼，还重复过，居然还是上错了；产品质量太差，不敢相信是这家店做的。特别是所谓奶昔，居然呈半透明状（调一调估计还看得到对面人影），这是我第一次看到这样的奶昔，真是丢人啊。大家再看我上传的照片。,0
4653,7分熟的超值牛排有点老，莎朗牛排筋太多，副餐可以续，但多吃也无味，不过牛排分量倒是挺十足的，加了黑胡椒酱，味道还行吧，有点小贵，不过能吃饱。\n西提吃不饱啊!,0
32325,其实是躲雨 后来就进去随便看看了  热风里没什么东西很小的门面东西也是乱78糟的 后来看到 ONLY 打对折就过去挑了件裙子呵呵 还不错的样子~,1
28761,这里还是蛮大的，吃的人多了，服务员服务起来就慢了。在这里吃火锅还是比较划算的。吃的东西味道也还不错。就是他们现榨的果汁超难喝的，里面加了很多水，导致榨的果汁很怪，很难喝。还很贵来，还不如喝免费的饮料。,0
5705,刚开张没有多久，在李公堤的环境都还是可以的，俏江南对面，进门的时候看见服务员手里拿的IPAD还以为点菜就用它呢，过后才知道原来就是看预定的，包厢的名字蛮有特色的是苏州各种桥的名字，冷菜的熏鱼感觉蛮好吃的，不像普通的那么甜，沙拉味道也还可以里面有花生酱和芥末，热菜的话杏鲍菇的味道还不错，其他猪排，鸡仔骨什么就一般般了，特别要提一句他们家菜量都不多，而且一人份的东西特别多，吃完饭送的水果也是一人份的，这个感觉现在不多见了,0
36961,商品太老，并且折扣力度并不大。甚至还不如商场。\n年轻人在这挑不到什么好东西。\n我看了一件运动服，才给88折，在商场里打8折，并且还满200减40。\n这里并没有想象的好，以后不会去了~,0
37557,味道很好，酸菜的汤底很鲜，羊肉涮起来也很嫩滑。就是调料和酱给的太小气了，量很少。上菜速度比较慢，后加的几道菜等得都不想要了。,0
22793,打电话去外卖，号称两个礼拜没有送外卖的，如果他们知道我要订一百杯外卖，不知道还送不送呢?\n不过已经无所谓了。。。。。\n不能送外卖就写清楚吧，生意好不是借口,0
31029,价格比较贵，环境倒还不错，服务就一般而已吧。地理位置很好，过去也很方便。中午基本都不用等位，晚上就要排队了。小笼的确皮薄汁多，炸猪排的性价比还是很高的。,1
3425,由于就在家附近，经常去。环境虽然不是最好的，不过胜在各位师傅手法都不错，做完一身轻松哦。不过为什么浦东店要比某几家贵呢？,1
12368,很早的时候去过一次，因为离家近。价格也不贵，可惜了，里面的音效还真不咋地。\n价格是可以的，音效啥的就不太可以了。哈哈\n最好好好装修一下，换点新的设备。,0
7749,位置在上庄水库还往北，广告做的不少。说实话上庄这边环境真不怎么样，感觉更像城乡结合部。估计在很多网上都弄了团购，人那一个多，别人都组织好了没办法，要是我自己决不会来人这么多的地。马路两边排了老远的两排车，我们还是5号去的。进了院子感觉就是一私人农家院，一个大院里外加几亩地，人却乌央乌央的，一看我就后悔！老板就光顾卖票了，一点也不考虑自身实际的接待能力。我们去了居然告诉我们不能采摘了，因为菜全被才光了，改送一盆花，我看也就是几块钱的吧，什么送3斤菜就更别提了。垂钓是免费得，就那么几个小池塘吧，中间那个池子基本钓不到鱼，钓上来的也是一两的小鱼，鱼是三两以下免费，超过的12元/斤。烧烤还要排队，所以我们先去别的地玩了一会，有个小场地可以玩篮球、羽毛球，至于乒乓球、拔河、射击套圈、麻将、象棋、五子棋、推磨、赶马车等我是没看见。厕所特脏，都没人打扫，估计是人太多忙不过来了。等到快2点了我们才过去烧烤，人还是很多，虽不用排队了。一进去连最后一点希望都破灭了，一个大烟厂啊~股股的浓烟，风一吹，烟还卷着泥土，全吹在食物上了，满地的垃圾。好不容易找了一个地，桌椅全是土，炉子还没碳了，估计等碳就等了半个多小时！酒水都是常温的，看见那里的人洗盘子的过程，放三盆水，第一盆是放了洗涤剂的，洗一遍然后放到第二盆里涮一下，再放第三盆里涮一下，基本上前两盆水都是黄色的，这样涮一下就直接拿来装串什么的。串也就几种，估计都不超过10种吧，苍蝇到处飞还！那鲜肉串居然还变味了！我们10几个人基本没吃什么东西，也就只能喝点饮料和啤酒了！别说68了，我看我们连20都没吃到！以后还是慎重点，这团购一点还不如自己买东西烤便宜！重点是还玩不好！,0
9301,同事送的券，找了个时间去发现人很少，很怀疑这家明显亏本的店是怎么维持下去的。菜的种类也没有传说中的多，味道很一般，可能是客人少，厨师也没心情了吧。饮料什么的很难喝，海鲜牛排之类的也一般般，反正就没什么亮点，唯一说的过去的就是环境很好，地方宽敞。\n建议这家店可以和天沐温泉一起买套票，洗温泉加自助餐一共多少钱这样子，好歹吸引点人气嘛,0
36878,跟香港当地的没法比较，价格高了但是东西的品质也只不过这样。其实味道和新旺差不多价格却要涨几倍，有所失望的！,0
18287,机场附近能有这样的餐厅，真的很难得了，可能也是这个原因，中午的生意格外火爆，因此服务也就跟不上，点菜什么的都成问题了。\n烤鸭，那是必须点的，相对于价格而言，品质绝对的惊艳！\n干炸小丸子，绝对的干炸，我从来没有吃过这么干炸的丸子。\n蓝莓土豆泥，一般都是蓝莓山药，土豆泥比较少见，但是蓝莓的量配的不少。\n翡翠菜花，就是就是青菜末炒菜花，菜末不多，菜花有些火候过了，有些软。\n炒红果，不正点，太有些糖水山楂的风格了！,1
17378,还可以吧，被选择的歌曲数量还是很多的，呵呵，环境一般吧，里面的服务也还好，去这种地方就是要玩的开心，唱的尽兴，可是，这家的音响效果似乎不尽人意，呵呵，不过，这只是我的想法。,0
