sentence,label
听男朋友说这家面不错就过去吃了顿，的确还行。 我点的是番茄牛肉好像，味道蛮好，面条也蛮有劲道的。 没有点小食，觉得两个人一人一份面就足够了，量还是蛮大的。,1
带老爸去吃的，肉买一送一，点多了，我们吃的很撑。凉菜点了三个，其中手撕笋没吃几个，打包带回家，结果就惨了。第二天吃的时候，发现某根笋里睡了一个大白胖子，我那个恶心啊，结果第二天的午饭我省了，反胃了一中午，吃什么都想起大白胖子来。因为东西带回家了，你也没办法找福成再去理论了，自认倒霉，再也不去吃了,0
其实我觉得他们家好贵。 随便一点菜就100多了。 还不如吃两碗面呢。 而且感觉都是辣辣的 没什么特别的味道 吃过一次 以后不会再去了,0
商场就不多说，东西还不错。主要是喜欢他的地下一层，十几家小店吃饭各有特色，那家港式茶餐厅烧鹅和肠粉很正宗哦。超市也比较喜欢，经常能买到不错的舶来品,1
店面不大，环境一般，去了两楼，感觉没有一楼凉快。 点了小盆骨头锅底28块。有四根骨头，肉满多的。 饮料是酸梅汤，豆浆免费畅饮，味道还不错。 蘸酱和碗筷4块钱，蘸酱自己配，不过二楼的东西没有一楼的多。 点了些很大众化的东西，价钱都比较实惠。 结账的时候用上次的收银条还能打85折。,1
口味一般，服务太差，比汉拿山差远了，感觉一个是正规饭店，一个是乡村小饭馆。果然盛名之下其实难副，还不如去年在望京火炉火旁边吃的那家金草帽,0
两个人吃了接近400块钱，可能那个多宝鱼比较贵些吧，木瓜汁59元，很好喝，很纯。榴莲酥，好吃呀。极品蛰头，也不错。还算值得推荐，就是中午的时候太吵了。,1
虽然是在小区里面， 但每次去的时候，里面人都蛮多的。 因为挨着学校近，所以经常和朋友过去聚餐。 酱骨头很不错的，大大的，味道也很好的； 东北大乱炖，记得是20元吧，但是量很足，每次都会剩下... 大拉皮是夏天去了必点的，很便宜量又多，适合夏天吃的很不错的凉菜。 还有明太鱼，记得第一次吃就是在这家店里吃的，觉得名字很有爱的，吃起来味道也不错。 饺子种类蛮多，3两以上起点，手工的，而且馅挺多的。,1
一字差。两个字，很差，服务慢，东西脏，大众点评卡不积分。总之，劝大家别去这个店了。宁可吃附近的避风塘。下次不会光顾甜蜜蜜任何的店了。 看得出这家甜蜜蜜十分重视对客户的反应，的确做得十分到位，希望他们家的东西也能对得起大家的胃吧！,0
这家店的店员素质差得很，顾客来消费还要给她赔笑脸，她是顾客的大爷啊。 生日蛋糕也很差，居然是用面包做坯的，还是粗面包，里面还有麦麸。不过自我安慰一下，说明面粉里至少没加吊白块，是天然环保的吧。,0
"不知道他们开这家注重的是什么。服务服务不好，叫个服务员理都不理你。环境坏境也不好，正在吃东西时一只小飞冲还在倒处飞,.东西也做的不怎么样.所以下次不会再过来吃大",0
"去的时候人不多,但有七八个学生大声喧闹又喝又抽的,点了一碗原味的辣两掺粉,他们家的辣子不辣,吃了好多也没辣的感觉,不如前面那个川味麻辣烫味道正~ 吃到一半时,没想到那些学生其中有一个大吐,真恶心赶紧收拾走人,看老板的表情也真是无奈呀!!",0
这家店离公司很近，从外观看，招牌很大，很气派。 菜式是比较传统的本帮菜，味道一般般，菜量很少。 服务员的态度比较生硬，上菜速度很慢，服务方面实在不敢恭维。,0
开在我格广场地下1楼，看到精致小火锅去吃的，点了分酸菜白肉火锅，有滑有丸有蔬菜，回鱼卷超级难吃，有股很怪怪的味道，肉燥饭像牲口吃的，那个调羹很夸张，精致小火锅只是虚名，真的一点也不精致。。。,0
看了DP去的，因为爱吃绿豆糕。。以为买不到，结果居然买到了，还买了一堆别的东西。。说实话，绿豆糕一般，其他真的是很难吃，，尤其是面包类。。唉，。不会再去了。。,0
逛完七浦路，直接杀到这边来了，一碗老鸭粉丝汤加一个牛肉煎包，老鸭汤量很足，好大的一碗，就是感觉好像放了很多味精，牛肉煎包味道也不错，两样加在一起一顿饭解决了。,1
中午吃的套餐，水果和甜品是自助的，虽然品种不多，但是质量不错，菜是由外籍厨师亲自主刀，味道还不错，感觉食材很新鲜，餐后还有杯咖啡，客人以老外为主~,1
真是很差很差。原先想吃蛙蛙叫干锅牛蛙。可是人太多了。所以无意中发现这家就去尝尝。量少。价格贵。服务态度差。叫她们倒水叫了四五遍。以后再也不会去了。,0
来过这家店几次，整体感觉还不错。 宁波海鲜都适合上海人的口味。 包房有最低消费1800元一桌不含酒水和海鲜，菜价不算便宜。 个人比较喜欢脆皮牛肉和葱油梭子蟹。 朋友家人聚会可以来一起吃吃。,1
记得同学说过 有麦当劳的地方必有肯德基..真的是无处不在啊 有很多理工的学生在这吃饭..依旧喜欢圣代 虽然热量高...忍了..,1
公司请客吃饭，附近没啥吃就挑了这家看上去还不错的。 每个人叫了套餐，我叫的是牛肉石锅拌饭，配菜有碗罗松汤。 饭有点软，我觉得应该硬硬的拌饭会比较好吃，牛肉到很香。 吃好的时候一身的石锅味道。。。,1
环境小资，服务尚可。 有个汤不错，味道浓郁，里面有鸡和海鲜。 半条鱼味道也很好，虽然清淡但不失鲜美。 肉丸也很好吃，女儿最爱 价格么不便宜，但是还可以接受。,1
好像所有的主菜都围绕着一个主题：鸡肉。 上来一盘鸡腿个个是糊的，连铁板盘也缭绕着一股糊味。你们真省，一滴油不使咧。我知道，与吃饭之道厉害，直接用那只手。。。但，拜托，一晚上全是糊的肉吃到嘴里吞到肚里不致癌吗！ 那已经不是吃多几亿大肠杆菌的事了。 一个鸡肉汤做的似酸辣汤加几粒鸡肉，而酸辣又是那么少，香菜撒了一碗，分不出是酸辣还是香菜还是鸡肉汤。虽然抱着这家会做的很差的打算，但没想到会这么差！,0
最招牌的鸭肫雪菜与以前比，滋味差了一些，说不清少的是什么。。。价格是越来越贵了，一个西红柿腰子汤要近三十块，一份干子炒芦蒿要二十块。。。。比大饭店的菜价还要贵得来~~~~~ 不会再去咯。,0
记得某年情人节和老公去的，那真是凑热闹，人多还不说，还排队。排队完了坐下来，位子很挤很挤。大概情人节就是这样吧。霸王条例是，只有三种套餐选择，哎……很郁闷的是牛排很老。如果是换成平时的价格，那还可以。所以高峰时段不会去了,0
"从台湾回来一直念念不忘炸鸡排,偶然网上看到这家,就特地赶去吃,结果,好失望.鸡排炸好颜色有点黑棕色,吃起来也不嫩,嚼的两鬓酸,真的是口感不好.",0
性价比比较高的一家好伦哥~地方也不小~周边大学经常来这聚餐~一大帮人一起吃饭很有赶脚~ 披萨没什么很特别的~中规中矩~水果和蔬菜挺新鲜的~ 冰激凌也不错~大家一起就图个气氛~,1
難得請天假，預約了解剪頭髮的，完後坐坐喝杯咖啡，時代廣場樓下的那個人太多多少了，一不小心撞到了浦城路這裡，相對來，這裡更安靜些。星巴克的味道全球統一，不用質疑，關鍵是這裡的人服務態度非常好，親切。不像正大廣場下面那個。,1
最喜欢的当属章鱼五花肉石锅拌饭了。每次去的必点！这家店在弘基的二楼，女老板很热情的。吃完饭还有免费的南瓜粥或冰淇淋。只是店面有点小了。,1
超市是你家，东西随便拿，哈哈哈 东西很实惠，之前总能看到糖抢空了，油抢空了。 平均每个月都会去逛一趟就是。卖场外的冰淇淋倒是每次LG都说要吃的。,1
周六来这家店吃的晚饭，走进店堂，感觉店内装修一般，空调不是很冷。 点了水煮鱼，芥末鸭掌，草创借箭等一共六个菜，三热三冷。总的感觉菜不是很辣，是已经改良过的重庆菜，比较符合上海人口味。草创借箭的虾有点咸，鸭下巴味道不错。店家服务很一般，服务员不是很主动，且上菜比较慢，吃川菜比较怕热，希望店家以后可以注意下环境服务等方面细节。,1
去过2次，都是周末，人很多，上菜慢，菜也很咸，感觉没有湖西的那家必胜客味道正。随便吃吃还行吧。填饱肚子而已，说不上口味。,0
和朋友 一共3个人吃的 因为中环百联其他店都要排队 这里不用 就吃了 结果太另人失望了 虽然价钱是很便宜 但是口味真的不怎么样啊。。。,0
来福士人气真的很旺，不管什么时候去人都蛮多的。。。 比较喜欢楼下的小吃，特别是那个米线~~好吃啊 至于楼上一些牌子买不起啊。。。,1
中午去吃的，吃过几种定食和面，吃了最好吃的就是开边鱼了，其他都很一般。 35块，有鱼、饭、色拉、小菜、蒸蛋、汤，绝对吃的饱。 饭后还有免费的水果或者冰激凌。,1
文庙逛完了好累呀~那就坐下来吃点东西吧~ 不过很后悔没有吃面而是吃的排骨年糕 年糕就那么小一咄咄，排骨么也没巴掌大 酱油么超多的，都可以当汤了 总而言之，一般中的一般性呀,0
羊肉串太难吃了，而且还有砂子，块是挺大的，但没有水分，太干，而且太贵了，.•••••••••••••••••,0
炒肝就包子，味道如此和谐，就如同螃蟹配醋和姜一样。小时候，很喜欢西四的二友居，可惜拆迁了。这家味道也可以，不过还是最喜欢二友居,1
鼓足勇气决定把长发剪成短发，在网上游来游去，最后选中了这家，下载了剪发68的优惠券。地方还算是好找，在昆泰的后面。到了店里简单的说明了情况，店家介绍了阿飞老师剪发，本以为长发剪短发会很费时间，经过简单的交流，老师开始剪发，不到一个小时的工夫，收工。刚刚剪完的时候甚是满意啊！但是现在一个月的时间过去了，怎么看自己的短发怎么觉得难看，可能是我的脸型不适合短发吧，还是想要留长，唉！既然决定要留长发，又不敢去收拾，只能凑合着看了。,1
第一次进香啡缤。店里面周末早上没人。服务员很冷淡，像上辈子欠了钱似的。拿到收银条才知道原来早上又半价活动，估计是因为半价，就没给好脸色吧。 口味很一般，点的是香草拿铁，没有搅匀就给我了，上面一层甜得要死，下面一层很淡很淡，不知道是不是新手。冰块加了有一半了。 反正下次是不会再去了。这次因为涂省事，公交车下来最先走到的就是他家。下次宁可走远一点去星巴克了。,0
朋友推荐，说这家是米其林三星饭店，特地来尝试一下，第一次吃这么正式的意大利菜。不过说实话价格真不便宜啊，套餐量会有点少。 那天去的时候貌似就2桌人。人气不是很旺。不过主厨是一个很有趣的老外。,1
半糖等于白开水，这怎么喝，他们懂什么叫半糖嘛？哎，失望了。下次考虑还是不吃这家了，不知道其他门店会不会也这样…,0
鸭血汤很鲜，味精没少放一定。打完这字看见烧汤的人把一大袋的味精都倒进锅里了。。。量少，鸭肠，鸭珍没捞几下碗底就干净了，清水光荡。生煎第一盘端上来，皮僵，明显没熟，退下去等第二锅。这时，隔壁的人也叫来服务员说大排里有虫，也给端下去了。总体这家店一般，不会再来了。,0
我觉得东直门桥附近的米粉就他们家口味最好，对了爱吃辣得人一定要放他们家的油辣椒，很辣味道很好，至于饭我倒是没有多吃，觉得非常一般，还是米粉好吃。,1
经常去吃午餐。。。12点的时候人非常多~~~要等很久的。。。夏天老板娘竟然推出了冷面。。真是很贴心啊~~很喜欢吃！还喜欢里面的小排饭和鱼香肉丝煲仔饭。。。好吃到极点了！！鱼香肉丝煲仔饭更是抢手货，很多时候都会卖光，所以要吃请趁早哦~~~里面的小菜比较喜欢香辣海带丝。冬天的时候记得还出过三鲜汤吧。。。里面料很足。炒饭喜欢有点辣辣的炒饭~~汤则喜欢那个鱼头汤。。。嘿嘿,1
华润万家的生意并不怎么样，这里的衣服类并没有什么品牌不过随便穿穿而已 食品的价格也有点高，可以刷会员卡的 很少来此，毕竟离公司远 不是很方便的,0
和媳妇一起去超市买东西，走到这了，就进来吃一口。米线，荠菜饺子，韭菜饺子各一份外加一盅鸡汤，一杯红豆沙沙。这就是一家山寨版的真功夫。汤味道还行，米线怪怪的。最不能忍受的是饺子。饺子里边的肉是肉糊和肉丁的混合物。肉丁，我负责任地说，绝对是下水和边角料，太恶心了。,0
至少是知名的连锁茶餐厅，各方面还比较正规和合理。 烧味四宝饭，口味并没太多特色，中规中矩。 其他的都没什么印象了，总之能填饱肚子而不至于很难吃的那种。,0
离家很近的一家，店不大，坐不了多少人，所以买完了拿着走的人很多，新出的黑樱桃摩卡很好喝，自己再加入巧克力粉味道就更棒了，夏天的时候可以坐在外面，这大冬天的，我们别美丽冻人咯~,1
口味不错 服务也不错 价格也算合适 总体来说是家不错的店 特色菜有几个 口味也不错 大厅和包间都吃过 感觉都不错 宴请什么的去这里也比较推荐,1
生煎包一块钱一个，皮好厚啊，关键的是服务员的态度不怎么样，爱理不理的。勺子什么的就像没洗干净一样，上面还有醋的痕迹，倒胃口,0
点了一笼多吃，小笼真心好吃啊，每个味道都很赞。 皮很薄，个挺大的，很新鲜，料很足。 一笼多吃里有虾肉，原味，蟹粉。蟹粉没大家说的那么腥啊。 炸猪排很一般 还点了个烧卖，一块钱，个头很大，味道还行。 可以说富春小笼是我吃过最好吃的小笼了，主要性价比还很高，不贵。还会再去,1
好久来这家披萨店了。和老婆一起来的，主要就是来吃披萨的，还有鸡翅。和蘑菇汤。。总体来说还算可以吧。服务的态度也很好，味道还是老样子，没什么变化。 时间长不吃会想在来的、,1
定的是周日百元房，进门一看吓一跳，房间小的可以，床是1.5米的，只靠往边上靠让宝宝睡最里面，但是卫浴区大的可以，淋浴房估计4个人可以同时洗，想不通这个设计。更不能忍受的是空调，就是床头上，往下吹风人受不了，往上吹的话根本不冷，闷的宝宝一身汗，下次不去住了。汉庭现在到哪都是小卡片，唉，做大规模了就这样乱七八糟了。,0
卤肉饭难吃，根本就不是卤肉，也就是个肉末，里面的蔬菜都蔫了，点餐的人员也不帮忙，两份豆浆10元，我妈正点得时候，我看到了什么快乐券的宣传板子，花5元买券就能得两杯免费豆浆。好在我眼尖看到了，不然多花钱。点餐员也不提醒下。心中不太舒服。后来发票刮出5块钱，我才痛快了。哈哈。,0
这里玩桌游还是挺好的 不错的选择 虽然是个小小的店家 地方不是很大 但是生意很好 开了很久服务不错 口碑也不错的,1
第一次吃全家的午餐，在外吃饭还是喜欢便利店的午餐，干净整洁，价格适中，买了大排饭，味道还行。现在夏天的还有+1元多一件酸梅汤或者酸枣汤的活动，解暑又实惠。,1
"喜欢那里的咖啡.焦糖玛奇朵,摩卡.里面有浓浓的奶和巧克力.前几天吃了一个冷饮,里面有花生酱香香的,还有奶油,冰块,好凉好爽,真好吃,就是一杯太小,又要了杯冰水, 免费上网,弄不来,叫了个服务生帮忙弄了一下,人家耐心很好的,帮忙搞定,信息秘码发手机,网上去了, 环境一直不错,小,精,喜欢这里",1
最近这里全部都是保安~个个和流氓一样的，苏宁电器也没生意的，里面的商家谁去谁倒霉~电视上海上还放出来大便水流到店里，都是吃饭的地方，真是恶心死了，去吃饭的人也是谁去谁倒霉~~~真心额差~~,0
小南国的旗舰店 味道大多数都很好，值得表扬的是脆皮乳鸽、水晶虾仁还有清蒸鲥鱼 冷菜味道都很好，有一个黑木耳，是芥末味道的~~装在一个大大的红辣椒里~~ 厕所干净，服务也好，就是好贵。。。,1
只去过一次，环境是很赞的，一人一锅也倒是干净卫生，不过现在一人一锅的太多了，选择多了，那边的性价比也不是很高，就没再去了。 当时记得那里的鸭血是很特别的，服务生端上来的时候，是鲜红鲜红的，不过味道的确不错，很嫩~ 自助调料品种也很多，主要还是吃个环境吧~,1
很早的一家好利来店。以前在附近上班的时候，总去这里买早点。 当时还没几家蛋糕店是开放制作现场的，觉得挺卫生、明亮的。 蛋糕味道还行，就是比同行稍微贵了一点。现在竞争的多了。不过每年还是吃好利来的月饼，觉得挺好吃的。一点也不腻，味道好。,1
5个人点了六道菜、有招牌鳝鱼、土鸡窝、鸭血臭豆腐、盐水鸭、还有两道小炒、除了鳝鱼还可以、其余的太难吃了、特别土鸡、一点味道都没有！难吃,0
很好吃啊 人很少中午 从11点吃到两点啊 很好吃 品种蛮多的 很容易烤熟~~ 不错 好友火锅 就是来不及吃~~ 好满足的 总之很不错的,1
从来没吃过那么难吃的日料！什么烤鳗鱼啊，天妇罗啊，还有银鳕鱼啊，都难吃到爆！ 烤肉还可以，只能这样说，绝对不会再去的！,0
核桃小方的奶油不错 和鲜奶杯一样 我的大爱~就是下面的蛋糕太厚太厚 而且是海绵蛋糕。。。我最讨厌的一类 我是把奶油和核桃刮下来吃的 - -b 但吃到一点点蛋糕 还算比较细腻吧可能别人喜欢 黄金芝士必须赞一个 和在日本吃到的一款有点像 怀念啊 下面那层蛋糕底没啥特色 还好是薄薄的一层,1
前身好像记得是稻香，现在换店成这家。真心烂！茶树菇炒猪颈肉没有肉。肉松炒豆角没有肉松。个个菜还要30+！这次坑爹了！,0
"浦东店去过2次,还行,这里浦西店可能生意不好,中午去的,有一半龙虾肉没弹性的.失望中...爪子28元/个.比浦东贵(25元).龙虾28/斤.浦东25斤.",0
9月12号，中秋节，路过附近，但也不是特别顺路，专程拐过去了一下，木有开门：（ 木有收到任何通知，我很桑心…… 不给差评了，给个一般吧。,0
我真系觉得距好一般，一碗普通的鞋底面都好过距，唔明为什么甘多人中意，其实距就系抄巧美起家，跟住整部假竹升机，汤相当味精，都唔明白电解个名恶就甘多人上当？真系好难吃，11文吃d甘噶也。过对面吃北方汉堡4文好过,0
价格贵，煮粥的海鲜已经明显比外面贵得很离谱，而且粥量还是以你点的海鲜的量来煮，真是莫名其妙，到处都是以喝粥人数为煮粥量，明显地变相要你多点海鲜，最后我和女友2人点了一斤的海鲜，出来只有四份之一锅粥，像是别人吃剩的量，这种手法太恶心,0
乐宾的店铺比友谊新天地感觉小一点，牌子也没有那么齐全 老是看到打折的广告，可是去了之后总是发现想买的都没有做活动 环境还不错吧，就是觉得服务态度比较一般,1
这里的牛蛙是特色美味，几乎来的顾客都会点的，也会推荐的， 生意很不错，做得一手好菜式，酸菜鱼也可以的，上餐也快， 总体还行的喔。,1
离单位还算近，可以送外卖，不过要等很久很久 = = 原来学校门口有一家，那会儿老去吃。 吃过西直门这家之后，明白了，原来每一家都一样难吃啊= = 就要过一次外卖，然后就再也不想吃他家的了= =,0
这家饭馆实际上是在原来的十八楼副食店的基础上改建的。它家的早点种类多也确实挺方便的。每天早晨人都不少。我吃过一回早点和午饭后来实在忍受不了它家的卫生条件而放弃。午饭的菜量不小。但是我觉得起码的卫生条件达不到要求一切都是白搭,0
半岛太子酒家是二沙岛半岛明珠的分店。茶市从早上十点开到下午三点。服务差，接近三点就开始催客埋单、三点正就关掉主灯和空调，怎说我也没少给加一服务费啊…茶市点心出品也甚一般：艾糍艾味淡，黑椒肉丸大肠中的肉丸有馊味，腐皮卷的皮软得像胶布，其余出品也只是不过不失。与二沙店落差大，又一间black list新店。,0
环境差强人意，以食物来看，价格不便宜，在景区旁边也难免了。服务员缺乏培训，很不规范，有些失望。除了饺子，建议不要点菜。,0
中午人巨多，不到12点很多吃的就没了，可以选择的很少，和楠姐要了2份宫保鸡丁饭，难吃的要命而且菜特别少，柠檬茶也难喝。再也不去了。,0
凡是在什么城里的许留山都不怎么样，比如海岸城，万象城。反正不缺生意嘛 丸子很硬，是一大败笔，芒果片很薄，一看就是偷工减料的 服务就更一般了，服务员爱理不理的，像欠她似的 环境嘛，唉，不说了,0
东西味道可以自选，吃到现在每次都不记得之前吃的是什么，反正全部吃过来又觉得全部一个味道，真是悲剧啊。比较清淡的，国外的说法就是低脂快餐。BF很喜欢吃，每次路过都会站在那里不动，然后买一个带回家做早餐，对我来说大了点，我是没试过一下吃完一个。 最好一次性快点挑完，不然服务员会嫌你太慢，饼干之类非常甜，能让人腻死在那味道里。,1
曾经在香港的深井烧鹅用餐，路过深圳这家店几次了，但是一直没有机会来。。 九月份的一天下班后来到此家店。。 万州烤鱼的字样如眼帘，可惜太火了，已经销售完毕了。。 随便点了些快餐类。。 第二次来，还是没有了万州烤鱼。。 直到第三次来，总算赶上了最后几条鱼，因为当我们入席后，邻桌的客人再点烤鱼，服务员的答复是：对不起，烤鱼已经没有了。。 味道确实不错，底料有：血豆腐、豆腐皮，味道不是很辣，符合本人的胃口。。,1
西餐厅的环境那是毋庸置疑的好，和同事来这里吃饭真的很舒适，座位很软。让人感觉到非常的礼遇。喜欢他们家的牛排，做到6分熟是最嫩的。还有咖啡也是非常的香浓,1
小宝栗子有多家连锁店，关顾过多个店铺，非常喜欢糖炒栗子，非常好剥皮，栗子也非常的香甜，冬天排队也要买的，北京的朋友来也推荐他们品尝！,1
不知道人均消费 呵呵 因为不是自己买单啦~不过据说不便宜~ 在包间吃的~ 装修还可以 ~也适合宴请~进门看到了很大的石斑鱼~~都是按份点的~ 鱼肉挺鲜美~ 沙茶酱和海鲜汁的小料最好吃了~ 鲍鱼很不错~ 熟的快~好吃~呵呵,1
贝儿多爸爸的泡芙工房，和她的缘分是几年以前了，佳世客的扶梯口处，经常的排队，最喜欢的就是他家的香草泡芙了，我喜欢原味的泡芙，味道浓浓的，超赞，推荐大家去吃哦,1
"这里的小点心里,觉得牛舌饼最好吃,藏饼相比之下就觉得一般了,上次还买了几个粽子吃,不是很喜欢,但是每天都有很多人买,产品都很新鲜,有空来买点也是不错的",1
算是取得比较多大的一家 因为就在朋友家楼下 超级方便 几乎每次都是美式 蓝莓芝士是大爱 要说服务真的就。。。不怎么样了 记得 有次应该是国庆还是端午放假前 和朋友一起过去的 朋友问店里的服务员放假的时间 谁知服务员竟然回说，告示在门上 可以自己去看 晕死了 这是什么服务态度啊！,0
以前还常常去这里吃午饭因为离公司近。现在服务是一天比一天差：上星期去吃午饭，朋友多要了点辣酱，还要收2元辣酱费。我们说不可能，又没人跟我们讲过。老板娘指着菜单上的小字体来拿钱。我们气呼呼的说，如果一定要这2元我们再不来了。老板娘说，无所谓，2元是一定要拿的。 看看，都是什么世道。为了2元辣酱还这么和老顾客干了起来。不提什么服务了。我是不会再去了。bye bye了，选择很多，不受他们的气。,0
两个人，点了个套餐1000大洋，喝剩下了存起来了，很热闹，玩到4点依然人很多，表演多，环境不错，老外多，曲子赞，反正就是玩的挺开心的！,1
比较有名气的新式日式餐厅，格式菜品都是比较惊艳的，很精致，都不舍得吃了，自然价格也比较客观，最爱京西酱烧银鳕鱼，口感很细腻饱满，吃了两份，鱼腩寿司也不错，吃了牛油果天罗妇奇奇怪怪，哈哈～还有一个忘了什么鱼，有点腻；整个口味比较适合西方人，奶油用的比较多。服务生有几个比较小帅而且很殷勤，经常会有各路明星出入，只是看你能不能认得出来了,1
这里美发还是不错的。现有一张面值2000元的VIP卡，每次美发可打8折。现1600元转让。 需要者请站内短信。或手机联系：13691320029。,1
可能是因为地理位置便捷吧~这里的钱柜人很多，尤其是周末，有时需要等位 钱柜的音响效果还是不错的，服务也还行，不过吃的东西越来越次了~,1
"家附近新开的巴黎春天,忍不住跟妈妈一起去逛逛 买的红豆布丁烤奶茶,味道中规中矩 还是挺喜欢这家店的,尽管价格稍贵",1
地方挺好找的，里面座位很舒服，总体环境还可以。 三个人点了莜面栲栳栳、过油肉、虾酱豆腐、凉拌灌肠、炒碗秃、两碗牛肉面。 我自己觉得虾酱豆腐还不错，比在家吃得可能是稍微差点儿。不过，另外两个人都表示吃不惯，说味道还行，就是讨厌虾酱。 过油肉和炒碗秃一定要热滚滚地吃啊，我们仨吃到最后，菜都凉了…… 凉拌灌肠挺好的，还帮别人打包了一份回去。 对了，上菜速度很赞！,1
真的。。很。。一般。。 不过比南京西路以前555的那家樱膳稍微好点 555那家现在好像关门了，以前199一个人放题，我和小子路2个人一起去的，味道让人后悔,0
冲着生日去的。提前预订，享受到了：受全单8.8折、生日蛋糕、合影等优惠。 每次去咖喱皇蟹必点，味道一如既往的好！ 坏境和气氛也一如既往的热闹，去这个地方吃饭的确很开心很舒服！ 一直很喜欢！！！最早一家店在香港广场，每次都去那里跑，现在浦东有了，哈哈！！！开心de！,1
之前去过他家新街口的那家店，这家从环境到味道都一般，只是坐拥新街口这条旺街，它跟着也成为了旺铺。虽然他家的东西性价比并不高，一碗云吞面起价是22元，最贵的是鲜虾的，只有八只，味道比不上馄饨侯的，地下的碱发的面根本苦涩难吃。本来想尝试他家新出的那个酸辣粉云吞呢，但是想到不能喝汤就放弃了。,0
对这家店真是无语了，我极少说某个菜/饭做得很难吃，但这家店的 滑蛋虾仁饭 真不是一般的难吃啊！！！蛋烧得半生不熟的不说，虾也是还没完全熟的，还带着一股生生的味道，实在是吃不下去。。。澳门焗猪扒饭 也是，说是焗的，但都没有芝士的味道，只在饭上加了一些番茄酱。但怎么说味道稍微还是比前面那个好一些。 唯一觉得还过得去的就是那个香浓奶茶了。 这家店以后再也不会去了。。。,0
这家店就在我女友家的楼下，去的那天懒的出去就去随便吃了一顿，味道很一般，价格偏高！最让我生气的是，至今要1元一包（没有档次的小纸巾），走的时候东西没吃完想打包顺便买一碗白饭，服务员说打包盒要2元一个，白米饭要5元一碗。下次再也不去了！,0
酒席定送了间新娘房，里面有新娘专用化妆间 好大的阳台，对着湖，有音乐喷泉，有桑拿和露天的浴池 晚上可以在浴缸里看星星～～ 很浪漫，很温馨，很漂亮，很满意,1
环境不错，服务态度也挺好的，什么时候大家去这里看看哦！真的很 不错，都在这里没事飙飙歌放松一下还是可以的，很不错哦！,1
某小男孩儿给我推荐的，硬拉着朋友去，结果。。。也不用这么多人吧！坐的地方都没有，服务员也是上了酒之后完全不见人影。。。 我还是比较喜欢以前兰桂坊的那种风格,1
专门经营四川口味的熟食店铺，除了一些四川口味的菜，我还会他们家的大红肠，味道也不错，就是门店太少了！,1
跟大渔铁板烧来比，菜品种类少一些，味道也稍微差一些。但是在他家吃饭，第一次用餐后会赠送50元的代金卷，所以下次再来吃的时候，一个人也就只用100元了，还是比较划算的。,1
总体觉得不是很值，价格有点小贵，快赶上哈根达斯了，但味道还是有差距的，就是看电影空段时间进来坐坐，下次应该不会去了，环境到时还可以,0
以前经常喝COCO，味道还不错吧，喜欢喝椰果奶绿。不过现在很少喝了，COCO的味道都差不多，没有什么大的区别。每次COCO都会很挤，买的人很多。,1
服务员收碗筷时，毫无收敛，感觉直接往框里扔的，噪音！！环境实在太差了，服务一塌糊涂。整个百联里，还没碰到过这样的。员工有没有培训过啊？！,0
这里的态度超差，好像欠他们钱的。我问现在那个买一赠一的什么饮料啊？她说：自已看。 本来很高兴消费， 结果超郁闷。这家服务员太垃圾啦。,0
坐落在召稼楼里面，口味不错，个人偏爱这家的蛋黄蟹，焖鱿鱼。由于家住在世博家园，所以对该店还是很熟悉的，说实在的，这家店在世博家园可以说是招牌第一，吃饭，聚会的地方。这周末去召稼楼玩，没想到老板把店也开到这里了，看来老板的生意越来越火了。上来点评一下，赚点积分。呵呵,1
真的很好吃！ 焖肉面很经典，面条、汤都很传统，找了好多年才找到这么好的苏州面馆 小笼的味道一级了，现包现蒸，超级好吃，皮薄汤多肉紧，还有一点点甜，哈哈！德笼馆啦，南翔小龙（连锁店）都不能和它比。 我和老公是这家店的超级粉丝 奥，忘了说了，虾仁面也超级帮，浇头是现炒的,1
离我们要看的电影还有1个多小时就去了 不是饭店的缘故吧 服务员在噶撒胡 看到那样吧 就不想进去了 实在口渴就点了份港式奶茶 感觉掺水掺的很厉害啊- -无语了,0
这是到目前为止我去过的最后悔的一家店。上菜慢连加饮料也慢，好几个服务员杵在那聊天不知道是做什么的。老板态度也狠糟糕，不过我也狠怀疑他的身份是不是老板。总之是奉劝想去吃日料的人要三思。这个价钱绝对能找到更好的店。,0
"口味及环境都还说的过去,没有出彩的东西. 服务员的服务很差,没有服务意识,也不专业,貌似是新招来的,还没怎么培训的样子.包括领班也不够职业.比原来那个北七家店要差. 因为是过年去吃的,加上周围也没有太多合适的店.所以,客人还是很多的.",0
价格真是忘记了，连店名也是看了照片才想起来的，但是那个自然不做作的环境一直记忆犹新~蓝白格子的床单布用来做桌布居然效果也不错哈~ 忘了自己要的什么咖啡，样子蛮赞的，好小一杯，某人要了龙舌兰，很好玩的一种吃法，盐巴，柠檬，白兰地~好玩好玩~ 就是上餐速度是真的很慢很慢……,1
一般吧，上回团购去的。想喝焦糖玛奇朵，说要给我做火山，我说不想喝那个，焦糖玛奇朵做的也不好喝，就是敷衍··反正也是团购便宜么，下回不会去了 别的店还好,0
这家餐厅是我的最爱之一，以前在附近工作经常和朋友来这里吃饭的。最最喜欢这里的鲶鱼和红烧肉，能自己吃一份，还有八宝辣酱，这里的菜虽然选择不多，但是经典的菜永远都吃不厌的！！！！！！！！！！！！,1
没有那种很老房子的感觉。吵死了，还有很多人抽烟。上菜慢的要死。隔壁桌结账了还有菜没上完。估计不会去第二次~,0
在这边竟然吃到蚊子 银耳雪梨汤里面 有够恶心 服务员也没说什么直接说换一碗 受不了！没想到是这种服务,0
普洱菊花茶 第一次知道还有这种搭配 出乎意料地还蛮好喝的 入口菊花茶味儿 入喉又有普洱回香 跟爸爸妈妈在家门口的咖啡店泡茶 四只猫猫在房间里游走 开店的小夫妻态度很好 不卑不亢 十一点 我问是不是快打烊了 女孩笑吟吟地说没关系 到十一点半 慢慢坐 猫猫都很美 但是我只见到三只,1
如果啤酒什么略带点刺激味。这个辣摩卡就是刺激中带点小苦。吃下去让人非常回味。咖啡好的咖啡就如好的酒一样。要慢慢的品才能品出味道来。虽然我不是个行家。但我也很喜欢这种咖啡的味道。呼呼。。。,1
终于在步行街看到COACH的踪迹了，新店开门的时候有打折活动，7折吧。看的人很多的，我也去凑热闹，可惜打折的款式不怎么吸引我。话说去这种店要穿着好一点去，略差点时，BA是不搭理你的，看顾客衣服做生意的，大家都懂得。 今年想买个单肩的大点的包，看到现在也没有满意的款式，希望明年会有啊！,1
一个同事住在附近，和几个朋友去他家。中午饭吃完。不知道那个白痴说要吃生煎的。走了一刻钟。来到这家店。5个人买了2两。口感还不错。煎的火候不错。难得吃一会素馅的。,1
不太好找 不过还是相当值的 老板很热情 点多少也一样的周到好客 烤三文鱼头是重点 大家都没有喜欢的吗 酥酥嫩嫩焦焦的 回味无穷 再挤上一点柠檬汁 棒极了！,1
羊汤：同去的3个人在喝了第一口羊汤以后不约而同的“呀”了一声，因为实在是太次了，太难喝了，而且有股怪味，根本不是羊汤该有的味道。我无语了。 羊肉串：5元1串，居然是油炸的，比200米外的东伊顺，简直天上地下。神马玩意。 羊肉烧卖：15元一笼？天价？算是这3样东西里相对好点的了，但也不咋地。 总之就是差的已经不能再差了。倒贴100元都不会再去受罪了。,0
对这家店记忆深刻啊 在这边考试顺便过去吃的 人很多，服务态度很差劲 我们还没有吃饱就被人赶 下次不回去了 即使想吃馄饨，也会选别家的。,0
吃辣已经成瘾的我一听这个名字就很想去吃了这个天气开始有点变冷就特别想吃火锅于是点评搜索了一下就直接去了味道很好,1
周五和朋友去吃饭 选来选去选了这家 要了刺身 面 还有饭团什么的 结果饭团里面吃出来手纸什么东东 真是郁闷 叫来服务员给退了 又送了我们两杯西瓜汁 可是那也很让我们觉得恶心啊 真是无奈 其他的就没什么了,0
以前一帮子人过去玩，过去看男的踢足球，虽然场地不是很大，但是草坪还是不错的，哈哈 虽然其实我不是踢的人感觉不出来的，看上去还行。,1
地不地道不知道，不过里面的三杯鸡的确还是很好吃的，看着就很不错，很有食欲。菜馆里面装修的很典雅，黑色格调，感觉很舒适，里面有个雨幕，还是挺漂亮的。菜量小了点个人感觉不太实惠，炒饭倒是给的挺多，老大一盘了，海鲜炒饭味道很不错，这个吃了不少。在里面吃饭的人太多，位子最好提前预定。个人感觉有一点做的不好的就是欢迎很热烈，服务却不太好，有待提高。,1
这家座落在津湾广场。有次去外地回天津的时候去吃了。一进去感觉装修不错，很气派，但是他们家的菜品味道一般，没有想像中的好呢。,1
以后不会再去这家大成家 去过两次，每次鸡肉串都是生的上来了 咬一口，里面都是冰的 太让人气愤了，以前去友谊旁边的那家从来没遇到过这样的事情,0
这家环境还不错，味道我觉得比吴江路那家的好，汤比较多，昨天晚上和BF去的人事真心的多啊。排队排的辣辣长呀，不过还好我们去的早也没怎么等位子。买了2量两个人也没吃掉还剩下来3个咧,1
学校附近的粥铺，有时候和同学想出去“搓一顿”，但又不想吃油腻辛辣的，就会去这家。环境还行，但是有一次叫服务员拿碗没听见，我就自己去拿，结果……一摞碗没有一个干净的，每个上面都得附着点东西，恶心死了！来了个服务员，我问，这些都是洗好的么？她说是%…………我只能凑合拿了一个看起来还好的。。粥的味道还可以~菜嘛，得看点什么喽！有的还好，有的好难吃。。菜码很小,0
"环境安静,优雅;菜品美观,可口;是三五好友集餐的好地方!我非常喜欢在这里用餐. 这里的菜鱼虾新鲜,选材用料都不错,上档次.",1
39元一小时 用的买一送二的券 一共唱了3小时 麦有点问题 房间太暗 装修很一般 服务态度也很一般 12点不能准时开店 还要客人等 营业前的准备工作不能提前做好吗？没有agogo感觉好 虽然便宜 但是效果很一般 声音一会大一会小 小失望 就是维洛券换的5元特调柠檬红茶挺好喝的 一大壶 曲库感觉也比较旧,0
这里是我逛北京大多数景点，觉得最应该推荐的，我不是周末去的，人不多，但是一样有表演，比如傣族的就有泼水节的游戏，很好玩，其他民族也要各式各样的活动表演，逛了一圈，很值得的,1
定期都会收到他们的广告，看到有喜欢的新品，妈妈又没做饭，就经常会打电话去订餐 皮萨、鸡翅、小吃、甜品味道都蛮好的，品种也蛮多，有不少的选择，不过有些饭和面就不是最好吃，味道比较淡 接线员的态度蛮好，每次都仔细核对点餐内容，要是有问题也会回电通知你，外卖速度也比较快，一般在半小时内都会准时送到,1
离得比较近的一家好伦哥店，经常去吃，鸡翅最好吃了，可是每次都抢不上，大家的目光都盯着服务员端着鸡翅的盘子。听说好伦哥可以办会员卡，生日可以免单，不知道真的假的,1
东西也不怎么样，没想到服务那么烂！！ 也没见有很多客人，点的东西拖了1个小时才上来 索要发票说没有发票，我们说那给写个条，过几天有发票了我们来换发票，说就是没有发票，条也不给写。 让那个女服务员把经理叫过来，那女的直接说“我就是经理！” 无奈，什么烂服务，最后送了2张抵价券 要说我同学她还真倒霉，过了几天又去海景了，竟然还是遇到同一个女服务员，服务态度依然烂的要命 本来去咖啡厅吃饭就是要的一个服务一个环境，以后再也不来这里了,0
第一次喝呀~买了杯抹茶双拼。。还蛮期待的来。。 结果大失所望。。抹茶味道有种奇怪的苦涩。。不像茶的苦味。。 传说中的布丁难道是奶茶太烫了给烫化了？ 就完全没怎么喝到布丁啊！！！坑人吗？ 喝到的就零零星星一点点。。真的只有一点点啊。。。还要8块钱。。 coco6块钱布丁奶茶布丁喝翻掉了。。以后不会再去了。。,0
下载了她们家的免费领珍珠耳环的券，今天18：00下班后去的，正好赶上她们快下班了，两位小姐态度很好，也没有任何的推销等，登记了名字，填了下手机号码，就拿到耳环了，我看了下后面的耳塞也是金属的呀，并没有象论坛里有些MM提到的塑料那种啊！总体看上去很好！希望以后还会有活动！,1
那个炒面太难吃了而且是甜的 我疯掉了 吃了几口我就不吃了。。实在太难吃了 。。。额。。希望大家下次不要点这个炒面太太难吃了,0
服务差~~~漏点菜~~害我们傻等半小时~~还不承认~~~另外菜的味道也一般~~在本帮菜馆中属中下水平~~~,0
这里的地段比较好，闹中取静，里面地方挺大的，家具和布局就有点古色古香的味道，里面有茶艺师，还有弹琴的，茶艺师泡茶的感觉很专业，墙上挂着几幅字画写的很不错，让你一进来就感受到喝茶的乐趣了，我喝的是碧螺春，味道很醇香，我平时很喜欢喝茶，喝茶可以让你的心情变的宁静和轻松,1
因为在欢乐谷对面 所以玩完了就来这大吃特吃啦 哈哈 这环境不错 而且这比较人性化 虽然餐厅建在一个高台上 但是估计想到大部分人是从欢乐谷出来的 还在门口设置了电梯 福音啊 坐在靠窗的位置还可以看到激流勇进呢 黄昏时很美 最近新出的一个好像叫焗薯泥 味道不错 就是分量小点 双薯沙拉味道一般,1
性价比很高的店。 寿喜锅底鲜鲜甜甜的，豆乳锅底很香，看上去就很有食欲。 本来点的58的后来店员搞错成了48，也不错~~肉很实在，素菜什么的看上去也很新鲜~喜欢香芋冰淇淋~就是挖起来很吃力啊！,1
田子坊吃东西的地方很多，小包间也不错，但是这边的阁楼很有新意，之前和闺蜜来过一次，在上面坐了半天，一个阁楼就我们两个人，榻榻米式的可以脱鞋的，感觉很好~后来七夕带亲爱的一起去了，虽然这边的菜式不多，但是味道真的是不错的，连这个口味挑剔的家伙也说好吃，总体来说真的很不错啦，我们在上面呆了好久，聊天什么的，老板娘很好，还给了我张名片，以后去可以预约呢~~,1
同事极力推荐 就一起去吃了 现在来写点评才发现竟然有优惠券啊 亏大了！！！悔得我肠子都青了 怎么没先看看。。。 就是鱼肉火锅 鲶鱼还是很好吃的 超赞啊 其他的就如一般火锅 没什么要说了 同事有他家会员卡 才9.8折 不给力啊 鱼是吃2斤送1斤 有鱼券的 还不错啦 下次再去吃~,1
姐姐在这家喜来登酒店办的喜宴，这家大酒店是刚开张不久，环境很不错，地段也很好，出行很方便。到了酒店门口，工作人员态度很好，很主动上前拉门，酒店大堂环境也很好，认不是很多。到了3楼是宴会厅，全部铺了红地毯，地方也很宽阔。还可以在里面装T台什么的，地方很大，不过摆25桌以上很挤。价位不算很便宜，吃的东西一般，不过环境和服务好还是值了。,1
"还是没有田子方的规模大,太整齐的小区,没有岔路,人气不高,大多都是居民,哎,逛的一点都没有激情,一会就走到头了,好失望,看来还不够兴旺阿",0
一同学过来出差，点名要去酒吧，于是一懂行的同学带着我们去了三里屯这个酒吧一条街。 这里的酒吧真是出奇的多，我们最后选择了这家男孩女孩。 酒吧的消费还是挺贵的，是一个很潮也很吵的地方。 酒吧的歌唱队唱的还挺不错的，大家都很high的跟着节奏唱，还有人上去给歌唱的人送花。 一开始觉得特吵特不习惯，后来呆久了竟然也适应了。,1
点评是收了这家钱了吧，全上海最出名的烂店原来的点评居然全部被删了，什么情况，原来的这么多差评呢？我原来的点评呢？为什么重新开一个甜心皇后的点评，为什么把原来的给封了，我现在这封点评要是被删了或者进不了默认点评，那就更加证明是点评收钱了！！！！！,0
环境：真不像是大品牌三元的，里面还有旁边买面的开的小窗口，吃面的也在这边吃。冰柜上还堆着纸箱，到底是在货舱里吃还是三元的店？三元管理店铺就这种水平，进去一看就连胃口都没了。 奶酪：一点也不香，还越吃越水了吧唧的，越吃越不想吃。这种水平一碗10元真不值！比起奶酪魏的10元宫廷奶酪，那三元是差太太远了。三元梅园的奶酪味道真连普通超市买的小盒都不如。 服务：态度还行 这种环境和产品，以后不会再去。,0
这家店的环境比较差，是我去过的好伦哥店环境最差的，吃的味道也很一般，品种也不算多，饮料味道太淡了，小蛋糕感觉很硬，就水果感觉还行，我昨天晚上去的时候人比较少，很多空的位置，陂萨种类也很少，就三种，味道也不咋的，那个油炸螃蟹难吃，感觉有一股添加剂的味道，味道比较怪，总之感觉这家店各方面都很一般，下次吃好伦哥不想再选择这家。,0
开业了就来试试 很是失望 和必胜客的好多东西相似 价钱便宜 但是真是一分钱一分货啊 点了好久的东西告诉不能做 还点错了好多东西 值班经理也是很差 用餐的时候停电了 他们第一时间不是看客人还有什么菜没上全 或和客人解释一下 而是服务员在那站着 或者直接就休息了 经理们还在那研究什么优惠券 真是受不了 最后我问我的面什么时候能上 他们才说停电了都做不了 气死我了,0
正好是飞屋环球上映的那天 约好朋友去看的 个么顺道去吃个饭 挑了这个 话说是跟釜山一个老板的 等了1个多小时 终于能开吃了 也已经离电影开场差不多了 匆匆点了几个菜 口味都偏辣 好多都没吃 服务态度还行 就是菜都不怎么样 烤肉的时候 油爆溅,0
"晚上8点多路过,吃了个红烧茄子饭. 茄子,青菜和饭都是冷的,要拿微波炉再热一遍才吃得下去. 茄子是咸鱼肉末煮的,很咸,还有鱼刺,完全没有防备,舌头一下子就中招了.(〉_〈) 青菜就好像完全没下盐. 和旁边两家快餐的出品态度差好多.",0
上星期和老婆兜5角场，看了电评发觉这家店不错呢。 在网上订了个数字的大床房，里面有台很可爱的电脑。。虽然不能玩啥游戏对伐。但能上上网不错来。。可以省的带本本重死。~ 房间挺好 隔光功能很强= =窗帘一拉吗册无暗。额~ 下次有机会还会去 推荐一下 性价比真的不错~,1
同学聚会订的那儿，开了两桌。 因为有他在，所以感觉很尴尬，没有多吃，上来的菜每个都尝了一下，一般性。。。也许是我食不知味的缘故吧。。。本来以为人均下来会超百，但发现只要65，这倒让我小惊一下。 厕所间太恶心。。。坐式的。。。而且又小又挤，感觉无人打扫的样子。,0
环境很好~~而且锅底非常不错，刚开始去我还要调料，后来发现我外行了~~~呵呵，他家是不需要调料的，而且味道十足~饮料我喝的酸梅汤，这个就一般啦，但肉还是很好的~~,1
算是在北京最喜欢的麻辣香锅，辣味很足，配料不错，很香。 青笋、黄喉、金针菇、宽粉什么的都非常适合加在干锅里。 要是价格可以再实惠些就好了,1
很早前和家里人来过一次 这里的酸汤鱼有一种挺独特的香味，追求新鲜口感的盆友可以来尝尝。 东西不算太便宜，所以不常来了，请客的话来这还行,1
一周过去了，乌青更明显了。 捏脚的人不是盲人，服务巨差手艺全无，开始装模作样摆样子实际手下没力，说了他之后就报复性下狠劲，喊疼还说是我不吃痛。 回家一看腿上都是乌青，再也不会去了！！！ 有照为证,0
今天中午和同事去吃的，28元套餐，黑椒牛肉和洋葱鸡蛋， 牛肉很难吃，我吃了一点儿，同事都吃完了，结果，下午又吐又拉，肠胃炎了， 估计是肉不干净了，哎，大家去吃的时候悠着点儿吧，,0
虽然开在不是很繁华的地方 不过当地居民不如家里不煮饭 来这里吃的话 还是一个不错的选择 经济实惠 而且菜式也多样化的 看到不好人还打包回家呢 可见应该不错呢啊,1
水果很好吃呀，虽然我是去吃冰淇淋的，但是不得不称赞一下水果很新鲜。 小火锅吃过一次，其实感觉一般，就是像小孩儿一样的做玩意儿 但是不得不佩服一下这个创意。。。,1
还是前一次生BB的时候，有段时间特别馋，很晚了去找宵夜吃 大排档的感觉，人气很旺，差不多是一个人吃了一锅虾粥，以前没吃过这种，感觉很好，后来自己在家也学着做，迷恋了好一阵子。。,1
光顾这家店很多年了，款式比较新，价格和商场比还是便宜点的，但是质量不怎么样，一般穿一个季就坏了，所以性价比比较差。老板娘很自以为是，一般老板娘在无须理会，她拽你比她更拽。营业员小胖还可以，不过她也挑人的，但是态度还算客气。那里翻翻花头可以，要买一双质量好的鞋子，还是不要去了。,0
那一年我和老公一起去这家餐厅。当时在奥特莱斯一共也没几家餐馆可以选择，肯德基什么的又不想吃，于是想吃点米饭面条什么的，就去了这家店，结果人又多又拥挤，服务员态度又很差，最要命的是里头的菜和饭不是一般的难吃。后来，我家那位还和服务员起了争执。这样让人恼火的餐厅，再也不去了。,0
每次经过釜山料理的门口总看到好多人在外面排队，上海某电视台也介绍过釜山料理。所以想着应该不错就和爸妈过年的时候去尝了一下。味道和其他的韩国烧烤店差不多，但好像没有看到有鳕鱼，有些遗憾。价格好像要比韩林炭烤要贵一些。,1
"环境真的很一般,前段时间用雅酷卡去的. 跑步机有的是坏的.其他机械基本没用过. 而且要晚一点去才有位置.9点半开始准时赶人. 有一次还差几分钟才9点半,只有我一人了,都没人提醒我,就直接把灯光了 我晕..省电环保也不至于这样子吧.服务很差劲.",0
这里的环境和服务都还不错，所以价格有些小贵。东坡肘子和东坡肉的确是很经典。唯一不足就是菜量越来越少。,1
从小吃到大 但昌里路的美食实在是忒多了 今天终于有机会来这里了 其实已经吃的很饱了 和老娘 叫了份 小笼和 小馄饨 付款时被告知 小馄饨只有虾肉的 好吧虾肉就虾肉吧 吃到 第三个才吃到虾的感觉 很小很小 因为是下午 所以 小笼貌似是蒸好的 感觉 闷了一段时间了 有点儿小失望,0
这家分店开在乐虹坊一楼，一进大门就能看到，很好找。 环境很普通，就几张桌子几把椅子而已。 冰激凌的价格不菲，但是味道也不错，个人认为比哈根达斯好吃多了。,1
装修房子的那段时间经常没事去逛逛，找找灵感 很喜欢里面那些软装的风格，每次看到那些招财猫啊，碗啊都爱不释手 但是价格实在是高了一些，看看还是不错的,1
非常喜欢这边优雅安静的环境，情人节去的，很有约会的浪漫感觉而且音乐也很給力，这边的披萨还有芦笋也很有味道，其他菜没有什么印象了。哈哈,1
凭什么删点评嘛，的确有在卖快过期的咖啡粉，说的是事实，有人发表差评就删，大众点评还算是“大众点评”么？查问题比删帖更有意义一点,0
晚上自己逛街，等他corporate dinner结束一起逛街。 吃的什么不记得名字了，只记得是402号：芒果+黑糯米+冰片+牛奶汁，大概如此。 这里的服务不错，称赞一下。 我坐了很久，问了很多地址什么的问题，他们也不烦，给解释的特别详细。,1
味道很好，夏天常去，种类很多，就是店有的小，夏天在外面吃感觉也还行，朋友晚上聚一块聊聊天吃点烤翅感觉不错。好喜欢烤馒头片和脆骨,1
"主要为了IMAX，很偏，不过现在停车也不要钱,看车库车也不多 上去才发觉人还蛮多的么!!!说明来的人都很少开车，去的都是周围的人把 三楼都是吃的+电影院，1楼有游戏房 购物的话该有的牌子都有了，应该是可以玩一天的地方 主要附近也没有任何其他百货可以竞争把 但是都是YP和本地人阿```` 车库里还看到YP打架--||| 反正绝对不会再去了",0
虽然大皮院很多这样的摊子。 但是还是喜欢在把口有个女的盘头的那家。妈妈很喜欢吃。 每次给我好多玫瑰酱。 浇在上边凉凉的 也不是特别甜，好吃。,1
朋友请客去过一次，条件不怎么样，第一个房间空调坏的，遥控也是坏的，很不爽，换了一个房间情况好了一点，可是话筒又不行，郁闷的要死，一点兴致都没有了。不建议去！,0
"不给它家差评简直都对不起它家 据说老板是东北人，也算老乡了 四川菜做出东北菜的味道这些都可以忍 卫生太差了这我可忍不了 吃了之后都得了痢疾...真愁人 要的鸭盹,味道一般般 水煮鱼,唉,跟麻辣诱惑简直不能比 担担面,做成麻酱拌面了,还是痢疾的罪魁祸首 我是再也不会去了 里面的客流量倒是很多啊 吆三喝四的 服务员看起来也忙得很 唉,海南的卫生情况真令人无语",0
有点偏贵，环境实在是不怎么好，感觉有点对不起这个价格，地方也很偏，估计都是赚大学生的钱的吧，反正我是不会再去了,0
"和两个好友一起去腐败了，点了一个黑鱼麻辣锅和几盘小菜，鱼锅的分量还是很足的，三个人吃绰绰有余,总之最后菜是没有吃完,中途还送了一个黑芝麻味的月饼。味道还是不错的，不过服务员的态度和效率都让人不敢恭维,大概是昨天人有点多吧，招呼我们的那个服务员很不耐烦....",1
这里的口味跟别家没有太大差别 就是服务太差 不会让人想要再来这家店 而且作为工作餐来说没有任何吸引力可言 碗很大内容一如既往很少 有时候感觉会吃不饱 如果想吃面饭量又不大的人来这里倒还行,0
味道越来越差了，服务也不好，经常没货 前些日子跟85度竞争搞活动，买30送30，等去换面包的时候被告知只能换饮料，这不是坑爹呢么，简直是欺诈消费者，虽说最后迫于顾客们强大压力换了面包，但总觉得是被骗了，以后不会再去,0
"作为重庆人,作为中国人,都该去看看,小时候几乎每年的11.27都要去,完了老师会叫小朋友写心得,以前不太懂得里面的道理,现在大了,才知道什么是历史,才懂得里面的含义,外地的游客建议可以去看看,也很值得一看,下次准备带着儿子和老公再去看看,这样的历史我们不该忘记",1
去玉泉路办事，BF查了手机说万德庄大街那有家吃饭还不错 慕名来到这里，味道真的不错，量大且实惠，尤其是《鱼香肉丝》酸甜带辣，味道很好 BF说这个季节最适合吃毛血旺了，可菜上来后感觉油不是很干净，还是少吃的好 如果要说缺点，唯一不好的一点就是，太吵了,1
实在是奇怪生意为什么那么好就和老公去吃了，真的可以用难吃形容，除了烧腊类还可以！其他菜出奇的便宜，果然太难吃,0
等半小时没有上一个菜，一问原来漏单了。菜上来后每个菜都太咸了。服务员有三个小姑娘，也不穿工作服，披头散发，有一桌就是吃出了头发一根，一看就很不专业的开饭店，象路边摊，下次不会再去了。,0
服务员都是新来的各个业务不精湛，香锅的确非常香，但是即使选择了微辣感觉也是十分的辣，不适合上海这里的口味，如果味道不能改进的话以后不会再选择去,0
坐轮渡去鼓浪屿的时候瞄到这高楼上必胜客的招牌，一开始不相信这样的地段这样的高楼有个必胜客，还以为是广告。次日，在人民路上，蓝莓姐说吃了几天厦门小吃，想吃点正常的，本想吃茶餐厅，一时没找到满意的，猛然想到了这家，果然，24楼有一个，很是期待。 靠窗的位置能看到鼓浪屿的全景，很美，但是要等很久。 口味么和服务么，随便哪里的必胜客的都是这么一般，厦门也不例外。,1
"从杨浦跑到闵行，真不容易啊... 衣服估计是几年前的,但是穿也是一样穿嘛...1280打三折,还是蛮不错的... 就是这个时候本来想买一些开衫穿里面的,但是那里好像没有开衫的...希望能进一些...",1
在总医院附近，中午去的发现地方挺大，环境还OK，上班族在这里解决午饭的人不少，还有烧烤卖的，可是味道真的很一般，还不如学校食堂的呢~~烧饼1元一个，而且不怎么样,0
这里的环境太差了，暗暗的，环境好脏很乱，居然人还不少，等了一会，看着服务很不好，没有吃，看着就够了，以后也不会再去了。,0
住的不算近，但来过好多次了。很喜欢这样的小店，吃的东西种类很少，但样样都精，卷饼和八宝粥都很赞。每次都会仔细观察这家店，桌子、地面、墙壁也都很干净。这一家人都很爱干净，吃的放心。小男孩每次都玩他那小车~,1
就在娘家门口的饭店。吃过两次。 感觉非常糟糕，要点的东西很多没有。味道也不好。价格也不便宜 要不是亲戚请客，估计是不会去第二次的。,0
差差差！上周六和朋友一起去的，我还寄了包，结果皮夹子还被偷，报警了也没用。 进去第一感觉就不好，音乐非常的难听，居然还有中文歌的，真是五雷轰顶！~！ 整个酒吧里的人感觉层次都很低，外地人不少，一眼望去，里面的小姐几乎都是YP。整一个YP集中营。以后再也不会去了。,0
哈哈～说起来就觉得兴奋，自己竟然翘班半天，陪表妹吃必胜客、看电影。 因为是工作日，所以餐厅人不多，感觉环境要比节假日好很多。 如果下次还翘班，一定来感受一下这里的下午茶。,1
这家粤式餐厅还是有点名气的，所以去吃的人也挺多，虽然价格是有点高。小笼包虽然是他家的特色，但是我更爱那个水晶鲜虾饺，因为本人大爱虾子啊，哈哈。叉烧酥也好吃，喜欢啊。,1
"團購去的,燙髮和染髮和剪髮,加焗油,124,看挺便宜就買了,效果差到不信.電個頭髮電了跟沒電一樣,我表示不滿意,而且是效果很差,還不如不燙,完全不是我想要的效果,頭髮還跟燙壞了一樣.我表示能不能重新弄一次,髮型師表示不可以,就硬幫我吹卷了一點說就是這樣啊.非常隨便.很不專業.染個頭髮又染到顏色不均勻,頭頂的還是黑色的.服務很不好.下次絕對不去.很後悔.這個髮型師叫LEO.我不知道其他是不是這樣.可是要團購請慎重.因為他們態度比較隨便.",0
以前公司楼下就有个COCO店，每次下午都要订外卖，6杯起送，逛街的时候在崇安寺排了好久的队，生意非常好，一如既往喜欢布丁的，BF则喜欢他们家奶茶3兄弟，说是料比较多，哈哈,1
味道很好很正宗 环境布置的很居家 很温馨 德州卷放鸡肉丝很好吃 炸薯皮也很好吃 德州披萨也值得推荐哦,1
很早就有的家常菜连锁，饭点永远人满为患，到了夏天门口还有大排档~味道倒是很不错，好看也好吃，性价比很高~就是这家店一直不能刷卡有点麻烦，还有该重新装修了~,1
这次到青岛玩得最开心的要数这里了。 海滩是免费的，在这里还可以抓小的螃蟹、寄居蟹。 海浪冲到脚上的感觉可以用舒服来形容。 沙滩上的沙是细沙，踩着也很舒服。 不过阳光很强，要做好防晒准备。 就是洗脚、更衣冲浴要收费。,1
真心只想找个打发时间的地方~ 下午太阳太晒 四个人找来这里 生意挺冷清的 去得时候 桌游 只有一桌~ 地方蛮大的 因为外面是桌球房 有点乌烟瘴气的感觉 30元一个人 饮料只有几种类似雪碧可乐这样的选择 最让人失望的是游戏很少 三国杀的牌都是不齐的 看起来都很老旧 无奈我们竟然四个人玩起了飞行棋...时间貌似没有限制~傍晚就走了~ 传说钟的甜品在哪里啊....,0
没去过 但是在那里打桌球瞄了一眼 应该还是不错的 下回一定要去打一下 先给个好评吧 价格也了解了一下还可以，就35元/小时,1
对于喜欢吃鱼的朋友来说还是非常不错的地方 现在开业优惠送一斤鱼 量还是可以的 两个人吃吃 再点些其他菜 随便吃吃还是可以的,1
对这家店的感觉是环境特别好。当然，是因为店里面人比较少，所以比较安静。 一个人坐在这边，对面是SVA的大屏幕，看看书，上上网都不错。最特别的是基本上每个桌子有一个电源也是这边服务的一个特色。很少看到有STARBUCKS有这么多插头。 客人以在附近TAOBAO城购物的老外居多。,1
有螃蟹诶，不过，没有吃…… 海鲜拼盘里有鱼肉、扇贝、虾、生蚝和叫不出名字的蟹。那蟹出人意料肉质嫩，又不是很水的那种，蛮好的。几种肉、牛肉羊肉鹅肉都很新鲜。牛肉丸里面是XO酱的，有弹性，劲道，我喜欢。蹄筋不灵，都是水分，减分的。在不点毛蟹之类的情况下，感觉就是食材更新鲜高级点的升级版豆捞…… 什么，还有石斑鱼皮，没有吃到啊，爱鱼皮。 环境还可以，就是服务员不会给建议，最后点多了，吃不下。 停车位紧张。,1
喜欢安静、特色的就餐，一定要来这家店！所有菜品都是豆腐蔬菜之类做的，以素做荤，形似味似！环境古香古色，佛韵十足！喜欢三文鱼、椰奶心形布丁、南瓜粥、手卷、炒米饭！铁板鱼、雪梨汁也不错~,1
在学校附近，班级同学每个礼拜都订奶茶。 买10杯送1杯。还满优惠的。 奶茶三兄弟很棒，料很足，真的是喝到饱。 就是红豆有点甜了。 布丁很多。,1
口味一般，奶酪还算过得去，主要服务太差，进去后就被晾着没人过问，催了后才给的菜单，结果牛排也不问几成熟，上了放着就了事了，难道不怕顾客烫着，被油溅着？走时也没个人反映，更别说下次光临的话了，哎,0
在一处很破旧的平房里，味道先放到一边，卫生很差，后厨一般人没看过，看完保证你再没胃口了，要想吃的卫生就不要再这里吃饭了！,0
这家店还有崇文门那家是经常去的，每个月都有优惠券的，这个月的还没去呢，说是小礼物，不知是什么东东呢，很喜欢咖喱味道的锅，每次去都会吃好多东东的，哈哈，没办法，就是喜欢！,1
来这里第一个要吃的就是招牌菜了，红京鱼确实味道不错，够味，够辣，而且价格也不贵，挺实惠的，服务员也很热情，比较适合聚餐哦,1
这家超市不错。价格比较实惠。这家大超市离我最近了。呵呵。我基本上东西都到那买。人也特别多。我去是时候大多是人少的时候。不然付钱还要等一会,1
某人强烈要求自己去外带的，结果还走反方向了，作孽的孩子~ 没吃过国金下面的那家，所以无从比较，从个头上说比吴江路那家道顿堀酷酷璐要大，章鱼切的很大颗，面粉 挺黏糊的，味道还不错吧~,1
去了那么多次 就是钟爱他们的3Q百香果 好清香 而且要吃就吃大杯的 好爽 妈妈是个有点挑剔的人 带她吃了后 她说吃了这个就觉得快乐柠檬一般性了 不定期的还会搞点活动 不错的 一如既往的支持 哈哈哈哈哈,1
以前不是没在这家吃过，也还勉强可以，可11号中午去吃午餐，彻底把我恶心到了 点汤时，路过一女的，对舀汤的服务员说太多了，服务员都受不了，说才三块排骨啊！但也没办法，又挑出来一块，我说都进了碗还挑出来啊？服务员没吭声，那个说太多的是个高瘦的女人，一脸斑，翻着白眼走了，一脸刻薄相，看着就讨厌 汤很咸，带鱼是臭的，为了掩盖臭味也做的很咸，大蒜炒肉里的蒜非常干黄，肉也不用说了，总之一塌糊涂，以后绝不在这吃了,0
店面很小，刚开业时去过。味道真的不太好。披萨还能吃点，但是饭类和面类真是少的可怜，味道也不怎么样。不过可以叫外卖。,0
跟BF和他哥们及其女友，一起来这里打迷你麻将，结果服务员是怎么也叫不动，就在那里看电视，这工资拿的可真精神，真不知道老板是怎么想的，反正环境是脏乱差，再也不想去了……,0
这里环境挺好的，很舒服，进门要脱鞋。三文鱼很厚实，新鲜。但是服务员很不给力。按桌铃是绝对没有效果的，一定要大叫几次，服务员才来。,1
味道比较好，人也比较多，需要等位的地方，不过也值得的。季节性的月饼是朋友的最爱，不过晚了就没有了。菜的味道整体比较好，没有特别推荐的，服务也可以。,1
开业不久和朋友去的，等了很久，环境很一般，地上有水，老把旁边经过的小孩滑到，上菜慢，服务人员少，味道就是很麻，要求搞不要去。,0
说是成都小吃。。。却没有那个味。。。 至少我吃过一次 再也不会去了。。。 量真的很少。。。 很失望。。。在门口看到里面的桌子和长凳 觉得很有那个感觉 就很兴奋的进去 结果很失望的出来 又去吃了其他东西。。。,0
以前觉得咖啡屋就是环境好，吃的又贵又差，绿茵阁改变了我这个想法。泰皇炒饭很赞，和在武汉吃的味道一样好，水果沙拉水果非常足，还点了个48的那个芒果饮料，味道也是很赞....,1
周末一家人11点就过去了，没有等位。 除了传统的广式点心，还有一些川味小菜。味道都挺不错的，而且小菜那些分量都很大，点的时候要慎重。。。 因为试了神仙树那边的新东方大酒店的早茶自助想比较一下，其实差不多，香宫更好一些吧。,1
中国古代最大的科举考试地点，随便看看便罢。 门口有很多铜像介绍了比较出名的几位历史名人，大多都是在这里参加科举考试然后出名了。 到了里面参观，就是更详细的介绍人物，历史上状元，古代考试场景等等神马的。 不过20块钱进去看看这些东西还是有点不值。,0
一次偶然的机会，发现这个网站。站内的书籍种类很多，而且价格也便宜，免运费，还能省去来回书城的时间。至今大概在卓越买过十余次书籍，质量都很好，快递服务也很到位，胜过很多收费的快递同行，值得信赖。,1
票价不是很合理 内容感觉一般。。。就那么回事吧。。。发现常用标签里居然有个骗子。。。看来评价真是不怎么样。。。以后不会再来咯。。。真是不怎么样，没有来的意义,0
这家我们一直叫外卖 但service很差 经常点了十几杯 要过好几个小时才送过来 早过了下午茶时间了 而且送来的跟点的经常有差别 我一直点的巧克力 甜腻的要死 受不了...,0
没觉得有什么特别的好，每份菜的量都比较少，折算下来，价位也不是便宜，但是不知为什么，来吃的人还是比较多的。至于菜的味道，也不是难吃吧！,0
炒作的太厉害了，五点就开始排队。 环境很差，座位拥挤，点碗面等了快半小时都没上， 最后吃了点别的菜就走了，味道很一般。,0
去了两次每次去都让人很不舒服，第一次去我们两个人想要条小点的鱼他说没有4斤以下的我们就没吃鱼，第2次去竟然还是说没有小的，4斤最小，我就很生气的说他们就想大的赚钱，我忘不了楼里的脏，听朋友说还有老鼠，太难过了，以后再也不想去了,0
经常来这里喝茶，这里的点心出品非常不错。特别是生滚粥，自己选料，多少也由自己定，好好味。不过每次来都要等位等很久，所以千万不能饿着肚子来。,1
以前还在好买得旁边的时候就经常光顾。后来拆了停了好一段时间，我还到处打听来着。 终于在后西溪又开了，据老板说现在店面太贵了，基本只能帮房东打打工。 锅贴还不错，粉丝和小馄饨的味精味太重了，每次我都要求少盐少味精，可还是那么咸。。。。 每次我都是要两份粉线+一份锅贴+一份鸭肠，可每次的价钱都不一样，为毛啊？？？,1
老婆饼真的不错不错呢，买了一次之后就收不了手了~ 乳酪蛋糕很爱，蛋挞确实也不错~ 就是店铺小了点，有点憋屈，而且离家乐福近点就好了,1
"昨天下午五点到店的,人不多,环境还不错的，一进去服务员就会主动送上热茶,点了寿司和土豆沙律,年糕,味道不错,现在这里刷招商银行信用卡,满50减10元.",1
登悦的锅贴超级好吃，每次去都一定会要锅贴韭菜馅的，两个女生吃的话，半斤就够了，吃多了就比较腻。还有道菜是果仁鸡丁吧，味道也不错如果喜欢吃味道浓郁的朋友可以尝试一下~~,1
典雅的环境，大气而舒服。 漂亮的美女，飘逸而灵动。 精致的佳肴，色香而味美。 愉悦的心情，就在悦海堂。 喜欢这样餐厅，就是比较有价格。,1
第一双这个牌子的鞋子是在来福士那个柜台买的 虹口也开了 蛮喜欢这个牌子的产品的 价格不贵 款式风格很有味道哦,1
Bread Talk开的，这家旁边肯定有Bread Talk，当然Bread Talk旁边并不一定有这家。 味道真好吃。 叻沙是最推荐的。椰酱饭也不错。,1
这家店在我出差住的酒店附近，晚上在这里吃的，人比较多，人少的话要跟别人拼桌。 大盘鸡这道菜上的很慢，服务员说是现做，至少要炖20分钟，忍了，味道没想象中的好，不过量挺足。 上菜太慢就要了点烤串打牙祭，要的是烤羊筋和羊内腰，羊筋不知道是什么部位跟北京的烤肉筋不太一样，不过味道不错。腰子烤的最棒！很肥，而且腰子烤的不生也不老正合适！,1
最早落户天津的爸爸店，买了一盒给老婆吃。味道是很难吃的，一盒没几个但是没吃完好多都长毛了，扔了真可惜啊，没想到这家店还没黄,0
还将就。披萨还可以，鸡翅其他的都不怎么样，菜品种类不多，水果也还可以，还有荔枝。但是没有牛排，怨念中,0
点的抹茶味儿的饮品，忘记叫什么了，当时要了一个热的，一个凉的，很喜欢她家的口味，感觉热点的好喝点儿，一下子喝了两杯，，，撑坏了。。。,1
刀削面我觉得正宗，价格不贵，里边的卤蛋也很好吃，凉菜自己选。 这边很多出租车师傅来吃，可能好吃又实惠吧。。。 在那边开了好久好久好久了。,1
很有新意的韩国料理店，老板就是韩国人，很受学生欢迎，有外卖窗口，东西不多，但是都有特色，名字也好口爱，像不要问饭团儿，臭美饭团，就在居民楼里，美味的标志吖。,1
跟同学聚会去吃了一次，感觉味道还不错。地锅系列是该店的特色，比较喜欢吃土豆牛肉地锅。就是环境稍微差了点。菜上的也不是很快，可能我去的那天人比较多吧。不过总的来说还是不错的。,1
吃过他家的生煎两次，一次外卖，一次堂吃，环境不怎样，不过味道很不错，生煎的底很脆，肉很香，无论是早饭还是点心都是不错的选择，下次还会买。,1
平时不留言的，不过这次例外，这家实在是太差了，为了大家不要上当发表一下感受．量少，速度慢，要点的菜没有，点好的菜不上．怪不得去的时候人这么少，其他店人很多，一时贪图不用排队，后悔了．,0
和香港的卓悦完全是两回事，东西好多没有听过的，真的假的也不敢保证，价格更是不便宜，总之感觉很一般。不会再去光顾。,0
量很少、味道相当一般，家常口味还说得过去，精品粤菜是差远了！环境倒是干净整洁、人不太多。 太贵了，除非有人请否则实在找不出什么理由去……,0
服务实在是太差，课程又少，还说这边是什么A类会所，真不知道他们是怎么评级的，游泳池现在这个季节也不开放的，到了夏天游泳的人又多，像澡堂一样。,0
一外地同学来北京，听说我在牛街，就飞嚷嚷着要吃小吃，正好路过洪记，就进去了，好几张桌子人都吃完走了， 服务员还不收拾。。。点了爆肚、一个小吃拼盘，一个馕炒牛肉，还有个炸豆腐，，，个人感觉卖相不怎么好，我没怎么吃，同学也就吃了一点，把酒喝完就走了。他的评价是一辈子就再也不用吃牛街小吃了，同感。,0
元旦时候和家人过去吃的， 那天外面刮风挺冷的，屋里暖气开始进去的时候很热的， 后来吃饭到一半估计就给关了，开始冷了， 这个太不好了，吃个饭吃到后面那么冷。。。 菜的品种也不多，远远比不上金汉斯； 而且吧上菜不及时，想吃个蛋挞，就一直没吃到，总是被抢光后很久不上。 烤肉也一般吧，说实话42贵了。。。 一楼42，二楼好像46还是48的，个人觉得不值,0
和厚味的口味几乎一样，菜品和价位都差不多。据说本来厚味和辛香汇是一家，兄弟两人合开的，后来赚钱了以后就闹翻了，所以分家了，看来人都只能共患难不能同富贵。 言归正传，菜的味道还是蛮好的，一定要配加冰块的酸梅汁，不然就太辣了。菜的量蛮大，价格蛮实惠的性价比比较高。,1
第一次朋友带我去，第二次我带朋友去~~第一次吃的是云吞面，感觉汤很鲜，第二次吃的炸云吞，很好吃，大爱。第一次去有酸木瓜，我好喜欢，第二次变成酸萝卜了~~没酸木瓜好吃~~,1
很多特价菜，一进去大堂内，右侧就有一张大桌子，摆满各式各样的特价菜，大概有几十样吧，特色菜包括荤菜、素菜、点心等等，光点特色菜也可以凑够比较体面的一桌菜了。 比较推荐的是黑椒牛仔骨、鹅掌、猪手煲姜、炒花蛤、绿茶饼（这些菜都是实际做法，具体名字有点忘了） 值得再去。,1
之前就系点评网看过相关噶评论，话间也噶出品唔错，BUT琴晚去完之后有点失望，服务一般般，就餐空间比较小，一张四人抬上左3个菜就没地方放了，东西味道一般般，不过真噶超级多人去吃，价格有点贵，之前看DP友话消费满100有甜品送，但是我地消费左200蚊都没也送，有点坑爹。,0
最最大爱的就是他家的柠檬鸡翅了，炸的酥酥的，沾了酱很好吃的说，价格也不贵 然后就是玉米烙了，走到哪都是我必点的 太湖一锅鲜说真的没什么吃头，纯粹就是喝汤了，烫不错 还有个猪爪和排骨一起炖的，哇！非常的烂好吃，那个猪爪的胶原蛋白都出来了 还有个凤爪也很烂的入味！ 西新饭店就是老百姓的饭店啊！,1
在上海喝广东煲汤真的是件悲剧，点了份老母鸡煲响螺汤，几个人尝了后，便默默地倒掉了。 唉-，深圳茶餐厅免费赠送的例汤也要比这个好喝啊 环境很差，人挤人的，餐厅内有油烟味，下楼梯的时候服务员也一直要提醒路面湿滑。我不理解为什么餐厅就不能把地面清洁干净呢？,0
这家店比较大众化，装修门头还不错，上周去朋友那里在这里吃的，靠近市场，周边环境不太好，不过店里的环境还不错的，很整洁。 这里的菜味比较当地化，很可口，喜欢这里烧的三鲜汤。,1
中午去的 门口的服务员特别热情 我们点了很多小吃 但最好的还是酸辣粉了 下次想尝尝那个冒菜 不知道是什么味道 酸梅汤也不错 起码有桂花的味道 但是西米露做的一般般 可以说不怎么好 总的来说还不错吧 比较适合随便吃吃,1
"茶走清淡些, 如果喜欢奶味重, 就选择金牌. 在北京难得喝到那么好喝的港式奶茶, 真是开心死了. 自从朋友带去一次之后, 就老去, 都打算等他们会员卡一出就去办卡了, 哈哈 店里有些小点心和茶叶很不错.",1
最大的特点是，烤什么都一个味。而且作为串店，这里有点太贵了。肉串小的可怜，7毛一串，蔬菜也是一点点，1块，毛豆、西红柿都好小的一盘，8块钱，很不值。桌子太矮，吃饭特别不舒服，以后不再来了。,0
好朋友在嘉定的，请我来K歌 办会员卡可以免费欢唱3小时 包房很大 比较奇怪的是就是要我们签字说保证里面的设施不坏 汗那 还说自己以后不能带吃的进去 音响效果还可以，灯光也不错的 两个人唱唱感觉特别惬意 就是厕所有点不尽人意 这家KTV所在的商务楼也挺冷清的，门口都没有迎宾的,1
很失望~·下午去吃的，几乎没什么人。 石锅饭上来后就比较失望了，就像盖浇饭放在了石锅里。 味道也不怎么样.不想去第二次,0
这家店搞活动时价格非常合算，如果平常日的话价格更优惠， 不过设备不怎么样，服务更一般，包厢旧也就算了，还感觉有点脏脏的 应该都是附近华师大的学生什么去的比较多吧,0
中午饭点的时候人超级的多，服务基本就是吼着来，有了位置坐着等基本没有主动来点餐的，上东西的速度是很快的，但是吃完之后，结账要喊无数次，才能有人来理我！！我靠的，再也不来了。,0
因为是商务宴请，所以旅游活动点了很多海鲜。什么老虎斑、斑节虾、醉蟹、海鲜面疙瘩都很好吃，服务员的态度也很NICE。总得来说这家的海鲜相当不错。,1
早就闻名锦州干豆腐，东北也是我长居地之一，在北京来这里一定要点尖椒干豆腐，干豆腐非常薄，炒的口味很家常，有点回家吃饭的感觉。猪肉炖粉条也很有滋味，菜量很实惠，价格比较公道，有东北人的风范，据说这里的工作人员90%都是东北过来的，听听他们呢说话也很有意思了，各个像赵本山小品似的。喜欢这里啊！,1
烤鸭绝对好吃，但你要早些去才能买的到。因为排队的人很多，而烤鸭的数量有限。据说，老板曾在北京全聚德打过工，哎呀，神！,1
每次来这里 必去亮亮拉面 吃了十几年了 就是喜欢那个肘子拉面和辣椒的味道 小时候是早上爬英雄山完了之后 下山来这里吃早饭 也就不会顾及这里环境如何咯 吃的就是一个热闹 一个舒心,1
在附近上驾校的课，顺便来吃，我不得不说，这是我有史以来吃的最难吃的烤鱼，鱼肉老不说，还不入味，由于不入味，吃起来还有股腥味，我一碗饭都没吃完。其他菜也一般，点了一个炒藕片，似乎厨师的盐打倒了，咸得没法入口。怪不得生意这么差！,0
PIZZA超难吃，腻死了，吃了两角扔了~ 圣代冰咖啡还凑活~ 点餐人员很不专业，问PIZZA里有啥食材都不知道，问沙拉里是否有青椒也要现问厨房师父，，，，汗,0
鱼的分量严重不足...吃的很不爽很不爽，完全处于吃不饱状态 服务也很糟糕 可能因为人很多的缘故 叫了服务生也不来 味道还好 不过以后再也不会来了,0
位于118广场2楼，店面不是很大，但很干净 性价比很高，而且觉得点餐小铃蛮有意思的。 牛肉饭量很足~套餐送的汤不好喝~=。= 小食味道很普通- - 就点饭最划算呢~而且味道也都不错 唯一缺店，不能刷卡,1
中午和同事吃的工作餐，一碗面最便宜也要29，比海信的和味拉面要贵，但味道没人家好，也比人家要贵10元/人，烤串盛和拼盘29块，只有5个，和味只要19块，我要的冬阴功，有股怪味，很难喝，只有两个很小的虾，29吃一碗面，简直抢钱，不会再去！！！,0
真是把我气死了，儿子不舒服，想吃汉堡包，我5点半订的，网上显示6点半送到，等到7点半还没人来，我打电话，才知道还没送，要再等再送，气的我取消订单了。没想到肯德基的服务这么差！再也不会订了！再也不会订了！再也不会订了！再也不会订了！再也不会订了！,0
我们单位都是叫外卖的，让他们送来的，口味还可以，看上去也挺干净的。 但是服务实在太差了，打电话过去还想欠他们钱似得，对客户大呼小叫，我气的不得了。 因为生意好了，所以态度就很差，感觉就是不差你那一单，你爱来不来，服务态度实在不敢恭维！！,0
这家比一般的经济型酒店好，价格合适，位置也不错，在火车站附近，离地铁站也很近。 如果需要购物吃饭都很方便，太平洋百货就很近 还不错，下次要等车的话还会在这家休息,1
经常有些没出没有的牌子 有时间还是回去看看的 价格没有些优势 但时常也会有卖增的活动，要多关注 服务态度还是很好的,1
公司经常需要大量的墨盒，所以会来这里买，强烈建议别在一楼L字头的专卖店买，价格贵，并且售后服务很差！埋完单就不管你了！我都有点后悔买了，比较冲动！二楼的价钱比一楼便宜10%,0
很不错的一家店，white chocolate mocca味道还是很正宗的，和新西兰店差不多，星巴克没有的。环境也比较好，周五下午拜访客户正好空挡,1
东方书报亭一般建在每个车站旁边 觉得不管走到哪里都挺方便的 有时候不认识路很多人也会去东方书报亭问路 书的种类比较齐全 有时候也卖什么新版地图什么的 杂志也应有尽有 早上上班族等车的时候可以买份晨报看看 学生们也会去那边买点时尚杂志看看 很不错 是城市文化的一个缩影~,1
点了吕氏疙瘩汤，和单饼卷两样，单饼卷两样上来以后里面的鱼和五花肉都是凉的，叫来店员，还说是早上就做出来的。最后店员承认这是热菜，才去给换，换上来的一看是现蒸热的，太失望了,0
女儿爱吃，味道不错。但是觉得杨高路的店服务更好，听到团购还能主动试吃，给的也多，比金桥家乐福的服务好,1
附近可能没有类似的小吃店吧，不然这家怎么还开得下去，又贵又难吃，一碗榨菜肉丝冷面11元，肉丝只有三根小小的，榨菜也就十来根，居然要卖11元，老板太黑心了，门口收钱的老阿姨好象人家都是欠她多还她少，脸板得象家里死了人。,0
初四初五去无锡玩，上网做功课的时候，正好看到这家店的点评就把地址记下来。一共去了10个大人3个小孩，吃下来总体满意。有个小遗憾就是去的晚了，招牌菜三杯鸡没有了。。。 老板娘很热情，亲自推荐好菜，最后买单的时候还给打了折，没有10块零钱竟然也不计较了，不错！地方有点偏，离火车站很近，门口公交车可以直达。,1
千万不要吃他家的意面或是通心粉，超难吃。焗得太过了，硬硬的很难入口，酱料特酸，不知道是不是放坏了还是怎么的，反正很糟糕~~~ 服务真是有问题，点了５样东西，错了三样，少一样了。错的说是可以换吧，一个意面等了近一个小时，朋友都吃完了，我干等着，好难过。唉~~真是超不愉快，下次再也不去了。,0
和朋友下轻轨路过 赶上饭点了 就在这吃了一口 口味不说多差 但确实也没多好 服务员和管事的都不太实在 要点东西拖拖拉拉 上菜巨慢 催了又催店里的就是不急 以后轻易不会去了 地点多好啊 但服务意识和对顾客的诚信度才更重要,0
同事请客，百子湾附近适合七八个人，环境稍微好一点的也就这家了。不过吃过以后真心感慨，也只有环境还可以啊…… 要了功夫鱼，鲤鱼做的，有点土腥味，而且不是现做的，肉发面了。牛羊肉的菜品很多，要了个土豆条炖牛肉，但是肉质比较老，有点失望。其他菜没什么印象了，好像有个炒杂菜还可以，挺下饭的。 要是平常吃饭，还不如选择旁边的小馆子呢~,0
已经去了N次的烤肉店真的没话说，超级爱喝牛尾汤，烤梅花肉太棒了，必点金枪鱼沙拉，因为烤肉如果腻了可以爽口一下，呵呵，和老公总去，和朋友也经常去，毕竟在单位的楼上，服务也很好，烤盘换的很勤，感觉就是好！,1
老字号了20多年了，汤料也是20多年的老汤料了很地道，最好吃的是鸡头，我和我朋友一般都是到节日就去市里买点回来送礼。听说要在塘沽开店了，这下方便了,1
烧烤嘛。本来就是个杂牌生意。做的人多了 。就都不怎么样了 。原本保证挺欢快很高兴的心情去了这家店。实际上我感觉和路边摊味道美什么两样。不过服务比路边摊强百倍了 。。,0
朋友介绍来吃的，以前的时候不知道，没有来过，吃了一次觉得挺新鲜的，鱼汤里面涮羊肉吃，挺不错，鲜美的滋味，鲫鱼锅不错，很新鲜，羊肉也比较新鲜，吃起来不觉得很有不觉得腻，山药也挺好吃的。,1
这里挺大的，周末要早去，不然孩子就很多了，总体来说还是适合已经能独立玩耍的大孩子，上次带着1岁多的宝宝，孩子太小，只是好奇地看看，什么都不敢坐坐，玩了会大积木，就出来了，真是浪费啊。,0
朋友说这家的鸡腿很好吃..于是内..特地跑过去...米想到卖光了闹..卖的超级好..只能买了点香酥鸡吃... 看到这家还有田螺耶...已经好久没见这种小摊上有卖田螺了,1
最喜欢吃鸡腿了。。HOHO流口水了肉很香很干净。这次看了大家的点评是特地去吃的。。每次想解馋的时候可以去，肯定很爽~,1
自从乐乐出生，N久没唱歌了偶；过年同学聚会，环境不怎么样了；选歌器很多按键已坏，话筒好重，电视屏幕也差，随便唱唱了只能；歌还挺全的倒是~~~,0
用我爸爸的话就是，吃一堆蘑菇还那么贵 因为很多蘑菇的关系，汤底特别鲜美。各种爱 吃不了辣的朋友可以去。但是后面加了肉了之后，就开始味道怪怪的。 总体而言还是很美味的。价格稍微贵了点。有时候如果去晚了了，还要排队。,1
上周去他家做了优惠券上的全身经络疏通和肩颈养护，感觉不错，按摩师的手法也不错，做完以后身体轻松了很多。在按摩期间，按摩师还不停的给我讲解身体的各个学位和如何保养，受益匪浅!做完以后，还有银耳汤喝，香！,1
看到门口好多人在排队买刚刚出炉的大方糕，一位当地口音的阿姨说，早晨9点就来排队等了，买了好多，店家给包装的很好看，看上去像放在小竹篓里面。本人买了鲜肉，豆沙，各一个，豆沙里面还有松子，不错,1
不好！！！ 打着施华洛世奇的名号骗人 那种服务根本没有 所以大家千万别被骗了！！ 我也不会去他家了 太不值了！！~~囧囧囧 再也不去,0
有点旧上海的感觉 去过一次 感觉应该都是90后喜欢的东西 挺赶潮流的 感觉自己老了 小店很多 东西也都是流行的 但是人不多 可以砍价,1
之前经常在这里订生日蛋糕 并且一定是绿茶红豆的 视人多少订大的或者小的 茶的味道很浓，红豆甜甜面面 不腻 上面的水果也新鲜 去年我生日同事给定了一个大大的布丁蛋糕 感觉 还是绿茶好,1
摊子的货品真的丰富。但是花生瓜子这类批发来的干果价格与丰台方向的大市场比还是小贵了，我也尝不出味道有什么不同。优点是购买方便。大市场的环境太糟糕了，而且还绕远。秋冬的时候有栗子，味道还可以。,0
超级实惠的小饭馆，可吃的种类很多，烤串、海鲜、拉面、炒菜、凉菜，反正是可吃的不少呢，特点是便宜，速度快，人也超多的！就是烤串烤得很一般，服务态度也不太好，而且桌收得特别快，也许你还没吃完呢，服务员就已经给收走了呢！呵呵！,1
吃过N家萨莉亚，这家是性价比最差的，服务员态度差到极点，点菜不耐烦，上菜不耐烦，拿调料不耐烦 PS：菜的量是所有分店中最少的，，意面基本只有面，没有配菜，汗啊！！！！ 局蜗牛更是离谱，吃了几次，这次最荒诞了，上来那个容器里面没有葱蒜配料，因为已经烤过几次，全部发焦粘在容易上了，那个蜗牛自然而然你们懂的，老得成肉块了 不知道你们的厨房怎么做出来得，也好意思拿出来的 反正不会再去了，差到极点,0
铜火锅，味道不错的，清汤锅底，涮菜挺新鲜的，秘制油碗比较好吃，推荐那个螺旋藻好吃呢，菜量一般，价格觉得稍微贵了点，和同事一起去的，吃了1k多~,1
是我在西安吃过的冰激凌店里面最差的！ 环境也不好，就在万达的走廊里面，服务也不好，口味更差，但是价格也不便宜，以后绝对不会再去,0
团购的四人套餐，由于他家要求必须提前一天预约才能消费，导致原本当天没有吃成。昨天和家人从北方森林动物园回来后，去他家吃的晚饭。他家的服务很周到，收银员和服务员也很有礼貌，但不做作，有种到家的感觉，我觉得是所有东方饺子王的店里服务做好的啦。菜品就不多说了，和其他家店的大同小异，差别不大。希望他家的服务水平保持下去，我会常去光顾的。,1
是冲着那著名的橱窗摆设去的，不过什么都没有看到，有点失望。 整栋楼的设计秉持了village扭曲的风格，还行吧。 产品也就那样，没什么特别的，但是这家店会让我想起香港的阿迪旗舰店，可能是因为都好多层吧,0
肚子饿了就过来觅食，他们家的面包就是有点小贵，一个小面包起码要8、9块，挑来挑去好像也没什么可选的了，就是每次都买华夫饼，他们家的三明治还没吃过，都说不错，价格小贵。,1
本来也是因为下雨就不出去吃饭了，结果等了50分钟，同桌的人都吃好了，我的还没上！！！催了老板几次都说快来了，但是连看都没看是什么，态度实在太差了！！！封杀,0
真的蛮好吃的，似乎比最近风靡的黄飞红还要好些，当然，可能每个人的口味不同。 现在都是10元15元的包装了，不过，10元的买满10包送一包5元的。,1
整个巴春B1最难吃的一家店！！！ 那天本来想去吃小杨生煎，可惜小杨生意太好，看边上这家空位很多才吃的，结果吃了才知道为什么这家那么多空位，我和泡点的两碗面都爆难吃，猪肝是臭的！！！！发誓以后再也不会去！！！,0
那天我们去店里已经坐满了人，不过还蛮巧的没有=位子，不过还是觉得地方小了点，服务员少了点，那自然而然动作也慢了很多。东西还蛮好吃的，点一份套餐就吃得很饱了，咖喱锅味道我很喜欢。。。而且出示维络城的卡也能打折,1
本来不想去吃夜宵的.实在是没吃饱.真的好饿.所以想想有什么吃的.就想到这个了 晚上来好像有打折.有的东西只要10块.但是量很少的.然后用了优惠券.锅底算是免费 点了虾丸啊.肥牛啊.牛舌啊.生蚝.鲍鱼.刺身什么的.反正点了一桌子.东西吃了一般.而且调料也一般.而且我牙疼.所以虽然吃了点.但还是没饱.哎.作孽啊,0
这家店生意不错，主要是环境还可以，而且吃的种类多，饮料可以免费续杯。吃正餐，下午茶，甜品都可以。海鲜意粉不错。烤鱿鱼圈也不错。,1
每次都被香味馋得流口水，肉脯有嚼劲，又不会太硬，每个口味都很好吃，不足之处就是价格太高，一般人还真是难以承受，特价的时候也不便宜。,1
"春节去了一次,那个叫人多呀,不过排号还是很有次序的。环境不错，服务员动作很快。点了汤及几个小菜，味道很好，不过分量相对就少一些，2个人吃了解个菜1个汤才够。",1
真的很喜欢波力牧场家的黑米牛奶··喝起来超级有满足感的~ 只要一阵子不吃就会忍不住想念，每次经过波力牧场都会买一罐来喝 波力牧场的面包大概是算上海现在比较实惠，口感也算不错的面包了 平均在3元到9元之间~9元的都是一大袋的，足够吃上6.7顿了~ 波力家的鸡蛋蛋卷··应该也有很多人喜欢吧·· 总的来说又实惠又好吃·性价比很高~~,1
周日和老公去百联四楼影城看三枪，收到他家的传单，很多特价菜，决定去试试。 装修的很别致 ，古香古色。 菜谱都在桌面上 一目了然，要先结账后吃饭，而且多收了4元钱，菜做的难吃 ，没有发票，以后不会再光顾了。,0
成为会员快三年了吧，服务一直还算不错吧，但是价格每年都在涨，从最初的50元一直到现在的90元……比较喜欢的那几个师傅到最后总会转到别的店去，有点遗憾咯……可能按摩习惯了，隔段时间不去就会有点想念按摩的感觉涅，安慰自己一下，足疗是为了身体健康~！,1
3.8中午和老公去吃的，两人点了先杀的鲜鱼2斤多还算好。麻辣锅底口味是很好，超爱吃里面的蒙古宽粉，点了2份，因为有优惠券20，总共消费了90多，另外过年的时候也去过和父母一起，宝宝超爱吃里面的鱼丸，,1
星巴克的东西哪儿都是一个味道，比的嘛自然就是环境了。 比起天一那儿商店附近比较闹的星巴克，我还是比较偏爱这家的。 外滩边，位置自然是得天独厚，有露天位，夏天晚上坐在外边，喝喝咖啡吹吹江风一定无比惬意。二楼的沙发蜷缩在里面几个闺蜜聊聊天也是件美事。 服务态度很不错，那天晚上来的，还特意让我点low caffeine~蛮贴心的。,1
以前在太平洋打过工，肚子饿了就会跑去买久留米的关东煮吃，价格和便利店一样，味道也和便利店差不多，不过品种多了一些，随便吃吃很不错~~ PS，寿司的卖相都很好，价格range很大，下次路过买买看吧。,1
经常逛这儿。 购物环境不错，东西很多，质量也保证。 若有什么物品买了以后又不想要了，只要包装完整，凭电脑小票，可以无理由退货。 有一次，买了一个电熨斗，在那儿试了以后，好的，就付款回家了。到家后，才发现有一个小配件忘了拿了。返回后，营业员态度非常好，说我走了后他就发现了，但找不到我，就放好了等我去拿，并且道歉说自己当时忘了放进包装盒里了。真是一个好营业员。 停车在旁边的花园城地下停车场，很大的，一般不会找不到停车位。,1
在千代广场里面的， 去过一次 总体感觉还可以 至少没有觉得难吃 我记得点了鱼翅 量很多 不过让我感觉是粉丝 个人感觉吧 可以免费停车 不过要早点去 因为附近饭店很多,0
中秋节和LG、儿子一起去的。因为临时决定的，订不到房间了。所以选择了御林汤泉。服务一般，有点脏。住宿条件很差。周边除了航空博物馆没什么可玩的。山庄内的配套设施也不健全。总之以后是不会再去了。温泉水开放时间8:30-11:00 13:30-17:30 19:30-24:00 早上水不热 晚上用得人多就没水了。。。很不好。,0
这家旗舰店真的很大，位置也不错在中山公园。。里面电器真的很多，他在多媒体2楼，店面挺大的 ，我很少来这里，因为电器使用周期比较长，一般都有我家里人来买的。。我不怎么管这些事的。。 这里的电脑，各个品牌的都有的。。质量不错的，，，，，我来看过几次想买的。。。 总的来说，苏宁里面选择电器类的还是蛮多要什么样的还的靠你自己,1
我吃过系广州开噶酸菜鱼，这家算是最难吃的了，环境差，卫生差，出品就更差。我同朋友吃左一半就已经吃唔落去了。 没有再下次了。。。。,0
在学校附近，经常去，味道非常的好，吃过好多大盘鸡，始终觉得这个是最好的，个人觉得比金水那边那家也很有名的要好吃，店面环境虽然一般，但是服务还是很好的，有需必应，最关键的是味道好啊，毕业回家后经常怀念啊~~,1
平常都是中午去吃的，过了12点都要排队，生意一直很好，中午的定食还不错，照烧鸡，生姜猪肉推荐，单点三文鱼刺身很不错。,1
这家土家族口味的饭店是比较喜欢的 装修很具特色 服务员的衣着也都是少数名族的风格 桌椅都是木制的 口味也是适合山西人 招牌菜山寨鱼头王很有特色 现在这种鱼头的做法已经流传开了 双色的很合适 最爱吃的是把裤带面倒入鱼汤里的味道 爱吃面食的山西人一定也都喜欢 瓦片腰花也很香 还有那个土家菜窝窝头 吃着很有感觉,1
从来没有在点评上留言过，不过这次为了广大食客的利益一定要说点什么。真的是第一次吃到这么难吃的日料。生鱼片连颜色都变了，赤贝居然黑乎乎的，海胆表面都发硬了，味道就不用提了，点了一份都给退回去。个么就吃熟的吧，更厉害的来了。。。。泡菜没有，煎饺没有，蟹锅没有，披萨没有。。。最夸张的就是冰块也没有，反正要什么没什么。还有饮料也要说说，兑了水不说，估计都是用什么东西冲出来的，那个难喝啊。。。。广大食客谨慎考虑啊，反正打死也不会去了,0
实在太差了！根本没有肉的螃蟹也能上桌？！要求换居然说没有办法，居然说是你们自己点的，没有办法，就放在那里不管！,0
和朋友吃的，味道和其他地方差不多，但是地方好小，感觉不像饭店，就是小餐厅。服务还行，景色没有，虽然在国金，但是位置局促，无特殊，不会再去了。,0
有一天实在没什么吃的了就来到了这里，服务员要叫个好几次才过来，里面的环境感觉也不是很干净。东西么也很一般，以后肯定不会再去了。失望！还好东西不算很贵！,0
这里是小商品，东西挺全的，我来着买袜子什么的，这里还有卖笔和本的，帽子什么的，姑娘们都喜欢这里，有包什么的，这里东西的质量还算挺好的,1
想请客户吃饭，打电话询问包房及环境 服务态度极差，直接说：我们这里很旧，你要么就去找其他的吃 搞的来全上海就你一家店么，态度差的不得了,0
前段时间来这边吃了老鸭面和老公叫了个铁板嘟嘟鸡面，味道还是很不错的，分量很足，很大一碗，男的还好，女的一般还读吃不完，不错~~~,1
猪肉比较贵当然是吃猪排啦~~~里面有芝士和培根~~~第一次吃觉得很一般，黑胡椒味道有点重，第二次吃就觉得好吃得不行了~~~不过最推荐大肠包小肠！大肠是米肠，有点像粽子那种，里面有肉和花生，很香很香！小肠是台湾香肠，味道好！老板很有意思的~~~,1
价格偏贵的一家，有观海平台的位置不错，但是大堂里面黑漆漆的，感觉又想ZOU小资路线，又想做传统菜的路线，店家有欠考虑哟。,1
非周末下午时段去都比较便宜，不过包厢不大，而且服务态度不怎么样。如果周五或者周六晚上打算去唱个通宵，还得提前去排个大长队，即便如此，还未必有包厢可以唱。没办法，下沙就两家KTV,0
曾以在附近上班时吃过，真的很一般，因为那个公司没有餐补，只发餐票，指定地就是这里，只能吃它家了。中午吃饭时人巨多，花样倒是有一些，味道就差很多，吃一点就不想吃了，因为太难吃。那时中午才10元就行，现在都变成12元，看来通涨得很厉害啊。,0
"服务差,不提供白水茶水.第一次碰到这种餐厅.自以为档次很高,服务却跟路边小摊似的. 菜价格倒还行. 白饭竟然要5块一碗. 鲜榨果汁算是同档次餐厅里贵的,品质差. 感觉是占着德基的坑就能抢钱. 不会再去了.",0
服务很差，环境一般，空调很小，服务员都像是新來的，问的问题都要转问好几个人，最后结账的时候还会出尔反尔，说的话都很难听，相比之下七宝店比它好很多真是一个天一个地，漕宝店要饮料酒水另外付费，菜单价值也比七宝店贵，以后绝对不会再去漕宝店了,0
天美时代差不多能买到你画画需要的一切东西，从国产到进口都有的卖！卡纸他那里可以负责帮你裁到你需要的尺寸，挺人性化，服务态度也很好！就是价钱小贵，如果你买的东西是很大众的，最好去美院周围的美术用品店去看看。,1
请客户吃饭，本来订的海鸥坊，后来老板走错地方了误打误撞去了这家，正好有个预订包间的没来，我们就坐进去了，环境真的没话说，对着黄浦江吃饭，看着游船来来往往，菜的味道一般，服务也不错，主要吃个环境，请人挺有档次的。,1
最近微博上很红的一样小食、同学也有推荐、所以就特地来吃吃。 没有排队、生意倒是有点冷清。 点的不是招牌、买了 车打芝士薯条。 好吧。刚上口有点惊艳到、浓郁的芝士味道配上香香的薯条、还是挺好吃的。 吃到后面感觉芝士好腻、又因为冷掉的关系、感觉特别特别的咸。 一份要14元、薯条不多、哎。现在的店家 黑心那。。,1
"公司在附近,难受了肯定先往这里去挂急诊,急诊还可以，到了就能看上,不用太浪费时间. 整体建筑都很老了,设施没有那么好.不过人够多的。想看门诊,挂个号得辛苦死!经常看到拿着小椅子在门口坐着等的.可怕",0
陪朋友去的，洗澡48，其他的搓澡什么的都是30+，然后去楼上休息，做了一个全身按摩118（还不包括肚子和脚），感觉按摩的不怎么样，过后没有放松舒服的感觉，小姐还挺能聊的。,0
旅游的时候把朋友的肉松卷抢了过来吃个精光，真的很好吃很喜欢，香香的，脆脆的，松松的。肉铺好像有点偏甜，可能是口味不同吧，但是真的好香啊，流口水的~~~~,1
忘记了，只记得跟他在这里吃饭。两人间最多的对话是，同学，你的熊脸又欠乎了吧。我们都是爱突然做点什么的人，于是，饭吃罢，晚上9点去看电影。看完电影便坐在学校的院子里喂蚊子聊天，忘记都说过什么，但总觉得有说不完的话。实在被咬得受不了了，我们就转战宿舍楼道，看片，聊天，等日出。同学，我们俩为何这样欠乎，明天早8点还要上课得呀。真想停留在这个时候，不前进，也不后退。不用出国，也没有分离。,0
高一寒假去吃的，吃了一次再也不想去了。 细卷吃的我反胃，然后上来的面就一点也没胃口了。 感觉温州的日料店怎么都这么萎靡呢……,0
实惠，以前吃过一次，觉得味道不错，特地走过来吃，鲁肉饭，炖蛋，酸白菜，胃十分妥帖，一共23元，心里也十分妥帖,1
今天中午跟朋友去了娘惹裙厨，点了个牛蛙，冬荫汤，一个娃娃菜，一份什么炒饭。一起86RMB。 菜上上来就觉得后悔了。分量少的没的话说，2个都不是很能吃的人吃完了直接没饱的感觉。吃完了还到仟吉买了几个面包才吃饱了。。。 以后不会去了。太不适合我们了，还是有点分量的才是王道啊。。！！ 还是吃自助火锅有感觉 哈哈！！,0
环境细，空气差，服务差，食物差~~ 本来是去饮茶既，点知去到中午了，原来门口果边一堆位置系用来吃快餐冇得饮茶的，晕，好心他啦，饮茶就饮茶来又搞埋快餐，唉。。好算，点快餐吃，想叫人拿杯茶水，叫咗 XO酱炒萝卜糕 和凤爪都要等咗好耐先来的， XO酱炒萝卜糕又辣到死死下，根本唔系果未回，凤爪都是麻麻，总体感觉就是差啦！唔会再去架啦,0
今天和朋友去吃马华火锅了，一到这里就感觉到了亲切感，呵呵 马华是西北人开的，之所以亲切是因为我也是西北人啊，点了鸳鸯锅，小料是自取的，还有肥牛搞特价（实惠便宜啊）肉质特别好！还有免费喝的养身饮料，这一顿吃的“爽”。 下次还会光顾,1
这次去让人很失望 坐的桌子离店家放鱼的地方很近 厨师拿鱼的时候缸子里的水溅到菜里面了 要求给个说法 只说给大88折 服务员还一副是我想讹钱的样子 解决方法十分让人不满,0
利用5.1休假去了番茄农庄，只能用3个字形容，脏.乱.差。首先说说住的地方，房间很脏，马桶么坏的，让服务员修了好几次，然后是农庄，地方很小，环境很脏，都是草，玩的地方很少，吃的方面，中午菜量很少，反正这是我旅游过最差的地方，性价比小，这个地方是去了一次，永远不会去第二次的地方。反正我劝没有去过的人千万别去。,0
不同于小杨生煎、大和生煎的风格，比较干，像北方的煎包子。千张粉丝汤味道非常好非常纯，值得一试啊！其他的写不出了凑字数,1
只吃过学校里面那家，脏！同学在麻辣汤里吃到蟑螂，后来她就再也不敢去吃了 石锅拌饭还行，价钱便宜就不挑那么多刺了,0
那天和儿子路过这家哈根达斯，就进去买了一个三明治和一个巧克力味的迷你杯，我吃了迷你杯。味道很不错，甜甜的味道中混合了一种微微的苦味，甜而不腻。我蛮喜欢的一种味道，儿子也说三明治也很好吃。所以走的时候有打包了三个三明治和两个迷你杯，呵呵！顺便说一下，他们的服务很好的。打包时会问大概多久可以到家，然后再里面放上合适数量的干冰...蛮细心的哦！,1
奔着新派烤鱼去的。离家里很近，看到平时人也算多，正好有朋友说吃烤鱼，想到去巫山烤全鱼等位的痛苦，于是去了这里，结果很让人失望。我们是周日中午去的，里面居然没有人。桌椅相对比较密集 坐得就显得有点挤。凉菜还凑合，就是份量真是小。烤鱼的量很大，配的菜可以随便点，但是味道实在太差。点了平时爱吃的香辣和豆豉两种，那味道除了咸和辣实在尝不出别的。所谓的新看不出新到何处了。价格真是比巫山贵得多了。终于明白巫山那么火的原因了。,0
如今非常火的一家新疆菜餐厅，性价比挺高，有一批很正宗的新疆维族服务员，以及更多的来吃饭的新疆人。 点了几个菜，味道都非常不错，看来是比较正宗的新疆菜，亚克西。,1
太太太一般了，都是过季的衣服拿来卖的，款式不好价格也不便宜~任何时候人都是很多的，以后不会再去了~ 走过路过错过这家店~,0
陪表弟去的，他要去相亲，第一次见女孩子，总要打扮一下，买了一条裤子，长袖衬衫，领带，花了2k多，服务蛮周到的，颜色搭配也很丰富，名副其实,1
"在附近桑班，早餐就经常三明治和东方既白解决 吃吃面 喝喝粥 啃啃油条 ~ 粥分量不够我吃就是…… 偶尔也会偷溜这来打包“下午茶”的小点心 相当讨厌洗脑般的恶心广告,导致现在脑袋里经常在响着:你不去 我去",0
"10年在那锻炼了一年感觉还过得去,至少交通很方便离家也近,所以1年卡结束又续了两年。没想到从年初开始人越来越多，开始提供的小毛巾和拖鞋现在都不提供了。 那么小的场地还要拼命招揽会员，运动器械少，淋浴间也少，还有人不洗却要拿洗头膏毛巾霸占着淋浴间，更衣室更是闷热拥挤不堪，排风系统做得不到位，天稍微热点刚洗完澡还没穿衣服已经一身汗了。 感觉这家会所的层次越来越低，除了不断招会员之外，没有任何改善服务的措施。到期后再也不续了。",0
因为对面的串串叔叔等位太多，就饥肠辘辘就来到这里。看着还好，因为也不知道这家特色，就看着其他桌的点菜随便点了些。担担面太一般了，量小味儿不足。肥肠粉还是什么的，油汪汪的顿时没有食欲。最差劲的是那个麻辣串！确实够麻够辣，可真除了麻和辣就没其他了。。。一嘴子辣。。。吃完着实不舒服！！！,0
。。。经常路过这里，朋友聚会只去过一次 可能是因为太老了，沙发都坏掉了，装修很老旧了 歌不全。。。效果也一般。。。应该不会再去第二次了~,0
番禹路上，边上是重庆鸡公堡，很小的一个门面，门口租了块地方给绝味鸭脖 里面看着还比较干净，吃的人也不算少 但是东西吃了后下午就拉肚子，拉了4、5次 真是太衰了，再也不会去了。,0
7点去的时候人超级多 后来还是9点去吃人少 第一次去 所以点了锅包肉 红烧牛腩 猪肉炖粉条 锅包肉的辅料是酸的 牛腩有些老。。 猪肉炖粉条偏咸。。粉条很糯 但是里面的白菜和粉条量很少很少 反而猪肉多- - 味道还行吧 3个小姑娘次次便宜 人均才37块多 下次经过的话 可能还会去 毕竟服务员的态度挺好的 还告知晚上10点后不能刷卡 ╮(╯▽╰)╭,0
同意楼上的，确实环境不怎么样。。可能是年代太久远了。。离学校近，经常有杀人游戏吧，如果是来清净的，最好不要选这里了，服务不太好~,0
生意是相当的好，店门外还摆了一些桌椅~ 实惠+味道还不错，所以很多路过此地的出租车司机，周边办公楼的白领都会顺路光顾此店。 公司里面经常去吃的同事也蛮多的~,1
锅底什么的还行，菜类挺多的，价钱便宜分量很小，随便吃吃可以，味道没什么特色，芝麻酱碗小，还稀，只是即使餐厅满是空位，也不能随便坐，服务员说是没有开放，宗旨态度不好，以后不会再去了。,0
"在这个地段,这样价位的面馆应该客观的说物有所值的. 干净,热情,小菜做的不错. 凉拌海带,炸猪排,卤水豆腐,牛筋面,黄鱼面,味道都很地道. 店里的大厨留着一大把胡子,很有特色,起初以为是对面戏剧学院的艺术家,后来才知道搞错了,汗^ 台湾面馆,比较喜欢这家,比吉亨要好吃,面条不是那种糊糊的台湾面,比较合上海的口味,中规中矩,赞一个!",1
O(∩_∩)O哈哈~ 每次不小心路过他们家店 （其实不是不小心路过哦，是我脚不停使唤不知道怎么每次都会经过的，奇了怪 了，(*^__^*) 嘻嘻……) 喜欢他们家店里面包的香味，每次进去不买闻闻也心满意足了啊。。。 （貌似有点夸张了。。） 不过不买是不可能的哈，面包很新鲜，口感一级棒的。。 服务一般。。。。,1
个人觉得这家店的东西比吉野家来的好吃 每次去必点的是牛肉咖喱饭。 咖喱酱里面还会放猪肉。 不知道是用什么米的，米饭味道也不错。 中碗吃的很饱。 新推出的面也不错，10-15的价格，味道也没比味千来的差。 环境方面，店面就是日本的那种“小而精致”型。,1
这家烤肉肉嫩味香，独具风味。肉，筋，腰子和鸡珍很不错，那真是好吃啊，佐料放得很合适，更显出肉的香。经常来这里吃，尤其很同学来找我耍的时候，吃着烤肉，聊着工作，真是爽啊,1
绝对上当了，又贵又难吃，也不知道算哪门子的避风塘。哎，榴莲素简直比毒药还难吃。还是同事聚餐那。反正就是二个字，后悔。,0
看完4D 电影已经晚上6点，就在边上的上海滩餐厅，随便吃吃~~大脸盆一样的碗，就是味道太难吃了，不管牛腩面还是排骨面，一律三块肉，二根青菜，一碗酱油汤，超级超级的咸~~~~皮大王要了扬州炒饭，更晕！！饭居然是冷的，而且不是炒的，就是把玉米粒和火腿肠加饭凉拌一下，倒是蛮有创意的！！！皮爸的水饺更厉害，是皮肉分离状态，就是一碗饺子皮+N个小肉丸 服务就更不用谈了，就是一个服务员在那里叫号，如果你有3件东西你就被叫上3次去取！！！！,0
团购的券去的，所以在价格上真的是没哈说的啦 36元8个人唱了一下午 还有爆米花和饮料，虽然不多，但是还是不错啦,1
下午吃的，顾客很少，好像没开灯，黑黑的很压抑，还烟烟的，感觉环境很不好。大酱汤做的不如别的店好，大酱汤配的米饭很难吃，比别的店要硬。,0
昨天跟老公团购的中影的票，顺便就到这里吃饭了，一进餐厅觉得环境还可以，可是坐下之后就发现很多的问题，首先他们家放在桌子上的磁汤匙很不干净，上面还有一层没洗干净然后凝固了的了东西，筷子看着也像是用了很久的样子。 主食和菜的分量也很少，尤其是小菜，那简直是更少了。我跟老公都吃不饱，又点了一个盐酥鸡，也是少的可怜，我们以后都不会去那里吃饭了。有点后悔！,0
环境：店粗还是想过设计的整体感觉的，不过灯光很暗，布局不太合理，显得很局促； 口味：很差，完全没有任何这点而言，惊天动地的锅巴是凉的，汁也味道不足；回锅肉除了辣没有香味可言；豆腐是惟一一个能吃的菜，但也只是平庸而已， 服务：很慢，毫无秩序，员工本身并不是不干活，但是可能是后台机制有问题，总是出岔子。 点的菜剩了一大半，又吃的快餐。 绝对不会再回去。,0
全方位抄袭味千拉面的一家店 煎饺，没见过那么小的，省料也不用省成这样吧 面，汤头还可以，面就不筋道了，料也少 饮料，都是很多糖兑出来的，夏天喝有点受不了 整个店里都感觉空调不足，热得要命 吃完了快闪人 吃日式拉面还是去味千吧！,0
不能刷卡 只能现金 店主MM是新加坡人 很好吃的cupcake 还可以根据要求做 喜欢胡萝卜 红绒 柠檬 抹茶 草莓和香草一般,1
工司在附近，到处觅食，找到了这家茶餐厅，感觉门面有点小，地方也不大，中午去的晚的话说不定没有位子了，有套餐的，喜欢点点心套餐，上次吃的其他套餐，觉得她们家的菜一般，还是点心的味道比较好，毕竟人家以点心为主打。,1
这里的服务超差，平安夜正赶上要下班，结果店员说要进快点都要关门了，简直就没有把顾客当人，更何况是上帝呢？再也不回去了,0
"每次上去都要走一大段樓梯. 穿高跟鞋的小姑娘們都很傷不起的好不好!!! 另,Muse的舞池是真心小. 和DJ桌還有空隙= = 在後面跳的當心被前面的人擠下去! 還有他們家的薯條很好吃其實... 還是喜歡m2!",1
公司在附近，同事请客什么的爱往这领。主要是看中价格中等吧，西直门这边吃家常菜的地方还真是不多。 环境一般，服务员倒是挺听话，就是呆呆的。菜一般就不说了。 有一个事我必须得说一下，上周六我们十个人来吃饭，上来一个土豆牛肉，以为是别的同事点的，就吃了几口，结果过了一会服务员说上错了，之后居然直接给别的桌上了！我们都被恶心了！,0
午饭时点了69元套餐，一份水煮鱼真的让我们不敢相信，里面没有一片鱼片，全都是鱼大骨头上带点鱼肉的，还有就是鱼身体两侧骨头包裹面粉充数，剩下全部都是豆腐和豆芽。点了饮料一位店长小姐给我们拿来的杯子居然是别的客人喝过酸梅汁还没洗过的杯子，真让人晕…… 听说那里不咋的，但是没想到这么差！下次不会再去了！ 水煮鱼！建议他们老板应该去看看人家69元套餐怎么做的。,0
离家近，所以平安夜在这里看的非诚勿扰2。 环境一般，有点老电影院的感觉。票价80元一张，不知是不是过节的原因。 因为过节，人到蛮多的，大厅几乎坐满了，要对号入座。 环境有些脏乱，很多上一场结束后丢的垃圾和饮料瓶都没有清理。,0
到了大连 正好吃晚饭的时点 于是果断去吃 结果2个日本人早前就定了这家了一刚 不过的确啊 北方的火锅就是好吃！ 羊肉和牛肉跟在上海吃的完全不一样 这才是肉嘛 酱料也很好吃 吃得好饱好饱 于是 在大连总是吃得很饱 还是说 每次出差都吃得很饱呢？？,1
一分钱一分货说的就是这里了，口味实在不行，其实因为我们两个人点了一堆荤菜，算下来人均也不少。锅很小，红锅倒了一碗辣椒下去还是不辣，白锅更是没啥味道，最糟糕的是中午吃了这顿，晚上回去还吐了不少……,0
东西太便宜了。。。锅底才2块钱一个。。。有点吓人。。。吃过一次应该不会再去了。。。连个勺子都没有。。。人气倒是很旺啊！可能是便宜的关系。。。酱也不灵~,0
看到评论不太好，就没有上去 在下面的院子里坐了一会儿 不得不说，刚进去那几张广告牌上的标语还是挺吸引人的， 什么俯瞰整个西湖啊之类的，让人瞬间有赶快上去看看的冲动 那天下雨，院子里蚊子好多。。咬死 看到很多外国人也在这里 看来西湖真的是不仅仅吸引中国人民蜂拥而至啊~ 这么清新淡雅的景色应该外国友人看了也不会失望吧？,0
好久没吃小肥羊了，真华店又是新装修的，表面看看门面不错。 小肥羊小肥羊，当然羊肉比较好吃，事实也如此，比牛肉嫩；当然牛肉也可以，个人喜好不同。 他们的特色记得是不用调料蘸酱，所以我还是坚持没有点酱（似乎菜单上有酱选项了） 两人150元，吃得饱饱,1
味道一般不說，服務態度超差，叫加水加N次，都沒人理，叫他們收拾一下更不理你了，還說＂等多一會不行嗎＂還臉黑，再也不去了，,0
这里本来应该是面包店吧？现在变牛蛙馆了，地方是很小的，不仔细看的话路过都不会注意的。里面有镜面设计，这样会显得环境大点，牛蛙量比较少，可能跟今年进价普遍贵有关系吧，毛血旺的味道倒不错的，不吃辣的人可以跟他讲微微辣。,1
极度糟糕、极度恶劣，快递员第一个电话态度及其恶劣，听我说要投诉后又打过来，态度貌似有所好转，我以为对方要解决我的问题，结果说完后快递员突然翻脸说“我刚刚已经录音了，你只管去投诉吧”。***，从来没见过这么可恨这么找抽这么贱的快递员，这种人真该见一次打一次。,0
去做了洗牙，护士太专业了，脸绷的很紧，没有一丝笑容，辅助动作也很重，那可是铁器放在我的牙齿骨头上，不能轻些么？医生为了让我拔掉龋齿，拿着器械重重的摁在龋齿上，疼死了，为了重点突出疼好让我下决心拔掉？这个也太。。。。。我也知道医生看到不好的牙齿相当于看到非模特身材的服装设计师一样不顺眼，可是那是我的牙齿啊，何必那么重手脚啊？不过洗牙技术是很好的。但是就是洗牙，为什么遭受这个罪啊？？？,1
买过一次hello kitty的芝士蛋糕，一方面造型可爱，一方面芝士味道还是比较浓的。最近，看到出了新的蛋糕品种，看上去还不错。一直觉得bread talk比85要做的景致，好吃！,1
人真的很少很少，几乎不用排队等座 广告里大肆宣传黄金蟹斗，买了两个来吃 结果很失望啊很失望，太油腻了，味道也一般,0
点了碎花巧克力 加华夫碎片（华夫筒正好没有了） 味道满好的 本来想点薄荷巧克力（说实话 颜色有点吓人） 试吃了一下 味道有点薄荷过头 香草和巧克力味道淡了点 所以就点了碎花巧克力 满好吃的 略微偏甜 冰激淋满稠的 貌似是28米 是标准的单球 感觉点儿童版双球更合算也是28米 可以试试两个味道哈哈哈 总体感觉不错 下次还会去尝试,1
服务真的没的说，比北京的一些加收服务费的饭店服务的要好得多！因为来旅游，所有的菜品都是服务员推荐的，物美价廉呢~还会去,1
"蛋糕坯子岂知难吃了得~~~ TX们,自己DIY的都比他家烤的坯子好~~ 其余的就不说了,反正想上当的就去自己体会下吧,说实话还不如自己在家玩了~~~",0
在糯米上团的2人套餐 一份水煮鱼，一个干锅菜花，一个凉菜拌海藻， 三碗米饭，饮品是红糖姜汁 还赠送了两个小菜 第一次去吃，感觉菜做得真不错，量也给的多49元超值， 两人吃有点撑，够三个人吃的 服务也非常好，我非常满意,1
一直都比较喜欢这里的环境和甜品，有种懒懒的感觉， 只要到中环这里 这里基本上就是我和我老婆小休的地方 喜欢 杨枝甘露 和 白雪黑珍珠,1
一般都是来买泡芙和乳酪饼 乳酪饼小小的一块2块钱 不过乳酪味还算足 还是挺值的 然后就是喜欢她家泡芙了 奶油的巧克力的 她家泡芙个大 所以给的奶油要比福瑞林的要多要足 皮也更松软些,1
小排面 熏鱼面 大肉面 鳝鱼面 最爱小排 榨菜肉丝也不错 一碗很饱 哈哈哈哈 o(∩_∩)o o(∩_∩)o 哈哈 就出去 很不错,1
馄饨很有小时候的味道，里面有蛋丝、豆腐干丝，这两样我的最爱，口味也可以媲美熙盛源。小笼包也一样，关键是靠近我家，以前建筑路上的熙盛源拆了之后，要吃这么美味的，还真有点难找。,1
说是湘菜还有粤菜 不过点的菜那是相当的辣~~ 手撕包菜还是没让人失望 至于汤么~~服务的帅哥在开始只没人分了一碗 都要结账走了 竟然又分了一轮…… 无语中。。。,0
和爸妈一起去的 感觉一般 等位等了很久 进去以后 前面一桌还没走呢 就让在旁边等着 这叫什么事啊 前面好几个等位的都因为这件事不吃了 真的有点过分 环境真的很一般 桌子 座位都很脏 也没人打扫 催了半天才给翻台 点菜也催很久 味道感觉一般 没想像中好 疙瘩汤真的就是一点点面 全是水 不是一般的稀 下次不会再去了,0
今天爷爷去东海广场参加座谈会 本来以为一个小时差不多，结果开了2个小时 等的我饿死。。所以跑到这家吃点饭 去的时候快关门了，进去说只有招牌饭了 14元 东西还满多的，蛮大的几块肉扑在最上面 很适合喜欢吃肉的我 哈哈,1
"我觉得很有进步,从菜式的花样来看~~有个什么样娘的糕点相当好吃~~~抱歉我喝多了服务员给我说了都忘了~~＜＜不过真的很美味",1
周日中午，人不算多，但是也等了小20分钟。 跳水蛙味道不错，量不够多，cpi的缘故啊 服务员很忙，忙的对你爱理不理的。,1
对点评评价里的这些坑爹坑妈的选项无言了。 跟妹子去的，喝了瓶十块的鲜橙多，俩人吃了70多串，肯定是饱了。价格还行。,0
商品比乐购，易初莲花之类都要少，价格还贵。只是因为在居民区方便。 本来停车50元2小时很方便，结果近期改成了68元1小时，128元2小时。超时7元一小时，不知不觉赶上了商业区超市停车的收费标准了。。。 最恶心的是停车库计时器不准。。。准时出来的，硬说是超时十几分钟。。硬要收3元，还不给票。强烈BS,0
一般，混日子的经营方式，饮品很过分，所谓噶优惠很差，真的去了一次不想再去的地方，希望还改善，毕竟地理环境不差，不要浪费了,0
上周三下午两点多去的，人不多。上菜速度挺快的。环境也还不错。刷卡的服务员给我们多刷了四块钱，后来解释了一下退给我们现金。但是不知道为什么这家呷哺的海带跟别的地方不一样。应该是煮熟了得那种，已经烂了。放到锅里涮一下赶紧吃都是软软的。,1
因为咳嗽得厉害，朋友带我来这家喝猪肺汤，听说这里是唯一一家有猪肺汤的粤菜馆，按照广东人的习惯，咳嗽就要喝猪肺汤的哦~汤不错，菜也很正宗，赞一个~,1
"那天正好在附近,中午没地方吃饭,上网查了下,觉得评价蛮高,也就去了 点了粥和特色锅贴,感觉不值,粥嘛,马马虎虎,和一般小店里的差不多,那什么特色锅贴,一点都不灵,还那么贵,唉,完全是地段贵,房租贵嘛",0
寻日同爸爸D朋友一齐出黎吃晚饭，听讲呢间野就系爸爸朋友屋屋附近，所以就过去吃啦，服务方面真系麻麻，上菜慢，而且态度麻麻，餐厅环境有少少似大排档形式，价钱却是饭店性质，所以就觉得5系甘抵啦，味道都尚算OK噶，不过就欠缺少少野咯，有冷清噶感觉的，过去吃饭噶人5多，都会有吉台没有坐噶......,0
评价的人一定请不要误导了，这个酸汤鱼火锅，是火锅为主，贵州菜为辅的，就因为看了评价我以为是三个贵州人里的那种酸汤鱼，就跑去吃了，没想到是火锅，有点小失望，要去的一定看清楚，是火锅，不过味道还可以。,0
买好回家蒸好吃了一块，糯糯的，香香的，还带有一点点的甜味，味道真不错。以后再去的话还要再买，果然是崇明的一大特产啊~~,1
先是被这个商铺的名字吸引 不明白为什么叫这个名 上次买了哈尔滨红肠，豆腐卷。都挺好吃的 多吃豆制品 对身体好 哈哈,1
明明知道就是馄饨，可是千里迢迢地来了不进去吃一下总是有点不甘心。 只能说普通，跟他的名头一比就让人失望了。恩，就是这样。,0
男朋友喜欢带我来这里吃，自己也自然喜欢上了，其实这里的价位感觉上还是蛮高的，但是味道很正，披萨看着就很好吃的样子，我还是比较喜欢田园沙拉，既健康又好吃，BBQ也烤的很好吃，服务员的态度不错，很专业，还有报纸和杂志看，很不错,1
吃好多次，每次吃的都还是比较尽兴的。不过突然有一天又点了手撕包菜，结果吃到一半就吃到一条小带子，。。。很无语，叫了服务员过来，只是说抱歉抱歉的，说以后注意点。。。。。心情多不爽了。,0
医院大不是拽的理由 病人多也不是乱的借口 没有大的服务台，服务人员都鼻子朝天，语气恶劣。就体检费用来看，比其他医院高很多。 一个字：差！ 再也不会去了.....,0
那次吃的时候烫到了手 老板居然当做没看到 失望啊…… 鱼么我说挑小的，还是给了快3斤的～几乎吃不完 味道还是可以的 不是很出色，一般般吧 18￥/斤 价格便宜 只有一种 皖鱼～,0
中午去的，人不是很多。有很多空座，找了一处不让我们俩坐，理由那是四人位，无语……后来坐了两人位，被告知万达优惠券不能和店内优惠同时使用，好吧，可以理解，还告诉我们优惠券不如他们店里的打折优惠合适，好吧，相信你。可后来等上菜的时候无聊，算算账，明显是用优惠券合适，唉，谁让咱不会心算呢。点了红烧牛肉套餐和意面，额的神呀，量也忒少点儿了吧，而且套餐也不给上汤和小菜，催了她们才给送来。味道很一般，以后不会再去了。,0
闺蜜生日所以跑去做蛋糕。 店面小小的，周末人还特别多，有点挤。 如果要做蛋糕的话需要提前预约，巧克力就不用了。 蛋糕味道不错，店员帮忙也都帮得很到位。 做起来挺简单的，就是好玩而已…… 都很好看，他们很会帮你的设计提建议，蛮好的。,1
去年的七夕 我们避开人流到甜爱路 那天阳光时有时无的 人不是很多 甜爱路是一条很短的路 两边是各种爱情诗句 还有一个邮筒 下面有一个大大的爱心 其实就是一条普通的路 就看你是和谁一起走的 这里的特色是邮戳 很漂亮的,1
出差来青岛，慕名而去。味道嘛，不过不失，菜挺新鲜的，麻酱小料不错。就是人太多了，服务员忙不过来，漏单经常发生，隔壁桌就和服务员大声嚷嚷起来啦。外面是大排档，里面多是吃火锅的。总体而言，价廉物美啦。适合家人、朋友小聚。,1
企业天地这家店貌似关掉又在开的，以前常买三明治，好吃阿，烘热一下，口味么比较清淡的，但是很香，偶尔吃吃，满健康的，价格么有点贵了，最好工作午餐老板请客，咔咔,1
口碑很好的快递公司！传说他们的快递员工资都很高，不过服务也确实好，虽然贵了一些，效率很高，要快递比较重要比较急的东西他家是不错的选择,1
今天吃的感觉实在太差了，外带了一个汉堡，虽然是热的，可是里面的生菜全部熟透了，都是黄色的，像煮烂的一样。明显就是冷掉的汉堡重新回热的，太可恶了。我是3点半买的汉堡，估计是中午做的回热的，结果我只能把生菜都扔了吃。等会上传照片已示证据。太气愤了真是！,0
和北陵那家店比差了点，这里只能看菜单。而且小多了。野菜皮冻难吃，尝了一口就推一边了。其他菜印象也不深刻，都是皮冻给闹得。,0
很烂啊。。不知道是不是因为刚开业的关系，整个场面都很混乱。坐下来之后过了二十分钟才有人过来点单，好不容易开始吃了之后又不断跳闸，好郁闷。而且隔壁桌的吊灯还突然砸下来，装修质量不过关啊。口味也一般，年糕也没有，只能用粉丝代替。希望商家提高服务质量，增派点人手。反正我是不会再去吃了,0
"在肇庆有很多分店. 不过老实说一句,面包的味道非常的一般,我认为面粉跟发醇做得不好. 没试过这家的蛋糕,面包难吃让我对它失去了信心.",0
再也不会去的地方！对食物真是失望啊，服务更是差劲！菜很少根本没法把饭吃到一半，看相也很粗鄙，食之完全无味，油条和鸡蛋也炸得稀烂，豆浆喝在口里像水一样，真的是浪费钱啊！取餐的地方围满了取餐的人，我把单子试着递给服务员，服务员竟冷漠的说，自己取撒！唉，无语了。稀烂的地方！,0
这里环境蛮好的 菜挺多的 就是菜里的油好多好多。。。不晓得油干不干净 菜的味道还蛮好的 价钱也还算可以两个人大概20多点能搞定了 就是他家的白饭真的煮的很难吃 加饭还要钱。。。 排骨冬瓜汤不给排骨只给冬瓜。。。 还有一不男不女的店员在其他店员给我盛菜的时候竟然大声说“少给点少给点” CN么想法了。。。。 以后不会再去,0
为毛没人推荐剔红唇呢很好吃呢。。。。。。。价格贵了点，没回去都要剔红纯，砂锅类也挺好的，多要份小菜还抠门,1
广东人民菜和潭州就是美院的大食堂！~ 环境一般，饭点人都爆满，价格适中 现在住的远了也能送餐，真好~！ 经常吃也不贵，味道蛮地道的 不错！~,1
前几天拉手团购买了一张券，就是他家68的套餐，号称3个人吃肯定能吃撑 今天11：40到的，人挺多，地挺小，貌似大部分都是团购的。。 点的酸菜鲇鱼锅，基本除了咸没啥味道。。所谓的秘制小料就是香油+尖椒末+蒜末，啥味道没有 根本不够吃，鱼2斤，夹几筷子就没了，豆花据说一斤，反正很少很少。。。 送的水果3片西瓜2个半片橙子 酸梅汤就是兑了很多很多很多水的糖精 最后加了一份杂面。。。 服务倒是挺好 总而言之，下次不会再去了！！！！太难吃了！,0
第一次去是同学推荐，吃完印象一般，就是觉得份量还不错。第二次是和同事去的，点的炒年糕，好吃阿！年糕很Q，大酱没有那么粘稠，放的恰到好处。还点了份很贵的牛肉，类似雪花牛肉吧，确实不一样，肉非常非常嫩，还真有点入口即化的感觉，吃了一盘都觉得不过瘾。就是环境一般般，非常吵，不过饭店嘛，味道还是最重要的,1
哎，总觉得这个酒吧非常没有品位， 乱七八糟的， 受不了啊，真的环境很差。 和朋友去了1次，再也不想去了！ 受不鸟~~ 大家不要去,0
看上去干净才进去吃的，东西还可以，可是服务态度实在太差，不知是不是心理作用，害我连带觉得东西也变难吃了，问那个服务员要包蘸那个锅贴的酱，她还舍不得，跟我说没有了，敷衍的给了包番茄酱，爱理不理的样子，难道这个食物的价格没算上服务费。再也不想光顾了。,0
开业一年多还是两年了，不记得了，之前感觉东西太差，最近竟然迷恋上了，天天去逛，耐心淘还是能淘到东西的。但是鞋子的品牌太低端了，运动和户外还行，内衣估计只有一个爱慕可以选择吧，新装修了女装区，成了鞋品大杂烩，很失望的说。,0
这家店看地铁宣传广告慕名而来，结果让人大跌眼镜，服务差，特别是招牌菜“八斗鸡”那叫一个忽悠人啊，就是烧鸡加料做得，还那么咸，估计老板贩盐卖得，奉劝大家可别上当！,0
慕名而去，失望而归。环境真是不敢恭维，在菜场边，能好到哪呢？分量还行。味道也就那样，皮肚不怎么咬动，哎，下次不会去了哦。,0
看电影前，点了份酸奶冰激凌。。。略微有点失望噢= = 这味道不习惯，太酸了点，而且甘甜味不够，配料点了火龙果和可可粒，更淡而无味啦 下次去44看甜甜圈。。。貌似买的人很多噢,0
就在家附近，因為很喜歡韓國料理所以會經常去... 泡菜湯超級愛！很鮮...很好O(∩_∩)O哈！ 石鍋拌飯和石板飯都不錯！ 端上來的時候“呲呲”直響...很有食慾啊！ 每回去都會放好多好多辣醬！哈哈哈,1
这里除了做传统的黄记煌焖锅，居然还有酸汤鱼 我们是冲酸汤鱼去的，味道中规中矩 涮的菜品有很多都没有，只能挑最大众的点，失望,0
点了一碗牛肉粉 上来的却是牛肉面 点了一个红油猪血 这个味道比较赞，比较烫 我很喜欢 服务一般，筷子还要自己去拿 晚上宵夜的生意比较一般，不像在堕落街的店该有的样子,1
他家人还蛮多的，每次去迟了要等。菜的味道很清淡，喜欢里面的煲，应该蛮有营养的。但是感觉里面的料不是那么的足。吃不饱，哈哈,1
环境不好，纯属为了打三国杀而去，交通方便，三号线下来走五分钟就到了.桌游店比这里贵，去三次可买牌了．所以选择去这,0
超级烂的一个店 我是他们家三年的会员了，我只想说，到期了我坚决不续卡了，坚决 要换一家健身。 服务差就不用说了，总之他们就是把人销售进来，其他的都不管了 设施越来越差，洗澡，游泳池，那是一个脏 没有买他们家卡的朋友们，在买之前，一定睁大眼睛，多问问已经在里面的会员，千万不要被忽悠啊 没有买他们家的卡的朋友，恭喜你们，,0
跟朋友去那聚餐，虽然价格不便宜，但是味道真的不错。我们点的椒盐濑尿虾超级的美味，里面有很厚实的黄，而且肉质很有弹性。不过他们那里上菜的速度要改进一下，太慢了，等了好久。,1
可以点各种各样的鱼滑是最有特色的。手打的滑放在小火锅里味道一流，入口的口感也很好。 酱料中最好吃的是菌王酱和牛肉酱。餐后还有红豆牛奶冰送，人多的话，不够的时候还可以再要一份。 如果吃辣锅，记得要点不限量饮用的茅根水，6元/人。还是很合算的。 里面服务员数量是少了点，经常叫不到人，但是服务态度还是很好的。,1
在中山公园附近要找个舒适、安静、有情调的咖啡店还真不是个容易事。这个地方倒是满足了我以上的要求，我对咖啡一向要求不高，但环境一定要好。 喜欢墙上的相框组合，舒服的沙发和靠垫，中式的装修看得出店主很用心。进店的时候还放着小虎队的歌，好温馨啊。,1
前几天给单位买了件东西就是用的中通快递，物流很快，四天就到了，真是不错。 服务态度也很好，直接送到我办公室了，很不错哦。,1
吃的很不爽，菜得质量不好，还看到苍蝇乱飞。 服务态度也不怎么样，不会再去了，还说是嘉定比较有名的饭店，看来真的做瘫了。,0
虽然住得很近，但很少过来吃。第一是因为人太多，一早就无位；第二是因为环境不咋的，坐在外面还好点，要是坐室内就是烧碳行为了……不过这里的牛杂确实做得很不错，相伴的萝卜稍微差了点！,1
目前胖妈是我最喜欢的火锅哈。店里的椅子都是很促进食欲的红色，气氛很火热，适合火锅店，服务员还行，估计用餐高峰忙不过来。特别喜欢他家的年糕跟牛筋，都是很入味的~而且年糕很有嚼劲又不像有些年糕有怪味道。他家的锅底都是一次性的所以吃的很放心哈。,1
昨天第一次去，点了一个肥牛套餐还行，朋友点的鸡柳饭就太差了，其他的没试，感觉和真功夫的装修、经营一样，价钱也基本一样贵。,0
二访津门，很想尝试有特色的老字号。 选了这家，真是雷到本猫。 一进门，里面就喧闹得像个菜市场，所有人都是嚷着说话，乌烟瘴气，这还不说，满地的废纸巾，筷子，瓜子皮，没有人收拾的迹象。 服务生态度很差，完全不理，看不出谁来点菜，谁来服务。 雷了2分钟后，迅速退出、逃离。 老字号应该与时具进啊，哪有这么经营的？自己砸自己的买卖！ 这是这么多年给的唯一的差评。 希望能改善！,0
这里环境不错。喝茶点心很好吃，价格不算贵。但吃饭就很贵，量少。所以他家基本上点菜吃饭的位置不用等，喝茶就排很长队。,1
这家店 高中的时候经常去 没办法 穷学生 没有钱 说起口味 当时觉得还可以 现在想想 实在是没什么味道 菜烫熟了而已 说起价格 真的是便宜 人去的越多越便宜 一般顾客也都是学生和蹬人力车的 没人20快 连吃带喝 扶墙进扶墙出 存在了很多年 还是有适应他的消费群的 现在还开着...... 反正我是不会去了 没什么会议 想到的没有味道 只有饱,0
住的五星级区 环境什么的不必说 房间比较大 床比较宽 这个地方还养了很多珍稀动物。。比如天鹅 还有奇怪的大鸟~ 发了500的券 都购物了 买了个电磁炉。。自己又贴了100 不过只能在四星区买 有机会想试一下按摩水疗之类的 看介绍环境非常好 没什么负担在这住的感觉真好啊。。。,1
非常漂亮的景点，建国大业有一段就是在这里拍的啊。 鸽子很多，一起飞舞时的壮观景象我见过，太漂亮了。 喷泉会随着音乐上下起伏，现在放的都是流行歌曲，挺有意思的。,1
一群人去的，吃的自助餐。 但不算愉快，有很多菜都只是一桌只有一份，结果我们10多个人坐了一桌，大堂到8点过人都基本没有了。我们让加几份，也不愿意，我们都说那不如我们二个人坐一桌了。 反正应该不会再去了。,0
豉油鸡很好次有木有！ 菠萝油很大，黄油趁热吃超美味！ 中午去的时候人就已经很多了，店里面超有港式风情～奶茶也很美味啊！,1
本人是吃冷面长大的，看到还是很亲切，就进去了。发现冷面到这边有一些本土化了，更像是米线了。各种口味的都有，本来想吃冷的，结果发现都是热的。有些失望，就随便点了一个。就再没去过，有一次路过发现他家原来有冷的，下次去尝试一下。不过冷面本来是属于东北的东西，老板貌似不是东北人。不过也算老板有眼光，发现了美食并尝试开店，哈啊哈。,0
夏天的时候团购去的，店面挺小的空调也不是很足老公出去好几回过风，羊腿团购上说是4斤我看也没有那分量而且肉很柴，烧饼更离谱说是4个实际上是2个给切成4半，真亏他们想得出来。说什么也不会再去第二次了,0
和老公两个人去吃的，因为特别想吃烤鱼，所以就选择了这家。起初以为专门做烤鱼的饭店，一定是烤鱼最出色，谁想吃了一口就大失所望啊！ 我不是个挑剔的人，但是鱼真的很腥，难以入口。所以点的那条鲶鱼就是整盆浪费的。我第一次吃到那么难吃的烤鱼。后来只能把其他点的菜随便吃了几口，买单走人。环境服务都没什么不好的，仅仅是烤鱼，让我对这家店失去了兴趣，以后一定不会再光顾了。,0
同事一起去的，要的是麻辣的和酸菜的，味道还不错，小零食，小水果自助随便吃，吃完了可以涮菜，捞出来的辣椒还可以打包。就是服务员会一直给你推荐酸梅汤和红枣汁什么的，结果还给我们算错了帐，我们让他再回去算算大哥还很生气的样子，晕。,1
个人觉得一般，住这家酒店是因为单位组织活动，房间感觉不是很灵光，而且服务态度也很一般，如果有选择的话，应该是不会再来了。,0
"以前常跟这边来,早餐晚餐就这么解决了。 好几年也米什么变化. 上上周过去三楼不知道为什么不让上去了. 貌似服务员不够呢. 原来座位上的垃圾,等好久也米服务员收,只好自己动手了. 卫生方面的确是不如以前了.",0
就是一个诈骗团伙，里面的所谓的经理以敬酒的名义，来蹭酒，歌也山寨，说好送的东西，都不送了，总体就是差差差。。。。再也不会来了。建议大家都不要去这个地方,0
"喜欢吃辣的不错,吃过一次,水煮鱼，鱼嫩,倒瞒多的,别的菜,量不是很大,不过价格好像中等偏上一点点,朋友请客,我也不知道呵呵",1
在南头沃尔玛斜对面，南新路上。 交通方便，地理位置上属于明显的中低端消费的南头老街片区。 店铺经常有些促销，比如洗发水沐浴露神马的， 但正品价格一般般了，HK本身就卖得贵。国内促销产品还OK。 另外这家店摆设不太合理，有次去不小心入口处的啥女士抹指甲的弄翻了 非得赔钱，还态度凶得很。货品摆设有问题，而后态度也不好。 不会再去了！,0
以前家就住在这附近 对这个地区还是很有好感的 今天回去逛一圈 朋友说要吃这个 服务员的态度就让人觉得不舒服 老子花钱你凭什么看你脸色 菜的色面不大好 哈老老的 现在地沟油 添加剂什么的 道德无下限 不会去了,0
8.7日 晚上6点多的航班回沪，于是退了房后觉得时间还早 想和熊去江汉步行街逛一圈。 无意中走到大洋百货的7楼，一出电梯被眼前的的情况吓到，黑压压的人都坐在一家叫绿茵阁的店门口 出于凑热闹的心态，于是也排起了队.... 心里对菜品是没有多少期待的，所以也就没什么失望....,0
滴水湖附近好像就这家店了~ 没办法~只能在这里解决了~ 果然没有竞争就没有品质呀~~ 服务差~~消毒过的碗筷里面还有脏东西，叫服务员换一套还给脸色~ 菜的量还算可以，不过味道就不敢恭维了~,0
地方挺大，味道很一般，风格有点老土，性价比低。最受不了的是那个在服务台收银的男的居然抽烟！太不像话！就冲这点，不会再去了。,0
价格高，味道确不见得哪里好，还分量少，没发现泰国菜与其他东南亚国家菜式有什么分别，唯一卖点只有环境，不会再去,0
场地很大，跑步机用起来还是比较舒服的，其他器械种类也比较多，还能够打兵乓球，但是操厅里的垫子很少，还需要会员自己携带。 主要问题是浴室，水流就像小拇指一样细，要按一下才出一点水，也就出来五秒钟就又要按，非常非常不方便！！环境也差，喷头也少，特别影响人的心情，简直是太差太差了！！！连最基本的洗浴功能都做不到，只想着省水了！！！,0
点了个牛肉炒饭和冰沙~牛肉炒饭蛮辣的~量倒蛮足的~到隔壁买了个麦旋风~压一下辣味 送茶的~就是添水不积极~~我们在吃饭~隔壁在擦桌子~很浓的消毒水味受不了。。。,0
这家店开了很久了，自从大学毕业至今十几年了都在，跟我老公经常去吃，比较有特的粤菜小馆，大家可以去试试！煲仔饭、鸡煲，排骨都蛮好吃的，还有例汤，不用为吃饭点什么汤在烦恼了呵呵~~,1
烤肉还是不错滴 很大块的肉 小心被签子烫到…其他就没什么很顺口的了 地方好找 外国客人比较多 不过沙发什么的貌似用了很长时间了 旧了吧叽的,1
以前的时候去买过几次面包，那个时候有活动，买二送一，面包口味还好，感觉南京的面包店的品种都差不多，这家没啥特色点的面包，但不难吃，饮料不好，都是速溶粉冲的，价格挺贵的，没什么意思,0
"除了难吃真的不知道还可以说什么了,虽然是在楼下但是真的是不如斜对面新开的那个叫幽兰百味的小吃店，建议里面的厨师去好好学习一下",0
正好加班到8点 就过去看看 有我最喜欢的刺身和寿司双拼 88元对折 很划算 二话不说 拿走了最后一盒 双拼原本就是量少 拉卡要去后面的香烟柜台付 还要排一次队 发票还要去7楼拿 有些小麻烦 算了 不要了吧 刺身的味道还是很赞的 尤其是放一包小冰块在上面 很是贴心 蔬菜沙拉 6元 性价比超高 基本上加班到7点半之后都会去逛一圈的 哪怕不饿 做早餐亦是首选,1
开心人大药房是平价超市，是开架式的售货形式，药的种类挺全的，价格又相对的比其它的药店便宜，办会员卡还能积分。有时还搞点会员活动。,1
整体印象很好的店，食物味道很好，菜品和甜品都有一定水准，包间环境也不错，价格有点小贵，但也算得上合理，开发区里面最好的餐饮之一,1
有点类似火锅的性质的 不过主料是乌鸡啦 三黄鸡啦 加上浓浓的大骨头汤那味儿 那叫一个鲜 还可以根据不同的体质 加入不同的中药的 有健脾胃的 祛湿寒的 美容养颜的 可能不是所有的人都喜欢那里的味道,1
团购去的 原价7快的奶茶只要2.9 还真是不错 量也没有少 里面的龙珠还是很新鲜的 QQ的还有心 随便吃吃还是很不错的,1
非常差劲，我们办的车卡带酒。酒的保存期限是一个月，超了几天就把我们的酒给扔了。作为一个服务行业，客人的酒卡到期了出于义务你俱乐部扔酒之前起码打个电话通知我们一声吧，谁让你擅自就把客人的酒给处理了。消费上千元所享受的就是这待遇是吗，不尊重客人的意见想干嘛就干嘛，流氓吗？办卡前后两个待遇。总之以后不想再去了！你们卡丁车俱乐部才是真正的上帝~~~,0
名气很响，人很多。每年都涨价！ 已经不如以前那么好玩了，越来越商业化，现在还搞表演，弄得像大型的娱乐总汇感觉。 只有自己人在里面贴着耳朵自己HIGH自己。 今年去竟然已经连鸡尾酒也没有了，只有啤酒了，省却了调酒师的工作了，晕死！ 啤酒卖几十元一瓶，喝着也没有情调。 以后再也不去了！,0
因为住的近，吃过几次，可能因为马连道这边没有什么饭馆，所以饭点儿的时候人还不少呢。我对红烧肉不是很感兴趣，每次点一些普通的家常菜。觉得这里饭菜的味道经常变动。比如说第一次去吃熘肝尖还算可以，不知为什么第二次就变成了很甜的那种口味。菜的味道都很一般。而且不便宜，菜量也小！服务不好，有次来因为他们的厨师下班，他们没理的事儿却理直气壮的来和我爷爷吵架，不知他们的员工怎么回事。总是是个性价比不高的地方。不会再去。,0
去深圳旅游吃了很多家，就这家印象最深刻！在金光华广场地下2层，环境很干净，服务员动作比较快（有几个年轻的稍微差一些）。最喜欢的是炒蚬和鸡球，味道特别鲜美，而且菜量也很足。中午还有两人套餐，很划算。以后去深圳还会到这家去吃的！希望能在北京开分店。,1
办事连续2天都经过这，SO喝了2次 一品奶茶，5米，很大一杯，味道还8错，这种天气喝喝温热的奶茶还是蛮舒服滴~ 抹茶奶绿，8米，好难喝。。。话说一半抹茶味的DD都不会很难吃的嘛- -抹茶粉没调开，很明显的颗粒感，喝几口就进垃圾桶了。。。好浪费。。。o(〉﹏〈)o 味道只能算一般般，服务态度还8错，路过随便喝喝了,0
周末去的，生意很好，满座，大厅里有点吵 肉肉的话，牛舌不错，东西都是用木板乘的，有点占地方 服务都很不错，也很热情 他家是交行的特惠商户，现在工作就是做这个项目，所以会特别关注一下，刷交行的卡，可以打9折 停车都是停在门口马路上，有人看，不怕被贴条,1
他家东西很好吃，鳗鱼味道很好，寿司做的也不错，让我最为喜欢的是，他家的甜点做的很好。黑森林蛋糕，还有慕斯，芝士蛋糕做的都很好很好的。金针菇牛肉卷我是咬不动...,1
电影效果还可以，就是票价挺贵的，看了团购普通票价还是25元，那我还团购干嘛呀= = 上次去看哈7 要2张兑换券才能看3D坑爹呢，尼玛3D也太贵了吧，一张券就要25块钱啊，2张才看一人我还不如去团购别家的呢！结果看了普通哈7，效果还可以，厅比较小，主要还是票价贵，也不怎么优惠,0
离家好久，也好久没吃到锅贴了，慕名去的~~~真难吃，不如我自己做的，还S贵啊啊啊啊啊啊啊啊啊啊啊啊啊啊啊啊啊啊啊啊啊啊啊啊啊啊啊啊啊啊啊,0
又贵又难吃，尤其是牛肉饭，菜少得可怜，后来妈妈去欧亚买的咸菜才把饭吃完，盗版吉野家。他家因为地理位置好，大家中午对付一口，所以才有那么多人，外面是露天烧烤，很脏很乱。,0
非常一般既寿司，全部野都系非常甜，完全无吃寿司既感觉，令人极度失望。 本身话点评网凭短信消费满138就送刺身，有效期去到1月23日，结果1月21日去到就话无呢个活动，完全不知所谓。 我谂以后都唔会再去啦。,0
是不是我的口味太“贫民”了？真没吃出什么花花来，五个人吃了600多，没有特殊感觉.... 也可能是我始终排斥饭后身上泛着的火锅味儿吧，真的接受不了！,0
真奇了怪了，生意怎么会那么好，晚上八点多还有人在排队；关键是东西真的不咋滴呀~而且穷放味精，我到了第二天早上还在打饱嗝，外加嘴巴干得要死！ 宁愿在家里喝粥，也不会再去了。,0
朋友说他家还可以 就跑他家吃的 点菜叫了半天也没有人过来 练嗓子大大声叫 才慢慢地走过来 水煮活鱼 做的还可以 小炒拆骨肉 好咸 一点也不辣 餐具到是很大个 红菜苔 有点老 肚条还可以 服务态度太差 叫加茶水看到了 就不过来 再叫,0
"中午和同事下楼吃的,去的还算早,人不多,米粉速度也是相当的快,我吃的是香菇肉丝米粉,难迟,不说只有香菇没有肉丝,这也算了,最主要这个米粉太难吃了,很烂的,吃起来口感很不舒服,非常的难吃,不过外卖生意那叫好啊,2部电话不停的响,我以后是肯定不会叫这家吃的",0
舞池很小 跳舞的气氛不好 音乐也不激烈 和朋友一起去的 性价比比较差 一般以后不会去的 都是鸡和鸭 档次比较低 哈刚,0
对甜蜜蜜还是很有感情的 想当年吴江路的马桶凳子，哎~~~现在真的越来越失望了 炒饭上来么是冷的 双皮奶么一点奶味都木有，小的可怜 也就杨枝甘露还可以吃吃了~ 哎，一声叹息！,0
看着他开张的，终于有一天走过，能够感到肚子有空隙，便拉着表妹一起喝。 我要了杯柠檬什么的（抱歉我的记性），，有椰果在里面，有点吃头，而且味清爽。 妹要了杯咕蒂什么奶茶店员叮嘱要大口喝，面上的泡沫很滑，不腻哦。喜欢喜欢~~ 坐的地方有点少，不过因为离路边还有个小花池，感觉不错。,1
过生日吃完晚饭跟老婆进去买两块蛋糕意思意思，问店员mm要了2根蜡烛，店员mm非常热情，又是关灯又是放歌的，弄的我脸通红。服务真是非常贴心哦~,1
还不错哦 呵呵 装修很豪华啊 另外在这里办酒席宴会的也很多 貌似菜很不错的样子 不过我只在这里吃过早饭额...,1
简直是无语了！！！！！在不久的将来，乘早关门吧！！！！！ 简直是无语了！！！！！在不久的将来，乘早关门吧！！！！！ 简直是无语了！！！！！在不久的将来，乘早关门吧！！！！！,0
德庄常年打8.8折 去吃过一次 还可以吧 因为如果不打折就偏贵了 而且服务员态度不怎么样 让他们那副勺子 叫也叫不动 锅底中间的那个汤 人家都说好喝 但不知为什么我觉得很一般 还是淡的,0
买了两次，第一次买的小说花了四天才送到，说是有事耽搁了转仓 这次为了考试又在当当买书，居然一周了都还没送到，考试都来不及了，只能再去卓越买 作为如此大的一个购物网站，实在让我太失望了,0
就是吃火锅的 味道没啥感觉 蘸酱就是酱油+醋 地方小 人很多啊 很脏 地上好多垃圾 价格也不低 也没啥料可以涮 基本不会再去吃了,0
环境什么的都行，就是班车态度太差，上次买了200多块东西连班车都没有，明明班车表上还有最后一班的，可是打电话到服务中心，说班车是承包的，要顾客我自己去投诉，晕死，最后那么重的东西都要自己领回去！今天也是，台风天，下午5点多的班车都没有出现过，服务中心台词一样，停车场站了一堆老妈妈们等不存在的班车，我也真是晕死了！什么态度嘛》！下次再也不去了！！,0
这是我吃过的最好吃的三明治。 一份有四块，别看就是简单的三明治，但是味道就是不一样。 面包虽然也是烤的，但是烤的又脆又香，口感特别好。 沙拉也不错，40块钱 好大的一盆。肉肉也很多。哈哈。 我们常吃的是705和201这两款，没去过的朋友可以先去试试。 绝对超值。,1
冲着他家的黑啤去的 果然没有失望，向老公这种不喝酒的人也很爱 不过服务生的素质还是有待提高啊 我们进去后爱理不理的样子真是太不舒服了,0
实在不知道说什么好了，量少，难吃，服务差，标准的景区餐厅，骗一批是一批，绝对不考虑口碑，回头客。尤其提醒不能点四大碗,0
服务员推荐的，味道又真系几好食呀。其他的都还可以呀。系休闲餐厅，不过环境就好吵了，同萨莉亚有得挥。用万国会员卡还可以有部分打折的，唔错的。套餐的食粉就会比较小碟，感觉其实价格有点小贵啦，一个意粉要27左右，如果便点就好了。,1
听说有执事，和同学无聊就跑了过去。 所谓执事也就是一个矮矮的长的比较一般的男生 60元一个小时陪玩陪聊天。 觉得不值，就和朋友一人点了杯饮料，看了几本漫画坐了一会。所谓奶茶，说是当场红茶冲的，结果和普通外头6块一杯的差不多，就是多加了一倍的水，基本没有味道。谁让人家把执事当卖点。旁边倒有两个高中生叫了一个执事玩小游戏挺high。 总之，觉得就是个卖噱头骗钱的地方。,0
很好吃啊，每次去逛曙光里都要在那里吃，推荐石锅拌饭和牛腩盖饭，经济实惠，味道也不赖。就是环境不是很好，遇到人多的时候还需要等座位。,1
在这里烫的头发。 500的卡，8折。 1000的卡，7折。 而且里面必须总是保留20%的钱。 烫钱护理额外，50.不走卡。 环境可以。 但可能我和师傅沟通的不好。 烫出来的头发，不理想。刘海剪得很差。烫的效果也不好。像假发一样。 哎。无语了。,0
坐车时看见的，今天特意去找 一进门服务员就给每人一块糖或巧克力 店里陈列的品种很多，还有胶原蛋白饮料，旁边还有个办公区，好棒啊 因为有满66抽奖的活动 就多买了点儿 然后抽了个小毛巾，呵呵,1
这是离家最近的装饰城了，所以新家家好多东西都是从这定的，价格公道，觉得家具还会比别的地方便宜些，灯就不用说了，这里是绝对的优势！据里面卖窗帘的大姐说这里的灯比十里河的还要便宜些，心里窃喜！,1
里面的服务员的职业操守一个字差！特别是收银员 那个恶劣的态度哦 简直就是丢85度C的脸！！！我一下子对他们非常失望 服务性行业的特色呢？？？,0
宝坤楼上的环境相当不错，座位比较舒服，空间大，点餐用宝宝，也比较准确及时！宝坤的特别之处在于：很多朋友觉得吃烧烤是好，大快朵颐，但是吃完饭回家，吃饭时候穿的一身衣服基本全是烧烤的味道了（尤其完美生活），宝坤不同，宝坤的排风是在烤锅的一侧的，就是在油烟刚冒出锅面，还没到你鼻子里的时候，就已经到风道里了，虽然你闻不到香味了，但是身上的衣服也免受油烟侵害了！,1
比较斩的一家医院 不过医生还不算很差，部分还可以 当门诊和急诊同时存在的时候，一定要挂急诊 有时医生会突然莫名其妙走开很久很久，都不知道去哪里了。。。,0
必须要说，扭扭薯条很难吃.... 本来已经很久很久不光顾麦当劳了，可是被它的新品广告吸引，还是决定去尝试一下。结果很失望... 还有，麦当劳现在的菜单怎么改成这样了呢，有点难以看懂... 以上并非临汾路店一家的问题。 对这家店要说的是，那天去的很晚，夜里１２点左右，才发现午夜的麦当劳，果然有不少流浪汉（女）去睡觉，神经ＭＳ不大正常，有点吓人,0
面包真的味道很好 沙拉是柠檬汁 非常爽口 陪着铁板牛舌刚刚好 要不就有点油了 蛋包饭味道也不错 整体这家店水平很不错,1
周末去的~人很多~他家主要是~可以吃肉吃到爽~~但是冰淇淋要想吃的话~必须先把小膀子练练~不然根本搞不动~~而且要有耐心~去的那天甚么地方都不排队~就是就是比冰淇淋的人超多~~~烤的东西~烤架很干净~~肉的味道也好~很新鲜~~,1
老牌的商场了，整体环境一般，比较拥挤。不过优惠力度还是不错的，但是品牌不多，档次也不高。底层的长发西点生意很好，鲜肉月饼总是要排队的，一般还会去买面包和轻乳酪芝士，性价比很高，还有卖一些传统点心，例如袜底酥等，也很受欢迎。就是去晚了，好多都卖光了。,1
环境一般，灯光昏暗，团购的568元十人餐，吃过后拉肚子。鲈鱼的肉是糟的且已经有怪味了，领班硬说鱼是活鱼。虾绝对是死虾，皮都扒不下来。总之，太坑爹了！打死也不会再光顾。,0
这家店收银的服务员有点傻冒 我前面排队的要了珍珠奶茶 后来改变注意不要珍珠了 这服务员死活不肯强调是公司规定 少放珍珠他家又不吃亏 但他家的双拼和三兄弟真心好好喝 最近迷上了三兄弟 好棒好nice,1
一家坑人的医院 医生拼了老命推销药 检查项目属下来 10几项 跑上跑下 累个半死 把结果给她看 看都不看 直接开药 了 目无表情 很鄙视人的样子 还好不是什么见不得市面的病 难道医生就天生这副样子吗？ 宰人还这样 太没有天理了 又建新大楼了 真是无语了,0
什么狗屁饭店！本来订年夜饭说包房订完了，于是我就改订大年初五的包房。后来打电话再去确认对方说我们订的是大厅。。。真是气不打一处来！！责怪了对方几句没想到他的语气比我还硬搞的好像他吃亏了真是无语哦！！一帮子乡下人！我看苏先生的老板是不打算继续开下去了从员工的素质就看的出这家店迟早关门！现在尴尬了再去订其他饭店来不及了。。也算自己倒霉以后还是得立字为据啊！！诚信为做生意之本，要是不想在上海混早点卷铺盖滚！,0
这次朋友聚会6个人 服务一般 点了个宫保鸡丁，太失望了 不知道是宫爆鸡丁还是宫爆花生米…… 水煮鱼还行，豆芽多，鱼少，,0
最爱吃那的诸葛烤鱼，非常香，因为本人口味重，喜欢i把汤汁烧干一点再吃，别有一番风味，还有他家的饺子，一般我都是点素馅的，也蛮好吃的。,1
是去喝喜酒才去的 之前从未吃过 听说要扩大营业 现在已经有新的分店了 而且好大的 感觉店内不怎么大 而且有死角的 视角不太舒畅 怪不得要扩大了的 菜的口味貌似还可以 反正不难吃 总体感觉还可以的 就是赠送的婚庆太蹩脚了 所以印象分大大降低了,0
这次来大悦城的这家请好友吃泡芙，好友提醒说貌似涨价了，哎。 依然是喜欢的香草味，冰冰甜甜的内陷加上酥皮，和好友一起走走吃吃，好有爱哦~~适合情侣和闺蜜的好物啊~~,1
小贵的店面，但是还是值得的，味道真的很不错，性价比还行。 去的不多，碰不上什么打折的活动。 在那边逛累了，就去买杯喝的地方，很喜欢他家的仙草冻，很特别的感觉。,1
打酱油实习的时候在这里解决的午饭 量还蛮足的，每次点中碗的都吃不完= =有点浪费的感觉 就点过牛肉饭和咖喱饭，味道可以 本来看着菜单上丰富的菜色很是欣慰，其实都差不多的= =,0
来过两次，第一次是好朋友带我来的，很好吃，但是要贵些，服务非常好，第二次是我带男朋友来的。品种很多，很干净，感觉很舒服，有机会在多去几次,1
国庆去四川旅游，到了成都肯定要吃一下赫赫有名的麻婆豆腐的，可是最后还是另我有些失望。看了网上大家的点评，去之前心里已经有了些准备，店里的服务员阿姨态度极差，上来的招牌菜是冷的，估计是事先早就做好了。,0
什么时候吃的给忘了，现在才想起点评；我觉得这是国产披萨品牌里做得最好的一家了，价位也合适，不会比外来品牌差多少，整体觉得还真不错，下回还会去尝尝,1
好难吃。。。 排骨年糕好油。。。 鸡粥都是酱油。。。 鸡胗也忒小了吧。。。 诶。。。 服务也不咋的。。。 第一次对一家店评价如此之低。。。。。,0
"晚上过去的,9点多,也不是很晚,吃的都不全了,连茶水都没有啦,哎,服务员也没几个啦,水果也少了,还都弄烂了,所以建议大家9点以后还是不要去啦,可以说很糟糕",0
和CBD里面那家是连锁？味道一样的难以接受 都是开在影院附近 吃面是最快的选择 可是以后再也不要选了！难吃加少！！,0
之前路过，看到这家灯火辉煌的，昨天正好想吃“串儿”就来了。 要说真没来错地儿，大肉串儿 （6元/串）吃着真过瘾，腰子、肉筋也不赖。 手抓饭 很地道，料很足，味道不错。 自制酸奶 味道还可以吧 回头再尝尝这里的大盘鸡，还有羊腿...,1
老早点评有满100抵50活动时常去的一家店 口味还是不错的 蜜汁豆腐老婆的最爱 却是很香 鸡翅就奥尔良那种 牛丸特色菜 辣椒给力 扇贝还可以一元一个时记得去吃了好多。,1
上学的时候逛街总会买这家的盖浇饭，名字很有意思，不过现在长大了，不会再去了，真的挺不卫生的。味道还好，如果不是菜名起的比较有噱头，就是很普通的盖浇饭。,0
靠近五角场，交通很方便 地方也很好找，老板和老板娘很热情，饮料畅饮都是雪碧可乐，还有是原装的立顿红茶，服务很好，大家玩的都很开心~ 跟朋友去了好几个桌游吧，还是觉得这个比较好，大家完好吃饭也很方便，附近吃饭的也多，很适合聚会~,1
跟着西班牙人去吃的，据他说这家店在西班牙人聚集的上海网站上排名很高，周五晚上去试了一下，环境很好，服务也很好，服务员不会刻意和你说英语，感觉很自在，东西也很好吃。菜是西班牙人点的，具体名字不知道，有个虾，还有一个肉饼，我给它起个名字叫西班牙MOON CAKE，这2道菜很好吃！买单的时候碰到老板，两个西班牙人就在那里聊开了。老板是个很可爱的肯德基爷爷！哈哈！,1
"2个人去吃的,所以点的不多. 不说别的, 就点评1个冷菜: 红枣年糕? 具体叫什么名字我忘了, 反正就是红枣里面塞了一小块年糕的那种(有些饭店是塞糯米). 老实讲, 这是道很普通的冷菜, 也是我在别的饭店经常能吃到的, 怎么鹭鹭可以做的如此难吃, 真是佩服佩服!! 在此提醒大家, 此菜别点, 真的!",0
朋友聚餐还不错，环境蛮好，老房子，比较雅致，自助餐很划算也还可以，很喜欢那个牛肉。 服务还可以，适合聚餐吃吃~不错不错,1
年初时去过一次 感觉味道也就一般 价格还不低 不值 没感觉和港式有啥大的联系 倒是没再去过第二次 唉 就是对这里没兴趣,0
以前每天上班，都路过这家季风，却从未因它而驻足 某天等朋友，约在地铁站内，无聊的时候我就进去看看 里面的空间比外面想象的要大很多，而且很狭长，书的类型很丰富，而且人气出乎意料的很旺，基本上每排都有人站在那里挑选书籍 而且服务什么也不错，书籍排放很干净，找起来很方便，看中了伊坂幸太郎的几本书，赞，顺势拿下，感觉各方面都不错 不过最最里面的杂志区域，杂志的损毁度都有点高了，基本上拆封的都翘边了，希望看书的人注意,1
实在是太便宜了。在广州没有吃过这么便宜的。鸡倒是很一般。没有湛江鸡好吃。当然这个价格不能要求是很好的鸡。菜的品种不多，但是都比较够镬气。路很难找。去南站的路上转进去。,1
那天过 生日就去买了个6寸的蛋糕。 里面的蛋糕很精致 本来是宜芝多在那里的搬掉了我都不知道。。 家里人比较喜欢吃乳酪的 就买了那里唯一6寸还是乳酪的 覆梅子乳酪 妈妈说有点酸 不是很好吃 主要那个上面的水果比较酸 我个人觉得味道挺不错的 味道挺浓的 水果也很多 店很小 那天去的时候两个工作人员的态度哈好。。估计是因为就我一个人。。所以就很周到,1
"非常好吃啊~!! BF早上去给买回来的.. 吃的是鸡汁和鱼丸的... 不过鱼丸真的好少啊..就一片好像!~~ 在家配着妈妈做的绿豆粥吃的,特别好吃~",1
比较有特色的小吃快餐店，烙面皮才4元一份，肉夹馍的味道也不错，中午有不少人到这边来吃饭，有学生也有公司经理一样的人物。主要是口味比较好，服务也是不错的，就是就餐环境一般，不过倒也干净。,1
本来挺想试试坐在秋千上吃饭喝汤是个什么滋味，路过时就直接进去了！人不是很多，但服务态度很差，真的很失望，以后都再也不去了！,0
从地铁出来 肚子饿的咕咕叫了 一路走一路找吃饭的地 经过这家发现里面人还不少 主营米线和各种各样的粉 还有面条 火烧 我就要了清汤米线 感觉其他可能都是酸辣类型的 5元一份 当时觉得好便宜啊 端上来一看 还真是清汤 其实也不算清汤 还是有些油花的呵 里面就几根青菜叶子 花生有吧 俺都不记得了 虽然料很少 不过倒是不难吃哇 这么一碗热腾腾的米线吃下去 顿时觉得暖和许多呢,0
很差很差很差，倒不是饭菜的味道不好，吃完饭走的时候手机落在店里了，回去找的时候不见了！当时已经很晚了 店里没什么客人， 严重怀疑店员手脚不干净！！！！！！,0
听说南桥也有小杨生煎了 于是乎 专程过来吃 在一个像大时代一样的地方 昨天去的 大概是三八节的关系吧 人多是多的来 买生煎神马的队伍排到门外去了 正巧我只买一两 锅里只剩一两了 所以我等于插到好几个人前面去了 哈哈哈~~~ 味道不错汤汁很多 5.5一两 还买了个油豆腐牛肉粉丝汤9元 味道也不错 还是属于蛮价廉物美滴~~~,1
吃完火锅后，觉得不舒服，就来吃许留山 这家店挺小的，位置很很挤，很多都是2人座，我们3个人凑到最后一排挤着坐的 味道跟其他分店是一样啦，人家都说HK的许留山更好吃，可我觉得大陆的才更好吃,1
哈哈 什刹海 我又来了 冬天的感觉也不错哦 来到酒吧来一杯鸡尾酒 听着舒服的音乐也是一种享受啊 一直玩到十点多菜回家 真好啊 好好啊哈哦,1
服务实在是太差了。火锅店没有饮料自助也就算了，点了自助的茶水，居然没人来加水，就那么小个茶杯，想把人干死啊。服务员态度极差，对于火锅加汤加火这种基本服务居然极其不情愿。装修品味也很差，居然用pvc的水管做天花。再也不会去了。,0
味道不错，服务还是可以的，环境有一点吵，估计是人气旺的原因吧 三杯鸡 豆腐煲 油淋鲈鱼 花生冰沙都很好吃，下次有机会还来,1
海花去晚了必须得等位啊，人总是很多，他家烤肉非常便捷，大锅盖呲呲的很快很快的，肉质也好吃，很细嫩，尤其是牛舌。主要啊是酱料很美味的，给的很足，不够还可以随时添加。他家的饭我觉得也可以，主要还是烤肉最靠谱。他家的服务员随叫随到，服务态度挺好。,1
外面看很小 里面别有洞天 说实在 菜量真是小小小的可以 太小家子气了 开在家门口 就去过一次 感觉太不值了 而且它的地理位置很不好 还这么贵 怪不得前一家干不下去了,0
点了酱骨架，云吞和几个凉菜，酱骨架太难啃，云吞下味精，真是太一般了！吃肯德基都没这么坑爹！！！！！！而且还爆满，只好在外边坐,0
没有点评上说的那么好，有点失望。点了综合花生仁汤，gf点了仙草冻。花生汤太甜了，东西也很少，应该不会再去了,0
以前去的时候只觉得还行吧， 现在两家合一家还以为服务会变好 结果跟朋友去食 一碟羊肉以前要25 去年要28 再去居然涨价到35！ 股票都没它那么快！坑爹呢！ 现在就更不知要多少了！ 反正太贵了,0
点了一份什么腊味饭跟本是坑爹，哪是腊肉啊肥的要死破咸肉，妈妈点的香菇滑鸡，靠三块鸡配点破香菇就是香菇滑鸡~那个破米也不是什么泰国香米~差不多的价格我宁愿去悠闲美地~绝对不会再去了`现在标点美食档次也太低了吧.......,0
到三亚后就住在这里，环境非常优美，以为酒店的西餐会很贵（因为早餐要每人68元），吃够了海鲜、小吃，不知道该吃什么了，就去这里看看，结果发现，价格非常合理，是纯西餐那种烤的鸡翅沾着酱很好吃,1
外卖电话永远没有人接！！！不想送就不要写有外卖服务！无语了！无语了！无语了！无语了！无语了！无语了！无语了！无语了！无语了！无语了！无语了！,0
汤做得不错，点的是莲藕排骨汤，挺赞的。 超级喜欢吃他家的糯米蒸排骨、粉蒸肉，还有鲜榨的玉米汁，很好喝：） 蜜汁藕也还可以。,1
我觉得这家的烧烤应该是我吃过最好吃的烧烤了，这里主要以烤生蚝为名，其他的口味也很好，地方有点偏僻，福田村沃尔玛的斜对面派出所的侧面。,1
码了半天的字，全没有了，NND，三个字总结，不会再去，灌汤包要不是瘪的，要不就是底粘在笼屉上，这个不是偶然的，身后的那桌因为包子没汤，服务员重新换了一笼。羊肚汤奇怪的酸辣味，酸得不厚反而是让人感觉不知道放的啥，冲～辣得也不香～,0
这家喜来公社就开在芳汇的车站那里，旁边有家全家。 东西很多~面包、甜点都很全。 这次还是买了最经典的手撕包~~吼吼！12块~家里一顿早饭刚刚好！一如既往的香甜，希望他家能开发出更多的好吃的面包！,1
用过一段时间交行的卡 怎么说呢，没什么特点，不出众也不太差 活动很少，也没什么特色 就有一次丢了身份证，才发现没身份证，不能取超过5万的到期定期， 唉，真是很难和银行打交道 后来长时间不用，就把交行的卡销了,0
非常大爱的斗香园，小笼是很美味啊，连续第二周来到嘉里中心，很多店都还没有开张，这个好像上菜有点慢，但是服务员态度还不错。推荐可爱的猪排，小笼还有婆婆葱油饼，芝麻糊感觉和南方芝麻糊差不多。豆浆一般般。下次继续。,1
去必胜客每次都是别人请客 ，自己觉得不太喜欢吃披萨，每次都对蛋糕下手，芙蓉虾还不错，只可惜就5只，少的可怜，总体还可以吧,1
"第一次被bf带去的烤翅店,现在经常去的烤翅店,阿姨的服务超好,没的说. 骨肉相连每次必点,味道特别好,没的说o(∩_∩)o... 鸡翅每次都点原味的(因为我不能吃辛辣的),麻椒的,没吃吃完嘴都麻木了. 被我带去的朋友都很喜欢于翅烤翅.",1
这家粤菜馆的粤菜做的味道很正宗的，自己来这里吃过不少次饭了他们的服务员的服务态度也都很好，就是价格上有点小贵了。,1
因为在家门口图方便去了两次，感觉一次不如一次！服务差，真的达到了：＂嘿嘿，你叫吧！叫破喉咙也没人来搭理你！＂菜的味道也不灵！失望！失望！,0
场地相对比较OK，但是太吵，没有什么工作人员，可以玩的游戏都挺多得。场地有一个很小的溜冰场，里面感觉环境很差。1块钱一个币,0
价格很不优惠，味道也不好，牛肉面的肉都是筋筋拉拉的，吃起来觉得很恶心，而且牛肉的量也不是很多。我很少给这样的一个评价,0
这里虽然远，但是来到这里真的是心的享受。看见各种鲜艳的花，很香，很漂亮。而且每次来到这里都会买好多话回去，装饰在家里面，很舒心。,1
不知道是不是因为连锁大排档形式，菜品难吃的让人无话可说！ 地滑，太油腻了！估计没有再去的可能！ 以上！,0
点了一份生滚牛肉粥，真是史上最难吃的牛肉粥了，分明就是牛肉渣渣泡饭呗，糊弄到甚至连香菜小葱也懒得放，店里的空气不是很清新，音响里的嗨曲放得好大声，又土又吵的嗨曲反复的放，我问有没有舒缓的曲子，服务员一脸茫然的看着我说：我们只有这个！只有这个？你丫以为你是迪厅啊！！！ 上岛咖啡只能算是网吧里环境比较好的店，绝对对不起咖啡店这3个字。要不是家里断网，打死我也不会去它家，什么破地方！,0
东西极其一般，价格轻度贵，上菜极慢，还有人抽烟，只有一个优点，在16楼有江景看！吃了一次应该就不会再去第二次了，么什么特色,0
最初的认识是他家卖的做菜的锅子都是透明的，可以看见自己煮菜的过程，很好玩，突破了传统，只是这个牌子的价格确实比普通锅高了好几倍,1
很特别的粥火锅 一直看到有人排队 DP上面评价也很不错 于是去吃吃看咯 下班去的 人好多呀 等了很久的~~~ 不过等位能打折 到还是不错咯！ 味道挺不错的！清淡口味的肯定会喜欢~我这个小重口吃吃也觉得很不错咯！ 基围虾没有点，因为本身对基围虾过敏 惨~~~~ 总的来说还不错的 海鲜什么也不贵 下去之后很嫩的 最后喝粥，鲜呀~~~~~,1
这家老娘舅人气很旺，环境也不错，我第一次吃就是在这里，所以对老娘舅 印象不错，最喜欢的还是炖蛋啦，非常嫩，量很足，以后还会去的。,1
这家店的芝士蛋糕和提拉米苏都很正宗，其它出品也不错。缺点是不能刷卡，另外总是禁不住诱惑会吃很多，忘记吃多了容易发胖……,1
很久没来这里了，发现城隍庙附近多了一个很时尚的广场哦，吃的玩的逛的都有了 同学住在附近，所以就来这里逛了一下，觉得还挺不错的,1
"酒店的外面看上去很一般 ,但没想到里面的装修还不错. 菜的摆盘很漂亮,味道也不错!因为新店开张打了个8.8折,性价比很高!",1
喝了2家鱼丸汤，这家不咋地，一是汤里放了太多胡椒粉，把鱼丸的味道完全盖住了，鱼丸比较小，面粉不够有弹性，二是店家不厚道，想买小碗的，店家直接给上了大碗，还强调说大碗便宜。。无语了,0
常熟的烤肉可以说权金城是不错的~ 推荐他家的五花肉和牛肉（不记得叫什么牛肉了，不过是辣的） 服务态度很好，我和朋友不太会烤，马上有服务员过来问需不需要服务~赞一个！ 这里的客人还是挺多的~我们周日中午去~基本上没有什么空位了！ 不过~有点小贵~三个人吃掉了250左右~,1
环境挺好的，味道还不错，朋友聚餐或者其他的都适合。关键是实惠，适合在校学生聚会。就是菜式单一了点，经常换一下更好，,1
不行，真的不行。 不是总店，就是不行，尤其是连锁之后，各种质量都无法保证，烧饼全是拔凉拔凉的，真受不了了。 很明确，不能再来了。,0
刚开业是就去了，本人比较喜欢逛超市 呵呵呵 里面很大很敞亮，东西很全，离家挺近，还有免费班车。在300路车站附近，也挺方便。,1
酸菜鱼真的不错，最喜欢酸菜鱼里面放的酸萝卜。鱼片很薄但是不会碎掉的那种。 盐炒肉很喜欢，肉片吃了也不需要剔牙，哈哈~还有免费开胃菜送，不错哦！ 下次一定还会光顾！,1
15/9南瓜湯燶底！餐飽唔新鮮！西炒飯凍嘅！甜品唔記得上！大部分服務生听唔明廣州話。唯一最good嘅系熱奶茶同環境，有分吸煙區同非吸煙區。適合朋友聚會。環境有小小吵咯(~_~;) 17/9今晚同朋友再次聚餐，朋友點咗個印尼炒飯，點知個waiter傳菜噶時候，一野推左個碟落張台，搞到只蛋跌落張台喔，然後個waiter用只手摞繙起只蛋放落個飯面，然後行開左，俾第個waiter摞繙個飯過黎，唉~！真係對呢傢野好失望咯。,0
点了粥和扁豆闷面，粥跟正常粥店都差不多，都是那样，扁豆焖面就太难吃了吃了两口就吃不下去了，太难吃！跟嘉禾一品的扁豆焖面比差太多了！价格还不便宜 离家近但也不会再去了,0
去中南逛街的时候看到它家排着长队，想着味道应该差不到哪去，就买了凤爪、香辣虾，回去尝了下，感叹味道也不过如此嘛，本来到这也就此打住了，没想到吃着吃着吃出来几根头发，真是恶心，连锁的店铺卫生条件还这么差，那跟小摊还有什么差别呢，何况价格还不算便宜。,0
陪朋友来这家店拍过写真，价格不贵，环境蛮好的，她家拍摄风格还是很华丽的，摄影师人蛮好的水平也不错，还会给些专业的建议,1
最喜欢椒盐味，奇妙的融合和咸和甜的味道，很酥，下班去买必排队。板栗味的也不错，趁热吃很香，就是蛮油的，一般吃两个就吃不下了。,1
看到点评上满推荐他们家重乳酪蛋糕，想来品尝一下， 店开在淮太原宜芝多的位置上，邻近地铁出口，交通很方便， 蛋糕卖相老好的，颜色也很丰富多彩，看了就老有食欲的， 品种不多，基本都置于柜台里，看到了今天的首选重乳酪蛋糕， 旁边还有切开可试吃的，太贴心了， 试吃了一口，味道满不错的，乳酪味口感浓烈， 决定买一盒（30盒），真心觉得贵， 回家吃，觉得旁边配的饼干底太多，减少了乳酪的味道， 总体性价比不高。,1
昨天和朋友一起去吃的，已经吃过几次了，环境蛮好的，服务也还算周到。觉得这家的几种鱼丸口味都比较有特色。点了一份综合丸、虾滑、蒙古羊肉、冻豆腐、大白菜，饮料是酸梅汤（最近去消费，酸梅汤是免费赠送一扎的），222元~个人认为价格再亲民些就好了。,1
因为离家近去过几次，晚餐凭卡每人送半只小龙虾或者小鲍鱼，但没那么新鲜，主要是价格不同，晚餐现在增加了小孩子活动区，有一位姐姐带着孩子们摆起小桌子做点心，小丑打扮的一位哥哥给孩子们吹长气球并做各种造型，星级酒店自助餐都差不多，吃的品种不多，但服务比较好，甜品还可以，有三文鱼等刺身，没北极贝。环境很不错，也可以坐在室外水边。,1
推荐~ 因为离家不远 所以经常和家人朋友去吃~非常好吃~ 一到饭点那里就异常火爆~~~等位的人那是相当多~但是绝对不会白等~,1
五番街刚开的时候就去买过，觉得不错，每次路过基本上都会买。喜欢迷你巧克力可颂~其实除了可颂之外其他倒是没有尝试过( =（T）= )看起来不是这么这么吸引人，长得比较一般~,1
那天路过的时候正好想吃雪菜肉丝面，因为在这家没有吃过，就正好尝尝，要了一碗面一杯豆浆，结果发现还没有城隍庙的好吃呢，还比那家贵好多，郁闷啊！不过豆浆，油条还是好吃的,1
赶时间，所以选了港式餐厅解决晚饭。 说心里话，非常失望。 四宝饭量少的可怜，里面的叉烧干干的，一点不入味。 滑鸡粥，没有鲜味，粥稀的几乎只看的到水了。 失望啊。。。。,0
就点了莜面窝窝30米！本人觉得还行不算是很难吃！就是价格偏贵没什么东西就30米不太值但是在前门那样的地方也就这个价钱了！,0
我记得几年前吃全聚德不是这样的 简直了，菜做的跟成都小吃一个水平。 炒饭那米都没熟，硬的要死，让服务员给重新炒一下，原封不动给端回来了 拿盘子，还把盘子里脏水给洒菜里了，我就服了真的 这种老字号的店真的是越做越糟糕！,0
猪骨煲一般吧，没有传说中的那么好，骨髓也不多，比起在其他地方吃的骨头汤要失望很多，吃到最后菜都下进汤里，汤滚后我们关了火，服务员过来问了句还要不要加菜，我们说不用了，居然径自拿着单去跟我们结账，还没吃完就拿了单子来叫我们给钱。 番薯太甜，墨鱼滑一般，觉得建设路的那家港式火锅味要好很多，其他配菜很普通不过价格在火锅类相对较贵，唯一觉得绿茶芋茸包还可以，不会太甜，皮比较有韧性~但会腻，下次不会再来了~,0
点左个双人下午茶套餐68元 3层噶甜品塔 同菜单里面嘅图真系差太远 劲唔抵 第一层系薯条 薯角 第二层系两个蛋糕 第三层系 香肠同鱿鱼圈这类嘅野 真系好少 因为系下午才就算啦 不过环境真系唔错 建议唔好坐露天位 因为门口隔离系垃圾存放处,0
去了很多次.一次比一次失望. 这次很多菜都没有.象猪脑.昂刺鱼影都没见着.都是一些很普通的菜品.熟菜也很少.牛肉和羊肉等了好久才不情愿的端出来.加汤也要千呼万唤过来,0
服务真的没话说，在门口等位的时候就又水喝哦 之前定位子的，被叫到了包厢，我还很惊讶呢 还以为包厢有最低消费 问了才知道没有的 不过也好，外面有点吵 菜的味道一般 和辛香汇差不多的 水煮鲶鱼很好吃哦 推荐 吃完还做了指甲,1
这个是科技馆里面的电影院，imax的在一楼，效果最好～～ 巨幕的3d电影效果确实很赞，身临其境的感觉阿，虽然片子都不是很长，而 且都是科教片，但是效果确实惊人，而且片子的内容都很好，很适合带孩子来看· 其他的电影还么看过，有机会再来看下·～～,1
身为江苏人，鸭血粉丝是我的最爱，来青岛后就一直想找比较好的鸭血粉丝店，这家吃了之后很失望，还不如我们那边街边小店做的好,0
就没吃过这么难吃的抄手。 店里给人嘈杂凌乱的感觉，服务没有条理，以刚开业为由不给发票。 凉面、口水鸡、糍粑。。。出品都很一般，不会再去了。,0
味道不错，喜欢吃这里的虾 今天还要再去 和他 我喜欢看师傅在铁板上的动作 翻来覆去，看似简单 其中却蕴含了很多道理 像极了人生,1
或许是淡季吧，去的这天下午就我们一行四人，感觉棒极了。老房子装修的很波西米亚，乱中有味，有许多新奇好玩的摆设，老板是画家也玩音乐，大套间里放了好多吉他和鼓，还有投影仪可以看电影。也有露天的座位，白天晒太阳，晚上看星星。服务非常好，当然大概是因为人少嘛，服务生一直来问我们需要什么东西，我们坐了一下午点了一壶蜂蜜柚子茶，和咖啡，最后结账就40块。老板还帮我们拍了好多照片，一天世界啊。。。,1
地方很小，环境还是不错的。就是没有草坪，夏天去比较舒服，冬天太阳比较少。里面有一个儿童乐园的区域，有跷跷板，滑滑梯。还有那个秋千比较好，是4个小朋友坐一起的秋千，适合4岁以下的小朋友。,1
一塌糊涂，环境差，东西也差，稍微好点的东西都说没了，再也不会来吃了，上来的东西都一点点，还随机的漏单，八点的时候连椰奶都没了，饮料就剩雪碧可乐，居然还要排队,0
慕名而去，我是不会再去了，我住在沙坪坝，去一趟何其的麻烦，结果失望而归…… 我们要的鸡并不是乌鸡，不知道为什么上来的是乌鸡，我们也没有说什么，但是就是怎么感觉吃不到肉，肉切的小到不行，我们拼命找啊，怎么就是感觉好像缺斤少两，基本是没吃饱，还要了别的菜都很一般，反正没有传说中的好,0
好吧，如果你还没去过华政、东华的食堂，可能你对立信的食堂不失望，但是只是建立在你没去过上述两个食堂。我个人青睐二楼的清真窗口，牛肉面啊，锅仔神马的。牛肉面的牛肉很少。,0
一个字就是贵！去之前很期待，去了后很失望，但是是别人请客的没啥好说。可能是这里的口味不适合我，总觉得没味道。反正我是没吃出什么特别之处。,0
"公司在附近，前天被新来的新加坡boss叫去工作午餐在这家，本来已经快2个多月没在这家用餐了，在这周围工作的人谁不知道这家早不是什么法国餐厅了，现在变成了一中国餐厅经营所谓的“法国菜”，厨师都是临时厨工好伐！我老板还偏要吃法国菜，反正也一工作午餐，去了吃了吧问我：jacky,你确定这是法国餐厅？无语！不是您要去的吗？这年头boss难伺候阿！",0
东西做的还行 就是服务差点 应该说比较差 服务员的水平比较有待于提高啊 顾客是吃饭去了真不是去生气去了 哎 没法说 不过白肉血肠做的还是可以 希望能明白顾客就是上帝吧,0
在大润发里面，环境还可以，就是有点小。服务人员还好。点了芝麻糊拼核桃糊，感觉一点都不粘稠。很一般。不值那个价钱。糖不甩挺q。,0
人，很多，菜，挺慢，味道，挺好，下次，还去！ 还不错，都挺不错的。这边一排餐馆中最好的了（个人认为）。 老北京风味。,1
昨天吃的啥我都快忘了－ － 狗肉一口没碰。 羊肉太精，吃了2口歇菜。 包菜比较油。 红烧肉很好吃，入口就化， 臭豆腐很给力，好吃的。 有个锅里面有丸子，鱼豆腐，地耳之类的，很好，很鲜。 最喜欢那里的榨菜和醉花生，好吃得不行 饼太脆了。。。没啥感觉 这家店满好吃得，可是为毛dp上推荐得昨天我一个都没吃到orz 哦对了，大家都说臭桂鱼好吃，为毛我一点感觉都没有orz,1
班级第一次烧烤就来的这里，风景不错，尤其是夏天的时候，等荷花开了就更好看了，在这里逛逛，拍拍照很不错，下次再去逛逛,1
每次去都会吃它家的雪糕，便宜，和M记K记没什么差别，热狗也很不错。里面是家具饰品都很有创意，像一些厨具用品，很方便生活。家具都可以试用，能够坐上去感受，很前卫。周末休息都很多人，建议工作如经过那边去逛逛很好。,1
小时候经常去动物园，里面还有游乐场所，现在好些年没有去过了，不晓得现在里面是啥样子，以前最喜欢碰碰车了，呵呵，到动物园的交通十分方便，轻轨站就是园子门口，有小朋友的家长可以带娃娃去看看动物，还是黑不错的选择，就是门票价格越来越贵了，点都不亲民,1
服务极差，要看服务主管的脸色，一个劲的推销高价菜，不点就直接开始讽刺，量少不说还不能拉卡，如果有负分的话我直接给他底分，这辈子再也不去了，垃圾瘪三***直接倒闭吧,0
偶然路过 实验性的买了萝卜丝烧饼 哈哈 真的不错 一般会买一个葱油 一个萝卜丝 放在包包里 健身完了吃 经常弄的整个更衣室都是烧饼的香味,1
新式甜品，有创意但是味道一般般，价格有点小贵。有一次跟姐妹逛街找了去吃芒果水晶肠，结果令人失望，服务员的态度也不好。,0
奇怪的地方，根本没有吃到，很小众的快餐，只送大使馆，普通民众不要联系。说实话，这种定位单搞一个中文网站根本就是浪费,0
很有民国风，特别有特色，味道很好，典型的江南口味。环境真的很不错，可以带上一帮朋友去看看，尝尝味道。我很喜欢这家店,1
每次到对面的面馆吃饭都希冀着去这家店试试，因为它有些文化的名字和看似整洁的外表。请朋友吃饭去了一次，失望，服务员的服务水平太差，在客人面前大声交谈，呼三喝四，上菜粗鲁，基本上看不见人。菜点价格偏高，其中有一个萝卜的冷菜就几片质量低劣的海蜇头，卖到了36元！荒唐，不要因为在五角场不缺客源就降低水准，完全影响了五角场的整体餐饮水平。我觉得餐饮应该也要注重文化，用真诚经营，而不是仅仅为了赚钱,0
"昨天去苏州旅游,到采芝斋买了点粽子糖和奶油话梅,粽子糖还好,话梅味道没想像中的那么好.店门口有卖现做的方糕,于是买了十块带回去.今早冰箱里拿出来蒸热吃.吃了一块,就甜得不行了,那糕里还放了猪油.后悔蛮好少买几块的.",0
除了糟糕没有其他的想法了，点了云吞面等了25分钟，说要退单才上来。云吞面非常有创意，难吃到死就算了，面疙瘩的汤底洗锅水一样的汤，刀削面一样宽的面，服务员说这有面有云吞，云吞里有虾，这就是鲜虾云吞面！,0
偶尔会想吃煎饼，就去京客隆买一个吃，5块一个，薄脆很难吃，味道不怎么样，不过买的人还是不少，看来这种煎饼还是不行啊,0
一直都觉得一茶一坐蛮贵的~~结果去了觉得还好~~肉燥饭不错~~很入味~~菜量比较少~~属于精致派~~基本上一份饭~~一个干锅~~一个小菜3个人也就够了~~,1
特别要称赞一下的是坐落在他家里面的麦当劳的服务和人性化的服务。无论从店长还是销售都井然有序的让宾客很开心,1
一个很偶然的机会，买了这里的寿司，很赞。 虽然N多寿司在很多地方都有分店，但是并不是每一家都可以做的这么正宗，这么好吃。 这一家确实不错，南大街也新开了一家，但是口味不如这一家。 喜欢这里的招牌寿司，大爱，很好吃。,1
这是离我们学校最近的一家鸭血粉丝 味道还是不错的，感觉回味的味道都差不多 这家店鸭血分量也挺足的，不过这里的汤包不是很好吃,1
中式快餐，口味一般，环境还可以，米饭和稀饭每人2元吃到饱，菜分量少，味道还行，没多惊艳也不难吃，在新街口上班的或逛街可以吃吃,0
不知道为什么这家没有牛蛙煲。 服务员态度恶劣。环境也不怎么样。 口味么，都一样的，没什么特别。 但是人不少。,0
相比旁边的亚洲第一，味道是强太多了，但和外面的饭馆相比，也就马马虎虎了。 特别是打包带走的，回家倒出来一看，两个菜拼一盘，你坑爹呀！趁人不注意，就坑一把，后来的投诉，一点反馈都没有。。。,0
川菜馆，环境很好 烤鱼味道很正 还有一道日本豆腐也挺好吃 糖醋小排有点偏甜 总体来说还不错，是家人朋友聚会的好去处,1
我没吃过其他分店大茴香，但是新天地这家绝对是坑爹的！东西少得可怜不说，很粗糙，那次点了椰汁，是用回收的椰壳装的椰汁+水！那椰壳的切痕都“锈”掉了，叫服务员，结果服务员说不出个一二。 太坑爹了！,0
差，很差，不止是差，而且是多年以来一如既往的稳定差。闻到味道我就恶心，想到食堂我就厌食。不止一次吃到脏东西头发虫子。可以打负星吗？,0
印象最深地是黄河大鲤鱼，味道那个好啊，我们吃的是糖醋的，下回可以尝尝干烧滴。葱烧海参LG评价不错。乌鱼蛋汤一般吧，不好不坏。,1
新开的，吃过2次，对于豫园这个挤得不得了的地方来说，是比较不挤的了！布丁奶茶是我的最爱！味道上和其他店的没有区别！很好！,1
点了一碗牛丼招牌饭，中碗，量也不多，就在饭上盖了一些肥牛，什么菜也没有，也没汤。同事点了拉面，看上去也不怎么样，虽然味千出了事，但是还是味千比较好，这家在太平洋算是比较便宜的，但是真是便宜没好货，不值。,0
没说的那么好，全鱼锅料很足，鱼丸也可以，但是有点没进去味道。鸳鸯锅辣的那边也太水了，基本没辣味。服务也可以，很及时。评价低主要是因为蘸料，6元一份的特色蘸料，太一般了。怎么是花生酱不是芝麻酱，而且是预调好的，没的选，价格贵，还不能续加。一下就完全被海底捞比下去了，就是这个蘸料啊。本来没事可以去去的，但是因为这个蘸料，以后不会再选择了,0
说实话，如果想吃饱的话要200元每人，所有好吃的吃完了再来一碗和牛炒饭！ok了，老板心情好的时候会送你各种刺身，吃过最好吃的刺身我觉得是三文鱼腩刺身还有鲸鱼刺身！ 老板人很好，很健谈，他的伙计们也都很热情！挺！最重要是老板还娶了个日本太太,1
开放式公园。整体环境还是很不错的。位置优越。是老少皆宜的场所，非常喜欢。同时也很人性话，设置了休息椅子，服务还是很到位的。,1
环境那是不用说，冷气很足，服务也够周到 环境对于吃饭真的是很重要，在个安静、干净、硬件条件好的地方，人心情都好一截 鲍鱼汤挺鲜的，不过也没有传说中那么好，但有一点，东西都比较清淡，这点很好，赞一个,1
店铺虽小，装潢很怀旧，口味比较适合上海人的口味，服务热情，看得出老板很用心经营。。。。。。。。。。。,1
"这是我见过最差的豆老!需要提前一周预定,并且去了之后只能坐偏僻的小角落,第一次吃豆老只有海鲜酱油的,连一滴香油都不提供的商家,呵呵!请我去都不会再去的!",0
招牌扣三丝做的比较失望，各式的捞饭还行，价格有点贵，不过有4人包厢，环境相对较好。就算在大厅，每桌也有一定间距，大厅也比较安静。,0
很有名气的一家店，开了有段年头了，到饭点时排队的人真多啊，一般都要等半个多小时~可以要半只，有两种口味，孜然和蜜汁的，蜜汁的姜味很浓，不吃姜的人可能会接受不了，鸡肉挺嫩的，但是没有预想中的好，也不至于排那么长时间的队去买,0
最有欧式情调的咖啡屋 二楼的卡座 三四楼的包间都有着迷人的异域风情 推荐 花式咖啡 如冰摩卡 热拿铁等等 纯种的咖啡豆烘焙 浓郁的香气 赛过星巴克,1
这家是新开的，来这边吃纯属尝尝鲜。总体感觉吧，不值这个价，很稀的红豆汤里放了点糯米丸子和芋头，性价比低了些，开在正大什么的可能生意还好，但是开在居民区，生意就冷清了点,0
不是一般的难吃，后悔没进去前看看点评。以后决对不会再去了。浪费钱 都没吃完就走了。面硬 东西贵 量少,0
首先是味道，太差了，对不起满族菜这个称号，侮辱民族文化，太丢人了。 唯一的特点是每有客人进门的时候服务员的呼喊。 菜量很小，价格也不便宜，一个字：烂！,0
请了外地来的同事在这里吃饭，特意为了吃烤鸭，结果真是让人失望，涨到98元的烤鸭竟然如此难吃，都不像是刚烤出来的，应该是后来加热的。皮儿都不脆了。包间的环境极其简陋，让大家很没面子。点的西芹百合竟然满眼绿色不见白色，要求之下，又重新加进去了一些百合。毛血旺根本不是那味道。整桌菜除了一个蓝莓山药还说的过去，其他菜还不如随便一个小的川菜馆。以后有人请客都不会去了,0
地段是蛮好的，就是不知道为什么没什么人气 里面卖的全是日本的牌子~ 好喜欢！ tapenada是最爱啊~ 不过不让拍照有点郁闷，日本人的版权意识啊。。。,1
唉我不知道该怎么说 扭扭薯条又出来了~满心欢喜的去吃~~ 太让我失望了~~什么ma ~~都是断的~而且都是糊掉得~~ 男朋友口渴 买的可乐~简直都是冰水 根本不是什么可乐~~ 麦当劳现在 怎么这样啊~~ 太让人失望了~~~！！！,0
同学就是这家学校的，记得她说环境不好，同学好像都勾心斗角的，据说她在那里成长了许多，后来还是自己出来读的自学考~那同学真的是很厉害啊，自学考两年全部过了，好佩服亚！,0
桂林的漓江真的很美，山水“甲天下”真谛在漓江。不要走马观花，建议认真仔细观光，如果有兴趣可以：徒步漓江，亲临漓江水，感觉真的很棒！ 看到清清的漓江水，真有和她深深拥抱的冲动，和这美丽的山水融为一体，那一定就是神仙的感觉了吧？可惜呵，天气还有点冷，我不得不却步了。,1
"个阿姨D态度实在太差,去食饭好似受气咁,等得耐唔紧要,起码好声好气D啊,真系噔厨师仔个女朋友担心啊,第日有个咁嘅奶奶! 唉~~D忌廉汤差晒喇,稀佐好多,失望! 其他还好吧~!升佐价~!",0
学生自己开的，味道一般，还行吧，只是只会吃一次罢了，应该不会再去了，毕竟不是一家很有特色的店，味道也没有很大的优势,0
买了个香芋酥 两个老婆饼一个红豆一个原味的。。。 我想说。。全是糯米的东西嘛 香芋酥不甜不错蛮好吃的。。。老婆饼有点点小甜了。。我这个吃甜的人都觉得有点甜。。,1
在家附近，生意我可以证实是真的很好。每天到晚饭前都是排长队的，我喜欢吃他们家的鸭架子，就是比别家的贵的有道理啊，鸭肠不怎么好的，别的都还很不错的,1
店不太好找，在中关村B1层绕来绕去才发现的~~说是冻酸奶，我觉得好像就是酸奶味道的冰淇淋，分大中小杯，底料都是一样的，就是冻酸奶，上面可以自己选择加干果或者水果，猕猴桃和蓝莓很受欢迎，但是我觉得太酸受不了，水果貌似都是调味的，都很酸，加上地下的冻酸奶，酸的那叫一个爽，可以试试哦~~,0
这家店其实开了很久了~去了也有好几次了~每次去都觉得菜做的不太一样~估计老板也换了几波了吧~ 那天跟BF过去次的~环境嘈杂~点菜师父心不在焉~然后一看菜单~发现很多以前常点的菜都没有了~ 味道还行~但是就是觉得怎么吃怎么不舒服~~ 总之~以后应该不会再去了~,0
龙游路白鹿吃完饭，赶着第二场，因为这家店最近，所以就去了 结果发现，好没人气哦，晚上的黄金档，大概只有2成包厢的顾客量 10个人的大包厢，有个单独的演唱台，可惜那个立式话筒没有声音，问了服务员，说本来就坏的，唉~~某些同志还想表现一把呢 无线话筒，其中一个音质不大好 点歌系统也不是很熟悉，找不到调节音量的地方…… 地方倒是挺大的，好几层的包厢，还有自选超市，内部的扶梯上上下下的倒不是那么的方便 一般情况，不会再去……,0
很有规模的连锁奶茶店，挺不错的，奶茶的品种很多。味道也不错，香香的， 除了奶茶还有一些其它饮品，不过奶茶是最好卖的。另外还有烧仙草哦。 还有蛋糕，不过感觉蛋糕有点贵，不划算，还不如去蛋糕店买。 他家的买六杯送一杯这个活动不错，也吸引了不少人气。,1
和朋友在圣诞节后的周末去的，看的是让子弹飞；刚好有同学给的优惠券，在网上查的时候明明写的是三张兑换一张电影票，结果售票处的工作人员说现在是热映电影，是要四张兑换一张的，没办法又加了10元钱，和售票员说好了选个中间一点的位置，结果给的我们第四排，真是无语，环境也不好，总之很失望，下次不想再去了。,0
是错觉吗？一直觉得这家店的品种会比其他店少些~~ 上周日揣着买6送6的券，再次去败了甜甜圈 出了4种新品种的圣诞系列，每只挑了一个，送了一本2012的台历 又用了免费赠送2只的券，总共买了14个~~花了50大洋 小农心理作祟，觉得是可接受，呵呵，喜欢芬迪系列~~,1
什么叫希望越大失望越大？这里就是。想了两年满怀希望的来喝汤结果发现居然是酱油汤根本不是什么牛肉汤（也难怪，汤不要钱嘛），不过肉还算可以那个辣味的拌牛肉也OK啦。来这里一定要无视环境和服务把所有的注意力都放在肉上。,0
团购的68卷去吃 却告诉我们已经改成自助~39一个人 锅底还另算 真让人气氛~带朋友来~想想就算了~交了20元锅底坐下来~ 看到锅底就没了胃口 很浑浊~自助的菜也还算过的去吧~牛羊肉无限拿 一次给的还蛮多 一些蔬菜还行 ~ 肉丸什么的味道完全不对 反正就是很坑爹的一餐就对了！,0
来西安旅游，跟团定在这个号称四星级的酒店！郁闷到死啊…房间设施残旧，蚊子多就不说了，门卡有时打不开，空调是坏的，叫了大堂副经理来，承认这房间有问题，我们要求换房，她说全满了，然后还问这天气您家需要开空调吗？！我靠，我家会室内温度比室外高十几度吗？！服务差劲，不是政府办的怎么可能评得上四星，杭州三星，上海经济型的都比它好上几十倍！千万别去…价钱还死贵！,0
环境很好，人不多。值得一提的是租鞋处的服务非常好哦 总是微笑。在北京溜冰场比起来算很不错的了 值得一去,1
周日晚上去，人暴多啊，环境比较吵杂，说话都得扯着大嗓门。服务员太少，半天叫不来一个人。下单等了半小时也没上菜，就找了一个经理模样的人，说再不上菜就走人，结果不到三分钟，点的菜都到齐了。八个人点了两个锅底，还有牛肉，牛肚什么的，外加两碟大的湿炒牛河，吃得酣畅淋漓。湿炒牛河是最爱，每次吃它就饱了一半啦。牛肚也不错，脆脆的，蘸着沙茶酱很惹味。还有通心菜下火锅蘸腐乳也很美味。,1
打印优惠券去的，但是7点整到那，排了将近一个小时的对，等位的椅子也少，人特多流动性大啊！好不容易到我们了，结果给点菜的小姑娘态度。。。卧勒个去，那叫一个翻白眼，你跟她说点啥，她就装没听见，吃到快一半了才给上饮料，服务员都有点偷懒性质的，你推我，我推你，就是不干活。明显没有其他店感觉舒服。要不是有7.9折优惠，应该不会再来的,0
"这年头去超市买东西吃饭消费还要收停车费 买了700多块的东西 硬是是被收了停车费 68元=1.5小时 却不能累计 卜蜂莲花的东西品种明显的很少 供货不及时 很多东西只有牌子 没有物品 东西也贵 零食什么的一个就比别的超市贵1,2块 买了多了 就贵多了 一包同样的核桃 20+多块的 竟然比家乐福贵了5块 真是无语 以后还是去离家近的家乐福 或者 1号店 上买算了",0
10.1去的 服务员已经忙疯了我觉得 杯子都是油 要自己洗- - 味道嘛 一般般 我看了菜单 觉得和外婆家属于一个级别吧。。。 六个人吃了六百 酒就占了两百 还是算便宜的 下次还会去 假期菜的水平不如平时 不过还是不错的吧,1
10元的鲁肉饭在这附近算不错了，加上一杯绿色心情，感觉挺干净的，在一小弄堂里，很多学生会在这里用餐。只有几个位子，可以在外面摆桌子椅子，鲁肉饭不错，男生吃的多可以加饭，有半个蛋。有青菜。 怀念他们家自调的绿色心情~,1
借孩子的光，最近经常跑儿艺看儿童剧，大人看个乐了(主要是看孩子乐，呵呵)，小孩子可是真心喜欢儿艺的儿童剧，真是百看不厌啊，儿艺的很多经典剧是循环演出的，于是孩子看了一遍又一遍，当然，我相信随着孩子渐渐长大，每看一遍都会有新的感受，真心感谢儿艺伴着孩子快乐成长!,1
"上次订了一桌朋友聚餐,可连服务员都叫不上。实在是名不符实，很失望。希望店家多在服务管理上下点工夫，不要砸了招牌。",0
这里的确是个适合逛街逛累了休息的地方，东西嘛说好吃也就那样了，不过环境真的蛮好的，不错的还有，会主动提醒你，如果拉卡的话，会告诉你，拉哪个银行的卡能打折，这点非常值得表扬，希望店家保持！,1
最近有10块钱4个蛋挞的优惠，所以经常买来吃，味道很好，而且价钱便宜，性价比很高。 店很小，去的时候没有空调，挺闷的。 其他的蛋糕价格不便宜，不过味道很好。,1
店面很气派，感觉也还不错，服务看起来也很周到。但是没有吃就撤了，因为整个店堂里飘散着甲醛的气味，感觉如果吃完饭就会因此挂掉，离开的时候妈妈就说她感觉很不舒服。在这里也算是给店主提个意见吧，希望不要让顾客在健康和美食之间做抉择,1
北京城里相当靠谱的砂锅粥啊啊~~大冬天来上几碗，暖胃暖心啊啊~：） 环境大家就不要指望了，比室内大排档略好 菜品方面 小炒什么的有味道还不错的，不过普遍偏油 砂锅粥当然是首选！！经常点的是蟹+虾的经典组合。 根据你点的材料收费，一大锅5、6个人吃没问题，建议拉一票朋友一起去，这样人均能少一些 大概要等待半小时左右 不过当砂锅上桌的那一刻，你会满足于那融入汤汁和米粒中的香浓~~ 赞！！！,1
老板服务很周到，外卖送到家。送餐不但不要钱，在我们没找到零钱的情况下老板还少收了一块钱，嘿嘿，下次还吃他们家的！,1
饺子缺斤少两，肉馅的和素馅的完全一样，没嘛区别，饺子还有露的，服务员能力很差，总忙不过来的样子，下次不去了，还不能刷卡，太落伍的饭店了,0
广式下午茶做的不错，没有唐宫和避风塘的喧闹，菜品味道都不赖。交通稍有不便。午后无事晒晒太阳喝喝茶吃吃小点惬意的很。,1
鄙人只能适应中的程度的辣，他家的菜很适合我，辣度正好能承受，卖相也很诱人。喜欢他家的酸菜鱼和口水鸡。就是菜得量小了些，感觉不够实惠。,1
算是本土的一家潮牌吧，T设计的还不错，其他的没什么感觉，杭州也有两家分店，还有他们的店面设计也一般，随便说下：那地址错了吧，应该是 长乐路276号 ，再补充个电话：TEL 021-63849229,1
和两个美女同事去的，门脸不大，但装饰精致；坐了一个下午，发现生意真的很好，座无虚席，因为环境舒适到让你不想走。我的梦想是也能开这样一家咖啡店，very perfect,1
朋友结婚的酒店，那些传说中的热门菜肴都没有上，就是喜宴经常有的菜吃吃了，总的来说他们家的菜式口味偏淡，一道澳龙芝士奶味不是很重，但是也不算难吃，这样的婚宴也不算太差，16楼的大厅就是4根柱子比较显小……,0
今晚两围台亲戚去吃饭，实在是太差了!!碟头非常小，味道超咸都唔讲了，点烧肉就唔俾糖，都算了，离谱到上白切鸡竟然唔俾姜熔，无味D鸡点吃啊!28元特价片皮鸭在没经我们同意下就拿去切丝搞二食，仲要二食要加收30元，后来同佢D部长吵完后先拿返只鸭肉身俾我哋。实在係太差了!!以后都唔会去呢间垃圾嘢。。。!!,0
以前曾经去过两三次，环境还可以，价格不贵。有个菜是把土豆丝炸得很脆，在盘子里面堆得很高，忘记这个菜叫什么名字了，很喜欢，后来再也没吃过了。,1
10.24 看完两只狗的生活意见 浩浩带着我到香格里拉 啊哟我第一次来香格里拉啊 还完全一副学生打扮啊 本来想去吃自助餐 想想约会一直要离开餐桌去拿食物怪怪的 就滩万啦 我们是晚上的第一桌客人！刺生很好吃 第一次觉得说 刺身也能有惊艳的味道 后来还看到袁岳 又小惊讶了一下 欧尼玛我是不是太没见过世面了〉〈,1
性价比其实不是很高的一家店~相比主菜，这家的点心个人感觉还比较好点~~其不建议点时鱼，比较坑爹~一般性吃吃比较好,0
吃的不错，酸萝卜老鸭汤很好吃，鸭肉很烂，涮的肥羊肥牛也很嫩，就一点，服务员太闹心了！！！还碰上吵架的！！！实在是太破坏就餐气氛了，也没人管管，服务态度真是一般，要壶热水，都快吃完了催着才上。而且不能开发票。,1
辛香汇等位是伤不起滴~不过这家店至少我们去的时候人还是不是很壮观的，等了半个小时左右就有位置了。4个人~鲶鱼很嫩而且不算很辣。。有点肥肥的~油麦菜是必点的。。吃起来很清爽。。吃多了辣的时候可以吃点油麦菜中和一下。。牛蛙也不算辣的。。带着汤汁吃很鲜~饮料啥的一扎很可能会不够~要是你点了小米椒爱上小公鸡的话那是绝对不够的。。因为太辣了。。这里停车要收费哦~,1
第一次吃麻辣香锅，各种菜混合而成。 点要了西兰花，青笋，豆皮，金针菇，海带，宽粉，莲藕，鸡翅... 服务员端上来时红灿灿一片片... 口味偏重，麻 辣 香 比较难忘的是他们家的小米粥，小咸菜，馒头片 两个人基本吃不完，和朋友一起来可以选择这里 好吃，不贵,1
星期天晚上去了 餐厅不大 东西也不太多 但质量不错 扇贝不小 几乎都带黄 很爽 三文鱼口感很好 哈根达斯不限量 当场办卡每人才88 不错 下次还去,1
我只能说，满怀希望而去，但有点小失望而归，看到菜单上的西湖醋鱼，很便宜，结果跟我确认之后一直没上，等到快吃完了，跟我说菜齐了，才知道根本就没这道菜。。。也没个人来告知，这也算是态度？ 更搞笑的是最后的结账，拿出了点评卡，结果就扣了2块钱。。问到是因为，这个不能扣，那个不能扣，靠。。那还有什么菜是能优惠的。。。 名气重过实力,0
现在买东西根本不要去太平洋这种店去买了， 很多店都是包给一些外地人，一帮流氓垃圾在里面 三楼的303室，国微电脑更是垃圾，看了报价不买，就开始骂人，还动手打人。 绝对是垃圾店,0
地方比较难找，店面也蛮小的，很像私房菜的感觉。不过吃的都很好吃，而且价格也适中，我们学校学生聚餐基本上都会去那。昨天班级聚餐，一大帮人去了，点了好多，个人觉得鸡煲很不错，份量足够实在，味道也不赖。铁板三鲜豆腐也很好吃，还有个什么芦荟的也非常适合女生吃啊。,1
去过NN次了。他家店面不大，但是布置得有点小情调，菜烧的很好吃，以前我们痴迷玉米烙，每天必点，呵呵。只是从来不肯打折，有次吃掉300多还硬是一分也没给便宜。。。 晚上来吃的话，会送酒酿圆子，不是很甜的那种，挺和我们口味的。 菜泡饭也很不错，每次必点。 鸦片鱼头大赞！ 酸辣海带丝，土豆丝，上汤娃娃菜，等等都也不错。 总的来说，不是很油腻，比较清淡，很合我和同事还有朋友，家人的口味。 是个同事，朋友聚餐的好去处，菜的味道总的来说是很好的！,1
哈哈，女朋友最喜欢吃东北饺子了~好像是自己亲手包的！味道很不一样！我也很喜欢吃！呵呵！他家的菜味道一般！不过量比较多！嘻嘻,1
老板很热情，店里主要靠他一个人招呼，口头禅“马上，一分钟” 以前上大学时，东北人家是我们聚会的老地方，毕业三、四年后，带着老公也来尝尝大学时的味道， 虽然菜得量有点缩水，但是味道还是一如既往的好,1
服务很好，小伙子小姑娘都很有活力，可能是老板督战的原因。不过小店就应该老板督战!口味也很不错，唯独香茅炸猪排很一般。,1
坐落在那么好的地点，却卖那么难吃的食物，如果说包子还可以勉强吃，那么其它饭类套餐绝对不能点！店内冷落食客稀是时常的景象，还有服务态度也比较差劲，真不知道这家店怎么能坚持那么久？！,0
很有个性的一家小店。 菜单都是手绘的，而且都是广东话，虽然看起来有些费劲，但是很有意思。 店主会耐心为我们解释菜单而且给我们做推荐。 推荐初恋红豆冰系列，雪球红豆冰和阿华田红豆冰，真的有甜蜜的感觉。 丝袜奶茶也蛮正宗的。 还有重芝士蛋糕，很纯正，还加了酸柠檬汁，口感很好！ 真的很棒的一家店！,1
这一家看IMAX很爽啊~~一般2D的电影在IMAX厅看的话，效果也很棒呢， 上个星期是在天汇看的变三，人居多啊，效果还是不给力， 要是在民众看的话，应该还是蛮不错的吧！,1
价格偏贵啊，打个球都要几十快钱一个钟 好过去抢啊，环境也一般，比天河体育馆差多了 去一次就不会再去了，坐车也不方便，没地铁,0
老牌的游泳馆了，设施比较陈旧。水质还可以，比较干净。 周末上午会有游泳课，会霸占中间的2条泳道。过了12点就好一些 但是离家近，办了张游泳季卡给老妈，想让她锻炼锻炼身体的。 好像是600块钱30次吧？ 记不清了诶~~反正就是15-20之间吧。 不过最后季卡也没用完，浪费了，早知道去门口倒票给销售出去哈！,0
家乐福在北京有好家店了，但无论哪个店都是人山人海，尤其是搞活动的时候更是疯狂，但那里的水果，肉类，蔬菜呀都是比较便宜的。到结帐时总是要排好长时间的队。我近几次去购物要带着老公，选一半物品时就叫他去排队了。这样可以减少些时间。哈哈 上周日还去了一次听说鸡蛋便宜，9：00开门我8：40到那里已经有500多名老人先到领到号要购鸡蛋，然后我还是失望的回家了。,0
说实在的，去了城北路店，再去这家店，真的让我很失望~ 本来以为是一家，没想到这家是直营的总店，但是味道上却大打折扣，总店居然还不如分点，锅底没味不说，服务质量也是很差，服务员几乎没表情，冷漠的很~ 城北路店虽然不大，环境一般，但是服务员都是主动微笑服务，味道更是没得挑，但是这家店丝毫没有！ 去了两次，每次都很失望，除了环境好，真的没啥特色，不会再去了！,0
经常来买夜宵吃，这家店的生意一直很好，经常看见老板很晚还在送外卖。主要是汤头和调料比较对胃口，这家店貌似蛮有名的。,1
在C&A楼上，很好找~服务态度超级好，有海底捞的趋势呀。 可以手机香薰，美甲，等位子的时候可以三国杀等棋牌游戏~ 上菜速度很快，辣的到位，但更喜欢那个咖喱牛腩，奶油味道浓浓~ 总体不错，值得一试,1
在南十里居北站马路西边，京客隆（久隆百货）的东南方向，很好找。 可能是这里比其他加油站优惠幅度大一些，来这儿加油的车很多。现在正在搞每升降价5毛5和送饮料或方便面等活动。,1
就在公司楼下的韩国料理，有时候吃吃商务午餐，有朋友来或时间比较充足的时候吃吃烤肉。服务员很周到、细心。自己懒得烤可以委托服务员帮你考。真的很贴心。,1
今天去吃了 感觉还是不错啦 ！！！味道还好 我点了他们今天的优惠餐 量很多 味道也不错 同事点的那个叫什么牛肉汤味道很不错哦 饭后有送西瓜 还有小布丁 服务态度嘛 不是很热情就是了,1
路过这家店好多次了，终于被吸引进去！装潢很红色，背景很红色！让人感觉是以前的那个闪闪的红星的年代！招牌上还印了工农兵！超大的！豆花米线嘛，也就是那个样了！虽然不及辣辣的好吃！但也还不错了，相信这里吃的是感觉吧！,1
看着它的名字去的，名字挺有特色的，就是设备不怎么样，希望更新下！歌曲更新有点慢，不太给力！感觉装修也一般！希望他们可以好好改变下，不然光靠名字留不住客人啊！,0
某天下午4点多，两个人一起去的，当时不饿，就是想坐坐，知道雅泰来有广式点心，所以进去了，进去的时候人不多，最让人生气的是，服务员限定就餐的位置，真是让人无语，在前台选自助点心的时候更是无语，虽说不是餐点，但是产品也不能基本全无啊，都是午餐时候剩下的，点了的话，还“好心”的用微波炉帮你加热呢，真是有够无语的。粥上的很快，可以断定不是现做的，违背了广式粥的水准,0
我是听朋友推荐去的了， 感觉还是不错的，环境 干净整洁，服务热情周到 随叫随到的，感觉很舒服哦， 海鲜比较新鲜的，鱼的口味 更好吃，偶特喜欢吃哦，价格 有点小贵哦。,1
跟朋友一起来吃的 要了两个口味的烤鱼，香辣味的和豆豉味的。 但是吃起来感觉口味一般 另外要了一些配菜，豆皮、青笋 应该不会再来了,0
一开始觉得这家的装修真的不怎样，基本没有什么装修的样子。巧克力蛋糕外表也一点装饰都没有，太普通了。没想到吃了一个原味的巧克力蛋糕还真觉得行！是湿润的口感，巧克力味道浓郁，也不觉得腻。值得一试！,1
沿台东八路一直走到头，就能看到，门头是顺兴食品 原来还以为是个面包房，实际面包就一种，广受好评的油酥面包 面包挺大个儿，但不像有些面包似的一压就没有东西了，这个实实在在的，一个得有二两多 楼上有同学点评油酥没有以前多，可惜我以前没吃过，但就现在我吃到的，我也觉得很满足了 油酥微微有些甜味，刚刚好 还有各种酥皮火烧，都很有厚度，尝了一口糯米的，第一口就有馅儿哦，要是能有点甜味儿就好了,1
真的是物美价廉～ 坏的很少，一袋几乎没有一两个。而且很好剥。 在当今物价飞涨的时代，祥祥的栗子真的算便宜的。 还可以根据需要称5元、10元、15元。称完会多送你一颗，蛮会做生意的。,1
是冲着人少去的，菜品非常一般，单说口味的话不像这样的店里应该有的。 菜单上什么风味的菜都有，却什么都不精，性价比很低的。 不管怎么说，不会再去了。 PS：大厅里的树是假的,0
对于自助餐食刺身黎讲仲系好抵噶！而且D野食几新鲜，可以任点，寿司都唔错，个人认为去果到食刺身大餐就非常好啦！哈哈，仲有海胆都好好啊！,1
慕名和朋友去逛了一天 工业设备的遗迹还有点意思，很多人在这里拍艺术照。 至于艺术范儿的小店等消费场所就有点过度矫饰 但是各种展览还是很值得一看的，就算不懂现当代艺术也没关系， 看看展馆空间的布置，还有那些作品光是尺寸就给人震撼，跟你在平面媒体上看的感觉是不能比的,1
我很喜欢的一个购物场所。不过很久没去，昨天去的时候很多专柜不熟悉了。喜欢这里是因为有一些不太贵的专柜比较适合我，而且新光经常搞活动，会员卡的积分比别的商场优惠，而且人总是不多。,1
真的很坑爹啊~真的很坑爹啊~真的很坑爹啊~真的很坑爹啊~真的很坑爹啊~真的很坑爹啊~真的很坑爹啊~真的很坑爹啊~,0
垃圾店 ***！上来的蛋是臭的！和领班理论他昧着良心说不臭！起初要求换一盆他硬说不臭不给换，还跟我拍桌子！在这种恶劣的处理态度下我要求退钱也不肯！作为上海的游客，对南京的映像大打折扣！也对该店的店员素质无法理喻！希望之后去南京夫子庙旅游的各地方游客不要光顾该家火锅店！简直垃圾到底！！,0
初中的时候放学经常来，高中也会特意开车来。 上了大学在北京馋他家的烤牛肉和石锅拌饭馋的要命。 一回来立刻去了。 结果拌饭一点味道都没有。 更可怕的是烤牛肉里面基本没有能吃的肉全都是咬不动的筋。 然后白菜卷猪肉的菜都没切开，拿起来是一整块大菜叶，我都无语了。 不过玉米饼还行吧， 不过这一顿吃下来以前好印象全没了，再也不想去了。 也许是因为刚到11点去的所以还没准备好？ 老板娘一直在跟服务员说孙楠怎么怎么爱吃她家的东西，感觉很烦！！,0
一个字贵，速度还很慢，跟顺丰没法比。。两次因为必须要用申通快递所以就选了他们家，从北京到深圳快递费都要20元。申通一般要3天才能收到。。 今儿找顺丰寄快递，第二天就能收到，快递费也就20元。。。 总之以后除特殊情况再也不会找申通了。。。,0
是男友第一时间告诉我巴贝拉长春也有了。去的时候很是激动。环境基本都是差不多。但是口感没有那么好。至尊披萨也那么小。反正总是感觉没有上海的巴贝拉做的好。卡布奇诺口感也很差。我们吃了一点就不想再吃了。,0
大人小孩的衣服都有，原价和美国差多不多。只是美国打折力度更大些。 小朋友衣服质量不错的，样子也好看，不像有些牌子的，很巴。 大人的衣服么，经典款连帽衫还是能穿穿的。 有买件羽绒服，穿两次就坏了，但售后不错，马上给换了。,1
坪亭铁板烧有138元/位的，我们是198元/位。 去年和同事去了大渔烧板烧，感觉还不错。 类似鸡蛋羹，里面还有鱼仔和鹅肝．,1
居然把鱼做的比猪肉还硬~怀疑是不是别人退的鱼用微波炉热时间长了~服务员聚在一起聊天~要个汤匙要了三遍~快吃完饭了才拿来~不会再去了~真想把大厨叫出来让他把鱼吃掉~其他的菜端上来感觉不象新做出来的~没有热乎气~,0
"以前的钰花溪牛肉粉大王味道还可以，现在的差死了。牛腩不够软，汤里面有很重调料味 而且有点腻腻的，而且分量还不足, 反正是不会再去光顾了...",0
早知道看看点评的批评在决定是否去啦，等位等超级久，咨客面色黑态度差，食品...可能是我品位不好啦，觉得专程去尝的鸸鹋吃起来和牛肉差不多，而且上菜超级慢，得个贵字，不会再去,0
包间很小 基本都是长方形的 设计很不合理 音响效果也很差 每次去都是单位组织的 里头酒水也不便宜 反正自己是不会去的,0
有免费的小糕点，饮料，酸奶，呵呵 还有免费的瓜子可以吃， 辣的很正宗，量也不小， 红红火火的吃火锅最好了； 价位也一般，而且都是隔成的小间。,1
这种地段这种菜色，贵的简直在宰人了！ 一碗米饭4元！一瓶七喜30元！纸巾1元一包！茶水也没有！ 上汤菠菜，梅干菜扣肉 菜的味道真的很一般！ 点了个菌菇一直到买单也没上， 明明说不要纸巾的，还算我们钱 简直无语,0
晚餐去的~纯粹是想回味一下小时候常去的四川路的味道~ 想不到五角场这家除了装修新一点儿之外~ 其他一塌糊涂~ 血糯米球居然还是馊的!一股酸味儿! 服务生还跟我强词夺理！ 一副“8.5折我们就不负责了”的态度… 气死我了！！！ 一份菲力套餐~7份熟的牛排很老…… 凤爪还成~ 再也不去这店了~,0
年轻人的店，老板应该不是传统行业出身，这里给我留下的最深记忆不是味道，而是北京唯一使用自家定制餐具的螺蛳粉店。汤、粉、配料呈现得都很粗放，不难吃，又可以外送，因此对于附近好此味者来说肯定很温暖。,0
加完班凑合找个地儿吃饭，吃的什么都没印象了，人特别多，店里很吵，上菜特别慢，菜的口味也很一般，价格偏贵。下次不会去了。,0
2个小时限时 说实话，我觉得东西一般般，情愿多出点钱吃好的 进去就像抢得一样，拿着几排得肉啊，虾啊。。。。。。 坐着慢慢烤，好嘞，吃不完了。。。。。。 下次不会再去了，吃得怕了,0
和老公一起去的，要的一个背翅一个尾翅，里面有鲍鱼的那种，但个人认为还是单点鱼翅，另外在点鲍鱼的好，他们家的掌珍不错，30一个不贵，总鱼 翅很大一块整翅，还有香菇，比中信泰富的鱼翅捞饭好太多了，那里只有些散面条搬的碎翅，其他什么也没有。,1
原本想吃和民的可是他们家3点不营业，只能上去吃大时代，很大一家，想吃什么直接付钱就ok了，我和老公吃的越南面粉，里面的猪排和刷牛肉超多，汤非常先，肯定放了超多味精啊。。。下次去还是去吃和民，比较赞，不知道和上海的有什么不一样!里面的大叔还不错，我们要求20块纸币全部换成硬币，他全部帮我们换，因为怕等会寄存箱没有硬币投呢！,1
这才叫粥，煮得如真絲般滑，中坏有二間，我偏愛石板街附近那家，因為料比較多！每次必點及第粥，豬肝超嫰超厚，炸鯪魚球明知火氣大都要点來吃！因為它的砚蚧汁！超好吃！寫著想著都會流口水！,1
点了羊肉汤包，上来以后发现真小呀，可惜了那个屉，用那么大的干嘛呀？浪费！！一点儿汤都没有，而且也没有馅儿，相当难吃，值十块钱一屉吗？怎么能做得这么差劲！！,0
去旅游在上面定的酒店，定的还是豪华的。结果到了那边一看根本就是普通标间冒充豪华。投诉未果，酒店照片完全和实地照片不一样的，差，太差了。不会在上面定酒店了,0
味道真的很好，一点不腻！和一般的巧克力完全不同！不是很甜，多吃几块也没关系！果然好吃，果然好吃，果然好吃！还需要输入5个字！终于满了！,1
"用他家的特润修护精华和眼部精华,感觉不错.不过在国外买便宜太多了,所以不建议JMS们国内买,而且买的时候不要因为便宜而囤货,护肤品还是越新鲜的越好",1
环境蛮好，挺小资的。还有电脑上网，服务人性化。菜的价格还算可以，港式菜量自然没什么要求了，毕竟不是东北菜。味道还不错，推荐金牌蒜香骨和美味煎饺，每次必点。,1
很一般的地方，服务不好。叫服务员点菜，半天叫不来。 让她们换把干净的勺子，还要遭她们的白眼，下次不会去了。 唯一还可以的地方，就是这个地段，这个价格还可以的。正好她们有优惠，可以打8.8折。一顿吃下来没什么经济负担。调味牛舌咬不动，牛尾汤味道还行。,0
这家店非常适合“吃饭”！就是饿了的时候适合，好多菜都很好吃，价钱还很公道！推荐他家的古老肉！还有一种菜是个锅仔，有白菜，豆腐等都在里面，非常清香！,1
"因为单位发的购物卡,所以才去它家买东西,给人的感觉是东西挺全,但是服务态度很差,不如沃尔玛,新玛特和迈凯乐超市,台资,却最欺负中国人.",0
很喜欢的一家连锁店，羔羊肉和肥牛味道很好，很香。特别特别喜欢吃豆皮，还有鸭血，金针菇，冻豆腐，海带，茼蒿，莴笋。。。虾滑很好吃~~,1
环境还不错，蛮小资的。菜单也是手绘的，很别致。喜欢那个肉松海苔芝麻炒饭，嘿嘿嘿…希望下次还能有机会再去。,1
炸酱面好好吃，还有豆汁，感觉有些改良过，酸酸的，但没什么馊味，陪着焦圈和咸菜，很上瘾，比较适合不是特能接受豆汁味道的人；疙瘩汤好大一盆，喝起来很痛快。就是服务不怎么好，基本上每次去都会有一个菜因为各种原因上不来，最后只能退掉，服务员比较懒散，缺少积极主动性。,1
110分钟的足疗，因为肩颈比较酸，按摩师推荐了精油开背，水果和茶水都有额。就是环境有点旧，感觉不是很干净，技师的技术还可以。,1
这家店真的没话说了，差的没话说。 菜的量非常少，真还好意思叫东北菜。价钱一点也不亲民，东西贵不说，做的还难吃。那个酸菜汆白肉真叫那个失败。。。服务员不少但都是死老爸的脸，难怪，他们家老板也是这样的脸，真不知道干嘛还开店。给咱东北人丢脸。,0
环境还行，就是服务员少！忙不过来。二楼有唱歌的叫好声不断，显得乱了一些。上菜慢了，一通好等。大厅很大，显得空了不少！总之还行！！！,0
差，咖喱鸡竟然都是辣椒，配的白饭又少，女生可能也就刚好够饱。问题是一份咖喱鸡饭里面的鸡肉才6块，还很小一块。让人无语。对比价格完全无性价比，而且这内容，对不起这20多的价格。 而且这里不禁烟，跟服务生说也懒得理你。 又贵又差，不会有下次了。,0
很幸运的坐到了露台的位置，但是现在有点凉了，风吹过真是要发抖了~ 但是氛围真的不错，酒也好喝~真是酒不醉人人自醉啊~ 他们家的服务生也都很NICE的~ 走的时候，发现屋子里真的是暖和啊~不过坐过露台也算值得了~就是有些很好的位子都被预定了，所以估摸着下次一定要喝的话还是要先定位~,1
死鱼，冻鸡，地沟油，还能再恶心点吗？ 口味12分，我看2分差不多 能开在龙之梦，居然只有3桌人吃，还真的不容易 保佑我明天别拉肚子,0
这家我毛10年前入过会的，态度满差的，推销老纪滚的，做脸的时候和盆友聊几句，美容师故意把按摩膏涂在我嘴里过，看见团购点评不怎么样，只有人民广场那家还行，打电话预约了，还真的像有个评友说的接电话的时候就居然自称老师了，我说dp团购的能预约吗？马上连声调都冷了下来，好势力啊！今天没空，明天没空，好了，jj永远没空去光顾你们了。,0
在电视里看到的，环境很好，但是实际上没有那么好。不过，里面几个服务人员还挺好的。买了好多的糖，大白兔清凉奶糖，大白兔奶糖，奶油咸味糖，花生牛轧糖！好兴奋！以后再去了！,1
环境还不错，就开在超市下面，我和同学买好东西饿死了就直接去吃了，人还蛮多的，生意蛮好的，味道也不错，也不贵，下次还要去吃。,1
24小时的肯德基。深夜的卫生状况实在是不怎么样（时而出现很难闻的气味），食品的制作速度也需要提高。 口味就不谈了，很多童鞋都反应这家店的口味低于平均水准了。,0
门面确实看起来很不起眼，里面倒是装修感觉非常不错的。 菜式么，家常和陕西菜兼备，点了几个，吃下来还是比较有特色的，至少在南方有些是没见过的烧法，比如青菜碎和土豆碎烧在一起的菜，还有芹菜香干也味道很好，其它菜羊肉、清蒸鲈鱼大家的感觉还都比较可口。老外也很喜欢。 喜欢他们家的花生豆浆，很香很浓。,1
其实我蛮喜欢台巴子开的店的，比较规范，上菜速度块，味道也不错。 一般去南京东路常常去新世界的一茶一坐，这里倒是第一次来 这里人气明显不足，不过位置比新世界要来的宽敞舒适，而且一个一个小隔间，私密性也相对比较好~ 味道也就如此，自从有了套餐，点菜不再伤脑经~点了2份套餐，品种较多，营养丰富，~比较喜欢配菜中的酱肉糜~ 朋友小聚聚，随便吃吃聊聊还蛮不错的地方 2010-10-02 with Mr.Happy,1
最近感觉来伊份越做越大了，大街小巷到处都是。 现在办会员卡买指定产品有优惠，松子可以便宜10元，忍不住又买了一次 东西真是不便宜了，环境一般，阿姨态度都不怎么样，多称东西是必须的 短斤少两目前没遇到过，也有可能是本人神经大条没注意,0
跟两个哥们，都是胃口好的。 锅贴要6两，阿姨灵额算的是6个。 一盆子上来 1两半。我之前还屁颠屁颠的倒了三碟醋。。。。 吃不饱怎么办另外叫了两份排骨年糕，一个宫保鸡丁饭。3碗牛肉粉丝汤。 最后要两碗辣肉面，结果辣肉浇头剩一碗量，我换成了大排面。碱水面而且糊了 我浪费了非常不应该.,0
这家采蝶轩一直去，我觉得还可以 环境什么都很好，服务也不错，菜式好像一直在更新的。陈经理也是 一直在店里招待客人。 吃饭可以免费停车，饭后可以逛逛商场，隔壁就是电影院，都还蛮方便的。,1
早就听说芜湖中山路步行街的红豆酒酿很不错，这次再次来到芜湖出差，等司机期间闲着无事，一不小心找到了这家店。看到红豆两个字，又看到是美食小吃街，应该就是这里了，3.5元一杯，价格也不便宜啊。 其实就是红豆加点酒酿，放点冰水，口味偏甜，口感还行，天气热的时候喝喝，挺解暑的。但是因为是杯装封口的，这个水喝完后，红豆还有很多，再吃起来就麻烦了。 下次天气热的时候再去喝喝。,1
青岩小吃中有名的除了卤猪脚，还有冰粉和糕耙稀饭。 这家源源冰粉就在王万妈卤猪脚的斜对面，冰粉和糕耙稀饭都非常好吃。 老板挺热情的。,1
这是烤鱼店吗？那烤鱼上来扁扁的，肉呢，全是点的辅菜，鱼也不入味，去过一次再也不会去了，建议换个烤鱼的师傅，他烤的鱼自己吃过嘛,0
算是装修比较好的茶餐厅。虽然人挺多，但还是比较有序。 因为肚子还不算饿，就点了一个云吞面和一个牛腩粉。价格算便宜，但是分量也很少，连学校饭堂都不如。有点失望。口味也偏淡，需要自己再多加调料才算可以入口。,0
三五好友或者家人聚会建议大家去试试，很好的家常菜，吃的很随意，但是做的很精致，口味也很好，每次去吃都会试试新菜，有创意。,1
这家老字号的川菜店 以前在这附近上班的时候没去吃过 反而现在特地过去吃 他家的川菜不大辣 点的水煮牛蛙也算清淡的 鱼香肉丝很好吃,1
实在很难吃，吃完了嘴巴里特别的腻，蛋糕不够湿，也没有该有的香气，草莓的叶子居然也在蛋糕上作装饰。 问服务员是动物奶油还是植物的，居然一脸茫然，说我们的是什么什么牌子，最后跟我说是动物的……老公说吃起来根本不象，艾,0
服务员似乎就一个，是个东北的大妈，扎两个小辫，服务态度很是差劲。点的是排骨锅，端上来后问她多久能熟，说十分钟就好了。结果十分钟后肉根本就咬不动，服务员非说熟了，半小时后排骨上的肉依旧是硬的都咬不下来，找服务员评理，她竟然说就是那样的，还差点吵了起来。到最后肉根本没法吃，深切表示她这家的肉有问题。可着急中午回去上班，又没时间和她讲理，委屈了我那一百多的银子。真想打食品质检的投诉她！！,0
本来看到八大碗这个名字，决定一定很农家，于是决定尝一尝。结果尝了一次，发现菜是挺农家的，可是价钱一点也不农家啊。。。失望＋失望 结账的时候说，试营业还没有发票，给了张优惠券，说下次可以用，如果收了优惠券，以后就不开发票了！ 岂有此理！我本觉得虽然它不算物美价廉，但还可以换换口味吃吃的。这么一说，感觉像吃了口苍蝇，再也不想去了！,0
"因为陪护在中医二附院的家属输液,中午正发愁吃啥好呢.临床有在附近住的病友介绍它家的肉饼不错,尤其是猪肉尖椒的,我立刻来此买了半斤.大概是六小角.八元.又买了一碗红小豆大麦仁稀饭一元,稀饭装盒另收一元.一共十元.我吃了三角饼,家属吃了三角饼.都说不错,一点不腻,挺香.粥也挺稠,服务员态度也值得一赞,不因买卖小而怠慢顾客.",1
经常去吃。环境很好。菜色也不错。最喜欢沸腾鱼。还有他家的米饭。很有特色。是用竹罐盛装的。很有风味。而且小朋友去吃的话都有冰淇淋送哦。,1
这个也有点评。。。还不错哦！家人来上海看世博会拍了很多照片，去那边冲洗的，效果还不错服务也很好，下次还会光顾，就是价格有点小贵，，如果能优惠点就更好了。。。。。。。。。,1
前一阵子很火的布丁- - 年前去虹口龙之梦 那个队排的哟！！！然后吃完晚饭再去就卖完了 结果上个礼拜吧大概 去长宁龙之梦 没有人！！！！ 没有一个顾客！！！！ 我以为是出了什么事了- - 然后就买了两个尝尝 赶脚服务态度蛮亲切的~包装的也挺好 味道么。。。。。。没觉得特别好吃啊 价格倒是挺贵的 打了折也不便宜啊 哎 下次去试试原味的好了~,1
新开的，定位子一般都还订得到。有几个上海小阿叔领班经理一类的服务很周全。吃的东西就那样，不会太失望，但也没什么特别的。批评一下木瓜鲜奶，木瓜一点都不甜。,0
我的最爱是石锅拌饭和泡菜炒饭，这里环境不错。逛过万家刚好休息下。 寿司的话，28，38，48，68，98套餐，个人不是很喜欢，但三文鱼的不错。,1
环境可以 味道还可以 但是上菜速度太慢，服务也不好，服务员三催四请，都说忙不过来。 总体感觉下来不值这个价 如果没有特别情况 不会再去了。。。。。。,0
我和朋友是甜品控，听说万达开业了一直找时间想过去大饱口福一下，可吃了以后，感觉真不是值呀，性价比很低，太甜了，服务员站在那里懒洋洋的，也不介绍产品，我们随便点了几个，尝了以后，保证再也不会去了！ 太伤害我对多乐星的期待之情了，怎么能这么难吃呢？还超贵！,0
一直是呷哺呷哺的忠实粉丝，但是不得不说呷哺变了，麻酱现在变得很咸，没以前的味道了。以前能吃好几袋，现在吃一袋就够了。这样节约成本了吧？？麻酱变味从半年前就开始了，我一直希望它能变回去，却一直令我失望！我要戒掉呷哺了！你们的良心大大黑了！,0
周末去的，去了发现是蝎王府，店外挂个横幅，写着：老城一锅改名为蝎王府，不知道和到底是老城一锅还是蝎王府。环境很一般，叫服务员时爱理不理的，好像没听见似的，我们去时大概中午一点，店里没几个人，但服务员的态度实在是受不了。点的两人套餐，菜倒是不少，但比着其他老城一锅，盆里骨头量少些。 不能刷卡。 下次不会去了！,0
买了个全家桶，烫得拿也拿不起来哦。。。。这明显不对的嘛，怎么油里刚刚捞起来的就可以卖给客人的啦？ 反正饿了就凑合着吃吃吧，没地方去，走投无路就肯德基解决咯。 吃完快走吧，人多，乱哄哄的，还有很多不消费，在这里坐着睡觉的家乐福营业员，无语。,0
托圆通给空运快递2天，结果给我送了5天，120的圆通运货单变为50元天天快递的，严重误事，以后再也不会找这家公司寄东西了！,0
一直很向往，但是失望好大，半地下室，十二三桌，菜做得很糊弄，除了咸就是辣，烤鱼和照片上以及和人们印象里的有着巨大的差距，根本就是椒盐软炸鱼,0
总体感觉没有什么特别，因为要看电影，所以勉强在那边吃的一下，种类非常少，服务一般般，环境一般般，那个热水根本不热。应该不会再去了,0
今天去这家店，很遗憾的被告知胡萝卜牛肉馅包子从此下线，叫人不由心生遗憾。比起其他几款肉馅的包子，胡萝卜馅的已经是佼佼者了。唉。。。 还好，取而代之的将是猪肉茴香馅，期待中，最爱茴香馅包子。千万别叫我失望。 另外，真希望店员服务态度能好点儿！想当初，开业第一天，我可是光顾过的，那天，所有人的态度那个好啊。。。好景不长。大家伙加把劲吧！,0
东西上得慢，服务态度也差，以后也不想去了。。。最重要的是那里人的人品极差，在店里掉了东西，不过十分钟回去问，就说没捡到过，只能说非常失望！！！,0
团购的，菜无故换掉也不告知，上菜慢的要死，服务态度又差，暖气也不足，早晚倒闭。上当受骗，图片拍的都和实际不符。,0
真的对品奇 很失望 首先服务员 真的很差 谁都爱答不理的 脸上也没有笑容 其次 点了个6寸披萨 竟然等了 40分钟 后来知道 今天做披萨的厨师就一个 忙不过来 而且 没一会 就听收银员喊 没有米饭了 所有焗饭都做不了了 才6点半啊~~~ 最后是口味 真的很差 披萨很油腻 焗饭上的芝士太少 饭也烤焦了 再也不会去了,0
因为公司就在楼上，所以有时候午餐就在松屋解决。上菜算快的，东西不算难吃，不过也没什么特色，就是日式快餐类型。午餐嘛填饱肚子就行。,0
"今天和女友去的,点的是西冷极品牛排(纽约)与肉眼极品牛排.有点老。后来女友吃不完给我，我发现这二份牛排的味道竟然是一样，发现都是肉眼牛排。没有号称从纽约来得西冷牛排。问服务员，回答就是冷冰冰的，没有啊，是不同的。由于二份都混着了，所以也没有吵。总体看来这个小台北与好享来一样，走的是低层路线，可惜了环境，以后估计不会去了。",0
拌饭里面吃到瓷砖，石锅是破的，吃到瓷砖叫服务员来看，还态度不好，要求退钱后诸多借口，想以优惠券代替。实在不想再去吃了，要求退现金，还故意少退。即使现在有优惠服务态度这样也不会去了,0
"非常大,很漂亮, 上次去还在修,这次去已经可以参观了, 真实和很大,房子很宏伟,又象故宫,又象公园, 老少皆宜, 哈哈 ,, 月坛必去,回音壁一定要试",1
味道不是一般的差劲，饼跟观里前阶段狂打广告的19元披萨差不多。小食也一般，建议大家就不要叫外卖了，一定要吃的话还是去店里吧,0
和穆斯林差不多的饭庄，比穆斯林的料稍微辣一点，但是好像没有穆斯林那么火，味道也很不错，火锅非常好吃，我很喜欢，不算太贵,1
酱骨头果然名不虚传，很香很入味，不过不大，8块钱贵了一些。 我们也吃了小鸡榛蘑玉米饼一锅出，42块钱，量不大（尽管点的时候老板说量很大），味道一般吧，讲不出什么特色。 还点了青椒土豆丝，味道比较淡，从这一点看来，东北味不是很浓。 总之，随便吃吃还是不错的，适合人数比较少的同学聚聚。,1
位置处在相当繁华的交通与购物枢纽地带，东西只能说价格还算有优势。就是快餐店，向陈氏羊汤一样先买票，一份分量不多的龙抄手一般女生还是能勉强填饱肚子的，小吃不少价格一般都是几块钱，不过味道真是不怎么样。环境很嘈杂比金得利强不了多少，求速战速决又不在乎口味的的筒子们可以尝试。,0
团购的99的四人套 跟照片上的数量不符，肉上来二十分钟后催着才上火 服务太差 肉的味道还可以 建议大家不要团了 量小 吃完又去别家吃了一顿,0
真TM难吃。。。服务又不好。。开在万达这么火热的地儿浪费了 一进店门啊 服务员看我俩两个人 就非让坐两人台 那会儿又不到饭点人又少 这是要闹哪样 点菜上菜速度慢的。。。点菜的时候服务员还一脸不耐烦 好像看我俩是没钱的主儿一样爱答不理 菜吧。。什么牛肉飞饼 跟喝胡辣汤时候的牛肉合一样一样的啊！那边三块钱这里恨不得要二十！味道有点不一样也算啊。。。。 总之伤了。。。。,0
请客时点了一堆，记得菜品口味还好，摆盘也漂亮，价格还算可以接受。印象最深的一个是三杯鸡，还有一个小乳瓜炒虾仁。小乳瓜只有一点点大的小黄瓜，很清淡好吃。,1
我觉得口味挺正宗的，泡馍的味道和在西安吃的差不多，很香！尤其推荐的是油泼扯面，喜欢吃这口儿的一定不要错过，挺棒的~~~就餐环境也挺不错，挺干净的~~就是车位比较紧张。。。,1
？ 去国泰看法国影展，然后找地吃饭。看价钱比较亲民，就点了一两生煎一两锅贴跟一碗小馄饨。生煎跟锅贴都是煎得黄黄的那种，卖相很差，味道也一般。小馄饨，直接忽略不计。生意一般，点盖浇饭的比较多。,0
菜都不洗的，吃了一嘴巴的泥，恶心的我。叫来管事的人还不解决，以后不去了。不讲卫生。菜都不洗的，吃了一嘴巴的泥，恶心的我。叫来管事的人还不解决，以后不去了。不讲卫生。,0
经常去的一家电影院，非常的喜欢哪。。。 楼下就是百盛，购物饮食都非常的方便呀。。。 离家里很近，就办了张VIP，还可以打7折，平时又经常有活动会员特惠的。。。 有4个厅，场次挺多，效果也不错，位置挺舒服，就是偶尔冷气太足了。。。 这里的爆米花也很喜欢，甜味适中，每次必买，不买就不过瘾啦。。。 反正是我很喜欢也很方便的一家影院，以后会经常去的。。。,1
慕名而去，可是简直太失望了，真就不知道为何会有那么多人去，那菜就简直了，简直就无语，太无语，店里没地方竟然让我们到旁边的旅店里吃的，还么要餐费~~这是一家给我钱都不会去的地方,0
大爱的一家餐馆，因为跟姐们的愉快相聚让我对这家店好感倍增，当天4个女生点了10几个菜，他家所有经典的菜肴都点了个遍，甚至粉条都点了5种，可见我们的实力大爱的一家餐馆，因为跟姐们的愉快相聚让我对这家店好感倍增，当天4个女生点了10几个菜，他家所有经典的菜肴都点了个遍，甚至粉条都点了5种，可见我们的实力，哈哈哈！而且我们点的是全红锅喔，端上来红彤彤的，真是给力，个人认为最好吃的还是宽粉，放点醋，那味道真是绝了，相隔4年再吃，味道依旧。,1
一副北京人吃涮肉的派头。粗匡的装潢，不造作，不装！ 最好吃的是他们家的芝麻饼，个头小，估计一两个是吃不过瘾的。外皮上的一层芝麻那香味就不言而喻了。 小饼很酥脆！,1
因为离家最近所以经常到这儿来买，蛋糕的味道没的说，家里人也特别喜欢吃他家的蛋糕。不过他家的服务不怎么好，昨天去他家去买爱之翼，因为停电没有办法刷卡，问什么能来电告诉我今天来不了了，问哪儿家店还能刷卡，告诉我离这儿最近的要到老龙口那家，天呀！都有2公里了，最后在中街玫瑰店买的，为什么有近的非要告诉顾客远的店呢？这是什么心态。,1
今早去买了个匈牙利培根，居然硬的都咬不动，吃的我气死了，最近经常买来的面包也都馅料一点点，感觉越来越失败了，如果在这样，以后不会在光顾额！,0
送的饮料很难喝，豆浆还可以的，点的骨头锅，百叶太多了，味道还可以，锅底偏淡，随便吃吃还行吧，吃完还有券送，价格不算便宜，也不能点半分，所以浪费的夜不少,0
來了兩次 早茶還不錯 點心都蠻新鮮的 菊花茶挺好喝的 小壺很漂亮 不過比起其他家早茶算有點貴 還是比較喜歡盛世堂宮的早茶,1
很恶心的服务员！和朋友兴致勃勃的去，坐下等着服务员来，可是等了好久好久也没人理我们，然后主动叫服务员说要点菜，居然先是不理，然后就是答应了也不来，来来回回叫了几次，居然都是如此。我们只好甩桌子走人啦！桂林有好几家牛排，都去吃过了 ，就这一家的服务员这么可恶哦。叫了几次就理了一次哦！再也不可能去的地方！,0
全是韩国的东西！东西很全！不过还是吃的东西多！价格还行！服务态度很好！就在纽斯对面，九号线合川路下来走上15分钟！,1
两个人点了三个菜，苗家干锅鸡，觉的味道一般，后面让加了辣椒重新制作后感觉味道还可以。猪蹄味道不错，很糯。另外一个莴笋丝味道一般。菜还是比较正宗，偏辣！比较喜欢！,1
味千现在越来越贵了 也越做越差劲了 不过对这家店印象挺深刻的 因为有那么点特殊的意义 哈哈哈~~~ 说起来他们家 我最爱的还是酸酸辣辣面 酸辣结合的刚刚好~~~,0
非常好吃，老闆娘雞大姐特別親切，尤其對喜歡吃芋頭又是台灣人的我來說，是相當適合台胞的口味！烤鰶魚外酥內嫩值得推薦!,1
什么服务态度你们！对待客人就这样 以后再也不来了！还难吃得要死 服务员像上帝 顾客无所谓是吧 有你们这么工作的么,0
中午的时候去的，东西很齐全，买了小方盒栗子蛋糕，一如既往的好吃，呵呵，下次还是会去光顾的，听说晚上还能打折，下次去看看,1
伟大祖国滴天安门当然是非常雄壮的啦 每次去都是人山人海啊！特别是 你想照个相，基本后边都是人做背景 每天早晨升旗时间是根据太阳升起的时间定的 有幸看到一次降旗，真的挺不错的，给人感觉很雄伟,1
很喜欢这里的铁板烧，做得特别的美味，而且卖相也很精致诱人的，给力的店！ 初吻牛排很香的，牛排鲜嫩肥美，口感一级棒！ 法式红酒鹅肝也不错，看着就使人的食欲大增！很有创意的一家店！,1
老早就去这家吃了，感觉味道还可以，有一次正好在吃饭的时候看到服务员在整理菜，哎呀看了之后再也没有去吃过，手套也没有戴就直接用手抓，那个冬瓜切完之后就直接上串了，哎呀晕哉，之后那些荤菜就直接从批发来的箱子里面往竹上装了，而且环境也极其的脏，以后不会去了！！！,0
团的剁椒鱼头的劵 周六和老公一起去吃的 虽说是周六的中午 可是人不怎么多 餐厅的气氛怪怪的 就是那种想装大酒店的味道又装不像 坐定了以后就是漫长的等待 好长时间我们的菜才上来 鱼的味道还可以 就是有点咸了 服务员还真是不怎么地 叫了好长时间也不见人过来 人来了 点的东西也迟迟不肯上 这人还不多呢就这样了 真不敢想象这过节神马的可怎么办啊 也就适合随便吃吃 特地跑过来一趟真的不值了啊~~,0
公司附近一家特色饭店，量大味重，所以很容易吃撑然后后悔。。。柴鸡蛋也是必点，因为木有好同类比较过，对这家印象深刻,0
星巴克的咖啡还是很正的，我和朋友闲暇时间，来这里喝下午茶，点了焦糖玛奇朵，还有拿铁咖啡，还点了提拉米苏，我们聊天了一个下午，主要是太久没有见面了，聊了很多以前大学的事情。 我喜欢焦糖玛奇朵上面的白白的泡沫一样的东西，苦中带甜。 提拉米苏做的很地道，就是不够吃，我们后来又点了芝士蛋糕。,1
渔阳好像有两条初级道，两条中级道一条高级道。高级道做缆车上去大概要15分钟。难度太大的不敢尝试啊，我是初学者第一次去滑雪，找了个教练教了下感觉不错。,1
这边少有的可以喝早茶的地方，味道也和市区普通酒楼的差不多。 至于午市晚市的菜感觉一般，上菜速度也有快有慢，上次三个人吃晚饭，后来加的菜居然吃完饭等多半小时都还没上，原来厨房那边忘记下单，失望！,0
看了点评，路过哪里的时候，特地进去品尝了一杯酸梅汤，因为我是超级喜欢吃酸的，，别误会，纯粹只是个人口味爱好而已，感觉那里的酸梅汤真的好喝，味道很浓郁，夏天喝着感觉很润肺，而且很舒适的感觉心里，建议喜欢吃酸梅汤的一定要试试，绝对是很好喝的梅子汤。莲蓉的那个也不错，感觉会比那些冰激凌的夏天吃着营养一点，现在的偶开始注重营养啦。服务真的一般，哈哈,1
章鱼小丸子现在开了很多分店，想吃到处基本上都有，6块钱一份，丸子很好吃，我很喜欢多放点酱，会更好吃，上面撒的鱿鱼片片也很好吃~,1
点了一个salami 感觉很好吃，量也很足，吃的时候在心里和别的西餐厅有比较，感觉就上了一个档次，这里的甜饼是我的最爱，口感很好，吃在嘴里有种qq的感觉，很享受。服务生也相当的亲切，朋友点了鸡肉意大利面，尝了一点很好吃，很想在 多吃些，但不好意思了~~~~这家店我喜欢。,1
慕名前往，在利济东路和利济北路交叉口。 点了份酸辣鲜肉水饺+鸡蛋软饼套餐￥8。一口下去，酸辣味就象辣味素兑出来的，专门强调不要味精，所以汤味叫一个惨淡，皮厚肉腻，好像有猪皮，吃的我直想吐。一碗好像有20个，没吃饱。又要了份什锦水饺+春卷￥10.5。算是饱了。对老字号很失望。,0
前两天和朋友去吃，吃的是49元一人的，饮料比以前好点了，没有淡的像白开水了，不过，我们几个很能吃，叫他们多拿几盆菜上来像要他们的命一样，每次都是一盆一盆，多那几盆可以少跑几趟，真觉得他们算不来这笔账啊，环境也不怎么样，地很滑，要注意安全,0
跟BF来买特产，这里是之前在网上查到的，很抢手，我们买的时候只剩下6根了，别的都预定装盒了，20一根，味道很不错,1
很好吃的面包店，个人很喜欢 每次去都买很多捏 昆山很多的面包店都不错，这家也算上一个噢 希望大家都去吃看看噢~ 真的很好,1
人均111那是肯定不够的，除非你点的是中午套餐，还得不喝水。 一听可乐35，另加收15%服务费，我真不知道这人均怎么算的，只坐会儿喝喝茶不能算哦…… 主要算粤菜吧，点心很好吃，以前中午有过小吃套餐，女孩子们去了点个套餐再加一两个炒菜也够了。 我喜欢他们领位的旗袍，每个女孩子都高高瘦瘦的，穿起旗袍非常好看，亭亭玉立！,1
饿。可能期待太高了，然后就失望了。也可能是点的菜不对哇，哎。 酸奶还凑活，没有蜂蜜，囊袋很咸，大盘鸡也很咸。羊肉串一般般。鸡爪子竟然是我吃的最多的。。,0
环境很差，因为去的时候是下雨天， 里面泛起一股很难闻的味道，老板娘一直那报纸在门口擦， 火锅味道比隔壁的川香强， 但是吃完很渴，一定是放了很多味精， 价格是很便宜， 只是吃的过程中，突然有一个黑黑的东西从我身边窜过去， 我怀疑是老鼠， 再联想了一下那个味道， 不会是黄鼠狼吧！！！ 不敢再去了。。。。,0
同学聚会来了一次，选的是一个很大的房间，效果挺好，上下两层，感觉挺不错的，适合很多人一起high，我们大概有20多人，不过轮唱的机会比较少，有利与弊,1
比起这家店卖的麻辣烫，我更喜欢他家的早餐，是很传统的上海早餐，粢饭包油条，加上咸菜和白砂糖，天天吃都不会腻！另外，甜咸大饼和粢饭糕味道也很好！ 麻辣烫吃过几次，过得去吧，就是荤菜素菜的选择面不够多。。,1
点了88的套餐，三个锅的那种。感觉肥牛的锅还不错。餐后来电小茶点，菊花茶，呵呵，还行。买了那里的笔记本20元，带优惠券的那种，感觉比较实惠（仅仅优惠券本身而言）。,1
帮朋友在携程订的房间，120多大床房。 房间倒还可以，冬天有暖气，不用开空调就很热了。 不过朋友说隔音效果是很差的，靠着马路，比较吵。 不过，这个价位这个地段，还算可以了。,0
都是老字号，可是现在味道也没啥特点，跟街边任何一家热干面店里的没有任何区别……户部巷越来越失望了。这些老字号也越来越浮夸了,0
6周年活动的时候去的，味道很差，和平时的不一样。价钱打折质量也大大打折了，以后不会再去了。希望商家以后搞活动诚恳一点。投机取巧是不行的,0
很气愤的。从厦门大学走过去差不多2站路，脚也痛死了。走过去尽然已经关门了。才下午3点半好不好。到底做不做生意阿。很失望。,0
中午人特多，而且是呼啦一下全来了，又呼啦一下全走了那种。 菜很有食欲~~~味道不错~ 疙瘩汤很好 挺实惠。 属于价格公道量又足的那种~呵呵,1
饭和面都很一般，点心是亮点，记得锅贴还得过上海名小吃的称号，服务太差，没有一点专业感，觉得还是解决早点问题比较好,0
昨晚朋友提议去这里吃羊肉，里面都算几多人，不过环境很差咯，噪音又大，坐的凳子很又霉又旧，看了下餐牌，价格也不便宜，点了一个特色羊肉煲58元、特色羊蹄28元，一个莲藕汤煲28元，主食生煎包12元，个羊肉煲几好下，里面有淮山和马蹄，清甜噶，但是个羊蹄就十分之骚味，吃唔惯这种味道。其他菜式和主食就一般啦。,0
还是劝劝胆子小的朋友最好还是别去了 虽然知道是假的 不过心里还是很后怕 一想到那个画面就浑身发麻 真的挺吓人的 走着走着就撞到恐怖的人啦 只听到一阵阵尖叫声 一只手不知从哪里就伸过来了 还有尸体什么的！！！ 好多东西看着不是害怕 感觉是很恶心 反正下次是不会再去了,0
与旁边的DQ的门庭若市比起来，这边多少显得有些冷清。还有端着DQ过来找位子，被请走的。 一个人无聊，等朋友下班，正好找个地方坐。 点的芒果椰汁西米捞。芒果有点涩，料还是足。椰汁的碎冰很快化掉后，就变成稠糊糊的一碗了，比较腻人。也不是说难吃，但以后如果再去，也绝对不得点了。,0
这个是逛街逛的太累了，随便找个地方吃吃的。 其实口味什么的不太记得了，反正都差不多。点的东西也就习惯性吃的几样。印象中记得服务态度不怎么样，好不容易逮到一个服务员，总是说等下等下。反正下单了半个小时东西都不上来的。好在我们也不饿，就趁这个时候放松放松。另外总感觉他家不好找，估计我还是channel one逛的不熟悉吧。哈哈！,0
参加朋友婚礼，厅很正很高，很适合办仪式。 菜很难吃，是吃过婚宴里最难吃得，热菜是温的~~~ 服务不怎样，如果不是提醒，上菜的时候就直接把前面盘子里还有的菜就端走了，也不换小盆。 厕所有点简陋，跟学校差不多，毕竟是学校的三产么，不能有太高的要求。,0
我很喜欢吃饭。。。妈说我是“饭桶”。。T-T... 这家真功夫去过一次。。。还行啦~~我很喜欢吃蒸饭~~~饭气攻心的感觉很好。。。不过呢只吃饭不是很饱~~男孩子更不用说啦~~最好是叫多一个汤和饮料。。。那里的鱼蛋也蛮好吃的。。。叫了个瘦肉米粉~~没什么特别~~但还行~~ 讲到特色也只是普通的中国大众餐馆~~~。。。。量其实也不多。。。价钱不算优惠~~~但是在冬天吃真功夫还是不错的~~我个人是很喜欢吃排骨蒸饭~~,1
夏天的时候招行单币信用卡每周二有6折的活动。6折啊，太值了！ 其实就是冲着他家的三文鱼来的。刺身很新鲜，入口即化的那种。不过只限于大块的那几块，旁边做成花瓣状的碎肉很多筋，没怎么吃就扔了。 日式火锅也不错，很适合初冬这个季节吃。不过我们是夏天的时候，嘴馋还是吃了，还不错。 CBD卷是朋友极力推荐的，其实我倒是觉得一般，上面又油炸的什么东西，吃着有点油腻了。 蛋黄酱焗牡蛎也一般。蛋黄酱很香，浇上柠檬汁口感很清新，牡蛎味道一般了。,1
垃圾中的垃圾，怎么会这么难吃，完全打破了我对馄饨侯的好感 估计是加盟店 不知道的人还会以为那么有名的馄饨侯就是这个烂味道呢,0
公司年会在这里办的。。。额。。。不敢恭维挖。。。难吃挖。。。然后又饿，不吃不行。。。哈哈。。。纠结。。。 装修的挺好，但是怎么菜式那么摊班挖。。。没有想法哦,0
团的 不听老人言 吃亏在眼前 果然他家到处团购 真的是有猫腻的 那个pizza超级难吃 我满心希望薄底的惊艳 就算这样灰飞烟灭了 5555555,0
这家还买其他清真的东西，老板就是穆斯林吧。 没有什么太突出的地方，一般麻辣烫的味道，汤头真的不怎么样。就是环境实在太差太差。,0
靠近外滩，交通方便哦 晚上的话，夜景很漂亮哦 值得一提的是，顶楼有个露天的酒吧 唯一不好的就是周边有点杂乱，比较吵,1
吃完饭和老妈去买东西，回家路上路过这家店，想想老妈肯定不会自己买来喝，就带着她去喝一杯奶茶。已经不记得要了什么口味的，反正是8元一杯的中杯的。问老人家好不好喝？回答是，喝这种真当浪费，自己回家买罐奶粉加点蜂蜜之类的，味道绝对比他的好。,0
服务速度慢，从点完到咖啡弄好要5~10分钟，最后是自取。另外环境闹，地板有人走动就会严重抖动，怎之不怎么样。,0
绝对的失望啊……本来很是期待的，到了以后看到那些吃的完全不像介绍的那样，失望啊……而且食物品种不多补菜也很慢……以后再也不想去了……,0
虽然就在公司附近，但是以前还真没来逛过。购物环境非常好，但是主营还是餐饮，服饰店太少了。有汤姆熊和无印良品，还有好几个咖啡馆，还是可以消磨时光的。,1
我喜欢许留山的芒果超过其他家的，这类的甜品店很多，不过我最爱许留山，芒果味道很重，看样子就用料很足，不是香精对出来的,1
松江新城区比较热闹的应该就是开元地中海这里吧。。。看电影一般也就在地中海影城了。周二周三半价的。人比较多，平时么人还行吧。影城还算可以吧，不算太差,0
看完电影吃好饭走在这条路上 要了杯三分糖的巧克力布丁 不甜 是我的口味 很好 晚上的生意并不像周末那样火爆 没有等很久,1
服务也比较好，然后有露天的桌子，在群光旁边·尽管风景不怎么样，灰尘也很大··依旧人满为患··呵呵··比起来··光谷的更好一点。这家一般,0
杏仁豆腐里的豆腐很Q，晶钻奶茶晶钻不好喝，珍珠奶车的珍珠有时候会不太Q，喜欢它家那种可以加钱加新鲜水果的饮料，可以把喜欢的水果告诉奶茶铺的JJ，JJ做的比较好吃，GG的手感差了点，某次叫的奶茶，差点甜死我,1
这种寿司外卖店现在很流行，像别的地方有争先，还有……忘记名字了，反正都是单独包装，干净新鲜的寿司外卖。价格比回转寿司店要便宜多了，种类还算丰富吧。选完寿司还会配好三合油和芥末，觉得更方便了,1
到这来当然主打的还是鲜嫩多汁的丹东大黄蚬子了 不过价格也够贵的 味道当然是好 环境还可以 饭点上人比较多 食材还是挺有优势的 干净 新鲜~,1
一直就睇新闻讲呢度系依家已经好少有嘅纯手工濑粉···一直都想试但无奈都唔知第一津街系边所以冇食到！今日途经无意中俾我发现啦~哈哈哈，好多人排队买，仲有好多老伯婆婆阿叔阿姨系店嘅外面坐系度食~我就打包咗一个，都唔错啊！好味！D粉有齐晒虾米冬菇猪油渣味~虽然讲唔上惊艳同惊喜，但依家嚟讲已经好少可以食到咁嘅味道噶了！原来咁近越富广场嘅，下次行完街可以又去食啦~,1
之前团购去过的，一直忘记点评了。店挺大的，环境不错，比我想像中的好。味道也不错，就是上菜速度太慢了，可能是生意好的缘故吧。,1
第一次吃卡布拉蛋糕 是同事请客 买了卡布拉的小蛋糕当下午茶 不甜也不腻 原来不爱吃甜点的 竟然能一口气吃下一整块黑白森林 第二次是路过他们家的古北店 尝试了下新品巧韵 店员推荐后 打包回家细细品尝 巧克力味比较浓郁 还是不错的 上周在他们淘宝网店里预订了个造型蛋糕 感觉好像还是挺方便了 至少对我这种懒人来说觉得真心的方便啊 订了个蛋糕 还送了个黑白切片 大快人心 考虑年底的婚礼或许也能定做个特别点的多层蛋糕,1
不愉快的用餐经历，等了很久很久才上菜，旁边晚来的都吃上了，关键这是下午三点，服务员一大堆，客人那么少还等这么久，找了经理发飙才又在十分钟内上。关键连表示歉意的表述都没有，破烂服务！！差评！！根本内有心情吃了。,0
儿子的十岁生日就在那里办的。 我们要了两个小的8人坐的小包厢，中间可以开门的。给孩子们一桌，大人们一桌。 菜的量挺足的，味道也不错。糖醋小排不错，还有孩子们喜欢的玉米烙也蛮好吃的。他们的价格应该不算贵。挺实惠的。,1
一个人吃饭就坐在转盘边上了~ 服务么还可以~ 东西还是蛮新鲜的~ 味道么每家都一样~ 么萨很特别的 去的时候人8多~服务相对还可以,1
锅贴就不做什么评价了，全国的四海游龙锅贴味道都一样 他们家不太起眼，反正我去了几次，里面的人都不多 又一次饿了，点了他们家的卤肉饭，可以说，那是我吃过最难吃的卤肉饭,0
家门口的饮食大楼，居然还开了85度C ，不错的。还有就是KFC，城隍庙小吃，豆捞，及其以他一些有名无名的餐饮店，据说住在楼后的居民意见很大啊，油大烟大。地下室有家不大不小的联华超市。,1
昨天刚去的，服务员太差劲了，要个盘子要了3遍都没人点， 环境脏乱差就不说什么了 再也不回去了！ 再也不回去了！ 再也不回去了！,0
刚刚从他家出来，我们14个人点了24个菜花了1150元（无酒水），价格不算便宜，，能留下好印象的只有肘子、菠萝丁虾球和蟹黄豆腐，、锅包肉了，其他菜品谈不上精致并且有些粗糙，类似于小鸡炖蘑菇之类一个菜要58元，味道和品相顶到天只能跟成都小吃相提并论，农家佛跳墙简直糟糕透顶很是难吃，而且我不明白他家为啥要把凉菜弄得价格那么高，随便一个凉菜都要30多元，难道说一个酸辣黄瓜盘龙要36元，是不是脑子进水了~！总而言之，下会不会再去了，名不副实,0
从小吃到大的一家了 面包的话感觉也没有太大的特色。。 最心水他家的蛋挞，不是葡式的也不是酥皮的但就是喜欢这种口味，样子也很可爱的，赞~,1
记得有一次，和他去逛街，那还是我们刚认识呢。他是北方人。正好路过这就进去了。一进屋就能感觉到浓浓的东北的味道。菜品也很好。,1
这简直是太欺负人了，包子都不是现蒸的，就算是路边摊也没有这个道理吧。 套餐里的小米粥虽然是随便吃但是只给一个碗，加一个碗还要交钱，尽管只是一块钱，但是非常没有道理，先不论你那个套餐也没有写明“限一人食用”，现在都什么社会了，我们都花5块钱去买你那个碗底大的小包子了，未必还会贪你那点小米粥！？过分！ 特质咸菜就一小点，又难吃 整个就是一家欺骗外地人的***！强烈质疑那个锦旗！,0
吃过的史上最扯淡的茄汁大虾！！9只小罗氏虾卖68块！！！和图片毫无相似之处！！！ 勺子跟没洗过一样....粥送的炒粉大约是图10分之一大。 猪颈肉完全味道不对！！！就是肥叉烧！！！ 无语！！！怎么会有3星评价的！,0
在网上查找的，方便，携程旅行是一个老牌子了，信任度也不错，她们关键工作服务很到位，有次我东西忘在哪里了，等第二天去还在那里，他们帮我放好了，这点我很感谢。,1
只剩春秋在这里了，交通超级不方便啊，晚上航班到了以后公交也没有，只能打车了。就一个航空公司在这里起降还晚点，什么机场地面管控，太差劲了。,0
看了网上的介绍去的，实在太失望了。菜一端上桌就知道以后不会再来了。干锅兔量不多，兔肉老，里面所有的兔丁加起来也就一小碟，每个只有指甲那么大而且是带骨头的！剩下的全都是辣椒+姜丝+香菇，香菇也是油腻腻的，汪了小半锅油，感觉这道菜全是油和辣椒做的，丝毫谈不上调味，性价比很低。清炒素菜也很油。 中午吃的，吃完没多久胃就不舒服了，直到晚上睡觉的时候也没好，不知道是否是油不太好，还不如去肯德基吃垃圾食品呢，至少不会这么难受，口味也好得多！,0
有一个朋友的婚事是在这里办的，这店的环境很好，看上去金碧辉煌，服务员的很有素质，穿着都挺有特色的，他们家的菜也挺有特色的，味道也不错,1
周末去了这家传说中的小吃店，的确名不虚传，点了三鲜馄饨和小笼，馄饨感觉一般吧，但是里面的料不错，有开洋，小笼真心好味道很赞，外观看上去一般但是味道很好，还有汤汁，很不错，值得推荐！,1
水晶的烤盘，没有很大的油烟，也没有黑乎乎的烤盘，很好 服务员全程服务，不用自己动手， 水晶烤肉是3大块五花肉，烤熟后剪成小块，表面烤得金黄，真是很诱人啊,1
外卖很迅速，而且一碗就能送。喜欢大头菜的，馅多，汤鲜。价格在淮海路这边算相当平民的了。喜欢吃馄饨的可以叫叫的～～。 PS:他们家的盒子不咋滴，有次叫了粉丝汤，送到盒子就开始漏了，最后送了3次，以后都不敢叫了。送外卖的小姑娘态度很好，没什么抱怨。,1
估计是因为平安年会点的菜不是该酒店的主打菜，以至于吃完之后大感失望 而且该酒店的地理位置也不太好找，位于乍浦路的单行道上，开车停车都不方便,0
"这间店在这附近生意很好,招牌菜就是水煮鱼和酸菜鱼,平时吃多了酸菜鱼,这次三个人去点佐个水煮鱼,两斤多点.好像是18元一斤,因为不是我买单,不太记得了,还点了个手撕包菜,甜酒汤圆.刚好够吃,水煮鱼很赞,很好吃,就甜酒汤圆不太近人意,不甜,也没啥酒味.6元一碗觉得小贵..",1
异常火爆的鸡肉火锅，鸡肉肉质鲜嫩，本地鸡60一份，土鸡80一份，一只鸡950g，也不小呢，两个人吃都吃不完，可以选5种涮菜，厨师的刀工非常烂，藕片切的有2cm厚，都煮不熟，海带丝太长。芝麻酱和小料味道太次。环境太差，没空调，大电扇吹着，热的不行，关键是这样每天等位子的人都能排好远。,0
朋友推荐的一家蛋糕店，尝试过来才知道那个味道啊真的是回味无穷的~ 我有布朗尼控每次到一家新的蛋糕点肯定先去尝试一下他们的布朗尼~这家的 布朗尼价格实惠味道浓郁非常的赞~ 还有大理石蛋糕也是非常的不错的~ 值得光顾住在附近的朋友可以多多尝试,1
这家店原来在四平路的吧~很久以前ms吃过~ 这次是同学聚会，定了个包房，挺干净的，也亮堂。 等到菜上来了，真一般，有些菜还只能说能吃。 价位来说还不算便宜。 反正我自己出钱是不会再来了。,0
上次去的时候正好下着小雪，意境是非常的好，但是很后悔去的帝景，内部设施很差，还不如市内比较一般的洗浴中心呢，大冬天的，一出更衣室一人就给了一条毛巾，服务员舔着脸说：到了池子那就不冷了！我靠！池子是在200米以外。一个字：冷！俩字：冻死！有好多池子还要另收费，饮食也比较贵。又远，又不值那个钱！,0
最喜欢吃来双祥家的鸭头，当家巨辣，3块五一个，每次都要买四个吃，辣的很过瘾，还喜欢鸡胗，以前十块一袋，现在十五了。每次去必买这两样,1
朋友团的券去的，交通很方便就在军人俱乐部里面。但里面设施太陈旧了，音响效果也很一般。洗手间卫生也不好。反正是不会再去的店,0
一般中午叫这家的外卖，速度还行，在店里吃就受不了了，小，多，慢 味道相比其他的老鸭汤更能接受，一个月吃个几次还是可以的,0
实在让人没办法说好的一家店。味道上来说，太不怎么样了，跟古北这里的台湾牛肉面不能比的。像他们这里的味道跟唻吃面之类的店简直就不能比，差太多了，汤头还没康师傅面馆的好。另外他们的量也绝对没有菜单上标的600g，我根本没吃饱。要知道康师傅面馆那碗面我是没吃完啊！ 就服务来说，他们给我上错面了，跟他们反映的第一句话居然是“你不要换了吧，吃吧”晕倒哦。这什么事啊。以后应该不会再去的,0
黄山大厦对面那个KFC负一层的店是我跟某鱼曾经的革命根据地 那些赋闲在家的日子大部分都是在这里混掉的 这家吃的东西一般但也不至于难吃 喝的嘛没什么特别的 就是可以无限续白开水 你坐得再久也不会有人轰你走 关键是也没人跟我们似的一去就待一下午的。。,0
以前吃过北海道 还行吧 比较浓 前两天去尝了个新出的金莎欧蕾 哎 冲着广告去的 有点失望 很甜的 味道怪怪的 底下应该是红豆沙吧 但是皮都没去 有点粗糙,0
他家有特价的牛肉，12块钱一盘好像，味道挺好的。还有一个沙拉，里面有玉米粒、火腿粒什么的，我喜欢，每次都点。 环境和服务一般般，客人也不算多，但是东西都挺好吃的，像五花、牛排之类的都不错~~,1
吃旅游的团餐，能到这里来吃，确实是不错的了。店里显得很干净，服务员素质也相对比较高，在杭州就吃了这一顿饭，却留下了难得的印象。 西湖醋鱼味道一般，主要是醋放得略多了一些，而鱼的肉质也不是很好。但是莼菜汤特别喜欢，很鲜美；有一个很简单的菜，大概是白菜粉丝炒虾仁，很好吃，一桌人都评价不错。其他确实没吃什么特色菜，但总体感觉不错。,1
朋友过生日去吃的，因为人多所以选择吃自助餐。里面都是我喜欢吃的，所以觉得很不错，符合年轻人的口味，所以生意很好，也很好找。披萨口味不行，一股药味，其他都不错。,1
日本人做东西真的很用心，不止设计很贴心，质量也没的说 我买过他家的一双白色平底鞋，穿着舒服，还很好看 还买过他家的多色笔，还有文件夹、相册之类的，虽然贵，但看看也很开心 最主要的是男朋友送给我的皮夹子，所有人看到都觉得不错，米色的，放零钱的一侧设计得太完美了 我看中了他们的放耳环的透明盒子，要两三百块，可是耳环放进去堪称一目了然，有钱了肯定要买一个！！！,1
Pizza还好吧，经常点叫他家的外卖 20元起送 周一到周四会有特价Pizza，19块钱 吃过一次意式面 真的好难吃啊~~,0
这家在西单大悦城以北的婚嫁大厦七层，这层还有烤鱼和海底捞，到饭点的时候估计电梯会很痛苦吧。 他家的装修别有一番意思，到处都是毛爷爷啊喂~~服务员的工服也有闪闪的红星，而且都别着大大的像章。 菜品还不错，不过没什么特色。 重点是服务吧。服务员属于“有求必应”型服务，虽然还没达到“主动型”，但也不错了，在北方不能太苛求。 最后会送个毛爷爷的小像章，很小很cute~,1
朋友请吃饭。一共三个人，吃完了一点印象也没有，不知道吃了啥。因此不多做评论了，但总体感觉是不值朋友付掉的那300大洋！,0
参加过中国青年旅行社的日本黑部立山，我的感觉是：钱花得不冤枉。导游素质不错，路线没乱跑，而且办事小姐也很亲切，看了一下法国行程，生活美学的十日游，行程不错，至于是否值得，我会说：应该OK，不过谁也不敢保证罗～等我回来以后再告诉大家，呵呵呵,1
"点了2人份田鸡粥,服务员说30块.回头领班一通骂,我们都在旁边听着,象训斥我们.说30块不能做要60块. 改了海鲜粥50块.旁边桌一直在投诉太慢了. 点了个芋泥卷,很甜,外皮是拧的,硬,难吃. 也没什么打八折之说,以后不会再去",0
昨天和同事们步行了半个小时才到的这家店。而且只有八号口才能进的去。这家店好小，无语的是中间还隔了开来。一半时地铁里门进来的客人，一半是八号口下去的门进来的客人。饭盒从以前的锡纸盒改成了塑料盒，我点了卤肉饭，味道不怎么好。基本断了以后去他家吃饭的想法了~,0
总是很遥远的地方就能够闻到他们家的烤面包的香味，招牌是蛋挞，很多百货门口都有摆个卖蛋挞的小摊，还有拿破仑的味道也非常好，单个人觉得其他面包的味道就一般般了。环境不错，适合逛街累了休息。,1
我去吃了好几次，好像每个碗里配的都是鸡蛋西红柿，除了油泼面。。。。 吃臊子干拌面里面就两个手指头肚的臊子料，其他都是鸡蛋西红柿，我问了那家放暑假在家帮忙的孩子，你家这是鸡蛋西红柿面吧。。。。孩子说就是这么吃的。我无语。。。。 面挺便宜，现在又加了盖饭和炒菜。 离着隆福医院比较紧，但是由于地方有点不着不靠吧，不太好发现。,0
凉拌牛肉肉不是上等精选牛肉，倒像是边角料。点了一道菜叫什么什么辣烩，居然是牛脑和脊髓！我最讨厌吃的东西！我气愤服务员居然都不提醒一下这非主流的原料，气愤菜谱图片和菜品完全不一样！48元一份，就这么摆在哪儿！服务意识极差，我给差评！,0
吃好中饭去的，人不多，点了个79元的套餐和冰咖啡！一共用去139元！冰激凌很甜也没啥特别的！就是吃个名气！服务倒是不错的！,1
来沈阳上班后最忧愁的一件事是吃不到了黑龙江做法的锅包肉，沈阳的锅包肉放番茄酱很容易腻，在倾城上看到了这家店的广告，闻风而来，不能说是最地道的黑龙江锅包肉，但比之沈阳的番茄酱实在是好太多了，外酥里嫩炸的火候很到。 鱼炖了很久，粉条和豆腐反倒比鱼肉好吃，呵呵。,1
服务还算可以，环境比较一般，吃的嘛和其他几家没什么区别，都还不错。因为现在卖场附近没有什么比较不错的吃东西的地方（肯德基就不算了），所以这家必胜客还是一个比较不错的选择。,1
"经常去的一个烤鱼店,地方不太大,味道还不错,就是有时候做的比较咸. 因为人多的缘故,服务就比较一般了,叫服务员总要叫好几遍才行,不要发票可以送饮料.",1
服务态度差，上菜慢还上错菜，一碗粥都可以等上半个小时，一份海带丝也可以等上二十分钟绝对无语，最后竟然还不能开发票，还说要十五号后自己来拿，据同事说他上次开来吃也是这么说的,0
去好长风公园，随便找个地方吃吃饭呗 个么看到撒就吃撒吧，这个店名字慢特别额。。 学友。。。是粉丝嘛。。哈哈哈。。个么就进去吃吃看咯 话说东西味道还可以的吧，价格啊不贵 不过属于个种一盘菜，素的都满多饿。。肉很少的那种。。 点了荠菜撒鱼好像。。么撒鱼饿。。。汗。味道到可以。。 点了个鸭舌，，哈哈，这个一般吧。。 还点了其他滴，，不记得啦。。 想点醉虾饿。。55555么一刚。。。菜单上有的嘛。。坑爹嘛。。 随便吃吃可以饿,0
"杏汁白肺湯: 80分 四小碟, 話梅青瓜: 90分, 脆鱔 80分, 牛碾85分, 脆腐皮卷88分 魚肚時菜 85分 鹹魚肉餅 80分 青檸雞 70分 又乾又老 蓮蓉侷布甸 75分 (番侷) 芒果布甸: 75分 不滑 桂花糕: 80分 腐竹糖水蛋散: 80分 不值再去",0
干锅的味道也可以。粥啊点心什么的也不错。但最爱的还是豆浆。 我觉得味道还不错的·~~~而且很划算哦~~~有时候家里不烧饭，就去伊加伊买点熟菜的，荤的都很便宜，不贵,1
"上个月去的,赶上旁边有几桌生孩子过满月的,就冷落了撒客,点了四个菜,一个一个的催,旁边有四桌也都再催,上菜特别慢!!菜做的特别不好,咸,量少,吃的特尴尬.再也不会去渔公渔婆了,包括别的分店!",0
吃饭的时候吃出来个小昆虫，具体是什么你们知道的，上海这么潮湿，你懂的。之后问过几个做意大利厨房工作的厨师朋友，听说他们的厨房不怎么干净。而且服务也不怎么样。总之，我觉得大家不要跟自己的胃口过意不去吧。这种天气本来就容易生病，我还是建议大家绕道而行吧。实话实说了,0
美多眼镜超市，在广州很多地方都有分店，不错，去到哪里都方便。 主要是比其他店的产品便宜，因为我对比过，隐形眼镜护理液怎么也少几块钱。继续支持。,1
环境比较脏乱，服务生特迟钝 鸡粥：这个粥煮得还算可以，比较鲜 红树林白斩鸡：肉质比较嫩，蘸料不好 清炒蔬菜：有刀豆、木耳、银杏等，味道可以 金银花茶：还可以 重点批评一下服务员，点单的时候要了蛋白蛋挞，催他上蛋挞的时候居然先问我们：你们没吃吗？OMG!有没有上菜你们难道自己不清楚吗？！然后又告诉我们蛋白蛋挞没有了…… 开发票的时候又被告知100元以下的不给开发票～！没到税务局揭发算是对他们客气了！以后再也不会来这家店了,0
以前25元得时候去吃过好几次，里面环境真不怎么样，人很多，每人一个小锅，放酒精块烧的那种，当你的酒精炉烧完的时候就熄了，也不会再给你加了，意味着你可以吃完了，真是聪明的店家啊。 至于菜品，自助吗，什么都有，肉啦，菜啦，水果之类的，基本上够吃了，味道也就那样，这点钱当然不可能吃到什么海鲜之类的了，所以路过随便吃吃就好，反正管饱。,0
老公看到蛋挞突然嘴馋了，没吃过这家，看到皮很厚的我就没兴趣了，所以就买了一个吃吃看 6块一只，蛮贵的 老公说很难吃...好吧我就不发表意见了,0
买了它家的巧克力芬迪铃..3.5元很小一个...超级难吃..难吃的程度无法形容..从没吃过那么难吃的巧克力圈..我就咬了一口就扔了 无语的一次体验,0
这是回民街吃到的最难吃的东西！ 7元一份的粉蒸肉全是粉，肉屈指可数，而且味道很奇怪，都吃不出究竟是羊肉还是牛肉。。。 真的很难想象，这个能算风味小吃~,0
点了个外带全家桶，包括5块吮指原味鸡、6块香辣鸡翅、2个胡萝卜餐包、1根香甜粟米棒、1瓶1.25升装百事可乐.基本够两人食用了，吮指原味块很大，很解饱。,1
开在华山医院对面 卖猪肉铺和糖炒栗子的生意好的不是一点点 糖炒栗子相比前两年明显涨了不少 18.8一斤的价格可谓突飞猛涨 阿姨的态度则是标准的老字号型 因为是一个人解决 又想趁热吃 就称了10块钱 问阿姨有没有袋子 态度差的仿佛我欠她们200万 决定再不去这家买东西了,0
以前团虾的时候团了张，在去年最热的一天去消费的，坐的留言墙旁的位置，看了很多有意思的留言，那边的布丁很好吃，尤其那个小瓶子很可爱，后来为了那个瓶子又买了好几份哈：）,1
第一次来成都，头一天吃了老码头，看见这里排队排的可怕，于是第二天中午特意来吃的，中午人不多，九个格全是辣的，没有办法分开汤。我觉得挺失望的，涂有好看的九个格格 ，鸳鸯和九格不能兼得。遗憾！！,0
一般来说不错，偶尔服务员酱放多了不能吃辣的就会很悲剧，但是味道还是不错的 鱼不错，还有菠菜也不错 总体说味道挺好，算是特色吧，但真的不是能常吃的东西 柠檬茶不错,1
我拜访客户后，到地铁站的路上走泓鑫时尚广场，随便进去这家。 是像日式连锁餐厅，但有点旧，不太干净。 我进去的时候已经过了1点钟，客人很少。 我点了套餐，味道不怎么样，没什么可说。这家是日本人开的？还是中国人开的？,0
和女朋友一起的，她特别爱吃辣的东西，在点评上看了就非要去。 一进门感觉这家店很大，但吃的地方感觉不是很多，环境很一般。 这家羊蝎子味道相当不错，香辣咸香。而且越煮味道越好。到后面筷子一划，肉就基本都下来了。我吃过的羊蝎子中属于上成。,1
"不是一眼就能够看到额,是想看看NONO新开有啥活动,才看到额。人好少额。现在特价10米鸭血汤买8米,觉得味道不怎么样,还是爱吃妯娌额鸭血汤。",0
旅游时候去的，在平江路的小巷子里。纯正的苏州小吃，价格也便宜。赤豆元宵，酒酿圆子等甜品都很不错。我吃的是赤豆酿。忘了是不是叫这个名字了。就是赤豆元宵的糊状，味道很好，有萦绕在舌尖的丝滑，甜而不腻。,1
上菜慢，巨难吃，服务员不穿工作服。菜很油，味不正，感觉油有问题。巴国牛肉感觉不是肉做的，蒜蓉油麦菜反而比它还腻。最不能理解的是，白开水居然也有怪味？？？？,0
最爱吃麦当劳了，个人觉得比肯德基好吃，麦当当现在买套餐送杯子了，我已经有好几个，呵呵呵，夏天到了最爱他家的麦旋风，冷饮是最喜欢的。,1
口味比较重，个人很喜欢，尤其喜欢板筋，真的是非常的鲜嫩，每次必点~~~ 还有凉拌豆腐丝也很适合跟鱼一起吃。不过有一次打包带回家后，发现油都凝固在一起，很影响食用。总体很喜欢滴~~,1
这家火锅店还是挺好的，里面装修的还都是挺不错的，而且服务员的服务态度也都是很好的，自己在这里吃的都挺满意的。,1
点了冰的芋圆3号和红豆布丁，三九天吃完透心凉，味道不错，芋圆应该是黑糖水底配了足量的羽圆和红薯圆、珍珠、软糯的花生和红豆，芋圆总是吃不够，很筋斗儿但是吃不太出芋头的香味。红豆布丁很香滑，奶味很浓但整体又很清新，夏天喝肯定舒服透了。,1
不管是环境还是口味都中规中矩吧，赶上一次满100返100的活动，还是挺实惠的，第二次拿券带婆婆去吃，不过如果没有活动可能不一定会再去，可能还是没有什么能特别吸引我的地方吧。,1
喜欢北京路多过上下九，因为这里比较多品牌店，路也比较好走，附近有很多电影院，逛街逛累了，也可以停下来看场电影，交通也很方便,1
朋友生日提前点的外卖，总之他家的外卖时是神算啊，在大家饿死之后才送来，同学中的一人都饿哭了。 东西实在是一般偏下啊，连这个价钱都不值，希望堂吃的各位好运啊！！！,0
泰国菜也吃辣，但是比较温和。泰国菜当然要吃咖喱。所以一个黄咖喱炒蟹先过了嘴瘾，还有冬阴功汤，这个可是世界三大名汤之一，鲜虾鲜嫩，营养味道鲜美，酸辣度正合适，值得推荐。 还有就是踏踏米，超级喜欢，让人很放松，美美的享受去吧:),1
"逛街类了 就到这里坐坐，可能是人太多 不愁没生意吧。。 态度很差。。。 反正必胜客其实感觉都差不多,这个店也没有太大的特别.",0
看这名字就觉得有创意 那些小布偶真的好好看 就是不适合我们玩了 从小对这些手工做的东西感兴趣 看到他们家的玩意 很开心,1
现在这个价格的自助真没法吃了，鱼上得很慢很慢，量也小味道一般般，羊肉片假的，其他很多涮品也是假的，鱼豆腐做个样子，凉菜都咸的要死，再也不去了。,0
又是吃糖炒栗子的时候，但这个没有以前的质量好了，买了一包，吃到好几个坏的，栗子也不是很甜，有点小失望~估计不是顺路也不会再光顾了~,0
点了看上去很可口的咖喱猪扒饭，中午人还挺多的，排队，店面很小，但是很干净，坐着也觉得挺舒适的，在门口就点好了，所以进去后没有等很久就上了。咖喱猪扒饭看上去猪扒不多，其实分量十足啊，根本吃不完，咖喱味道也很好，饭的口感也很好，猪排也挺嫩的，真的很不错哦，下次有机会试试看别的饭饭,1
"味道真的十分好，就是有点贵，不过也没办法，因为真的很好吃，相比釜山料理，还有其他烧烤中，小南国烧烤真的很好吃，贵不贵无所谓，但至少货真价实，环境也不错,牛小排真心嫩！！！！！！！！真心好吃啊~~~~~~~~~~",1
姐姐的婚宴在这里办的，菜都很不错，其中有一道没记住名字超级好吃的，号称是“京城最贵的馒头”。馒头应该是用牛奶做的，还有鹅肝和野山菌。很不错，推荐大家聚会去。,1
不知道应该怎样总体评价这家医院，你说不好吧，他的名声在这里摆着，你说他好吧，对老百姓看病来说，还真不怎么样。硬件那是没的说，服务吗赶上好的医生那就是运气。可是老百姓们为什么还是要抱着大把的钞票往这里跑。哎。。。,0
每次带女儿去金宝汇看电影，都去吃。女儿超喜欢，每次都选全麦的面包坯、金枪鱼口味的，可以自选蔬菜、肉类、调味汁，配的热汤也很不错，紫菜蛋花、蘑菇汤都不错。咖啡也还好，听说能免费续杯、从来没有试过。下次问问。,1
昨天应该是这家店 反正我要的百香果暴冰木有了 小小的失望 结果选择了双拼奶茶 发现门口在发汽球 满好玩的 就起要了一个粉色,0
慕名而去，便从此不能自拔，味道噶好，噶实惠，有午时套餐，最重要的是味道真的很好。 馋嘴牛蛙和厚味做的一样，水煮鱼味道也很正，虽然是午时套餐但是分量没有打折。 会经常光顾的,1
虽然在外地上学但总是怀念这里的味道~~离家很近~有时候周末全家会来这儿吃早茶~~汤包很经典虽然比别家的贵~但是绝对是值得的~~烧饼也很好吃~~喜欢萝卜丝的,1
里茶叔叔的店！真的很不错！台湾口味！大众消费！最正就是味道是真的不错！里茶叔叔还喜欢交朋友！不但让你吃开心，而且还吃的很幸福！很有情调！,1
在兰生看电影，因时间还早去吃味千拉面，拉面吃多了就想改改口味吃吃他们的石锅饭，叫了份芝士牛什么的石锅饭，吃了一口淡而无味，从没吃过这么难吃的饭。看来味千还是只能吃面，别的算了，只能用一塌糊涂形容,0
还是冲着糯米鸡去的 打包带走了 顺便点了什么奶香千层糕吧 不怎么样 就是奶皇包的升级版- -店员服务态度不好 懒洋洋的 找半天才在找的到人 上菜速度也慢！,0
午餐来这里吃的茶点。价格不算便宜，但味道值这个价。虾饺皇和鲜虾肠粉的虾都很鲜，蒸凤爪很好吃很入味，木耳香菜饺味道也还可以，一笼3只。粥类都不错，熬得很稠。这里最贵的还是茶水，一壶普洱108，但喝起来感觉还算是好普洱。,1
"不知道为啥这里的鞋子越来越贵，随便买双鞋要2,3百，大概买的人也多，服务态度也很差的，没有活动坚决不买他家的东西",0
什么东西也没有，还那么贵，就几块比萨，半天也不加，比着金汉斯差远了，本来想着第一来品尝一下，结果太让人失望了，永远不会再来,0
"第二次来，东西还算，就服务太差了。从停车开始就没好服务。叫点菜看到不看一眼，跑去""捉个""陪长还装肚痛去厕所。",0
啊呀呀呀呀呀呀呀呀呀哎呀呀呀呀呀呀呀呀呀呀呀呀呀哎呀呀呀呀~同济医院是上海的三甲医院啊 ~！ 不过~！！！ 他可是上海唯一一家最最蹩脚的三等甲级医院啦~！！！ 实在是烂的无法想象~ 护士大部分都是外地的~ 医生大部分是外地的~ 水平差~ 态度差~ 设施差~ 是他们的三差标志啊~！！！,0
算是一家地道的老北京涮肉吧，还是用的炭火铜锅子的。大冬天带着老婆，吃着火锅，唱着歌算是比较惬意的呢。价格有点小贵，人均一般也要60-80左右吧。,1
去吃的自助餐，性价比极低，米东西吃，没有饮料，居然是白开水，熟食是昨天的，很凉，火锅本来是29没人，居然还要加10块钱的锅底费用，反正是再也不会去。,0
比刚开业时候味道差了很多，教师节那天要了外送，结果猪爪的大长毛都没去，鸭肫有一股很怪的腥味，再也不敢吃了,0
一家综合大型批发市场，分为二期，一期主要是服装，二期主要是小商品，人超级多，东西好坏都有，要会淘才行，不过环境不怎么样，比动批稍好。价钱嘛也不是很便宜，要会砍价才行,0
挂号交费在一起，人很多，安排不科学。 医生态度不好，非常不好，检查开起来不要命的。 护士也不怎么样，输液……算了。 收费处的人一张脸臭的和借米还糠一个德行。 就是医院外形可以，其他，无语。 又是部队医院，以后死也不去任何部队医院了。吓人。,0
青岛是一座海滨城市，空气很好、很湿润，特色就是沿海一线，从栈桥出发，沿着海滨木栈道，经过中山公园、鲁迅公园、海水浴场，走到五四广场、奥帆基地，很有情调！,1
生意挺好的地方，平时的晚上都比较满 口味偏本帮的，不过用油比较多 鱼头汤上有较厚一层油 茄合更是油得有些过分了，不习惯 虾仁和豆苗类似 口味清淡的可能吃不惯 环境还算大气，不过因为人多，所以比较家常 服务员态度不好，一副爱理不理的样子 几个服务员都这样，印象很差,0
很别致的一家店，距离朝阳公园很近。出去玩儿了一天，晚上刚好吃顿美味。 秘制腌排很嫩，酱汤也非常好喝，可惜里面的蛤蜊有沙子，有点遗憾。辣炒米条和什锦蘑菇不是我的style，味道有点淡，口味重的人可以选择别的。鸡蛋羹和想象的有点不同，不过外焦里嫩很好吃。 两个人吃的太饱，不过下次会再来会尝尝这里的冷面。,1
上周去看网球大师赛地铁坐到莘庄，车站斜对面就是百盛，环境非常不错门口有个很大的HM，地下一层是吃饭的，都比较大众化不过选择余地很多。商品牌子也很齐全，非常好,1
一直很喜欢酸奶，据说有美容的功效，嘿嘿！路过这家店的时候，买了一杯，红豆酸奶，味道不错，酸酸甜甜的味道，很喜欢，价钱比超市的要贵一些，不过一杯吃下去，蛮饱的！,1
清汤锅还可以，麻辣锅太咸了，酸菜锅很难吃。服务态度确实不敢恭维，上菜要稍微催一下。上次去遇到一个服务员，因为是晚餐后面有人在等，就一直站我们旁边看着我们吃，问她拿东西也爱理不理，态度非常糟糕。 另外，店里居然没有白开水（据说只有60度），让我觉得有点不可思议。难道是南北差异？？？,0
刺身很新鲜~吃日料我就爱三文鱼~~~~其他生鱼片也很嗲。。。。哈哈.我们点了没有铁板（？）的那种自助118一人，三个人吃自助刚刚好 很喜欢。老板人不错 哈哈,1
每周都去打球，就在家傍边。场地也很好。 每次大概都至少有6个场地在用，里面打球的人也主要都是水平比较好的人。,1
这家不是公立医院，是脱产被私人承包的医院，已经很多年了！行业朋友告诉我的，浦东只有仁济还好点，东方医生也一般！没医德不算，有病查不出病！简直无语！,0
服务很差，上菜也慢，人还很多，不知大家为什么都来这里，我是去了一次就不会再去，建议还是去其他菜馆试试,0
北京当初办奥运会的时候家里发的票可以免费参观去的，里面还真是不错而且当时很多赞助商场馆还都没有拆真是不错的，就是那时候实在太热了,1
点了豆豉鲮鱼油麦菜和香辣美容猪蹄。油麦菜很好吃，香辣猪蹄一般倒是辣椒不是很辣，疙瘩汤一般疙瘩太大鸡蛋块也太大,1
东西确实很好 但是价格也够贵呢 呵呵 但是如果偶尔去一次，体验一下这种异国风情，感觉还是很不错的说 如果价格能便宜点就好了,1
现在越来越差了，这月把所有的教练都换了，都是傻课程，什么身体充电这种都来了。都请得便宜老师，都刚毕业的，教也不会教，我已经后悔死了。本来有个挺好的老师，说培训两个月后回来，估计不知道能回来伐，换了个脑残的店长，我看快倒了。,0
"今天朋友一起去试过,不怎么样!因为LG以前是做这行的关系,我们对肉的要求比较高,他们家的性价比不是很高,不过牛舌还可以试试!LG说以后是不会再去了!",0
这家小笼的特色是甜，非常甜。但是吃的出肉腥味，红油馄饨也一般，价格倒是不贵，我是看了点评特意很远跑过去品尝，两个字：不值,0
这家店店面很大，在试营业期间去的，当时只有我和同事及服务人员，一共不超过5个，真是痛快。二楼有液晶电视，当时去的时候没开。店里的书也不错，有好几本让我感兴趣的，杂志也比较新，而且有一敞开式的小包间，环境比友谊新天地那家要好。,1
鳕鱼卷很好吃，蟹粉豆腐很鲜，上海几乎找不到不放大把辣椒的店了，小南国的味道才像上海的原汁原味，清清爽爽，该什么菜什么颜色什么味道！上海人的味觉几乎被辣椒淹没了，力挺小南国的风格，有腔调上品！ 服务生态度很好，生意太好了，忙的时候难免出点小错，我都没发现，领班就先过来认错及时纠正了！ 很好，有空一定经常去。,1
大王蛇很好吃，老火汤超靓，那个蛇皮软软QQ。老板很帅老板娘也美，厨师手艺超好。离港汇很近，就在后面的小巷子里,1
"现在换成塑胶的了,还可以.. 主要是空间大,在里面打球感觉不闷.. 饮料价格也不离谱,还可以. 总体感觉不错,去的人还很多,要提前订才行",1
去他家只吃素三鲜的水饺，其他的有肉的水饺都不怎么样（我嫂子是北方人，包的水饺那叫一个好，我就不怎么吃外面的了，有比较了啊） 叫上二两素三鲜，一碗牛杂汤，吃的老饱的，有时还有剩，牛杂汤的料还是满多的，比牛肉粉丝汤的牛肉多，我不吃粉丝的，加了粉丝后，就更吃不完了,0
"不得不说这家店占据着市中心最显眼的地段,打着老字号的旗帜,一碗泡馍贵不说,那个饼到底是饼阿还是砖头阿?硬的不行,掰完手都是疼的! 还有那个肉夹馍,是不是肉夹馍阿,夹的是肉是菜?不是肉夹馍就别叫肉夹馍这个名字阿!让人误解,难吃死了! 服务态度很烂!环境也没多好,连个卫生间都没的...",0
来寿福城，吃的不是菜，是环境与服务． 商务宴请订在这，环境倒是一流，服务也很周到． 内设很大气，典雅，菜味很清淡，想来是为了这寿福二字吧．,1
不错的哟 在学校里面 啊哈哈。。。。很方便的呢。每次过去生意都很好的，还有集点的活动。味道很好。最喜欢的就是红豆奶茶，冬天喝冰的很爽,1
满黑的一家店，服务很一般。点了个38元的招牌菜“枫泾马兰头干烧肉”，足足等了近一个小时，期间催了3次，上来后一看立马傻眼，很大的一碗，里面全是马兰头，只有5块红烧肉，从来没吃到过这样的。后来结帐买单后索取发票，直接给了我一张前天的巴贝拉的价值100元的发票，这个逃税漏税的厉害啊。以后不会再去了！,0
家常馆子，性价比还可以。味道还不错，对咱这种口重的人来说。水煮肉片、烤鸭味道都蛮好。服务态度一般，环境也还凑合，有点吵。,1
中午去的，感觉挺好的，灯光昏暗了点，现做的东西，搭配起来不错，没有吃自助。性价比可以。做的师傅应该不是专业厨子，但是铁板套餐也不难，学起来很快，味道当然也过得去。,1
"今天学会了个新词,'硬'. 一桌人都在说这才太'硬',吃不动了,全摊在那,就我一个人盘子猛转...还莫名,又不是七老八十,什么硬不硬得. 原来是太荤太油太腻的意思. 看了下桌面,满是中规中矩的本帮菜,的确如此... 水晶虾仁做得太差了!",0
这里是我的“乡下”-我的小学就在旁边，前几天听朋友提到这个餐厅，今天怀旧过来品尝，倍感亲切。虽然一切都变了，当年留下的唯一的黄花卫生院也已鸟枪换炮。唯一没变的就是黄花岗的门口。这个餐厅的出品不错，顺德菜还算地道。特别是肠粉还保持传统，不像现在绝大部分那样雪白剔透没有嚼头。准备邀请小学同学在此小聚。,1
第一次在京东买东西，本来是看中它价格比较低而且包邮，但是现在真的很失望 查询订单，显示用的一个从没听说过的派尔快递，都6天了还没送到，连官网也没有也不能跟踪运单 后来上网一搜才发现好多网友的货物都是用派尔快递好久都收不到，好像是京东为了降低成本选了这个小快递公司，我觉得如果没有成本就不要说什么包邮，包邮又用这样的快递公司就是自砸招牌,0
要了个羊肉，厚的都成块了，其他的都一般吧，清汤就是白水，店里感觉很80年代，就像电影里演的那样，囧。 总之，是看了其他点评去专门找的，小失望,0
和朋友见面喜欢选这里，靠近朝阳门地铁站很方便，有星巴克可以聊天，有屈臣氏可以买买东西，还可以逛逛服装店，不过都很贵，一般只看不买。,1
很有创意的菜馆，环境不错，服务挺好的，菜的味道也很不错的！点了小烧羊排 昔巷酸瓜干肠 秘制鸡翅 樱桃鱼块，味道鲜美，口感也很赞的！,1
保安很差 好好和他说话他就帮你凶 还有上来打架的势头 还号称说什么我们这不会把消费者放在第一位 其他还行 人少,0
看装修风格还算可以，所以打算买点蛋糕送人。 价位属于中等，不贵的。 不过口味很是普通。 打包的小姑娘绳子绕了半天，还是松松垮垮的，还好没打翻蛋糕。 以后不会去了。,0
这里的点心都做的很好吃，品种挺多的！ 价格上也不贵， 服务员的服务态度不错！十分的热情！ 尤其是这里的蝴蝶酥吃上去口感很好！,1
团购的慕斯... 原价15.现在5.9来着.. 我发誓就算2元钱给我那个慕斯我也不会吃了. 真的好难吃. 像冰激凌一样.过了几分钟就开始化了...,0
朋友几个很喜欢唱歌的，经常会跟着她们一起到这里乐此不疲的，这里的环境不错，包厢蛮开阔的，设施挺齐全的，也蛮先进的，歌曲很多，唱的很开心！,1
作为南充本土人 每次都是听到外地人说川北凉粉怎样怎样 因为从小吃到大 实在是没觉得有什么特别 但是现在身在他乡了 才发现川北凉粉的地道了 外地很难做得出来的 不管是凉粉 米粉或者其他粉 都觉得南充的很好吃 推荐酸辣粉啦,1
六点去的 人都木有 还以为春节放假不营业呢 应该是学生还没回校 生意差很多呢 点了章鱼牛肉 芝士炒年糕 金枪鱼炒饭 最好吃的当然还是芝士炒年糕啦 但是怎么里面的面比年糕还多呀 我喜欢吃年糕哇 下次去一定要先嘱咐下 年糕多一点 炒饭也不错 老公不大喜欢 说有姜味 他比较挑。。。 章鱼牛肉比较辣 章鱼和牛肉的量还可以 还是比较多的,1
从小就在这吃。 还是喜欢他家以前用瓷碗的时代。特有感觉。 梅园可能是仅存为数不多的不用添加剂的奶品店了。现在很多店为了提升口味加乳化剂啊，奶味增绸剂什么的，弄得味道浓过头，其实全是食品添加剂。支持他家。 喜欢他家的山楂酪，很开胃。酸梅汤也不错，一般买回来自己加冰块，那么才最爽。 店里的大妈不错，很有过去售货员的感觉，喜欢那调调。,1
环境一般 味道还可以吧 价格两个人花了150 比较了下还是觉得黔城好吃 离上海年代也不远 价钱也差不多 环境也比这好,1
两个字：唔好！ 虽然是附近相对较便宜的饭店，但是料好少，味道非常之一般，只有米饭尚可。 店员素质很差，在食客周围大声说话，小孩子打打闹闹，什么心情都没有了。 我宁可走多几步路去食面包！,0
他家现在有自助餐了？ 记得以前经常去吃中午的定食的。那时候，客人基本都是日本人，不大的店，却很温馨。中午的定食很不错。鳗鱼定食，三文鱼定食，用材都很新鲜，比伊藤家的都好吃。 好久没去了，如果现在开始做放题了，希望他们的质量能继续保持。,1
最近非常喜欢这个牌子，带着街头摇滚的感觉 蓝色港湾店感觉环境不是很好，灯光比较昏黄，货品摆放也比较乱 但好货还是不少的 囧的是，我问理货员MM说这件衣服没有价签应该是多少钱？MM很抱歉的说， I only speak English……,1
与朋友一起闲聊八卦，真爽～ 这里环境不错，干净明亮，地方也很大，所以去时看到有日本公司尾牙聚餐； 不过正因为这样，上菜真心慢，几次面临空桌。。。不过服务员都很有礼貌，而且面带微笑，就罢了 东西么就这样，没什么出彩的，但也不差，海胆畅吃很过瘾，几次上来也没有品质越来越差的现象； 以这个价位来说，性价比很高了,1
每次都是和我妈两人一人一杯的~喝过北海道奶茶淡淡的不是很喜欢。这次的抹茶拿铁不错就是太甜了喝不出咖啡的味道了。不过喝道下面抹茶味不错是粉冲出来的沉淀的。我妈的焦糖玛奇朵我觉得咖啡味也蛮浓的。在等的时候发现碎可可蛋糕奶茶不错的料超多的奶茶上面是奶油？反正是像巧克力奶油一样然后再撒岁可可诱人吧！！,1
团购了两个，上菜的速度不是一般的慢！不过环境很好！ 脆皮酥香肉都是肥的，非常甜。葱油云耳一点味都没有。洋葱牛肉饼和猪肉饼还是挺香的！无极豆筋牛腩锅有一点点辣，里面是牛腩和豆皮！离公司很近，以后还要去！,1
最喜欢他们家的冰豆浆，豆浆味道很不错，夏天来一杯非常舒爽。大排饭给的量很足，大排好大一块，味道也不错，能迅速填饱肚子。小吃味道也还好，感觉比乡村基好吃多了。,1
南站里唯一一家像样的中式快餐馆，那天我和老公基本是从陶然亭公园后门走到南站的，离火车出发还有不到一个小时的时间。粗略的找了一家馆子，随便要了几个喜欢的蔬菜和肉类，暴炒了一下，酱香微辣的口感真的是太棒了。吃完了一溜小跑到了火车上，心里才踏实下来。 声明一点，回到天津我开始拉着老公频繁出入这家馆子，真的很好吃。希望天津再多开几家！,1
来过两次，总体感觉都不错~~最最喜欢的是酿皮，超好吃，一份吃得干干净净，还有东乡土豆片，很大片，很面，口感很好~~烤羔羊肉，挺嫩的，但我对羊肉无爱，爱吃肉的人会喜欢的~大盘鸡，中规中矩，我觉得越给越少，第二次来的时候，比第一次给的少好多~~烤囊，喜欢，本来就喜欢孜然的味道。这家店挺大的，上下楼，还有包间~~停车也方便。有机会还会去的，就是小馋猫~,1
上次姐姐来大连玩 去星海广场转一圈饿了 因为想喝粥 所以就在这吃了 不过很后悔地说 味道还行吧 不过服务真不怎么样 尤其是最后姐姐纳税意识强 想要发票 结果差点被服务员的口水喷了 后来我劝劝姐姐 就没要发票 转身发现雨伞落在里面了 再回头去问 服务员爱答不理的说没有 真是给大连丢份儿！,0
绝对没有性价比，38的沙爹金针菇肥牛，味道就像刷锅水，量更是少的可怜，33的鸡排，就是块巴掌大的鸡肉。。。无语。。。炒米粉真的就是炒米粉。。。腐乳空心菜里的腐乳都没捣散，还是一坨坨的 餐具都缺口的，不知道凭什么要这个价钱。。。 同样价位宁愿新旺了，至少人家味道还是做的可以的。。。,0
这是我去过可以喝广东早茶的地方，味道最不好的地方。这里离我家很近，可我只来过一次，实在不愿意浪费钱了，建议饭店换厨师吧！,0
新开的，点了乌冬火锅...第二天拉肚子了- - 里面东西蛮多的，味道真的一般 东西很贵啊....土豆色拉貌似和罗森的味道很像 地方也很小真的不怎么样啊.......,0
去过3间力美健，这一间算旧的了，主要是设施旧，健身器材生晒锈，不过面积都几大，健身器材又多，应该不会要等器材的吧，那次是下午去，静英英，感觉最差是他的淋浴，D水温好似正弦曲线感，有时就辣肉，有时就细水，有时就冻水，健康的人都比他冲到感冒，建议不要去那里冲凉，还有他的干蒸同湿蒸都在维修，哎简直失望啊,0
和npy只想找个地方坐坐休息休息。经过很多家咖啡馆，不过还是选了这家。 其实也说不出有什么特别的地方，因为这类型的咖啡馆的环境都不错的。 不过，因为是和npy一起，所以感觉特别舒服。,1
其实呢度点火锅唔错，一大班人去吃好有气氛，点几支啤酒，边吃边吹水，正！ 食物方面，肥牛唔错，其他野都算新鲜，但系价钱升啊，啥都涨价，有点不划算,1
"新装修后,去吃饭还不给筷子,还说免费提供调羹了,用筷子居然要收钱,大家如果要去的话记得自备筷子,反正我是不会去了。",0
维诺城打了两张票子 所以就吃了原汁牛肉面和杂酱面 一共就便宜了3元。。其实听没意思的 不过看见广告单说26~29买16元的原汁牛肉面送10元的杂酱面 还是满格算的吧。。。不过量比之前明显少了很多。。吃完都没有饱食感 。 味道也不怎么样。。。不过也不至于特别难以下咽、,0
服务太差，跟她商量换个手拎的纸袋，硬说是规定的不行，一副爱理不理的。集点的章也没贴，可她说已经贴过了，也不想跟她多争了。,0
今天和宝宝在家点了特色至尊，还可以，鸡翅和黄金虾一般，送的田园色拉宝宝和我抢着吃，总之宝宝喜欢就好，与约好送达的时间一致，基本现在在家叫外卖就他家的,1
晚上去那边的棋牌室，顺道买了粥上去吃，很好吃，量很大，四个人才花了40元，还给我们送上楼，服务不错的说~呵呵~下次还会去的说~,1
上次团购了牛排，指定在华联店使用。以前经常去另外几家店，没去过这家。谁知吃完后回去和男友拉了两天肚子，以后不会再去了。,0
每次到日出茶太，最先想到大芋头奶茶！！有些人不太喜欢这种味道，但我一般不选其他的~~攒，吃过几家，有几家味道比较淡，这家还不错！,1
中午来吃饭，在人还不是特别多的情况下居然上烤肉类的还那么慢。等了半小时烤盘空着没有东西烤，催了四五遍才上来一五花肉。以后绝对不会再来了，还不如汉拿山一半,0
"订晚了没订到包房,有点小遗憾,喜欢他家的包房,环境很好却又不怎么张扬.海鲜都是现点现称现做的,非常新鲜,当然大酒楼里的海鲜价格也很辣手,喜欢酱爆章鱼,大概是用活章鱼现杀现做的原因吧,咬在嘴里竟然有种糯糯的口感.",1
单位在那包场，每周一、四都可以 去玩，感觉还不错，场地条件还行，灯光，地面啥的都挺好，就是换衣服的地方有点简陋，要是在装修一下就好了。,1
本来以为又锁定了一个吃饭的去处，他家的味道还算清淡，骨头汤味道感觉是牛骨汤。麻辣烫价格不贵，选择也较多。 煮菜的老伯啊，既刷碗又煮菜，而且，刷碗就是在一个盆里涮涮。。。。难道用点流水都舍不得吗？ 再也不去了。。。,0
口味还可以，就是环境太差了，等了好久的位置后，却被带到一个连服务生都叫不到的角落里，无奈下自主换了靠窗的位子，结果却被服务生恶狠狠地训斥了一番，当场就和我们吵了起来，这顿饭吃得很可悲啊～,0
鲜奶小方，永远的最爱！5点后会打8折，会排长龙哦！足见其风靡程度，呵呵~其整个的奶油蛋糕，虽然外观比较朴实，但是味道还是一个赞啊！,1
蛮有名气的一家本帮菜馆，环境挺气派的，菠萝色拉的味道挺贊的，更棒的就是红烧肉了，就是比家里烧得好吃，肥而不腻，入口细腻。,1
味道真是很差，那个汤应该是加了一些东西的同去的同事大多数有 反映，以后肯定是不会再去了。 奉劝其他同学也慎重选择,0
速度实在太慢，上菜慢也就可能理解，连买单找钱都催好几次。味道还可以就是餐厅太小了，位置很挤很吵，一点都没有洗餐感觉。,0
酸奶味道还是不错的，三明治一般般了，价格反正也便宜就是了 酸奶面包不错，里面是红豆的 顾客基本都是南大的学生， 在这里上课，经常买着填肚子,1
"出品贵,服务员态度差.....建议不要去吃,食物不卫生!!! 套餐难吃,交通不方便,大堂环境好一般,昨晚去吃完不想再去品尝拉,太差拉!",0
不会再去了。 价格实在是太贵了。 两个女生吃了130也没有吃好。 而且点多了没动的，也不让退 再就是那个特大的盘子里面的鱼片和肉品都非常少。涮一下都没有了。 而且调料的价格也很贵。很少。,0
每次进去都有人主动欢迎 餐厅的露天位置非常喜欢 绿草的感觉很清新 整体环境都非常好 大堂吧的沙发很舒服 蛋糕最喜欢！面包每次都要外带,1
很好吃的鱼哦，先把鱼烤一下，然后加上自己选的配料炖，他家可以提前预定涅，就是告诉她大概几点到，他们提前把鱼烤好，等你去了就能马上吃啦，真不错，一条鱼加菜什么的两个人吃都吃不了呢,1
性价比不错，适合请朋友们吃。环境优雅，不怕被别人打扰，总而言之，一切都好，望再接再厉。办出水平和特色，看好小天鹅。呵呵。,1
大过年的尽找不痛快了 吃的什么的也就不说了，服务太差 从主管到服务员，一个两个全都是那样的脸那样的表情 服务行业起码得有职业素养吧……,0
川菜吃的很多 但做的这么精品 还真是第一次见 菜倒是都挺好吃 只是环境弄得太优了 倒是没有了川菜的氛围 个人还是喜欢边擤鼻涕边大快朵颐的老式川菜的感觉,1
新开的分店，赶上做活动，买一赠一 但是如果是当时要赠送的一杯就得送一样口味的 如果不当时要，给一张卡，下次就可以要其他口味同等价位的 我这也不知道啥时候再往那边走，所以就当时要了一杯一样的 桃园三结义，名字挺有意思 就是奶茶里加了珍珠、布丁、椰果 口感不错，布丁奶香很浓很滑,1
咋这么少人点评呢？一个朋友是山东人，带我去的，以后就常去。汤真鲜，乳白色的，上面飘着些碧绿的香菜，这么冷的冬天喝下一碗，真是浑身温暖。而且还能免费续。喜欢辣的就放点不知道是什么做的辣椒油（红色的）。经常点的还有爆炒羊头肉，也很不错。如果是山东人，应该还会点上一份“鸡蛋蒜”（蒜炒鸡蛋！）唯一的缺点就是环境差，整个一个大棚路边店，大部分食客素质也一般，满屋子抽烟弄得乌烟瘴气。本来就是穷人吃的东西，也就别穷讲究了，呵呵！,1
最常去的一家屈臣氏，每次坐地铁或者去动物园都得上这瞧上一眼。 东西算比较齐全也比较大的一家了~ 交通业比较方便。 活动也算比较多的一家~很好奇那的BA怎么样呢~ 曾经那里有个立顿的短促不错~人很好~,1
"这里的耗儿鱼让我感觉有点腥,不知道是不是我自己的原因. 是专门吃耗儿鱼的地方,但确实没有华阳的有几家做得好. 黄喉也是主打,很大一片一片的. 门口排位那是长龙啊. 应该不会再去了....",0
每次交易会之后，老板总是带我们过来吃饭，又经济又实惠，味道也不错。特别是酸菜鱼，1大盘的，自己再加5元的酸菜，就很多料的了。主要是价格便宜，所以，老板特别喜欢这里。,1
篱笆不错，结婚的时候一直在看 买的戒指，拍的婚纱照 老公跟老爸的西服， 都在篱笆上比较了之后再找的 装修的时候还喜欢看他们的论坛，看看别人家美美的装修 自己也是会员呀。,1
环境很好也很舒适。很喜欢的一个地方。 以前办了卡经常去，不过现在已经很久没去了。 不过还是很喜欢那里的感觉。而且地铁过去也很方便,1
厚切一哥猪扒饭，猪扒很给力，饭也很可口，因为番茄很多，朋友说感觉像饭里加了番茄酱。尽管甜味和咸味碰撞在一起，吃起来还是味道分明的，配的饮料也不错。这个性价比吃饭在天河城算可以了，吃完有种满足感。,1
很有艺术气息的小馆子 干净清爽 还有素雅的气息 其实仔细瞅瞅 一定可以看见素雅的毛巾里 其实还是有很多可爱的元素哦~ 我最喜欢的还是粉色系的喵呜酱~ 以及绿色小龙猫憨憨的可爱样儿 其实觉得这家店最重要的 还是它的创意性 将艺术融进产品 即吸引人的眼球 又能产生销路~ 赞！,1
妈妈是会员，豆浆机都是CJ里面买的，还送积分，特别是生日月，会送50元的券，随便什么都能买的，很划算，家里买的菲仕乐的锅子也是上面买的，主要是赠品比较多，比商店里送的多很多~而且包的很好，质量有保证~~,1
爽口鱼和烤生蚝是最喜欢的，每次到了先点这两个 羊肉串之类的小肉串都比较一般，蔬菜的话喜欢吃烤香菇和花菜， 经常有十几人聚会的大桌子，特别是有小孩子的就很吵,1
公司某年年会，年会前居然包了好几个场地的各类球类活动让我们自由发挥自己玩，很无语。羽毛球场地蛮旧的，球拍我们自己带的，地方不太大。,0
"昨天LG想念他们家的西瓜冰了,于是就去买,我点了芒果爆爆蛋奶,真的很有趣,珍珠\椰果,西米什么的吃腻了,可以试试爆爆蛋,咬破了里面就会流出汁液来,外面那层皮和蛋皮还真有点象.味道不错，里面还有水果,很有嚼劲,价格小贵,8元一杯,不过杯子蛮大的,也差不多了.现在7月份正在搞活动,集3家不同的店印可以得到杯子一个,10家的话是蒙奇奇,10家不同的店!那不是要跑遍杭州!3家差不多了..",1
太有特色了，特色几乎不用我说了，人多了凑一起非常热闹。人均一个“大力丸”，一道菜，吃完都没叫主食，量大、价低、有特色！非常满意！,1
这里的泰餐经济美味。 很喜欢这里的冬阴功汤，味道浓厚。 空心菜每次必点，清淡，但不失美味。 柠檬鱼倒是第一次品尝，汤很好喝，酸酸的味道，鱼肉感觉有些偏老。要是再嫩一些就好了。,1
要不是死党推荐我还不知道有那么家小店开在进贤路上，只有6张桌子还天天爆满。 我对泰国菜没有深入了解过，不知道他家算不算正宗，就觉得味道还不错，当然价格也不便宜哦。 猪颈肉，是饼，菠萝炒饭，冬阴功汤都很好吃。,1
那天特地去迷宗蟹吃的，点了5个蟹，是0.745kg，后来小票上来了写着0.79kg，男朋友就觉得很奇怪，明明是0.745kg啊，然后就问服务员，后来服务员就去改了，我还看到她手里好多票都是改斤两的。 等了半个多小时才上的，看着很少，吃到最后，发现竟然是6个蟹壳，蟹钳也不满10个，估计里面有猫腻吧~ 口味感觉一般般，反正是不会去了。,0
非常无语。。 踏进去的一瞬间 就发觉...... 然后位子隔得很近 声音超级超级超级超级的超！！！ 还有人吸烟。。- -||我个人比较讨厌这个..,0
奔着名字尝试了一下，基本是失望的，可能看着写着日式，所以期待一点高了，个人觉得以后就算路过也不会再去了，不好意思。,0
就喝了点东西，环境没有想象的好，晚上蚊子很多啊。 可能是那天没有给我留下什么美好回忆，所以对这家店也有点失望了。,0
味道真的很难吃，那天和朋友去淮海路，新开张太差了。和装修不附，再也不会去了。菜和价格不能比，希望改革一下。。。,0
食物的量还行 味道一般 服务很差 服务员非常不专业的 以前来吃基本都是来看电影的时候吃一顿 随便吃吃还是ok的 就是里面烧烤的味道大 有两个菜还行 烤肉 铁板烤月牙骨 南瓜粥 随便吃吃还成,0
一点都不值这个价，经典的项目要等成个钟，玩也要半个小时，我们四个小时只玩了八个项目，已经算是极速了。那个陪同票要45元，但大人根本做不了什么，又不能排队，又不能进去场馆里拍照，没意义。以后都不想去了。,0
其实我觉得玩具挺没劲的。种类也少。别看面积大花里胡哨的一堆，但是没几个看得上眼的。价格还挺贵。现在做父母的也不容易啊，玩具这么贵还这么没劲。完全是浪费钱。,0
好多年前去过，感觉不怎么样，听同事说一般来说都是岁数比较大的人比较爱去，从那之后我就没再去过......音响效果什么的不怎么好！,0
他家东西贵啊。。。。这边超市这么多还卖这么贵。。。然后东西不算太齐全，最恶心的事情是他们的蔬菜那边好像是包租出去的，每次要买东西拿食品袋都要像讨饭一样的去问店员要，然后店员会盘问你买什么？如果你指的不是他们这边的就会告诉你去找那个柜台拿袋子。然后你拿了袋子基本他们的眼神会一直跟踪你看你到底是不是买的他们的东西。。。。强烈的无语，有那个超市像你们这样啊！！！,0
8月6日去安贞看变形金刚3，下午2点的电影，正好没吃中饭，一看他家装修还可以，又是快餐类，就在他家解决了。没吃包子，点了一个云吞、一份面、两个冰豆浆、一个万年青，一共56元。结果豆浆上了一个冰的一个热的，万年青上到隔壁桌，几经与服务员交涉终于把菜上齐。顺便说一句，菜量太少以至于万年青上到隔壁桌时，隔壁等菜的阿姨以为是送的小菜。可这个菜的价格是14元。 总结一下，菜量太少，服务太差，价格太贵。去安贞看电影的亲们可以不用选择这家。,0
外面装修比菜的口味要好。价格挺贵的，但口味实在不敢恭维~老公说这家店估摸着在前段时间没有抢购到盐…银鱼莼菜羹非常稀，少得可怜的银鱼与莼菜，油闷笋也没入味，挺失望的。,0
上菜速度那叫一个慢，只有三桌，厨房7个人，菜真心难吃，性价比还很差，天知道怎么会来这家吃的！大家不要再上当了,0
烤鸭非常好吃，挺精致的，也不腻，皮脆脆的香香的，饼非常薄能薄到透明了 。木瓜雪蛤挺美味的，有炼乳和蜂蜜可以自己往里加，调自己喜欢的口味。 环境挺好的喜欢它的室内装修风格。,1
今天特地去吃下，以前都没在意，可能是在巷子里吧。性价比不高。环境真不行，桌位很挤。味道也不是传说中的那么好。鱿鱼还行，五花肉没有南师大那家有口感，海鲜饼好油，就吃了一块，嫩豆腐也不怎么样，不香，有几块豆腐都是冷的。一小碗米饭要3元钱，呵呵，老板也太贪了吧。总的来说，性价比不高。看大家都说好，也许个人吧。要不就是老板生意好了，就开始瞎搞了吧。口味不如南师大的那家。性价比不如金轮3楼那家。,0
点评这么多家，最差就是这家了，第1次给这么个评价，全0分。 1、服务态度差 2、价格高，量少。 3、味道差。 我倒是要见识下你能开多久？,0
呢度好多野体 而且个王墓好哟神秘甘 室内设计 很独到 而且累了 还可以坐下来 有视频观看 挺方便的 做到了人性化 它以艺术和自然.历史为一体 展示这南粤文化 值得推荐哦,1
挺正宗的川菜。每次去都辣的很爽。 毛血旺是一定要点的。老坛子酸酸辣辣的很好吃。晚上人还收挺多的，最好早点去等位子。价格也不贵，挺实惠的。,1
上次在莘庄那边吃过，搞什么活动 最后上来的分量 看了一下 吓我一跳 和芭比馒头差不多 实在是让我汗呀 估计以后不会再去啦,0
在那里等人，顺便吃个午饭，东西味道一般，和其他的没啥区别 环境实在太差，大概是因为旁边是超市的关系，竟然还有人带着小孩随地大小便的，服务员看到了也不阻止，真是太。。。。。。 沙发的位置，沙发都破了。。。。。。,0
我不明白啊，这家的评价为啥这么高！ 1.贵，随便肉菜就40+，什么鱼啊排骨啊都这么贵，这都得到比较高级的餐馆的价格，可惜他们家的环境还不好。 2.味道很无语，那个汽锅鸡就是大块的肉，吃着就是味精调出来的味道。 3.菠萝饭和宝琴差很多，一点都不糯米的感觉... 总之就是又贵又难吃，外加那些服务员呆头呆脑，吃了半天没吃饱外加一肚子气。,0
买了一个碱水面包，味道还是可以的，可这个价格真心觉得不值，十块钱最多了，而且还是实心的，不知道为啥还能买这么贵，有点不值，感觉没评论说的这么好,0
和爸妈一起去的~ 总体感觉，味道不错的，点的咖喱锅，味道很鲜美~比预计的好~ 量也很足，3个人，没吃完。。。,1
口味绝对是老上海喜欢的那种。里面红烧的菜好吃。酱鸽、酱蹄膀一流，鸡汤味道鲜得来。油爆虾的甜味也一流。凡事老上海的菜都好吃。环境是一般的。老饭店没办法。老外很多。服务员说是威丝汀的。,1
冬天因天的下午捂在暖气十足的店堂的软沙发里喝喝咖啡，吃吃小蛋糕，聊聊天还是很惬意的，何况味道都还不错。点菜单上的冰淇淋做的相当诱人，只是大冬天的吃下一大堆实在需要勇气。,1
正大的停车场是我开车3年来感觉最乱的地方，平时我都停滨江大道那边，不停正大里面 这次带朋友的小孩去，想进点就停进去了 结果里面在装修还是什么，都拦的严严实实，像开障碍赛似的 这也就算了，不拦的地方，油漆桶什么的就随便丢在路上，或者是空的车位上，还有木质的梯子什么的都横七竖八的乱扔在路中间，最后三辆车在路口堵住了，因为本来双车道被他们堆的变成了单车道，我没办法，只好下车去把油漆桶挪到旁边去，一旁站着的工作人员也不管管的，太差劲了,0
小笼包没有，生煎没有，葱油拌面没有！也敢说是弄堂菜？汤是刷锅水！我真无语了！这是让大家一苦思甜啊！垃圾垃圾！,0
他家的东西基本都吃遍了。有时候去，点这个没有，点那个也没有，而且有天吃牛肉饭，就一口我就吐了，特别膻，比羊肉味还膻，而且服务态度特别不好，从那以后再也不去了。,0
携程网上定的度假套餐，来回大巴+度假村1晚+温泉门票+几个景点 住度假村泡温泉就是方便，想什么时候去就什么时候去，想泡多久就泡多久 本来想下午泡的，但是感觉晚上没事做，所以下午睡觉，养足精神 晚上6点半进去，开始人不是很多，好多池子就我们2个人，感觉很好，后来陆陆续续人就多了 那个可以躺的地热板很舒服，冬天躺着居然都不冷 休息室可以吃蛋糕和饮料，饮料超淡，基本都水，蛋糕还不错 池子好多，我们从进去到出来一共用了3小时,1
刚开店时，给了一张百元的代金券，快过期了才想起来了，于是周日下午逛街后去了他家，四点半，去的有点早了，经理正在给服务员和厨师开会呢在大厅里。很干净，两人点了三个菜，都不错，只是小炒肉不怎么好吃，三个菜一个汤108，还不错。,1
比津汇分店的人少很多，环境不错，中午来远东吃午饭喜欢买这个，最喜欢看工作人员在铁板上炒冰淇淋得过程，草莓香蕉圆舞曲 和芝士蛋糕范特西是最常吃的！薄荷口味的颜色很美！就是吃起来像牙膏 哈哈哈当季推出新的口味，也会买来尝尝！喜欢把脆饼弄碎了和冰淇淋拌一起吃！服务员会提前问你是弄碎拌一起吃还是作为冰淇淋托。办会员卡很值，告诉工作人员手机号，就能够识别会员，打折了！哈哈哈！,1
从住的酒店走过去5分钟就到了，店面装修的很有特色，服务员也都很热情。 点的是最普通的过桥米线，没想到量相当的大，好大滴一碗呢。 汤很鲜，放的食材挺丰富的，米线也筋斗，真的太超值啦。 凉菜里面的那个什么牛肉，灰常好吃~,1
今天去鬼街办点事，回来的时候发现他家开分店了。以前都在望京家乐福里吃的。点了虾滑，味道还是和以前一样好。 环境和望京的装修一样。都是船形的吧台。 不过店面比望京的要小。反正吃上一顿也就二十来块不到三十。刚好那天有优惠。哈哈。 强烈推荐他家的红汤锅和山珍汤，这可是我在望京那个店吃很多次鉴定出来的，就这俩锅味特别好，听我的肯定没错。,1
如果不想被谩骂轰赶，就别去这里了，性价比低不说，东西都是没有的，服务更是从所未见过的低劣！里面的老板和伙计都和神一样的，要喝什么没有，要吃什么没有，不点东西要看脸色的，要关店了就把客人推出去，还振振有辞，我是老板不想做生意就不做，简直太没素质了，开着店客人来消费，就应该享受到应有的服务，而不是谩骂或者恐吓。这鬼地方再也不会去了。,0
08年刚来深圳的时候，一位叔叔请我在这里吃的。不记得都点了什么菜，只记得霸王粥很好喝。对于寿司的味道已经记不清了。。个人感觉环境很好，因为当时是第一次吃日本料理。消费嘛，不清楚，感觉应该不便宜。,1
好像是目前為止在上海吃過最正宗的越南餐廳。 Pho很好吃。檬粉酸酸甜甜的，很開胃。 極力推薦大蛤蠣湯，超級鮮甜。,1
看着招牌名字很特别，以为面做的很精细的，就被吸引进去了，油泼面的味道很是一般，没吃完，面都粘成一坨了，觉得不值26块钱的价钱，非常不值。。。,0
和朋友去吃过，性价比还比较高，和家乐福就隔了一条街，但是价格就低了不少，味道还行，不难吃，但是觉得那些碗不是很干净，在这儿吃饭的话，就不能考虑太多卫生问题~~,0
用大众的券是三免一净价，大堂里另有三免一+15%的，所以还是比较实惠的。 环境没的说，适合小规模的商务宴请，有些地方食料丰富但是环境乱糟糟的。 食材都是很新鲜的，品种和规模适中。 热菜中的牛肉金针菇和OX酱扇贝个人很喜欢。 甜点中的芝士蛋糕和慕斯蛋糕中规中矩。 黑巧克力冰激凌口感很正，很是惊喜。,1
今天晚上和妈妈去的，环境一般般，12元得凉拌金针菇写的16元，最后给的发票还是假的，刮不了奖，以后再也不会去了。,0
好久没去了，没想到变得那么差了。 牛排筋筋拉拉，而且厚的地方不厚，薄的地方很薄，7分熟旁边都煎焦了，牛排下的油也黑黑的。。。 服务态度也差，叫半天没人倒水。 服务员没有培训过似的，没有服务的意识。。。 总之很差，以后不会想着再去了。,0
中午点的外卖，大约20分钟就送到了，服务很好。pizza拿到手还是烫的。 超级棒约翰和照片上的有点差距，但是还是很好吃。个人觉得面饼比必胜客的好很多。 BBQ鸡翅和KFC的差不多。猪肉丸比较劲道，只是外卖加的番茄酱太多了，不香。 4星推荐。,1
喜欢喝那里的南瓜粥，不过现在不知是不是熬的少了，最近这次去都没有。烤五花肉很喜欢，不过有时候特别肥，希望改进。培根味道也不错。还有那个风干肠也挺好吃，就是不好熟。,1
中午去的 人很多 乱乱的 吵吵的，还以为到了菜市场了呢！服务态度超级不好而且不穿工装，都分不清那是服务员哪是顾客？下次不会再来了。失败的午餐！,0
这是一家盛名在内的牛肉拉面馆，在金融区的一条小道上，门面小得让你会忽略他的存在，但是在周边的金融大厦里的人都知道这家店。 这家店一到五的中午去得稍微晚点就有可能没有座位了 他们家的主要以面食为主，同时也提供米饭，由于是清真饭店，没有猪肉，只有牛羊肉。 比较推荐他们家的面食，由于是青海面馆，所以面食的烧法和新疆餐厅、兰州面馆有些相似，但口感和口味上还是略有不同的。,1
"哈，人多去的时候还是挺核算的.羊肉串每人来3串必要的.奶茶还是改良过口味的,很好吃.上次去的时候还送了2串葡萄,很甜~",1
很亲民的一家饮食店，可以让你从早吃到晚。最喜欢的组合是汤包加小馄饨，小馄饨完全是小时候的味道噢！是千里香之类的不好比的。盖浇饭也很不错，浇头也不少。,1
出差和同事来这里吃的，味道不错 没有选火锅 推荐烤皖鱼、藕片、青瓜、菌菇 主食面条，配上锅底鱼汤非常鲜美 其它烧烤也不错，不过一定要乘热吃,1
喝奶茶很多年了，当时观前首推芭蕉林的，后来如雨后春笋，开了一片，这家的奶茶偏甜，之前口味重，还喝喝龙珠奶茶什么的，现在喝惯无糖完全接受不了了,0
9-30买的水桶包，到现在都还没打电话叫我去取 等的也太久了点吧，联系电话也没有！ 只能继续等啊！有点后悔去买这个包包的哦~,0
一直不爱甜品，那天和一闺蜜逛银泰，到下午3、4点钟，她肚子饿了而我口渴得抓狂，所以上到7楼，就进去开点了~ 我要了一份捞野，双球的，芒果和榴莲，原价40.我朋友要了一份芒果什么糕的，好像38，后来大众点评卡打了折，我们觉得价格还是算比较贵的，算下来小小一盆水果冰淇淋要30多。。。味道只能说还行吧，但是因为开在银泰，所以环境蛮小资，人也很多。如果不是再发生口渴的不行的情况，我应该是不会再去的了，性价比真的不高~,0
今年搬到陶然亭了，不好 东西特别少 就门口那里有点摊位。。其实每年都会去厂甸庙会，今年颇为失望。。 还是原来的好，可以看看老北京的节目，吃吃小吃,0
生意很不错的一家店 东西不便宜 不过超级喜欢这家的椰奶泡芙 鲜奶的很新鲜 超级好吃 就是好贵 平均下来4元多一个,1
虽然和必胜客比起来名气小了些，但是味道还是不错的，例如意大利肉酱面就比必胜客的好吃！还有可以有随便吃的沙拉，和畅饮的饮料，总之还是挺好的！披萨也挺好吃的！我最喜欢墨西哥辣椒！,1
用朋友的VIP卡包了间特价68元的包厢。那天带着几个姐妹 一块去痛痛快快的唱K！包厢隔音还行，功放马马虎虎的， 服务还不错。话筒坏了，马上就过来更换了。,1
因为爱吃麻辣，所以路过还是关顾了一下，口味是差。只可惜了环境真是太差了，还不如路上了串串香来得实在。很有必要改善一下环境。,0
点了牛肉饭的套餐，感觉真的一般啊，没什么特别的，不是很对我的口味，里面的牛肉也就很一般的。应该是不会再去吃了，呵呵,0
吃过2次，陪外地来北京的朋友吃的。香港人管理的店不会很差。布局有创意，一般人不会明白的。包间设计合理，适合商务宴请。晚上的那次见到了一高官政治局的。粤菜加湘菜味道一般。海鲜比我想像中价格一样，不贵。,0
喜欢喝岩盐系列 快乐柠檬嘛总体感觉满清新的 现在很多地方都有了 他们那个柠檬牌子每次拿着的时候总觉得可以换个什么宝=。=,1
别人请客去吃过一次，那次挺不好意思，点了格拉德锅底，结果太辣受不了，基本没吃，让人家打爆了， 实际其他点的已经足够，浪费了别人的钱。感觉那里的环境比较好，东西好像比川福楼的要贵，味道么， 和川福楼的没啥感觉。饮料好像也是免费喝的，而且种类也要比川福楼多点,0
人很多，很一般的店，能有这么高的评价应该是街坊邻居给的，服务态度不好，环境也不好，鸡块还少。以后不会再去了，汗汗汗,0
对电玩巴士的印象还是很好的，那时想买PSP的时候就跑来看，同学想买红色的也来这里看过，觉得他们家的东西质量还是蛮有保障的，就是价格相对外面的要贵了。,1
选这家嘛，也是因为性价比不错，而且在淮海路要想找家人均二十几就能吃顿工作午饭的地方实在是不容易啊。这家的环境不错，食物算是吃过的几家萨莉亚里水平保持的最好的了，一直拖老公过来吃的，每次都会点薯角、培根辣味意大利面、金枪鱼蔬菜色拉。,1
走过路过服务员说可以免费试吃，新出的酸奶冰淇淋12元/100g 最近都打起健康牌来，冰淇淋么开始要吃的健康点就选酸奶的 酸奶味的很酸，接受不了。选了香草味的，一称重刚好100g 大概就小杯子大半杯，量很少只够一人份~ 味道不够浓，和某知名快餐店的冰淇淋味道差不多。。,0
现在完全是只能用一个差字来评价啊，第一次去的时候我是给3星的，但是去了第二次以后，现在改成1星了，真的是很差啊,0
环境不好，桌子没人擦，服务速度响应很慢。点了小龙虾泡饭，22元，超难吃，量很小。富贵虾个儿很小，不值。牛蛙也很普通。总体来说，复茂对不起这块牌子啊。,0
就如前面的朋友所说的一样…… 厕所的确很臭 下次不会再去了…… 一个臭的厕所实在是让人无语啊 虽然离家比较近点,0
烤肉非常好吃，很嫩而且多汁~ 地瓜片和土豆片也不错 调味的烤肉比较好吃~ 不过每次叫他们上汤总是非常磨蹭，这一点很不满,1
"去光大看婚展,中午就在附近寻觅小吃. 老花样,酸辣笋尖, 端上来,吓一跳, 量真大阿~~~从来么有一家, 给这么多笋尖的, 我的最爱阿~~~ 味道也蛮好. 8块钱,很实惠阿~~~",1
妈妈家有很多亲戚在黄埔村，我看着这里从市郊小村变成热门的旅游景点，十分自豪！在古港边有很多农民把自家的农菜鸡鸭拿出来卖，既新鲜又便宜！还有姜撞奶，新鲜牛奶卖噢，十分有趣，值得一游噢！,1
一般般吧。 环境不错 饮料畅饮。 东西不是很好吃，没什么特点。而且量也不是很大。 性价比不高，倒不如走几步路去苏武牧羊了。,1
这个店开了有10几年了，让我想不出它能开那么多年的理由！菜味道一般但是量还可以、价格其实不便宜！硬件就没法说了至少5年前就应该进垃圾箱了（桌椅板凳杯盘碗蝶）、服务也不说了！附近居民办白事首选！,0
25元，买一送一，，觉得口味不如其他家的酸奶冰激凌好，，而且水果可选的种类也不多，关键是太小份了，小的水果什么的都装不下，25两杯还觉得不值呢,0
去年吧，他家搞活动，送2颗巧克力，号称价值50 挺贵的说，店家态度不错，有一个小姑娘很认真的 尝了以后觉得也没什么特别好吃的呀 为什么这么贵呢？ 而且这种称分量的东西怎么看保质期？,1
因为离家比较近，所以经常去，服务态度非常好，上菜的速度也很快，里面羊肉很不错，包心鱼丸很好吃，昨天发现锅巴的味道也很好。分量足，吃完还会赠送现金抵用券，非常划算,1
这家店刚开时很冷清，服务员培训也不到位，随着印象城人气急升的原因，其生意也被带动起来了，不过普通的五花肉、牛舌等还马马虎虎可以吃吃，点了个一百多的什么特级牛肉就让人失望透顶了，三片薄薄的牛肉，而且口感也很差，简直无语！,0
点了大杯的叉叉暴风雪加杏仁加奥利奥 妹妹说味道不错啦 我也觉得挺好 喂我吃了好多 经常能从勺子里面找到杏仁 倒杯不撒还是标准得很 后来虽然化了 味道还是不赖,1
本来很向往去这家店的，毕竟从外面看 很华丽的建筑。可是也不过如此吧。虽然因为中午吃了鸿霖，导致晚上在这儿吃饭菜时影响口感，不过 口味真的不咋的，没有发现有什么印象深刻的菜了。 而这家店面的服务，我觉得的服务员的口头禅是 等会儿。所有的需求都要等会儿，实在是无语。 我觉得自己不会再主动去消费了,0
味道什么的都还好，但是食材是在令人不敢恭维，尤其是汤，一口喝下去那个味道实在是……食物感觉调料尤其是味精之类的放了太多，吃完难受了一下午。我想不会再去了。,0
听上去是挺便宜的，不过也就那么回事儿吧，而且我妈吃的时候突然胃特别不舒服，居然吐了，吓死我了都……下次再也不去了……,0
地方不大，但项目很多，有泳池，各种器械，瑜伽也有，刚开始人比较少，可现在人越来越多了，还是很不错的，办个卡逼迫自己健身，搞活动的时候还算便宜，一般收入水平都可以负担,1
服务极差，锅底等了半小时，不闹凶就不理。门口保安随意扳动我们车的电动后视镜，大家都知道奥迪的电动后视镜是不能手动扳的。打死都不会再去了！,0
以前基本不会打桌球的，现在也学得差不多了，都是在单位里面学的，不是在那里学的，那里的空气质量实在太差了，差的让人受不了的说。 价格倒是不贵，一小时才几十元钱。,0
印象深刻，培朋友去的，超级难找的一个地方，受不了了。走路，不过801可以直接到，这点还是很方便教学辅导书的地方，那个地方还是很多这类书籍的,0
简单的说，在这个价位，你很难找到另外一家自助，在食品、环境、服务各项能做的比戈拿旺好。 严重推荐给爱吃肉的人！ 不过作为一名糕点爱好者，这家的糕点只能算是一般，有改进空间。。。,1
由于好多家蛋糕店都需要预定，一时没了选择，就决定试试这家的蛋糕了，真是悲催了，就没吃过这么难吃的蛋糕，价位一点不便宜，但是口味。。。哎。。。无语了，貌似再外地开的连锁店的蛋糕也不这么难吃，怎么一到了天津就变味道了？,0
"在B1的电梯口出,实际上每个口味都很喜欢.经常是换着口味吃. 太阳饼是新喜欢的,大小适中,外酥内甜.有独立的包装,很干净方便. 抹茶、香芋、可可都很喜欢。光是看外表就爱上了，更不要说口感很对我胃口。 老妈爱吃他们的桃酥，不过性价比高了点。个子不大，价格属于高了点。",1
人气很差 离五角场有段距离 虽然是吃喝玩乐俱全 但是整体层次偏低 还有些商户空置着 除了附近商务办公人士就餐之外 特地过来这片区域玩的人应该不多 所以一些商户都是靠TG过日子 吃的东西也不是很PY 永和豆浆 85。C 游艺 卡拉OK 上午去的时候 连电梯也没开 逛了一圈 实在没什么可玩的了,0
超爱吃这里的酸辣粉，虽然有些人会觉得偏咸太辣，口味太重，但这样吃才会觉得爽。尤其是那个粗粗的粉条，嚼起来特过瘾。比有些地方的细粉丝吃起来感觉棒多了。只可惜离家有些远，只有去西单的时候才能过过嘴瘾,1
老国企的感觉，一进去就想起小时候去电影院看电影的感觉。 公公的单位有时候会发这里的兑换券，3张兑换券换1张电影票，本着不能浪费的精神，每年还是来这里看个1-2次的。 记得去年10.1用兑换券看完建国大业后，还发了两张10快钱看大片的卷，特别高兴。,0
一直没尝试过炒肝，好奇，于是随便找了家店点了一份炒肝，于是。。。很咸很咸，很失望很失望，价格也卖得很贵。吃东西还是不应该来这儿，这就是个坑爹的地方。。。,0
记忆中是我第二次吃麻辣诱惑，因为我突然很想吃水煮鱼~ 但是这家的水煮鲶鱼，真的是有点失望。不是很多，而且鱼肉不滑嫩，要是黑鱼或许会好些。 由于整栋大楼没有开空调，所以菜冷得很快。 点的凉菜根本是不下去，所以可惜了那个冰镇芦荟啊，我的养颜佳品啊！ 送的优惠券只可以吃午餐，又是要浪费了。。。,0
地方真是有够远的，开车开了好久才到。。。真是不太好找啊~~ 烤肉是我的最爱，羊排非常好吃啊~~还有一个腿部的那个，忘记什么名字了，也非常好吃~想不起名字，就上图了吧。 可以选择在大包里面吃，也能在小蒙古包里面吃~大包里面可以看表扬，也就消遣消遣，演出内容就不谈了~~~喜欢吃烤肉的同学们可以去试试~~,1
个人觉得作为快餐，吉野家不错，快而且也不贵，饭菜的搭配也不错，味道也可以。在洋货市场逛完了又不想走太远就去那吃吧。,1
"本来想吃亮煲煲,但到了一看,说已经停业了,哎. 看到这家生意还行,价格也能接受,就来这里吃了. 点了鸭腿饭,一只酱鸭腿,应该烧了很久,所以,比较酥.但饭是温的,旁边的黄芽菜肉丝是冰冷的,算配了一份汤,但鲜得无法入口,后来我喝了很多矿泉水. 还点了份卤肉饭,一点点肉,老公吃得声音都没了...... 以后不会来了.",0
涨价了涨价了，最早的7快钱一杯原味双皮奶，到后来的8块，再后来10块，今天去已经12了，呜呜呜。。。以后不会没事就来一杯了,0
冬天.买了那个欧蕾玉兰油给妈咪.很好.妈咪说很好用.因为妈咪皮肤比较干.好难找到适合的润肤露.没想到这个适合妈咪.而且是新产品.地方卖的东西都很高级.而且装修很气派.感觉比其他地方的茂业都要好很多.,1
很久木有吃到刀削面，惦记了好久，就在大众点评上搜了去的，还找了会会，结果……很失望，说不出来是孜然还是什么咖喱的味道，从牛肉到面条。。。甚至都比不上路边随便尝试过的几家小店。。。环境和服务还好，就是正常面店的样子了哈。。。,0
这家店就开在家乐福卖场的出入口处，去过几次都是家乐福购物后去解决午饭问题的。一向很喜欢吃永和的东西，特别是他家的面食。我最爱的是半筋半肉的牛肉面，就是19块/碗的价格显得贵了点，要是价钱能下来点，我大概会经常光顾了，嘿嘿:),1
是个中式连锁快餐店，在清华东路西口这边开了有段时间了，今天中午正好经过，就在这里吃了。 每份饭的份量不小，价格基本都在12、13元左右吧，如果要套餐的话再加5块钱，套餐里面除了饭还有鸡蛋羹和豆浆，感觉不太值，就只要了饭。 咖喱腿排饭不错，虽然咖喱的味道不太浓，但给了四块鸡腿，挺好吃的，一共12块钱，觉得还不算贵。 现在消费满20元可以送一张2元的抵用券，但只能抵扣米粉类的。,1
还可以吧，中午过去吃的自助餐68一个人，用维洛城的券65一个人+1筷子费用 地上满油的，因为外面没位子了，就给了我们一个大包间（我们是3个人） 服务员态度还可以蛮好的，我喜欢吃肉，所以蔬菜一个也没吃，全叫的肉， 送的饮料酸梅汤，里面好多冰块，下面好多没化开来的糖,1
拉手网团的才去的，真是希望越大失望越大呀，牛排简直让我失望之及。味道一般，环境一般，服务 一般。相信今后很难会光顾。哎，就是快餐也不至于呀。,0
单位年终聚餐，觉得这些地方的包间差不多，富丽堂皇的，不过个人还是钟爱哇哈哈那种小家碧玉型的呵。。 这种聚餐我都吃不出什么好来的，真是可惜浪费啊。要了个王八，一口没动，想着就接受不了。。苦命的人吃不了好东西呵呵,0
因为在如家住了好几天，所以第一天去这里吃了早饭，可是很是让人失望，价格超贵，味道还远值不了这个价...哎，反正之后没再去过，而且速度也比较慢,0
经过时看到有优惠就嘴馋进去了。 点了当日优惠12元的一份巧克力蛋糕，外观很诱人，有点布朗尼的感觉。 入口小失望，只有表面一层是巧克力，下面就是巧克力色的蛋糕胚子而已，各种普通。 蛋糕什么的还真是一分价钱一分货啊~,0
现在的口味是越来越差了，之前去吃的时候品种还是可以的，而且服务态度也没得说，现在服务态度也不怎么样，东西也不怎么样，价钱还是越来越高了...,0
没什么说的，对这个东西从不感兴趣，美国三美元一大桶的东西来到中国就价钱猛涨了。。。而且口味还差了。。。说垃圾难听了点，但是性价比实在是忒差劲了,0
那天下大雨在附近避雨，等着等着越来越肚饿，就去试下D寿司。位置比较偏僻，所以吃饭的人都不多，而且都是后生居多。我要了几款寿司，上菜时间一般，唔算快。茶位2元，水没了，服务员都跟不上加水，寿司的味道一般，估计下次不会再光顾啦。,0
下小雨，服务员说外面的不服务了，我和朋友一定要坐外面，也只好从了我们，里面的外国帅哥服务员服务态度超级好，里面一个老板很热情的和我们介绍~~~非常好~,1
他们家的皮蛋瘦肉粥还是很好喝的，夜宵的不二之选呀。这家心琪粥店里面多了很多小菜，老板真会做生意。卤豆腐干、鸡爪都很入味，非常好吃。那个女服务员很热情。,1
其实我总感觉神龟的馅饼不如多禾的合适啊，多禾那里比较大一些啦 不过也是陪同学过去的，我同学比较喜欢吃这里的,1
这家的鸡可是销售的够快的，基本上下班了过去都没了，生意特别好，难得几次我才有幸可以吃到，味道是很好的，有时候晚上不烧饭 早点下班就能去吃个一顿,1
实在太差！点了7个菜，过了1小时只上了3个菜！催菜N次！菜味道也差！番茄小排汤千万不要点！服务也差到离谱！叫了2碗饭岛最后都没有来！,0
不去说了，和女朋友下午看完丁丁历险记兴致盎然地走进去想饱餐一顿的。点单后，上菜慢也就算了，最后结账把优惠1元换购的芝士牛肉丸算全价做在单子上，还好多看了一眼，否则不就吃闷亏了？！收银条下还有一句附送小杯桑葚汁，我们竟然没有！！自己单点的10元一杯桑葚醋汁，那领班摸样的人还振振有词地说上锅底的时候肯定一起上的！！气死！！！什么服务，什么态度，味道一般也就算了！就这样对消费者？！下次谁还会再来！！,0
看变形金刚等时间就来这家吃了，之前朋友吃过这家酱香味道的，很难接受，在我看来这家评论一直很好，不信邪，试试！微微辣，点了好多，记不太清了，现在有活动，饮料随便喝，上菜速度很快，三下五除二就给解决了，味道不错啊，对于我这种不太能吃辣的人来说可以接受，吃到最后就会越来越辣！我认为香锅还是要吃辣的才够味啊,1
新开的店，第一次来这个店，人蛮多的，陆陆续续的。 下午茶时间，帮同事带了很多蛋糕，价格小贵，均价在10元一个了。 自己喜欢巧克力口味的，所以挑了不少品种，另外拿了蓝莓乳酪，吃吃蛮舒服。,1
恨烂，预约一个好专家，说好18点放号出来，我18点不到就上线等号，一直刷新，就是挂不了号，明明看到有号的，就是提交说满额，退出来看，还是有两个名额的显示，破系统。而且出来多少号啊，一两秒就没有号了，这个也忒。。。只能说无语，找找一般的医生还差不多，真正好的靠这个估计难,0
来沈阳游玩的，在大众网上找到了这家火勺店。 步行了很久，真的是不好找呀。 不过东西真的好吃。 火勺很够味，尤其是肉陷的那种很好吃。 这里的云吞超大的，真的是好大颗。,1
炸五香真的挺好吃的 吃了厦门几家炸五香都满喜欢的 鱼丸还行啦 没吃出什么特别的 不过这么出名就试一下 味道还是可以的,1
红豆鲜奶好喝，每次去基本都要喝这个，同系列的芒果鲜奶个人觉得不如它 红豆双皮奶也不错，料很足，红豆满满一层 养乐多系列一般般，港式奶茶也还行吧,1
半盆菜酒家，店名非常有意思，一下子就记住了，去过几次，味道还不错，菜价非常实惠，比较喜欢店里的大肠肺头汤、素鲍鱼、芋艿煲等菜。环境比较一般，但价位实惠，所以客人非常多，24小时营业。,1
商业街上的服务员真素。。orz，N次看到因为一角钱把泡芙拿进拿出的掉换。。 水准时好时坏，以水准好的时候论，刚出炉热腾腾的南瓜酥很美味，泡芙奶油很足，红豆阿扁很不错，当然还有小曲奇必点~,1
公司同事一起聚餐，这家店位置不太好找，店内装潢一般，服务员态度差，点好菜后，半天厨师都没过来，好不容易过来了，陪调的却是其他桌点的菜，上菜速度很慢，大多时间都在等，而且我们点的菜没有上齐，明明桌上摆了鱿鱼和扇贝，转眼就不见了。服务员端饮料，洒在同事身上，虽说店家有道歉及所谓的赔偿，但态度很差，弄得我同事心情极差，以后不会再来这里吃饭了。,0
比较新兴的一家店吧应该是，买的是类似于热狗的快餐 每天都会有特价的几款，稍微便宜一点 买的时候会先烤一下，面包变得脆一点 基本的料加好以后还可以自己加番茄，黄瓜之类的 我觉得嘴巴没有那么大啊。。。这个三明治太大了。。一口咬不下不的嘛 而且太多了。。。根本吃不掉 味道么也一般般，都是面包的味道。。。哎。。 PS:服务员讲话冷冷的。。面无表情 另外，根本不值这个价。。。没什么性价比,0
第一次来大连 大大小小的馆子也吃了很多 比较上档次的海鲜哪里都能吃到 所以感觉没什么意思 这家东北菜做的很棒 饺子还有菜都很不错 虽然没有太惊艳 但是确实是在大连感觉吃到最有感觉的东西了,1
我是生日的时候和老公去的，生日免单，老公选的89的，当然还有158和220的，我们没选，菜品还是很不错的，尤其爱那个奶油蘑菇汤，超好喝啊，大爱。还有香肠，烤串，品种挺多的，感觉很超值，特别要说的是蛋糕，感觉像现做的，上的有点慢，但是从造型到口味，那是真没的说啊，就是GOOD，有机会还会去的，建议有过生日的去啊，很值很值。 服务非常好！！！！！！,1
看完电影急着吃了走，一般的寿司店，不过本来对回转寿司就没有太大的期待，所以也就无所谓了。 料一般，鳗鱼皮真的很皮，Tuna居然是土色的。 米一般，不甜，但也不算难吃。 有一个什么螺肉的前菜是最后上的，甜。 服务就那回事，一般般。这种半自助的地方我也没有期待太高，这些都没什么，不过号称一个日本店，只有青岛和喜力两种啤酒也太假了，好歹搞点SapporoKirin什么的也专业点不是。,0
刚去吃了，包间，服务很一般，包间环境也真的很一般，3个人，一共3600，菜品的味道一般，性价比太差了。。和去过其他相同档次的比起来，没什么竞争力。。。,0
很有气质的一个地方，到长沙来一定要去啊，羡慕湖南大学的同学啊，听说他们好像还有特权，真的不公平。我比较喜欢秋天那种感觉,1
搬到望京以后逛了几回，个人感觉没有西直门的嘉茂好，感觉品牌不是很全~东西也挺贵的，没啥折扣~可能我去的太少的过吧。不过他们底下一层有好多我喜欢的餐厅，比如正一味呀，贝尔多爸呀~对 还有一个啥麻辣烫的 灰常好吃而且便宜~,1
意淫了许久的店，终于如愿以偿啦，哈哈。大家推荐的点了个遍。榴莲酥印象深刻，非常好吃，哦哦哦～虾饺不太喜欢，一如前面一位同学所说，感觉缺点油。海鲜粉丝煲也不错，乳鸽我也没吃过几家，无从对比，觉得也挺好。剩下的菜都不记得名字了，总之挺不错。,1
烤鸭的品质不用说，在北京市最好的。服务费收得不值，关键是服务很一般。外地来了朋友都对烤鸭很感兴趣，我家离这家店很近，前几年是常客，吃得我对烤鸭有点惧怕了,0
东北菜馆在一般人的印象中都保存着乡土气息，但是这是一家很时尚的东北菜馆，整体都洋溢着黑红搭配的时尚气息。在北京算是很不错的东北菜馆。 菜品的口味很地道，菜码也比较合适。服务很好，记得一次过生日来这里吃饭，服务人员得知后，整个餐厅都响起了生日快乐歌，还有免费的热气腾腾的鸡蛋面，很感动。 网上订餐还打折哦！,1
来到这里不感觉自己是一个古代人，感觉非常不错，来这玩的人也真是不少，老年人剧多，也有一些外地的游客，不过到祈年殿的时候人已经多的不行了，建议不要周天去,1
朋友生日，来这里买蛋糕。这次不买他们的冰淇淋蛋糕，特意买了他们家的蓝莓芝士蛋糕。口味不错，浓浓的蓝莓酱加芝士蛋糕，入口既化。爱吃蛋糕的我，居然吃了一大块，很过瘾。个人觉得比去年的冰淇淋蛋糕好吃，至少不是很甜。,1
山间堂吃过很多家！这家超差！超差！服务员跟死人一样的！点个菜好漏了三个！其他店汤上来都是用锡纸包着，服务员会打开来把油撇干净再给我们喝，这家呢！汤上来没有盖子，都不是烫的，感觉放了好久，油也不撇人就不见了！！！叫了半天也没人来！！！每次叫服务员都跟催命一样的！菜的量也少！跟其他店完全不能比啊！！！太失望了！！！气愤！！！,0
中午和同事一起去的，老板买单。一进去，发现桌布很脏，第一印象不好。菜的味道没有想象的好，没啥特色，和真正的新疆菜有差距。估计以后是不会再去了。,0
菜式太差了，是我去过的饭店里味道最差的一家，根本没有吃饱。酸菜鱼太粘，难吃。那个木耳炒什么的根本啥味道都没有，难吃。上来的冷盘和菜单上的照片差别太大了，太失望了，再也不去了，除非换厨师。,0
推荐招牌红汤梭边鱼，鱼刺很少，口味很像鳗鱼的口味，不过如果是鳗鱼那店家要亏死了 哈哈，这个梭边鱼真是很好吃的，可以老少皆宜，此外蟹粉丸也很好吃，好像看到点评网上很少有人提到这个，我来推荐下，哈哈。豆腐和鸭血也很好吃，很Q，LG夸我这次选的店比较好吃，嘻嘻。。,1
一个月分三段，我喜欢的提拉米苏口味只在下旬的10天有售，所以好几次去，都没有遇到我想要的口味。今天去也只有抹茶香草栗子和草莓的。火焰蛋糕也很好吃，就是巧克力太浓郁的话，吃完稍微有点腻。基本上是去印象城一定要买的甜点了。,1
那边饭店蛮多的，人均消费都不低哦，不过环境真的不错，菜品也不错，吃晚饭沿着湖边可以看看夜景，散散步很舒服，除了交通不是很方便其他都不错~~,1
匆匆路过 牛肉面正好商务餐活动 原价18元 只要10元哟 TEST了一下 真心不错 面条很Q 比旁边的味千好多了 椰奶饼也真心不错,1
比较怕老鸭汤的味道，所以都没去吃过 年前去百联SHOPING想吃汤汤水水的鲜的就去了 一碗虽然不大，但是里面的料够丰富，原来还以为各种材料要另外买的 味道很好,1
逛完街 就去权金城了 结果所有菜量都明显比大成路店少的多 再也不想去那家店了。。。 不知道哪找那么多小器皿。。。太抠门了,0
前几天盗梦空间就在那边看得，号称5星级影城，设施我看和3星级的金陵工人影城没什么区别。最糟糕的是，电影在地下1层，高度严重不足，压抑的很，电梯还经常不开。厕所有问题，又在地下室味道很不好。最糟糕的是，价格好像比老城区几个影院还要贵。真搞不懂这电影院是不是忽悠江宁人的。以后我再也不会去了，宁愿开车去河西上影或者万达。图便宜就去横店或者工人影城。,0
猪劲肉超好吃，点了2份，牛舌、牛排、五花肉、雪花牛肉都不错，3个人6盘肉，还有好多小菜，老板送了一个汤，一份玉米，挺大方的。土豆泥怎么可以那么好次呢……吃了好几份，还打包了2份带给儿子次……那里的年糕和泡菜饼也好次……ps：晚上7点后人比较多，走的时候好几个等位……唯一不足就是排风不灵，次好身上都是味道,1
去的时候已经过了吃饭的时间了。里面三三两两的坐到几个人，基本上都是在吹牛打牌的。貌似是每个人都必须消费的，就点了饮料小吃什么的。真不是一般的差。很难吃！饮料将就了，我朋友点了个布丁，上来比图片缩水很多不说，还发了个一次性的塑料勺子，有点像搅咖啡的那种长把子，前面的汤匙部分根本就挖不起来东西……,0
位置比较难找，还好到的早，不定位的话五点就没位子了。环境很干净，味道还不错。量也比较大，价格也亲民。下次再去尝尝别的菜品。,1
会展中心周边。来参展的人是很便利的，不过价格在公寓式酒店里面就算是很高的了。房间设施很不错。厕所虽然是玻璃墙，但是隔音都很好。服务也不错！,1
去了很久了，今天终于想评了。 第一印象：污里污涂的很不干净，无论是店内的装簧摆设，还是服务员的服装形象，太影响食欲了。 菜品：形式大于内容已经无须多说了，关键是这是第一家让我在剩菜很多的情况下不想打包的餐厅。吃到最后我都快吐了，怎么会这么难吃？真的很郁闷。 “盛名难副”这个成语就当是对这家餐厅的抬举吧,0
越来越贵，东西是越来越糟糕，柔都是冻在盘子上面的。而且东西也没有随着价格上涨变得好些，还是那些廉价东西。服务就更次了，上个火二十分钟，催也没有用。以后不去了,0
试吃过，德式芝士和芒果西番莲最好吃，我想这是我吃过最好吃的德式芝士。芒果西番莲有芒果的香味，但又不会太甜，因为还有西番莲的酸味混在里面，非常美味。,1
总体还行吧。周围酒店很多，环境也不错。离湘湖很近，可以去散步。来萧山玩住这边还是蛮舒服的，这里的环境不比西湖差的。,1
和蓝星离的很近又都是畅饮吧，所以有了对比，相比之下我个人认为加勒比海的口味好一些，奶茶很好喝，冷饮也不错，就是环境差了点，服务一般般了，但是由于价格便宜，相比之下性价比还是很高的，可以去看电影、打扑克、三国杀聊天，是个好去处。,1
就是一个大水库，说实在的，真不怎么地，进去都没人，就玩了会儿船 里边鱼很多，真想捞回几条，哈哈 去过这一次，下回绝对是不会再去的额,0
点了挺多的。总体比较失望。感觉最好的就是花生冰沙了，是我想要的口味。麻油鸡什么的小菜感觉就那样，点心也一般。没什么太出彩的地方。,0
"店面很大,而且是两家对着开,经常满场,我不知道是不是锦州人爱吃还是他们的东西好吃,每次来都得提前预订位置,他们家的饼很薄很劲道,然后豆角排骨也很有味道,非常好吃!!!",1
面包中算的上高级的层面吧，辣松微辣，口味偏重的比较能够接受，他家日本芝士蛋糕味道很棒哦，妈妈超级喜欢的，经常会买来做早餐吃,1
逛街的时候累了进来休息一下很惬意的，星巴克对得起自己的名字，服务很周到也很好。推荐卡布奇诺，是我的最爱了，也是男友的最爱。,1
最近这阵子似乎大家都爱请吃这家，我带着点郁闷又去了。从中山公园第一家店刚开张的时候开始吃，到现在，是一直失望呀。不过服务是挺好的。我相信作为一直吃川菜的人来说，尤其又经历过他们最初的味道，那种感觉，你懂的……,0
看了网上评价才去的，本来抱了希望口味会比较好，但是，好失望。。。是不是因为老板准备的比较仓促，比较赶时间出货啊。。。光盐披萨根本看不到拉丝的芝士！！面饼很厚，意面，好吧，味道真的好一般！浇的汁在哪里在哪里啊！！！最失望的是芝士薯蓉，只有土豆泥的味道！不过，服务态度倒是挺好。。。唯一欣慰的地方。。。,0
要得暴风雪（奥利奥），很便宜，18块钱中杯，奶油含量很高，也很甜。每次做完冰激凌店员都会倒过来给看一下，但是我自己不敢，嘿嘿。 儿子喜欢吃冰激凌，因为有点小儿哮喘，一直不怎么敢让他吃凉的，尤其天冷。那天他实在是闹着不走，给他买了一个中杯（有点大哈），觉得凉但是吃完还想吃。 对了，楼上吉野家旁边还是常规的有一家，不知道是不是一起的。,1
在湖滨商业街上这家店还真是值得去一次，最好是四个人去，会吃得很红火。 大门是大红色的调调，喜欢这种老式的大门，古老的装饰，菜单就一张纸贴在墙上。。。菜确实没几个花头，点招牌吧。鲶鱼要尝，大肠也不错，招牌中就是牛蛙偏咸了点，其他都不错哇，坚持味道，安全第一哈！吃辣的朋友可以去尝试，材料很新鲜，做法也讲究，啦啦泡椒凤爪着实辣！！！,1
酒店的位置是没得说了，强烈向大家推荐6楼最左边的那个包厢，从窗户直接可以看到大海和星海广场。 酒店的服务也很不错，上菜的速度也很快。点菜区域让食材一目了然，海鲜都是很新鲜的，顶级食材也不少。 是一个宴请客户和家庭聚会不错的地方，楼下停车也很方便，吃完晚餐还可以走到星海广场散散步，看看大连的夜景。,1
菜做的太难吃了，根本吃不出什么味道。 粥实在是太稀了，应该叫做米汤。 焖面除了量大，没什么别的， 价格倒是便宜，真是便宜没好货啊。。。,0
吃完晚饭来国瑞溜达，进来看了看。还是那个样子，都是IT货，什么流行卖什么。 不打折总觉得不值。买了个十块的项链，带着玩儿了就。 可能不是那个型，试了条短裤，显得腿好粗……唉，布料还一般般。没有动力让我掏钱包啊,0
以前从来没去过食立方，坐公交车的时候经常路过，这次逛街说去看看吧。 结果菜量超少，口味一般，价格不低，很不值，以后再也不去了。,0
"李占记钟表已是广州的老字号店,修理钟表的水平也不错,我也在这买过两个表.现在也少去了,换电池也换过不少了.价格有点偏高",1
去的时候正好大楼外面在装修，汗啊，天气挺热的，说实话，这家环境真心差啊。受不了，点歌的系统很老，没有触屏，搜歌挺难搞的。是不是该换新的了呢。。。哎,0
逛街的时候去的，还打了维络城的优惠券，可是去了以后有点失望，首先不卫生，而且服务态度超差，麻辣香锅可是不怎么辣,0
在这里买东西要看眼力和砍价的功力了，有很多东西还是值得一淘的，而且服装基本都可以试穿，这点比动物园要好，另外，交通也比较方便。,1
这家酒楼给我的感觉还是一直不错的，价格比较适中，不是很贵，里面的菜味道也比较好，而且菜做得比较好看，有艺术感，里面的环境也是挺不错的。,1
点了一个酱爆茄子 一个核桃鸡丁 超级超级超级难吃的说 酱放太多了 而且无比的咸啊 最后不得已用水泡泡再吃 虽然说也是我们自己点菜有所失误 可是如此简单的两个家常菜做得这么难吃的我还真是第一次见呢 后来老板说周末没有发票周一来才有 但我以后也不会往那边去了 他就送了两瓶矿泉水 囧 我宁愿要发票 那个饼还行 稍微有点油,0
我记得是前几个月的事情了 和朋友去好热带风暴以后 因为其中一个朋友是开车带我们去的 而且他家离这家店很近 我们就敲她竹杠 叫他请客了 哈哈 我们点了N多哦 旁边是一家人 一起来吃的 看到我们4个小伙子吃怎么多 我觉得他们有点傻掉了 我们吃到后来已经要喷出来了 但是真的很好吃 而且结账的时候很想到价格出乎我们的意料 真的是很实惠哦！,1
靠近上海书城，买的人很多，经常排长队。抽空顶着大太阳去。果然人少。3个人去买布丁奶茶，还有仙草栋奶茶。冰的布丁奶茶很好喝哈，很香醇。,1
更喜欢人民广场那家的口味，这家离单位相对近，一般吃午饭就选这了。午饭有套餐很划算，但相对分量也少╮(╯▽╰)╭,1
本来是冲着榴莲酥去的~结果那天卖完了~ 整个环境不错~ 不能预约，所以有时候会出现排队的情况~ 里面的口味比较南方，适合喜欢南方菜的。,1
本打算去的，网上很多评论都是“失望”。后决定不去了，谁知道开车到小公园附近，一眼就看到了。百货大楼被围起来，拆了一半，西天巷就在围墙边。像随时要被拆掉的样子。节日的下午，摆在巷子里的三张桌子一个人也没有。,0
同样都是吉野家，味道怎么差别那么多，牛肉非常非常老，一点鲜味都没有，海鲜饭里的料也少得可怜，和正大或者置地旁边的不好比，以后再也不要去了,0
什么盐酥鸡么，跟以前海宁路摆摊头卖的那家差太多了。 一般来说，热的小食都不会太难吃，谁知道，哎，真是FU了它家。 若不是饮料还对口味，肯定给零分，哼哼！,0
跟朋友去吃的。 饼干硬，不好咬； 朋友点的冰淇淋一端上来就看出是放在冷冻室了很久的，咬也咬不动。 提子也是酸的。 总之有点失望。,0
晚上去的，约朋友聊天，音乐小吵，酒单换了以后这个价格飞涨啊～ 入口还是比较诡异，穿过一道黑门总觉得像去做坏事的- - 自己选的话不会再去的,0
起古了啊。。。 上次去的是东昌路那家。这次发现开在家附近了么ms不用跑这么远吃了。。。 下午去的。 一个人么只能吃吃色拉和面。 意大利面还可以的， 但是更喜欢pizza,1
"同事说要请吃饭,结果就3个人一起去吃了,到外边看到车老多的,大概12点左右到那边,幸亏还有位置啊,不容易啊...由于本人不吃辣,所以就点了4个菜一个汤 甜扣肉,甜甜的老好吃,本来我是不吃肥肉的,不过这个真的很好吃,嫩 古老肉,也还可以,里面还有我喜欢的菠萝 上汤娃娃菜,很鲜,很好吃,推荐 豆腐羹很大一碗,也很鲜,很好吃,推荐 最后申明一点,性价比很高啊",1
店里明显人手不够，喊了半天服务员，他们只会和你说“马上就来！”，然后就不知所踪。 点了花鲢鱼头砂锅，等了非常久才上来，满满一锅，明显水放的太多。汤里的味精味很重。 总的来讲，不太好，服务态度不好、菜本身烧的也不怎么样。,0
有些东西还可以，但价格高得离谱，老外骗中国人的钱总是很容易，谁叫我们崇洋媚外呢？源于深深的自卑吧。总之就是不值。,0
离家有段路 叫过外卖也自己去吃过 味道着实一般啊 而且他家的鸭贞和鸭肠不能分开的 一包包配好的奇怪来 对于我不吃鸭肠的只有挑掉浪费掉了 家附近也就这一家 实在想吃了也没办法讲究咯,0
生意很冷清，除了鱼头外，菜量都很小，偏贵，鱼头很腥，很咸。吃饭时遇到一貌似老板朋友的神经病，在饭店里犯病，非常可怕。以后绝对不会再去了。那个貌似什么总的女人，也很丧，哎。不知道这家店还能维持多久？,0
两个人所以只点了一份小份酸菜鱼，40米，消毒餐具1元1份，米饭两元一份。酸菜鱼味道很可口，不知道是什么鱼，但很新鲜，鱼肉很嫩，而且没有腥味，酸菜也很好吃，点的是辣味的，里面好多小辣椒，可以自带酒水，隔壁一家人聚餐还带的白酒和卤菜。。总之物美价廉，还是很不错的。ps：吃完了还可以当火锅吃~,1
四合院让人觉得很舒服。天冷，在屋子里坐着，很惬意，很温暖。吃的还不错，很精致。貌似有个羊头肉很好吃。还有个用小吊炉乘着的豆腐很好。有机会会再去的。适合小聚聊聊天。吃的也蛮不错。,1
吃过很多次，可以说每次南锣鼓巷必去的地儿。味道很正的台湾菜，比鹿港神马的好很多。卤肉饭非常好吃，排骨饭也出人意料的不错。三杯鸡第一次吃很惊艳，但后来再点也就觉得那么回事儿了。综合汤一般般，蚵仔煎有点儿腥不算好。盐酥鸡和甜不辣的合盘好吃但也小腻。老板老板娘都是友善的台湾同胞，店里的狗也巨可爱。,1
呵呵，环境一般。味道（印象中）第一口咬下去觉得皮比金陵汤包的薄一些，但是算不得皮薄（以前有吃过抬头南翔小笼包的皮超级薄），但是肉质还是挺紧实的，汤汁的味道也不错，不会太甜生腻，带着点鲜。总的来说还行，不过只去了一次，不知道这个水平是不是稳定 ：）,1
来成都时第一次吃的药膳火锅，吃的很巴适，最喜欢竹荪和乌鱼片，都很新鲜。 而且服务员很好，都会帮着弄丸子，定时来看看火锅里的食材有没有熟。 基本每一个半月都会去吃，缓一缓成都的重口味。 但就是有团队来的时候比较吵，而且经常要等位。,1
小时候一直去的面店，印象是汤汁鲜美，最爱焖蹄两鲜，肉嫩鱼鲜。 只是现在涨价了一碗面要15块，其实也不算便宜，涨得实在离谱。 卫生情况实在堪忧，很脏。 要是夏天去，要热死人啊。空调也不给力的 本来10块出头的价格蛮好的，现在15块了，估计自己是不会再去了。,0
店的生意确实好，我就纳闷了，这么赚钱的店，你就不能弄了一个好的店面，好好装修下吗？？ 先说口味，辣过瘾就是了。 环境差，服务差,0
差差差，叉叉叉。牛叉神马？？？？？东西难吃，贵，服务态度非常差，我们说自己烤服务员死活不同意，非要她烤，烤的鸡翅没熟都是血，让她烤久一点就摔东西，摔呗，又不是我家碗，我吃我的，但是太难吃了,0
天啊……在点评网上看到这个店是那么地和谐……为什么实际吃起来那么恐怖的啊？！ 不是我点的菜，四个人吃饭，人手一碟鹅肝，人手一碗汤，人手一碗饭，再炒了两份素菜，蒸了一条鱼……坐房间加收10%服务费，结果一结账……各位请看右上角…… 商务宴请是挺够派头的，绝对不会丢脸，但个人消费的话，强烈建议不要乱来……当然，你是富人我无语……,0
小锅48，大锅58；如果能在网上提前预约，还给打个八五折！真是，怪不得他家，晚上十点的时候还是人头攒动的~ 灰常灰常好吃啊~太香了~哈哈哈,1
环境不错，我们单位去的，要了大包间，但吃的还是每人一锅。人挺多的，我们都饿坏了，所以烧饼一上来就很抢手，凭心而论烧饼比其他家好吃，哈哈哈。特色的是店门口有美甲的，吃火锅可以免费美甲~~,1
从外滩那边做了快一个小时的公交车过来，下车之后打车10块钱到门口，不打车据说走半个小时到不了，不方便，。门票真贵啊，160块钱，。早知道我不去了，还免得浪费我的时间和来回的打车钱.连黄牛票都没有,0
不是很实惠，但肉质很鲜美。 酱料不腻，有点稀了，喜欢韩式料理的可能觉得不够给力 比起釜山等贵一倍以上，主要就是吃个环境吧,1
看了电影，去吃宵夜，第一次去 ，比想象中吵闹，服务员态度不错，而且女服务员几乎都算上美女，去的时候，九点多，还等了会位置，环境稍显吵闹，菜品质量其实真的一般，没有什么“惊艳”的感觉,1
经常带孩子去吃的餐厅。孩子比我还熟悉菜单。味道应该算不错，最近好很多啦。我给满分。环境也还可以，不是那种豪华型。服务很得体，不是那种很过分的那种。遗憾是圣诞时，制定了只有两种套餐强行推行。不过那天也带孩子去，提意见，店家也改过来（对我们）。很好！,1
中午同个F去试左~ 哎~真系有小小失望咯~ 无想象中甘好食~可能我地嘅期望过高挂~ 点左好几样热门菜 最好食嘅竟然系碟排骨~真系晕~,0
自从梅江的店开了以后，就没来过这家店了 狗肉火锅很好吃，喜欢他家的家常豆腐，还有虎皮尖椒 不知道现在的味道怎么样,1
"第一次去觉得什么都好,可是现在好像换了厨师,味道还不如我爸爸,乌梅汁也难喝了,贵了而且小了很多.很多菜都没了.总之什么都变得很差...再也不会去了",0
人满为患。娱乐设施分时段开，排大队，累死你。温泉都是死水，很脏，人很多，没处下脚。看着像样点的池子都另收费。服务员也爱答不理的。总体感觉很差，不会再去了。如果泡温泉的话，还是去金隅凤山和春晖园吧。比较后就会知道好坏了。,0
面包口味其实比较一般，价格偏贵，一个日式面包寿司（具体名字忘记了）要七块 可是看它的形状和内容怎么看也不值这个价钱 刚开店的时候做过活动卖过3快一个 当时后悔没多买几个 铁观音奶茶一直是我的最爱 淡淡的有很有味 没有coco那么浓 这里的奶茶偏淡 ，最好不要买各种香蕉什么的产物 极其难喝,0
以前经常跟同事来吃的。。感觉还行，属大件夹抵吃果只。。 昨天专门同朋友行了半个小时去吃。谁知道升价了，分量少了，味道还很不行。 主要是太咸了，，什么都太咸了，下的孜然粉太多了。。咸得吃不下。唉，很失望，下次不会再过来了。,0
每次去都很开心，很放松，是我解压的好去处。 我已经带领很多朋友去玩过了，呵呵～不过，自己纯粹玩乐，不精啦。。 看到好多年轻人玩跳舞，可惜自己么那能力，惊羡啊。。。要是自己也能。。。HOHO～ 抓娃娃还是行滴，呵呵～,1
那时是快离开上海了，这家店之前一直每天都有特价菜，而且离住的地方很近。就想临走时，去吃一次吧------大失所望！特价菜没了就没了，其它的菜够难吃了。尤其是毛血旺，里面的肉是臭的，本想理论一下，懒得了，因为菜上得超慢（吃饭的人不多呀），等得没力气了。总之四个字-----去得后悔！,0
煲仔饭很好吃，老火汤也不错。煲仔饭很好吃，老火汤也不错。煲仔饭很好吃，老火汤也不错。煲仔饭很好吃，老火汤也不错。煲仔饭很好吃，老火汤也不错。,1
我就是天津工业大学的一名学生，虽然学校里的游泳馆建时间挺长，但是里面还是不错的，水特干净，价格也很便宜，学生还可以办卡，优惠更多！！！,1
第一次去的时候是去吃晚饭的 点了个什么荷叶饭味道实在不怎么样 但是最后拿了发票中了20元 算是味道不好的补偿吧 第二次去是想去吃甜品的 点了杨枝甘露 被告之没有芒果汁不能做这个 后来又点了一个也说没有 服务员态度很差,0
菜一般，上来都凉了，服务员很少，就是环境还行，点了一份饺子，18元就只有12个，还巨难吃，应该不会在去了,0
呢家享天河城上班，最近就系呢间M记，迫于无奈只能够黎呢间！收银D服务态度差到你完全无语啊！次次点餐买批都唔记得卑我，要我行返去拿！个死人女人仲要好死串甘话：“你自己唔记得拿咋嘛！”我顶！明明系距打包好晒卑我拿既！仲要我行返转头！仲要唔认错！仲要甘死串！,0
火龙果香蕉牛奶， 好好失望 米道真的不咋地，香蕉和牛奶放得太少得原故吧 真的和B1的那家不能比的，以后不会再买了。,0
态度其差，味道其差，垃圾中的垃圾，绝对不会去吃第二次，早日关门大吉，学学别人以态度取胜的餐馆，不然就不要办餐饮,0
由于户口问题，就跑到这里来做检查，检查的步骤都还比较顺利，就是有些项目排队时间长，这也不算什么了，医生说过一个月后就会电话通知我们到居委会拿报告。等等等～～～～～一个月过去了，又等了快一个月。查询到的54800909 就没打通过，54934001总机就接通过一回。都什么办事效率！简直无语！再也不会去那里了。,0
蛮喜欢的甜品店，前两天从店前经过，进去买了两大袋，一口酥味道非常好，尤其苹果味的，但是一定要趁热吃，第二天再拿出来吃就不酥了，味道大打折扣，所以一定要买一次能吃完的量！,1
今天加班点了食其家，怕菜少，又单独点了点小菜。结果少得可怜，最离谱的是同事点的海蛰丝，一快子就没了！太坑爹了！,0
里面很黑的，店铺很少，东西也摆放得很乱，基本没有人逛，电梯都不开的，很脏的。好像就只有二三层，也没有什么好东西。做线材的有几家可以看看，其它就没有什么东西了。四楼就是买音响的，是很差的音响。,0
东西还行 帮萨利亚差不多 服务超差 个个都个桑米孔 上了菜后连个盘子叉子也不给 朋友不小心点错了奶茶 客气地要求换一杯 那个包子头服务员凶的要西 走来走去经过我们这里还嘀咕故意放话给我们听 恶心的yp 趁早滚吧,0
"假日一邊看電影 一邊吃著PIZZA...真是開心 點了38元 意式腸番茄PIAAZ 及芝士香腸一個(三個) 22元 自己一個人享受所有的PIZZA 跟芝士香腸 我喜歡吃這家的黃色蒜味奶油醬, 在把PIZZA吃到後面邊板時, 沾著奶油醬真是好吃 我覺得比起必勝客好吃多了~~~~",1
里面有好几家店在一起组成的，很喜欢喝台湾奶茶和麻辣烫，很正宗的。 重点推荐大家品尝一下他们的奶茶，和我们这里做的没法比较的。,1
哎哟妈呀，我年初五吃的饭半个小时都没来一个菜，爸爸认识老板自己跑厨房拿，管理的让人受不了！听说人家还有一桌等了受不了不付钱跑掉了。。。。完全就是乱七八糟的店，还不如路边的小摊吃一碗粉丝汤,0
去徐家汇的时候顺便去的 团了个汤包，硬是忍住没点其他的菜 就是吃个环境啦~ 汤包味道也就一般般了 不过里面的服务和环境都很不错的~,1
上次下班晚上10点多才去，完了服务员告诉我们10点半下班，我们还是照样点了很多。 开胃的醋味饮料真的不怎么样，面包也一般，照理该是那种烤的香葱面包的，他就随便拿了个来敷衍。 肉类的食物还是可以的，除了那个蜜汁鸡翅，就跟外面卖的炸鸡翅一样，一点蜜汁味道啊没的，就是把皮弄脆点完了。 那个鹅肝面更是难吃。油先不说，鹅肝弄得很难吃，面也因此倒足胃口。 谨记教训，不要太仓促去吃，那个味道真的会差很多。,0
这间蛋糕店呢，说实话：芝士蛋糕都不算抵。因为价格稍贵。 但是环境和服务都是不错的。 榴莲芝士蛋糕真的好好味，肠仔包都不错！,1
就在家隔壁，以前经常会去吃，味道还算过的去，但最近去吃了一次，感觉很差，味道不灵，量也不多，不知是否点菜没点好的缘故。连招牌的黑椒牛肉粒都感觉不行，难道厨师换了。,0
有个同学结婚让我当伴郎，就是在这儿办的事儿，头一天晚上去布置，服务员摆桌子什么的都挺用心的，该拉绳的拉绳，该清理的清理，桌子脚下没有粘滑的感觉（电梯口有），但是说实话当伴郎基本上就没吃着什么，不过随便吃的两口都还不错（当然不是因为饿了啊），饭量比较小，可能比较挑剔吧，还不错，能看着大炉子乎乎地烤，挺有意思的，同学的婚礼办的也不赖，他最后喝高了，哈哈，高兴呗～,1
我们是下午不到五点去的，还不到用餐时间，没什么人。点菜完毕，想起没点酒水，要点，同学说记得是送酸梅汤的，可是服务员完全没有这表示，叫过来问，才松了一小扎，原来不问就不送了。更气人的是，送了酸梅汤半天没人给拿杯子来，又要，才给。学生证打折也不说，问，才说可以打，无语。打折后不给开发票，唉,0
照例點了布丁奶茶.. 這家店鋪太小了.. 而且服務員態度也很糟糕... 幫客人插吸管的時候..弄灑飲料.. 也不擦一下..很恐怖啊. 不過味道還是不錯.. 但是COCO也越來越貴了..,0
正宗东北菜 据东北朋友说味道很正，上榜的几个菜味道都不错 分量不错 包肉好吃 粉条好吃 米条好吃,1
昨晚去食了，人多，而且服务态度差，居然连海鲜都不多，炒了个丁，怎料上来基本都是玉米和少量坚果，只有2个菜搭配都叫做炒丁？太佩服。。。 居然连菜心都没有，煎饼一打36元，真是贵到离晒普。。。无下次,0
烤鱼的味道真是很好了，可以自选辣度，不过上次去时候跟服务员反复强调少麻，因为不怕辣真的怕麻，可惜上菜时候发现还是很多花椒。 牛蛙锅也尝过了，个人还是偏爱牛蛙锅，我和朋友的胃口满大了，吃了一锅加上个凉菜和酸梅汤已经很撑了。 价位还算便宜，两个基本上百元左右。就是座位少了点，饭点时候还是蛮紧张的,1
临时想去剪头发，也没有预约。不过因为是早上，人不多。是艾伦老师帮我剪的，不错，很耐心地跟我沟通，因为我想烫，还帮我吹出烫发的效果让我参考看看，建议等我头发再稍微长长再烫发！很好！,1
环境一般般 不过服务员的态度超级的好 口味也不错 喜欢这种感觉 最好的一点是没有时间限制 可以随心所欲的吃 不用担心时间的问题 呵呵,1
在杭州就很喜欢蜜菓，一直很爱他家的玄米奶绿，想不到天津就真的开了，环境也很好，口味和杭州的一样，绝对要支持一下的！！,1
非常非常差的店！！！提前48小时也约不上，店员服务态度也很差！说团购的没有鱼，单点的有，竟反问顾客如果他们店每天只接团购还挣什么钱？挣不挣钱关顾客什么事，搞不起团购就别搞，想当***还想立贞节牌坊，真是没见过这样的店！！太差！！！,0
中午在食品店逛了圈 看他家人还行 就点了鱼香肉丝盖浇饭 没想到真心难吃 饭又硬又僵 做配菜的卷心菜都是菜杆子 也许他家也知道客人会吃不下 倒是贴心的配了包榨菜 鱼香肉丝都成炒肉片了还一点鱼香味木有 感觉就是吃的青椒胡萝卜丝炒肉片 再说汤 巨咸 然后听到旁边的小姑娘说他家的饺子皮怎么噶厚的 再也不吃了,0
周六上午2个人去的 82元2个人 送刨冰畅饮 因为3个人最低起算 一直满喜欢好乐迪的 环境什么都满好的 但是不能刷卡？,1
在他们家万红店拍摄的，最近开了新的影棚，超级美。 前天才去陪姐妹一起看过，准备还是他们家拍啦。。。衣服也比原来多了很多，样式款式也更新了不少，化妆间搞的超级豪华，看来生意很不错啊！！！！！！！ 最近貌似有个人写真，到时候偶也准备蹭姐妹的光，哈哈，一起拍一个姊妹情深篇臭美臭美去。,1
自助感觉是西安最丰富的，但是我肯定吃不回来，每次吃都觉得很吃亏！喜欢雅箸的索菲特精选汉堡，实在好吃，有嫩嫩的煎牛肉，番茄切片，还有酸黄瓜，比较正宗的汉堡，配的炸薯条也不错，和肯德基不一样的,1
上午11点去的45一位，中午11：30开始自助，什么吃的都没有，我想想，干煸豆角，咖喱鸡块，海带，菜花，沙拉，毛血旺很难吃，麻辣烫，酸辣粉，鸡蛋羹，龟苓膏，蛋炒饭剩下基本没什么了 汽水酸梅汤能喝，别的都难喝,0
拿了携程PASS去可以打9折。 提拉米苏38还不错，清淡微甜，尝了觉得很好吃。没想到后来褚家园的更好吃。 丝袜奶茶25和曼特宁30一般吧。 书还有一些。适合静坐一下午。 好像只营业到晚上7点哦。可能龙头路那家晚一点吧。 门口有鼓浪屿地图随便取。很贴心,1
菜价很贵，普通一份肉什么的动不动就是二三十块，四个人吃了一点肉菜和素菜，两瓶大果粒橙就将近四百块钱。 味道还好，就是有点咸。 吃腐竹的时候感觉有点酸酸的，或者是其他放在一起的某一个菜有点儿酸酸的，当时没特别注意，第二天果然大家集体拉肚子。 反正我觉得是再不会去了，贵，恐怕也不卫生。,0
服务员态度非常不好很不耐烦，然后点的水煮鱼味道很怪估计是死鱼问服务员跟我说就是这个味道，吃水煮鱼又不是第一次了真当我吃不出来啊，后来态度非常不好的让我退了，一直很相信渝信但是太失望了以后不会光顾了,0
装修过后变两层感觉也还不错，店子不大，但是环境好 以前隔壁是CD店，连通的，一点点音乐飘过来~让整个人都静下来了~ 现在楼下还可以吃东西 如果买书能够多多少少打打折就好了 买过几次书都没有折~,1
这家店能开到现在真是一个奇迹。 选择的自助式日料。 上菜速度慢，刺身筋筋拉拉的，牛肉很难吃。 服务员总是一副爱理不理的样子。,0
- - 受不了 明明是我先排的 然后一个女的挤进来说什么她问一下东西，那我就让了，搞到最后竟然还插我前面买一刚，还说什么我排在那边的，里面的一个工作人员也在那边乱说，大婶就是大婶，眼神不好，我知道的。 如果我真的排那边的那让后面排队的人怎么办。SHIT 睁眼说瞎话。工作人员也恶心的不得了。看我是小孩子好欺负是伐。！！！！ 气死我了！！！,0
想不出吃什么所以吃了这个 一上菜就后悔了 我要的五花肉拌饭 貌似比石锅拌饭好一点 有点辣辣的 感觉和路边随便哪个夜排挡味道差不多嘛 个几上当,0
真的受不了，教练不认真交，每个都跟大爷似的，最主要考试不过，每次交的钱还递增，因为一张纸也要叫40，我看他们真是希望学员过不了，毕竟补考的钱比学车的钱好挣多了，考试车也很难用，千万别报学生班，纯骗学生，只能周一周五学，这叫学生班吗，学生还不上课了！,0
麻辣烫这种东西还是少吃为妙，毕竟这年头食品安全不放心啊。报纸上说米线加胶，我觉得粉条粉丝什么的肯定也好不到哪里去。YY前几天在这里中午吃的，整个下午胃都不舒服，晚上终于吐出来了，6个小时啊，粉条都是一根根完整的，根本没消化，我们以后再也不会去了。,0
品质对不起菜价，盐好像不要钱，很咸很咸，同样的菜品比其他老丰阁要贵将近50%，一扎橙汁竟然要138块，抢钱啊！不会再来了。,0
上次朋友来北京，因为全聚德人多，就来这吃的烤鸭！服务员态度非常差，菜单直接扔在桌子上，一句话都不说，摆着臭脸一张！朋友问我，北京的饭店服务态度都是这样吗？我很尴尬！菜倒是还算是可以！反正以后不会再去了，找气受！,0
蛋糕很好吃 吃过很多其他品牌的蛋糕 多多少少会有些腻 或者性价比不高 但是宾果士的蛋糕味道很好 和其他家蛋糕相比价格也很合适 总体感觉不错,1
带朋友一起去吃的，都很喜欢吃辣的，叫了2份凉粉，一份烤鲶鱼，一份牛蛙，一份毛血旺，一份芥兰，后来又加了一份凉粉，菜都很辣非常和自己的口味，朋友也都很能吃辣，吃的很开心，辣味超爽的，喜欢吃辣的首选，非常赞，就是服务不是很及时，菜上的也有点慢，希望可以改进。,1
很差，午餐肉有酸味，鸡公煲里面都是翅膀什么的边角料，味道也不好，而且环境服务都很差，真的不是一般的差，怎么这样的店还不关门啊！！！！~~~~~~~~~~~~~~~~~~~~,0
今天去的时候只有椒盐和干煸两种小龙虾。店里面空调开的很冷。吃好之后鼻涕也出来了。我们点了25串烧烤。要我们不停的催。旁边后来的一桌吃的都已经来了，我们早到的反而没有到。。。。最杯具的是，我实在是仍受不了空调的摧残了，决定最后一串香肠退掉，不要了。到服务台结账的时候，听到收银员和小工说话的时候，其实香肠已经没货了。真不知道怎么搞的，没货的话早点和我们说。让我等了那么久。,0
终于被通知到可以去报名了，那天9点40到的，电话中说9.30开始报名，到的时候已被告知2个3月4月开的班机已经报满.不过我还是报上了5月的班，很开心啦，毕竟这家早教中心硬件软件都很好，费用更始只有其他早教中心的1/5.,1
我不是来点评的 我是来投诉的 周六下午，在这里买饮料 服务台内，有一胖胖服务员和一比较瘦的服务 我在吧台那说无数次“请给我一杯。。。。” 无人理，两服务员只顾讲话，无视我！ 气得LG敲台子 胖服务员听见了走过来，于是我讲“请给我一杯。。。。” 可惜她人走了过来，头却还回过去跟人聊天，等一会，又问：您要啥？ 骂人的冲动都有了 以为就你们一家有卖饮料么？ 以后再也不来了,0
甲醛味道很重！ 团购换了两张电影票，但是万达电影院没正式营业，餐饮大多没有开业 很多店面也没有开业，白跑一趟，真不值。,0
人多，排队一小时，上菜慢，服务一般，菜量少，价格高。 总体感觉一般，性价比不高，建议去别家九月天，去万达这家吃，真是找虐！啊,0
价钱比较低，适合一般家庭小聚，位置处于沙头角中心地带吧，比较方便。菜系感觉不是很多，偶尔吃吃即可，晚上人较少，靠窗的位置不错。平时去都有位，不用等，,1
生煎的味道还是可以的，里面还有虾仁。可惜那个炒菜的味道就太差了，油是油得叻，吃得晚上胃难受，虾仁跑蛋里的虾仁还没小指甲大，沙律小牛排下面垫了很多龙虾片，那牛排真是薄如蝉翼啊，两面都裹了很厚的面粉还是很薄，这刀工真是好啊~,0
上海吃了不少的料理店，还是这家最好！三文鱼非常的新鲜，还有象鼻蚌、海胆，同时生蚝非常的嫩！至于烤牛舌、牛排就不说了，还是那么的好吃！目前还有马肉料理也是难得一见的精品。至于烤银鳕鱼、烤鳗鱼啊之类的不多讲。现在还有活鲷鱼奉送，真是有口福啊！,1
最简单的三个字评价就是：超！难！吃！ 点了卤肉饭和炖蛋 本来以为卤肉饭再怎么做也不至于难吃的 结果没想到还这能做的这么难吃。。。 根本一点打卤都没有 吃了一半就吃不下去了，太无味了 炖蛋味道还可以，不过好少啊 真功夫我以前在上海吃过，没记得有这么差劲 不过以后应该再也不会去了,0
正好那天嘴巴特别馋，想吃鸡公煲，想了好久呢，然后下了班就和同事去吃了哈哈，感觉这家店还不错的说，酱汁的味道还是很浓郁的，然后鸡块也很大的说哈哈,1
实在不敢恭维。刚点好菜，发现菜多了，要求退掉其中一个，结果还没五分钟，服务员居然上了这道菜，一看就是回锅热了一下，还口口声声说肯定是现炒的。也就酸菜鱼能勉强吃吃了，以后不会再去。,0
3月份北展婚博会买钻石送的衬衣券 超级难预订，可能是免费的原因吧，在券快到期的前几天终于预约上了 店面很小，在写字楼里，不太好找 服务态度一般，进门就开始推销 两种颜色，淡粉，粉紫 样式指定，布料指定，所以没有太多的选择 量身后一个半月左催右催的情况下，好不容易才取到 衬衣质量实在一般，到处都是线头，根本不值580元，最多几十块钱吧,0
以前要买周家的东西都要麻烦香港的朋友在那儿置办。不过现在上海什么都有哈。 最喜欢他们家的hello kitty系列啦。20岁生日的时候，就在他们家买过一根hello kitty铂金镶小钻的手链，大爱啊大爱。 还在他们家给奶奶买过贺岁礼，也很赞。 他们家的服务态度也很好，售货员很有耐心。,1
比起其他西式快餐 wagas的选择更多环境也更舒适 快餐却么过分紧张的节奏感 Lunch box量足味美 一份基本可以把自己喂得饱饱的 可惜wagas距离公司远 超出外卖范围,1
已经不是第一次去了，但这次的感觉不如以前。菜量少了，小炒黄牛肉看不到几块肉都是青辣椒；一大扎的雪梨茶变成了袖珍小壶，而且叫服务员加水N多次都没人管（当时餐厅也没几桌客人）不得不自己动手加； 一杯冰水也要收一块钱，没有续杯。 下次不会去了,0
"今天点了冻奶茶以前冰火波罗油有失望，因为奶油有很重的冰箱味啊,冻奶茶还行，希望下次可以留意奶油的品质",0
叫份外卖11点叫的，1点半了还不送来。。。你承诺做不到，你做什么生意啊，关门算了。。。电话打过去还都忙音。。。做不起外卖就不要做。。。。。垃圾的要死。。。,0
这个店的服务太差了，过去的时候服务员在那玩游戏，我是团购的客户，来了个原价购买的的，居然就先帮对方做了，服务员居然收好了钱，就直接去做饭团了，而且分量也不足，没有260克的，电子天平秤了下，分量足足少了15%，这个就是个骗钱的店，而且团购里面东西放的明显比非团购的少，我就在旁边看着做的，不愿好好做团购就别做啊，店里已经是在买二送一了，还居然好意思说是15元一个，就是个骗子店，以后请我去吃也不吃了，这个店太差了。,0
服务太差了慢的要死。催了好几次菜服务员转身就去干别的了！气死了！土豆丝粗的像指头一样。蕨根粉也没有泡开绝对不会再来了！,0
中午去的，人倒是不多，坐下以后没筷子，连喊三个服务员都不理，最后自己拿的。。没人倒水。 炒片就是浅浅地铺了层盘底，12块坑爹啊~盘子里估计数不出20块面片，跟以前在新街口吃的差远了。 肉串一串穿三块肉，两瘦一肥，不咋地。肉筋太老，板筋还成。 大盘的炒烤肉也是看着就一撮撮，不计较鸟。以后也不会去了。 前面的点评很坑爹XSK。,0
昨天同事聚餐，500元起价的包间，苍蝇乱飞，分别在水杯里发现了一只苍蝇两只蚊子。东西味道真是一般，上菜速度很慢，而且菜量很少。大堂经理服务态度极其恶劣。,0
最近手头紧到吃一顿饭都要商量一下，但是还是准备到此被暂一顿，何况南翔小笼长龙般的队伍。桂花拉糕不是浪得虚名的，相当相当好，三块拉糕实在不过瘾，其实只吃拉糕我也开心。糖藕是非常新鲜实在，反正很多地方有糖藕但是都不实在。蟹粉青菜越吃越香，小笼不咋地，南翔的更值得排队。,1
第一次食完就大呼上当了。无办法啦！鬼叫自己贪平咩！？以为48的自助餐好抵就谂都唔谂就入去了。点知咁难食啊！好后悔啊！ 搞到每次去天汇城经过都谂起呢间唔好食的寿司店。,0
其实不太喜欢 地方太小 人又很多 站都没位置。 很多香港人和鬼佬都喜欢去这里。 音乐很好听咯 个人还是觉得地方太小了,1
在南开大学东门对面，同安道菜市场门口， 几乎每天都会来着买菜，但是看着他家的人还是一般呢，不是特别多 来这里吃过一次，一般的就是吃点炒饭什么的，还挺好吃的，O(∩_∩)O,1
我一直对良木缘嗤之以鼻的。觉得他家的菜品一般，吃的东西口味也一般。 因为离公司近，中午就约了朋友在这里吃饭。还是一贯的装修，偏暗淡的色调。装修看得出应该是花了不少钱的，要说值不值这个价格，难界定。 我们点了个煲仔饭，红烧肉，西兰花，豌豆在里面做配菜。点了个蘑菇培根披萨，油油的，饼子有点儿厚。还点了个肉酱意面，上面居然有两片蒜蓉面包。芝士太少。 他家的服务真的不咋的，半天也不上菜，一点儿笑容都没有。,0
男朋友特别喜欢的美食，如果下班点去买会排挺长的队，一般中午去不排队，有蜜汁和孜然2种味道，个人比较喜欢蜜汁的，但是吃多会觉得有点腻，而且最好一次吃完，如果剩下放到冰箱，转天鸡上会裹着一层油，就让人倒胃口,1
这家是我去过的麦当劳里面最差的之一 基本上麦当劳搞啥活动他们都是最龟毛的 还有就是老是要的东西没有。 要么就是机器坏了要么就跟你说要你等多久 反正很差 店员爱理不理的多说一句话解释下要死呀 并且已经2个星期周末早上说早餐里面的冰咖啡不能提供了 恶心死了。。,0
东西也就那样了，价格摆死的随便吃吃的档次。但是服务真心太差，服务员都拽的什么样的。有一次去音乐还一直在放豪想来的“店歌”，难听得要死，倒胃口。以前可以刷卡，后来几次去都说不能刷，还说从来都不刷卡的。有几次经过还会听到店员和顾客发生争执。反正实在是不怎么样的一家店。,0
肉夹馍很不错六元一个，香香的，里面的肉不是太肥，汁水有些但不是太多，热热的吃着口味不错。哨子面也很劲道，就是哨子少了些。,1
同事推荐的这一家，说服务超好的。过去亲身体验了之后，果然如此。我自己先到的，店员AMY很热情地泡了好喝的热茶，说是暖一暖再试穿，很贴心啊。试了两件后，老公来了，AMY不厌其烦地帮我重新试穿了刚才已经试过的两件，特地给老公看。最后有意向的有两件，凑不满他们家的套餐，但是说过年后会有一批新的衣服过来，到时候换也来得及。其实都挺满意的，就是这是第一家，总是很贪心想再比较一下，店家也答应有了新衣服也会通知我再去试。,1
我是个超喜欢吃火锅的人了，大夏天的还经常和朋友跑到这里吃火锅 很喜欢小肥羊的锅底，清凉锅、麻辣锅等都很好吃 羊肉很嫩，菜很新鲜，豆腐也很棒，,1
叫的烤五花肉和牛肉 但是那个牛肉点的种类不对 貌似火锅店的肥牛 考了满身的油烟味 送了个鸡蛋羹 味道很好奥 喜欢喜欢 送的好多小菜 生菜貌似无限吃 酱也味道不错 就是浑身油味。。。,1
不知道说是什么好了。 之前对妯娌的老鸭粉丝汤很是钟爱，没想到去他家吃了后，让我失望透顶，味道差很多，量也少了不是一点点。 旗舰店和分店就差距那么大嘛？真是加盟店开多了，质量大打折扣。,0
什么都很一般的店，吃的是苏北菜，味道很一般，环境也很一般，服务就更不要谈了。结帐的时候尾数4块钱拉掉后硬是不肯给发票，不会再去了！,0
呃，一个吧台火锅店环境能成什么样， 毕竟那个银座超市人不多， 只是翡翠郡的居民比较多 套餐里的肉上错了 我位子旁边就是盛锅底的大桶， 旁边还有菜板子啊！！！ 神马葱姜蒜都在那里搞定 没有任何防护措施啊 以后不会去了,0
经常大家一起去吃午饭，当然是点春饼了，然后点春饼里夹得菜，京酱肉丝，酸辣土豆丝，家在里面很香，最主要他家的春饼很薄很地道。,1
累了进去休息休息，店里的服务员有气无力的，简直看到顾客就恨死了一样，希望每天都没有生意他们好轻松的拿一个月工资一样，受不了，不去了~,0
是住酒店送的温泉票 不认识路 从万豪打车去的 去时45元 回来打不到车 叫的黑车70大元 温泉很一般 虽然 池子多了些了 但是人也不少 地方不是很大 洗澡尤为紧张 等很久 最有意思的是 你要去楼下休息就不给大毛巾 泡温泉时 毛巾也只一块 那叫一个冷啊 下次应该不会去了,0
就在进沃尔玛的入口处，麻雀虽小，五脏俱全，售卖区、休息区、休闲区井然有序，点了我喜欢的蔓越莓，冰冰凉凉，味道微酸，很解渴。不太喜欢冰激凌，觉得太甜。,1
来这里你要是不点牛肉的话你就别浪费表情进来了。三五好友，点上个牛肉套餐，刷刷刷的在锅中让牛肉荡漾一下就能放进嘴里感受了。牛丸很“弹牙”，这个是他家的招牌哦。虽算不上等不到位的地步，但每次去感觉都是比较多人，人家性价比好嘛。吃饭最要紧价钱实在，味道好。,0
便宜到不能再便宜啊~ 最喜欢茯苓蛋糕和起子馍！！每次都冲着它们去~~ 叉烧肉还可以。枣糕也不错。拿破仑和山楂锅盔也还可以 稻香村的东西总是有种朴素的魅力~~,1
外带一个鸡肉牛肉番茄三明治，堪称本年度最好吃的三明治，鸡肉是烟熏的外裹芝麻切成薄片，牛肉也是薄片但是一点都不干，酸黄瓜生菜和新鲜番茄每样都大加分，面包是介于全麦和白面包之间的韧度，虽然28块不便宜但完全值得啊！！！！,1
老妈米线的生意很好，经常要排队。 以前念书的时候一直吃桂林米粉，现在改吃老妈米线了。 为什么要写满50字呀！呀！呀！呀！,1
还说是神马老字号 环境一般般（上二楼还把我头给撞到了） 服务一般般 口味比较差劲 总之是小北门的一般水准啦——那就是烂,0
环境不错 服务态度非常好 设备挺强大的 效果老爽了 歌曲更新挺快的，最主要的是离家近。 同学 同事聚会的好地方主要是消费不高。,1
每次去动物园批发市场肯定会去世纪天乐，这里面的衣服还算可以，不过人真的是超多，人挤人，里面卖货的大部分都是小姑娘，妆画得跟鸡似的，卖货很屌，没什么好脾气，东西也越来越贵了，感觉很不值,0
吃了他们家的宫保鸡丁饭 味道还行 就是一般的盖浇饭 他们家的量太大了 根本吃不完 女孩去吃基本上是吃一半扔一半 很是浪费,0
绝对经典的铜锅涮肉~简单的清汤，配上麻酱小料，省下的就是细细品位肉和菜的香了。朋友说海鲜小料的味道也很不错~ 毛肚切的很细，也很爱熟，很嫩！ 一个一阵子不去就让人很想念的味道~~,1
去八佰伴周围逛，晚上随便吃点，突然看到这家店...于是进去了... 以前去常州的时候也看到过类似这种的快餐店，有点半自助性质。 菜的品种还算多，味道不咋地... 尤其是那个水果色拉，好难吃... 别的...也没什么可以点评的啦。 价格也就平民话...说实在的，还不如去旁边的老娘舅。,0
"南京人对卤蛋很推崇么 这个阿婆五香蛋在点评被抬得太高了 害我一直以为是多么与众不同的口味 特地跑水游城那去找来吃 结果发现口味跟我妈妈自己搞出来的差不多么 阿婆的可能是煮的时间长,更入味些,其他没啥特别的 失望啊失望",0
"和巫山烤鱼比,环境不好,没有书吧,价格还贵不少,服务质量很不好,我都座了二十分钟了,还没有服务员来问津,哎哟,那叫一个慢!",0
太差啦！等半天说没辣翅，没辣翅你做什么生意啊！太受伤了我！还不来点单，一个都没有！你至少要留一个人点单啊！怠慢！,0
以前洪武北路的拆迁，德基这家店面很小，有点狭隘的感觉。主食分别是鱼和虾，南京西餐做鱼口味不错的，属这家和王品。对于爱鱼者而言，无论环境、服务还是口味都是不错的。餐前有免费的面包，烤制焦黄的那种特别好吃。,1
偶尔路过的时候会买点来吃，还是不错的，喜欢飞碟，豆豆小平头，红豆饼，松松......东京咖喱味道不错，就是有点油腻， 感觉热量挺高的。,1
N年前做过一次，MS是赠票~ 幸好是赠票啊...否则就是冤大头了 N年前我还是个小P孩的时候就觉得这个景点傻到不行 更别提现在的人了... 今天还有人问我这个景点的价格，准备组团去 无语哽咽... 我好说啥捏...,0
这家店应该刚开没多久 那天去四川北路正好看到就进去瞅瞅 店里全部都是韩国商品 价格被比较均一定为5元、10元、20元等 也许是因为是韩国商品的缘故 有些东西还是有些小贵 比方说最普通的塑料包装袋12只装要买到10元 上面标着的是1000韩币，明显来中国就会很多 不过我觉得这些包装袋啊，包装纸啊，纸袋啊什么的都很漂亮 外面倒是不太多见 有时候想自己包装礼物什么的倒是不错的选择,1
到扬州旅游去吃的。性价比好。便宜又好吃。 在何园门口还有一家。 吃的虾籽馄饨3块8，虾籽饺面3块8，蟹黄汤包，虾籽汤面2块5。,1
和极地的主基调是一样的，就是卖相很好，好到都有创意和风格了。 吃没吃到什么，但是这别墅里面的装潢，和最重要的长餐桌的感觉....... 就是那个电影里的人啊........,1
晚饭时间到了，上去溜达了一圈，最后贪图人少就去了小羊羊，坐下点好东西就后悔了，那个到饮料的杯子里面都粘着白白的东西，和没有洗过的没有区别，上去询问有没有一次性的杯子答案是没有。 接着就说吃的吧，那个娃娃菜拿上来就是洗都没洗过，一颗一切4还包的紧紧的，没洗过的东西能吃哇？ 反正总体来说那里不怎么的，以后在也不会去了~~,0
夜里和老婆随便点评一个地方就去了，点着那里了，呵呵，看图片挺诱人的，可是吃起来确实很一般很一般，什么特色都没有，还给我上错串儿~~不会再去了肯定,0
麻辣烫居然是凉的。。酱肉包是速冻来的嘛？酸辣粉感觉也是一般般啦，比较失望。小吃的做法并不精致，感觉菜品没有很用心的去做,0
知道中信银行是因为一个同事的朋友在那里工作，那时候大家都忙着买股票，基金，中信银行也有这方面的业务，大家就都忙着向他打探消息。不过现在股市基金市场都很差，很久都不玩这些了，和中信银行的朋友也就很少联系了。不过还是会经常看中信的广告，还有地铁车票啊什么的上面也都有中信银行的标志，好像是合作单位吧，不过他们的网点好像不是特别多。,0
第一次叫宅急送，叫了个最新的39元的PIZZA，还有网上的10元小食任选两样，加个芝麻开门送了个椰汁紫米露，加6元快递一共55元 觉得PIZZA饼比较薄，可能就是价钱的原因吧。10元的小食从量和口味上都不怎么样（按网页说的应该和正装的量一样的），送的甜品更是食之无味。 总的来说，除非很懒不想动的情况下，基本是不会再叫了,0
服务超差！！没见过那么差的，一个菜平均催3次，还不一定给你上，服务员爱理不理的！看到其它点评说他们家服务差，我想可能包场会好些，没想到更差！,0
在上海的陕西餐馆里算比较好的啦 虽然都算不上最正宗 毕竟一方水土养一方菜= = 换了地儿总是很难做正宗了 喜欢吃西安风味的朋友不能错过 老板老板娘服务员都陕西人 只是服务态度不理想,1
还没搬家的时候去的，在一个小弄堂里，也算是慕名而去的 点了久仰大名的蒜蓉生蚝，奶油扇贝。嗯，还可以吧，就是很普通的，哪有点评上写的那么好呀。 很失望啦,0
09年9月就去过了，今天才点评。比起刚开时，有些菜式水准下降了，可能换厨师的缘故了吧。 但整体还是比较喜欢的。炒饭味道不错，套餐很实惠：除了主菜外，配菜里还有红烧肉糜、水果。,1
老妈说在电视上看到介绍的，网上找了半天只有鞍山环球有卖，昨晚路过看见很多人在那里排队，生意真好啊，8.8元一斤，墙上还写着每人限购二斤。。。今天碰巧又去那里了，照样还是要排队等候，不过我去的时候队也不算长，买了几个甜的几个咸的，回来尝了两个，话说里面的栗子味蛮喜欢的，就是哪个甜哪个咸还没分出来。大概馅都是一样的，就是外面的酥皮有甜咸之分吧。。,1
真的很小的店面，哈哈，还是偶然发现的 不过味道不错 尤其是赶上刚出炉的时候，还真是蛮香的 饿的时候卖上两个很不错~~,1
以前是白金宫酒店，现在是全聚德了，烤鸭味道很正宗，酒店里面大厅非常的大，好多朋友结婚都是在这里举办的，摆几十桌都是小意思，菜品味道很好,1
去过一次 因为广场的店没有位子了 就把我们送到这里来了 环境都差不多 吃的东西 每个店也应该差不多吧 东西挺多的 基本上 我就一路狂吃 也不怎么唱歌（主要我唱歌不好听）总体都蛮好吃的 把我喂饱是没有问题的,1
公司客户从外地过来，房间订在了这个酒店，客户还比较满意，说配套设施还不错，有游泳池、健身房、羽毛球场等，酒店周边配套也很完善，交通很便利。最喜欢推开房间能看到教堂，风景不错。,1
"绝对建议大家以后别去这家,服务员素质差,居然去买的那天碰到和人吵架,居然是客人把其他垃圾扔进他们家垃圾筒,骂别人""白痴"",这总素质,我在边上也看不下去,吃的东西更别说了,我买了3杯,要求盖盖子,没有!打包,没有!纸巾,也说发光了,居然还卖我原价,这店真黑,什么都没有,开什么开呀,干脆说冷饮也没有算了",0
"打印了优惠券,送了对凤尾虾，第一次吃必胜客，觉得东西都非常的不错， 甜品相当的棒，披萨比他们外卖的好吃多了。 就是点的饮料好像是限量的，我们点的时候都没有了，比较郁闷。 排队排了半个小时，南京在哪个必胜客貌似都要排队。 水果沙拉黄桃吃到饱，嘎嘎~~~",1
去过一次，不想再去第二次了，那些自助餐的量很少，有些饮料喝完很久都不见再加上来，音质的效果也不是太好，环境很吵i......,0
街边档口，大排档消费，有着大排档的风味，火候足，粥的味道也不错，最好吃的是牛腩煲，超好味，肠粉也不错，煲类出品热气比较容易上火。对夜生活丰富的人士来说最好的是这里基本是通宵营业的，随时来都有得吃，所以也有很多的士司机来这里宵夜。,1
音效实在太一般了~ 声音太大 貌似不能调麦克风的音量~服务态度超级差劲!!有钱前台有个服务员 超级招人讨厌!真的是不会再去第二次了!,0
开业没多久 人比较多 吃的一般 不是很好吃 环境还可以 但是中午人会多一点 等等的话还是可以有座位的 靠近大胡同 吃完了可以去逛街,1
单位团委组织活动，昨天下午从上海出发。住在边上的恒隆，因此晚饭在这里吃的。 28个人3桌，服务员的态度很差，和上海的饭店真的不能比。 菜很一般，如果是自己去，应该不会再去了。,0
来这里吃过不少次的火锅的，口味做的还是很不错的，闻着味是很香的，我喜欢涮羊肉，嫩嫩的羊肉怎么也不觉得烦，就是好吃，金针菇很好熟，吃的时候很滑溜溜的，还咯吱咯吱的有脆的那种感觉，不错。,1
中午和朋友聚餐，点了2份套餐。最爱的还是他们家的薄底pizza，cheese味很浓，很好吃。唯一的缺陷就是位置有点挤，人也太多了点，没有办法小声谈话。,1
里面的服务员服务极差，口味也差，价格也很贵。根本就没有湘菜应有的味道。不会再去了。。。。。。。。。。。,0
价格比较实惠，这家店开了很久，高中的时候经常去，唱唱歌，放松放松不错。团购的时候，真的很合算，最近KTV的团购很多，可以乘这个时候去,1
不得不说，这是我吃过最差劲的一家味千拉面 晚饭时间很空，店里客人压根没坐满 居然服务员还像忙不过来一样 上面速度绝对慢，问服务员为什么那么慢，根本没几个客人 服务员回答：是的，没几个客人，可是厨房只有一个实习生在做食物 绝对绝倒哦~~下次不会光顾了，谢谢,0
自助餐团购去的，中规中矩的。就量比较足～不用反复点单，饮料畅饮是瓶装的。就是地方真不怎么样！也没有人气，我们的炉火不够旺，怎么说都不给换！很不爽！下次不会去了。,0
看着招牌菜“羊肉会面、酸菜鱼米线等”我们二话没说就选择了这家。真叫人失望，点菜时服务员发愣，像是刚到什么都不懂。或者听不懂标准的普通话 ？上菜的速度慢极了。催了好多遍就是没人理，真可笑。很多时候都是我们自己拿碗筷，服务这么差啊！要不是先收了钱恐怕我们早就换地了！,0
就算新百下面的店铺贵， 也不是这样抢钱的。 小馄饨12块一碗，塞牙缝都不够。 汤包是16一笼还是多少钱的，不记得了， 那叫汤包吗？没有汤也没有包，难吃的一米，一点味道都没有， 还那么小，多大一个笼子，里面跟撒芝麻一样的撒了几个小小小小包子。 真是让人崩溃。这钱也太好赚了吧。 上菜还狂慢，我的馄饨和包子都吃完了，面条还没上来。 真是太差太差了，再也不会进这家店！ 给两颗星已经是相当给面子了。 这种店，我衷心的祝愿它早日关门。,0
一般般吧~味道还没蒸功夫好，说实话~ 套餐吧，男朋友说基本上是微波炉里弄出来的。。。他说他吃多了，知道。。。那里经常是他的工作餐地点。。。 然后面，里面汤还可以，但是料啊什么什么的，确实真的不咋样~ 嗯~要不是没时间应急的话，应该不会再去吧~,0
去了这么多次永和大王，这次太气愤了，这要的面条有一部分都粘在一起都米有煮熟还有生心儿呢～鸡米花是凉得，跟穿紫衣服的好像是店长的人说了态度巨横睁着眼睛说瞎话说是新炸的，说是换一份结果过了不到半分钟就送过来了，最多在微波炉里热了一下，绝对是剩的！ 还有服务员的态度都极其不好很横带着气一样～肥牛饭也米有什么味道～这快餐真是越做越差劲,0
很多年前同学聚会去过一次，当时觉得效果很差，只能随便唱唱，后来就没兴趣再去。 不知道近几年有没有什么变化，附近就是上海歌城，钱柜，如果不是没有位子，这里估计没什么生意吧。,0
南京好像有好几家连锁店，但是感觉不是每一家的味道不是一样的，我还是比较喜欢大洋后那家的品味，最喜欢奶茶配上85度咖啡 很好吃的 本人特别喜欢的是85度咖啡，味道纯 价格也还好多了 : ),1
在渝乡人家旁边的，楼梯有点陡有点滑，小心些，见过有人滑倒。 奶油蘑菇汤很好喝，也很大份，反正我喝完基本就饱了。一起去的朋友喝的那份里有个小木棍，刚开始找到服务员居然说是香料... 让他把那种香料拿来我们看看，服务员马上就说给您退了吧，知错能改，还算不矫情。 三文鱼pizza好吃，千层面也不错，就是如果都点这样的吃的，太容易饱了...,1
从来没吃过 这么难吃的食物 是什么 就是最新出来的 优果奶昔（香蕉口味）的 甜到发苦 吸了一口就想吐 找服务员理论 怎么这么甜 居然态度非常恶劣 说就是这样子的 这个样子能吃的？怒！！！当着他面 直接丢垃圾桶 这个糖浆肯定有问题,0
这次去北京来回坐的都是东航的飞机 东航的飞机比春秋、吉祥坐着稳多了 位子也蛮舒服的 就是人太多 空气不好 去的时候看到一个外国大帅哥 有几个女TS很激动 嘿嘿 回来的时候改签了前一班航班 有两个TS升级到头等舱 RP哈好呀 PS：东航的飞机餐很难吃,0
- - ……真不是黑这家。今天第一次去吃，没想到味道这么差。我老公一度说，这东西都不如在超市买的速食。我也奇怪了，怎么会难吃到这地步~ 根本连凑合都算不上… 太伤心了…,0
除了差，还是差，差，差，差，公司年尾聚餐，服务员态度差，苗嘴苗舌，将饮过D茶倒番落去你只杯到，比你饮番，D菜迟迟都不上，饿死人，最不专业就是将米粉叫做面。,0
真功夫都是一个味道的啦····现在因为来到黄埔工作所以偶尔也会去那里打包饭的···一般很少事实新品··因为经常跟图片差距严重··哈哈····还是香汁排骨、香菇鸡腿肉和榨菜牛肉饭比较喜欢···汤很好喝····竹丝鸡的啊···喜欢啊···甜品喜欢糯米糍和前段时间的鲜奶炖蛋,1
coach，在中国是贼贵的。那些BA也很势力的。每次他们搞活动，都要第一天去的，而且态度老恶劣的，尤其是男BA，黄毛，坏的要死，拿的又不是你家的东西咯，凭什么门还没进去，就摆手说么了，发光了。 冲这个态度也不会在你这里消费。素质还真的很差的。,0
海鸥岛让人失望，没什么景色可言。 去红树林吃饭的人很多，可能是整个岛最旺的了。停车的地方蚊子比人更多，一团一团的，超恐怖。 可以选择的海鲜不多，比起南沙的十九涌差远了。 出品，不过不失。,0
这家店开了很久了，菜的量很足，而且价格也很经济实惠，生意一直很好。我这几年过生日都是去的这家，离家很近的。晚上去的话要早点，去晚了恐怕就没位置了,1
面比较有劲到，很不错，牛肉炖得很烂也不错，汤稍显一般没有牛肉香味， 去了两次，人都很少，毕竟两个人一人一碗面也要五六十块， 像我们这种每个月工资白领的人也觉得有些贵，只能偶尔吃吃 价格要是能像兰州拉面靠近就好了。,1
刚开业的时候去吃的，万达过场内人太多，满记甜品也是座无虚席，非常嘈杂，环境并不太好，服务员也是忙不过来，所以对环境服务感觉都一般 吃的东东还是可以的，杨枝甘露等等，口感清新，十分可口。 但是好像都是凉的，所以MM们要注意啦~,1
才开业不久吧 靠近宜家还有欧尚滴 所以那一转还是越来越热闹了 这几个商场逛起都还比较舒服滴 新修的所以环境也很好 里面入驻的商家也不错 逛起还比较舒服 地铁在附近也有个站 下来走不到好远就可以到 所以比以前到这里来要方便多了 不用过个公共汽车慢摇慢摇摇很久才到 所以我觉得以后这里人气应该越来越旺 虽然现在人还不算是很多滴,1
"开好很久了，这次去了,感觉很不错.环境和菜都不错 听说大厨是以前锦江的厨师长. 油浸蚕豆 三文鱼 小园子 还有几道创意菜非常不错有芥末味道的. 还有干锅鱼我吃过最好吃的. 停车场很大 停车非常方便.",1
经营了也有好多年了，店外摆了很多大瓦罐，所以取名字叫瓦罐。 菜的品种和口味中规中距，没有什么不好也不会太差。价位也不是很贵。,0
刚来这里附近上班的时候吃的了，四个人的聚餐，现在有点物是人非啦。。。。 味道很一般，完全没印象啦。。。 有比这里更好的选择，所以应该不会再去了吧。。。,0
周一人很少，整体感觉还可以，附近很多酒家饭店，这家还算略显热闹的，周一人少好停车。菜一般了，烧鹅感觉里面没熟露着粉肉，包间有每个人最低消费不少于200，于是我们在大厅，九个人不到一千，用点评网卡打了8.8折，感觉不是很回味，还不如河东那家做的精致，不会再去。,0
香菜不给，说半天才拿来一小碗，两个人一分就没了，说在上点就是不给。服务员都跟傻子似的，叫半天才能听见。烧饼就是个面疙瘩，难吃死了。麻酱甜不济的。,0
小小的店，但是很用心。服务态度好，菜品也是物美价廉。 店铺的整体感觉很日式。里间还有要脱鞋进去的坐式餐区。 约几个朋友进去坐着吃饭喝酒的感觉应该不错。下次准备试试。 总之，家门口能有这么一家顺口又舒心的小店，真是幸福啊！,1
口味还凑活吧，但数量比较少，一碗米线分量很少，感觉没怎么吃饱，那个香菇炖鸡米线里面鸡肉好少啊，相比这个量，一碗的价格还是有点高了，总的来说感觉一般,0
下雨天，到处湿漉漉的，心情不好。 去宝宝熊吃了午饭，套餐的味道，哎~心情更不好了。 出门左拐看到元祖，进去之后冷冷清清的，都是配送的蛋糕，点心（似乎扬州现做的好吃的蛋糕店很少）。选了我最爱的奶酪口味慕斯。里面加有她家最爱用的布丁。 回去后配了红茶，味道不错~~ 果然吃甜食会改善心情^_^ 不知道扬州有什么地方有焦糖布丁，我热烈怀念着小7家的布丁~,1
因为这家“新亚”离开单位比较近，所以早上和中午会经常光临，特别是单位改革取消了内部食堂后，去的次数更多了些。在这里用简餐——干净、卫生、节省时间、花色品种繁多、味道也蛮可口，价格嘛相对而言有点小贵。,1
慕名已久，晚上就去试了下，点了个古城哨子面，感觉一般般，面条倒是大刀的扎面，可分量比较少，汤条的也一般，价格有点小贵，和黄河水的价格差不多，但是味道要差不少。别的没有尝，看旁边一个人在吃擀面皮，看卖相也一般，有些盛名之下其实难副，比较失望！,0
地板黏糊糊的 环境不好 服务态度差 味道很一般 下次不会再去了！东西也不便宜！血更是现在不敢吃了，而且服务员素质比较低,0
有几次去买海岩奶绿都没有 真的不知道是什么情况 营业员么也一直在聊天 客人多也不知道多开个收银台 总体感觉不怎么样 真心不想再去了,0
找中午吃饭的地方，看到这家环境好就进去了，很多人是借地方消磨时光，但是服务和口味实在不敢恭维，点了2份主食每份等了半小时，加起来等了1个小时，毫不夸张！1个小时中把沙拉吃的干干净净，结果上课迟到咯。意面的味道实在很差，连番茄酱都舍不得放很多，饭也不行，晚上拉肚子，不知道是否有关,0
不是一般的喜欢他们家，只要路过一定会进去吃一个，喜欢看服务员炒冰的情景，也喜欢他们的亲切服务，总之就是喜欢。 有一个梦想，回青岛开一家加盟店。呵呵，dreaming……,1
苏帮菜，味道比较正宗，店不算新了，菜的口味还可以，生煎比较有特色，和别的地方不一样。价格很公道，是家庭聚会的首选呐。地段也好，吃完饭可以到处逛逛，很是惬意。,1
酒店有点老了，环境不好，特别是会展期间这人是多的来，房间也比较陈旧，展会期间的房价贵了离谱，没展会期间的房间又便宜的吓人，总体感觉不怎么好！,0
算是老店新开了，原来的幸福汤馆果然如我所料的倒闭了！！ 这家店性价比不错的，量也很足，有打折的时候更加给力，是改善伙食的好地方！！,1
该店与其他店比起来是最早的店了，去过很多回。地方很大，比较宽敞。来此购物的人也不少，有的还是坐好多站公交车来的，说明什么，说明这里的物品价格还是比较便宜的。并且经常有活动，有很多物美价廉的应季商品。物品种类也多，其他店面看不到的品种这里面也有。总的来讲，我觉得事挺不错的一个大型超市。,1
他家是连锁的，2个店，在沈空附近还有一个店，大肉面很好吃，就是肉少点，典型家族企业，具体关系不得知，感觉上是，炒面卖相不错，但是因为炒面无法满足不妨蒜的要求，所以一直没试过，不过吃蒜的都说不错。,1
呢间店服务态度实在太差，服务员太少，一到繁忙时间根本就忙唔过黎，唔知系米因为团购既原因，由点餐到上菜足足等左40分钟左右，离晒谱。见到有几位顾客等点餐等到不耐烦就走左喇。过桥米线味道好一般。总体感觉就系赶客。,0
2个人去的 吃的下午茶套餐 49两位 2个甜品2杯任意饮料 都点了时光隧道 就是黑铜锣烧+冰淇林 奇怪的是 2份的铜锣烧一个里面是巧克力一个里面是红豆 介绍的服务员还说这份点心下面不是铜锣烧而是蛋糕卷 汗~ 自己点的饮料是摩卡豆乳 不得不说豆乳味道实在实在太重了 吃不惯的我觉得非常难喝 朋友店的雪顶咖啡豆乳 有个冰淇林在 味道可以调和下 还好些 总体感觉 下次不会再光顾了~,0
这次看网上团购眼镜，感觉精益是个老牌子就购买了一份，去了后感觉不太好，尤其是服务质量不好，下次如果还有这个店的我想我不会再去了。,0
离我家很近，价钱也还可以，有时老爸不愿做饭就带我去那下馆子。最好在一层吃，二层上菜太慢啦。服务员很热情，菜上的也挺快，北京的风味很地道。但整个菜馆的环境都不好，太乱啦。,1
这间味千。。是我吃过最差的一间。。。连餐牌都撕开一张一张~~~服务员成日好似赶住你走甘。。。还要没有寿司吃~~~以后都不会再去！！ 垃圾。。,0
泡芙泡芙泡芙泡芙！！！！！最推荐她家的泡芙！ 分店太少了，价格很实惠，很不错的！没觉得比85°C差到哪里！！！ 泡芙才5块钱就有2个呢！太推荐了！,1
和朋友一起去的，哈差劲，九点半就什么都没了，点了招牌买一送一，只有热的！空荡荡的碗里只有五六个芋头，薏仁一点也没煮酥，加了三块号称台湾第一的粉果，超级难吃呢一种甜品，仙草黏黏的，像小孩的鼻涕，无法和芋贵人相比！失败的一家分店！还是大悦城的店给力！,0
每次去都是因为过生日，口味很本帮，小时候的菜味，性价比算高的一家人家，家里老人喜欢。现在看着分店越开越多，说明大家还是喜欢本地口味的啊。,1
我订的6个人 的包间，结果小的一塌糊涂。旁边有大包间空着不给我们，太恶心了。其他还可以，就是这点让我给不爽。 我订的6个人 的包间，结果小的一塌糊涂。旁边有大包间空着不给我们，太恶心了。其他还可以，就是这点让我给不爽。,0
学校里的另一家餐厅。 比起杏林阁来，是物美价廉，但是环境就很一般，又是相当地吵。 学生自己聚餐经常不是铭海楼就是小炒部。 这两家都差不多，小炒部胜在包间比较多。 但是这两家都经常爆满……可能是学校附近适合学生聚餐的地方太少了吧，旁边的餐厅都坑爹地贵啊！！！！想吃好的话。。。,0
其实星巴克这家店真的没有很临街，但是还是好多人呀，大热天的还是定星冰乐比较舒服，喜欢焦糖的，下次想尝尝抹茶的。很喜欢星巴克的咖啡，嘴还是焦糖玛奇朵+糖浆+奶油，哈哈哈~~~,1
大冬天，没暖气，停车位也不够，服务一般，九头鸟这牌子算是毁他们手里了。提前半个月就定了，去了居然没有位子。真够垃圾的。。。。,0
对坛香膳的对面，这家原来是帝爱慕吧，title还在呢。到店里问了才知道。 在外面的座椅上等了好久，今天阳光好烈晒得我好热好热，这个遮阳的大伞都没用。 6寸的夏威夷披萨 很一般，边边角还烤焦了。吃了一个打包的，这大下午的也没什么心情吃。打包盒子1元一个。 咖啡味道很淡，像清水一样的。薯条本就无爱。。烤翅很油，肉质差了点，不过我还是啃完啦。 这个是美团的，38米。 披萨原价28米。个人觉得还是不值这个价哦，下次不会再去了。,0
上次去乘车就在这里解决吃饭，里面品种很少，就点了个牛肉面套餐类，价钱也点小贵，服务态度也一般，上菜速度已有点慢，面的味道也只是过得去，下次应该不会再去吃了。,0
TRU TRUSSARDI里面的衣服还是走比较高档的路线， 价钱有点贵了，不过衣衣确实很漂亮， 穿上去也特别引人注意。,1
炖肉面再配上一碟儿菜码味道很好。 虾仁鸡丝只有大碗，里面有3、4个大虾仁很嫩。面里还有笋丝和鸡丝，味道很不错。 干炸丸子好吃又实惠，自己家绝对做不出这味道，就是吃多了有点儿腻。,1
东西味道还算可以~汤不怎么样~ 里面超级混乱~好几次上错菜的~ 我们吃了208.5~收了我们209~ 说这叫四舍五入~ 晚去了人很多~ 感觉下次基本上不会再去了~ 有点失望,0
哈，算是新店哦，最先看到的是羊毛的袜子，好彩色好漂亮 有个像袜套一样的，好多可爱的形象，小猪、猴子头都有的。内内和袜子也有，都是毛茸茸的，喜欢啊~~,1
很早之前团购的，59元，包括草鱼一条（2.5斤以上的）、两种配菜、两个素凉菜、两碗米饭、可乐或是雪碧一瓶（1.25的）。之前一直没约上，这次终于约上了，周日晚上，到得很早，店里还没什么人，五点钟开始点了餐，配菜（藕片、海带），他家海带是丝，不像江边城外是块，凉菜（皮蛋豆腐、凉拌苦菊），雪碧，香辣味的烤鱼。上菜挺快的，味道不错，环境挺好，桌椅干净舒适。就是道边停车挺贵10块钱/小时！不过，店门口的便道也能停。,1
有3年连续在他们家订年夜饭，第一年最好，菜色丰富，海鲜质量也好，味道也好，接下来2年一年不如一年，价钱反而上去了，估计是换了大厨了，人气越来越不好，酒店的下面一层也换成别的店面了。估计以后不会再到他们家去吃了，菜的水平实在是不出挑。。。,0
周围的环境实在是乱的不得了，主要是不干净，各色餐馆所带来的垃圾和污垢都挤到一起了，街面上都黑黑的 充值卡不便宜，就是打出来的种类很多，买的时候要仔细点，因为太鱼龙混杂了，标签上写的貌似很多优惠，实际会各种手段唉收钱,0
很一般的饭店，环境不小资，桌子离的较近有些吵 两个人要了大盘肥牛、大盘羔羊、大白菜、墨鱼丸、粉丝、豆皮、金针菇、酸梅汁，算上锅底和调料才花67 可能是调价了，虾滑只卖￥10，其他也很便宜，但菜量较少 由于是小锅吃到后来油特大，感觉很腻很腻的 墨鱼丸倒是有嚼头，不过LP本来一开始挺饿的，吃了一个墨鱼丸后居然腻到饱了 服务还可以，总得来说没有特色，下次是不会再去了,0
他家原来叫万客隆，后来就都改名叫乐天玛特了~所以老早之前就是他家的会员，每月都有会员特价商品，还是很不错的~这边的乐天玛特有特车位但是必须买够50元以上是2个小时免费停，比以前的任意购物免费停差远了。。。。不爽不爽。。。。,1
宝贝的双满月办在这里，环境看上去不错哈，菜式也还可以 咖喱蟹味道不错，本身也比较喜欢吃咖喱的东东 嘿嘿 洽谈下来还可以自带红酒去滴~以后有机会应该还会去哒,1
去过不少次，最近去，发现又涨价啦！ 过去都点辣的，这次点了养生牛肉面，很清淡，但还是不错的~ 下次试试咖喱味的，喜欢吃面，所以喜欢他家~,1
记忆中最早的地铁，曾经把我带去了快乐的锦江乐园，也是求学时代从上海站下车后首选的交通工具。不过，现在感觉1号线越来越古旧和陈旧，经过两个火车站，不免大包小包，拥挤得让人不快。而且，这也是信号最糟糕的地铁，貌似手机带进来只能发短信了，上网根本无法指望。总之，看着1号线，就觉得时间太沧桑了，一切都定格在过去，而不是展望未来。,0
总体还不错 名字太个性了 装修很有特点 人气也很旺 天津好几家分店 吃过几次 味道还不错 牛肚 豆皮 腐竹必点 还有烤丑鱼真的挺好吃 貌似还送券,1
价格有点小高，都是别人请客啥的才吃，记得那次点了份什么海鲜，貌似是鲍鱼，味道不错，就是太小了，呵呵。,1
老字号的回民馆 马三立老先生的相声里都出现过 可知名气有多大。。回民馆还是推荐经典的回民菜 例如红烧牛舌尾 黄焖牛肉等 另外牛肉回头也不错~,1
在楼上的君悦轩定酒水，和里面的人就在一楼的君悦茶室谈一下具体的事项。。 环境比较雅静，灯光也调得比较暗。。 里面的茶都是比较好的，可以点一壶茶，比单独点两杯茶合算。。 总感觉这么好的地方有点浪费，坐在那里一个多小时没看到有什么人进来。。,0
感觉不好呢！地方小不说，很多设备都没有，而且空气也不行，前面是朋友一起试着去看看，哪知道就被忽悠的办卡了，后来发现真的很不方便，时间地点都不合适。所以大家以后还是要多了解了解，前面就没有到大众网看看点评的，以后有经验了！不然真的会后悔的,0
这家店是值味观的分店，菜比较好吃，但是贵了点 呵呵，其余的还好！和旁边许多店家比较起来，这里的环境都是比较独特的，就是优惠活动很少。,1
这么难吃的饭竟然次次都看到排队，所以没去吃COCO7点多特意过去吃的 结果真是。。。怎么这么难吃，一点咖喱的味道都没有的，说他便宜吧，也还好 简餐，但我宁愿去吃麻辣烫的。。真心难吃！,0
某个周末的中午去的，人挺多，但总算还有位子，东西还是蛮多的，但是比较普通，冰淇淋号称是哈根达斯的，但怎么吃怎么觉得不像，觉得这样不好，吃完还送了券，不过不能在周末用，后来就浪费了。,0
晚饭一共9个人，定了一个包间，菜的话中规中矩，没有什么特别的印象，口味还行，就是服务员的反应好像比较慢，什么都要我说好几遍，包括点菜和换盘子，菜量适中，最后基本没浪费什么，总体来说，还行,0
"58团购的圈 星期五晚上去的,去之前定了位,但是没有什么用,还是要等位,而且次序混乱. 那个套餐东西少,而且品质差,感觉肉有点怪味~~~ 再也不会去了......",0
"老爸的大寿摆在这里,老人家嘛就是喜欢这种老字号,装修是陈旧了点，我们定到的包厢也不算宽敞,不过菜的味道真的是不错的,印象很深的是那个恺撒色拉和咖啡栗子,老有特色老好吃饿~八宝辣酱炒年糕也是看了点评推荐的人多点的，确实不错~~老爸挺开心的,还送了水果篮,服务算是到位的",1
因为印象城的会员卡打折才去吃的，而且不用排队 菜一般，四季豆上来是凉的，不像刚炒的，估计是大锅菜。鱼头味道还行 服务很差，坐了很久竟然没人来点菜，要个什么东西都要叫好几遍！ 最气人的就是，结帐的时候，说我们吃的几个菜都是招牌菜，都不打折，靠，难道玉米烙和干煸四季豆也算招牌菜？大堂经理态度十分不好。 反正这家大概是印象城里最差的餐馆了。,0
老牌的韩国料理店啦，感觉还蛮不错的。韩式料理我最喜欢的还是五花肉啦，烤出来很香的。这个店生意太好，经常排队。。。呵呵,1
"很脏,环境一般口味实在受不了,也许是第一次吃日本料理.总之很失望.吃了一盘饺子.喝了点啤酒和乌龙茶,饿的去新疆餐馆吃东西",0
宿舍就在4期，这是第二次吃了~ 这里的刺身很好吃的~ 还有优惠哦~~ 总体感觉比大学城其他的寿司店都好吃~ 所以，今天特地带妈妈来尝尝~,1
去过无数次了，除了150的价位别的都试过。120的其实已经很好啦 或许因为我是短头发吧 = =比较好处理 打算头发留长一点再去找店长！！ 平时比较闲，但是周末什么的就人比较多了,1
大学时期经常去的KTV，很方便~性价比较高~ 音响比较一般吧。。。吃的东西越来越差了，不过对得起这价格~ 平时休闲去去还是不错的。,1
"中午和同事去吃的饭,点的2个寿喜锅,一个别的套餐,桌子挤,服务员动作慢,上菜慢,火又小,简直是无语,第一次去那,也是最后一次.",0
有天 朋友要约我去唱歌 好吧！去看看 我们到的挺早的！ 要了个小包 这小包怪怪的 好像是旅馆房间改的 来了五个朋友 经理带服务员来 小费要六百， 我们看了快三十人吧？ 只能说 素质真的很差 看来，北边的KTV 比不上东边是真的。 不会再去了,0
咸蛋茄子最坑爹！没一点咸蛋味，吃起来特别腥，吃了一口就想吐了！还点了个海米冬瓜，竟然是冬瓜条。。。分量也不足，真是坑爹啊！！！,0
某一天路过正好逛一下，美甲的比较多。衣服基本上没什么好买的。 我竟然还在那里买到一个发卡~hoho 不过我买来的发卡一般也不太用，好浪费啊，以后要多用！,0
第三年中心怎么都是见钱眼开的大夫，今天去看病上来就说我很严重做很多检查，还劝我住院，问问能不能保守治疗，吃药打针，马上就不想管了，说着的药没你可吃的，看来不住院就不再看病了！这病要马上住院，花费至少一万！本人虽然有点小病，也不至于住院吧。这医院大夫一年挣几十万没老百姓的钱也不是这么挣的吧，再也不去这家医院，没事查出来病，有病就说你快不行了！遭天谴！这种人渣医院早关门早好！去过两趟决定不再上次黑心医院！,0
周六下午，中包 在各个地方都用上了触摸屏后，这里竟然还是保留了怀旧的按键盘屏幕，==， 非常不适应 有些歌没有，有点失望,0
总体来说还不错，环境还是可以的，服务也行，但是甜品比主食上得还快，这样的顺序让人很为难，先吃这个，回头还怎么吃热的东西，后吃的话，甜品都化了！菜量不怎么大，不过就是味道不错~,1
"给差评是因为:下了优惠券去的,上面写海河鲜,酒水除外.点菜的时候特别注意了.没想到买单的时候告诉我说我点的牛蛙算海河鲜,更恶心的是点的炒饭算酒水,真是无语了.如此没有诚信的商家下次绝对不会再去.",0
陪闺蜜去试婚纱的，她个疯丫头那么快就要嫁人了我还真不适应捏。。。 没办法嘛女大不中留的说~ 这家店进门的感觉就很好，服务员小姐笑脸相迎感觉上我们就是贵宾一样的待遇 伺候你试婚纱呀，我还趁机试了下伴娘服过了把干瘾。。哈哈 虽然我不是伴娘。。嘘。。 礼服白纱每件都非常的漂亮，让人心水~ 虽然价钱不是最便宜但是结婚人生大事嘛~每个女孩子一辈子这么一次的，要慎重对待才是啊~赞~ 以后自己结婚也考虑来这儿挑婚纱~,1
全国的麦当劳都是一个样子的，不过就是这家地方小了点，座位太少，四位座的更少，厕所还只有一个，男女通用，甜品店还离得很远，无语了，天津好像还没有这样装修的吧～～,0
和父母一起去的，他俩都不太喜欢吃带血的牛排，台塑的招牌牛排是全熟的，正好适合，呵呵。菜量很大啊，我们三人点了两份套餐，还挺撑得慌，甜点都没吃完。牛排确实不错，全熟了，却很嫩，吃起来很满足。服务很棒，不讨厌也不冷淡，可以帮顾客在汤里加现磨的白胡椒。环境挺暗的，安静，让人比较放松，哈哈，喜欢。,1
包间环境还可以，服务也很到位。菜的味道一般，油太大，不怎么香，没什么特色，吃完没记住什么菜。就是很家常的饭馆，一般。下次不会再来了。,0
其实挺失望的，大老远跑来吃个饭 味道不如想像中的好，菜也不全，像酿豆腐酿苦瓜这种家常菜都没有…… 鱼香茄子煲味道一般，还不如深圳的路边小店 干锅牛蛙还凑合，量少了点儿，不过牛蛙这种东西做难吃大概也不太容易…… 总之挺失望的,0
每个地方都有肯德基，不知道为什么这里的薯条味道特别的难吃，难以下咽。其他都差不多，就是人实在是多啊，不过火车站也没办法啊,0
新开的商场，环境很好，但是东西很贵哦，品牌不是特别的全，不打大折的时候买还是觉得蛮心痛的哦。楼下有超市去超市的时候更多一些。,1
这家的吮指原味鸡只要要求要三角，都会给你的哦~~~太好了 就喜欢吃三角~~~ 现在吃全家桶不合算了~~~郁闷~ 喜欢用券一下子吃很多吮指,1
服务沒以前好了 性价比不错 一千一桌的酒席有甲鱼和鲍鱼 即使是灌头但足块头大啊 现在只看了菜单 吃过再评,1
酒店环境挺好，晚上自助餐应该人不会很多，一般不用预定，不过我去那天正好遇上一帮人搞小孩子庆生，55人，又吵又烦的。 这里自助餐地方不算大，东西不算多，但品质不错，生蚝小，去蛮新鲜的；超级喜欢这里的虾，生的熟的一样棒；酥皮牛排蛮有特色，也很好吃；芝士蛋糕也不错。,1
这里出名的就是长江野生鱼，价格不便宜，便宜的也要100多/斤，但口味绝对的好。白汤鲶鱼汤汁浓郁，鱼肉鲜嫩。烤鱼做的也很有特色，推荐尝试。,1
这里主打牛排、鸡排、猪排，做法都一样，口味有蘑菇酱和黑胡椒两种选择。服务太差！到店半天也没人给点餐。旁桌还有没收的杯子和餐盘，叫服务生收拾，都说马上收，结果不见来人，饭都上来了，喊服务生收拾残盘，他竟然说“大姐，我只有两只手，这些不影响您食欲”，这是什么态度，你们懂得顾客是上帝的道理吗？！建议以后不要招这样的员工，给店家抹黑！！！这里我是不会再来了！,0
觉得挺一般的，和男朋友一起去吃的，没有什么让人印象深刻的东西，吃了就忘了，价格也不是很可爱，以后应该不会再去了。,0
这个感觉就很一般啦，没有特别出彩之处 在粉巷不算难找，就是环境着实一般，那个馍也没买，吃了就有点后悔 应该留着肚子吃其他特色小吃的。。。,0
比较有特色的一家店，卖的是快餐的盖饭，但是做的很有饭店小炒的感觉，大都作为现代城里公司的工作餐了，可以送外卖，小笋肉丝饭，烟笋腊肉饭都很美味，在店里吃的话可以看到很可爱的木桶装着饭菜端上来，卖相很好，喜欢,1
比较有特色吧，在靖江路灵江里底商，有草鱼和黑鱼，按份卖，可以自己加生菜，豆皮，鸭血，鱼豆腐，金针菇等，味道还算不错吧，去过几次了，昨天点了麻酱油麦菜，又是用油麦菜，麻酱，白糖拌的，有点意思,1
环境很不错，交通也很方便，距离地铁十三号线知春路站、十号线知春里站非常近，去中关村也非常的方便，从外看感觉还不错，没住过只供参考,1
喜玛拉雅中心的外观很有造型感 以后是不是就是一个展览中心呢 还是会变成其它功能的场所 既有柔美的曲线，又有凌乱的线条架构 第一眼就会喜欢,1
这家的牛排算是个灾难，我点的海陆双拼，上来的东西根本不值58. 算是我吃过最难吃的牛排了吧，自助沙拉水品很差，居然还只能搞一碗。,0
干净整洁，喜欢去，楼下现在还有游戏城，等班车的时候可以玩玩。就是班车太少了，经常赶不上，哎！！！！！！,1
很久以前就开了的店 以前去过几次 同学聚会也经常定在那里 因为很方便 但是东西真的很难吃啊 人有很多 环境很乱 一般不会再去的地方~,0
还是好久以前去的，歌还不错，环境也好，价格便宜是最吸引人的地方，不要和别的地方去比，因为价钱在这呢，但是没自助，只能在这里面买。,1
去了三次，都觉得不错。 首先炒年糕是必点的，我喜欢海鲜那种 其次，炸酱面也是不错，分量还挺多的 牛肉石锅饭不过不失，没有其他人说的那么好吃 之前还吃过火锅，不过味道怎样就忘了 餐前小吃不错，喜欢南瓜羹 大众点评卡有9折~~,1
打了优惠券，特意去吃哒~ 第一次吃赛百味，不熟悉情况 店员蛮热情的 有各种荤素材料和各种酱料，可随意搭配，完了再抹上酱，夹起来吃 要了一个 俱乐部 面包挑了全麦的，酱料选的是香葱酱 番茄片儿、酸黄瓜、生菜、青椒、洋葱、培根，料真的很足 真的很好吃！！！ 不明白在无锡怎么不火呢？真的好吃呀,1
四个大人一个孩子花了一百七十八元，点了现在流行的什么锅底，据说能清热去火，羊腿肉上了一盘，肥牛上了两盘，“全家福”也就是各色青菜都有的，还有土豆片、大白菜，花生米，其实想想不值。,0
上次过生日就这里吃的，还不错，很符合我们的口味，不过这次很狼狈的， 好几同学都喝醉了，最后人家下班了，我们还没有走，他们只好等我们了，呼呼,1
很好吃的小吃店 主打猪手、鸡手、酱牛肉、红肠等哈尔滨食品 味道总是一成不变的特色卤味儿 可能就是一手店的招牌吧 挺喜欢的哦,1
之前跟同学去过一次。。去的时候融金好像还在装修，找了半天才找到这几店。。要的是258的自助，感觉188的东西有点少。。喜欢他们家的红烧牛尾和红烧牛筋，还有他们家的河鳗好像也很不错。。别的东西的味道也都还不错。。因为个人比较喜欢吃鱼，所以没有怎么吃它们家的牛排什么的，不过据同学说还是不错的~~对了，他们家的鹅肝也蛮不错的，配蓝莓酱后基本生没有很腻的感觉。。,1
加加禾酒楼的接待还是挺不错，同时好多人一起过来，上餐的速度还是一样的利索， 菜品多样，有些许特色菜，其它的也还可，鱼就是做得挺好吃的。,1
"今天去迪美吃呷哺呷哺,吃完想坐地铁,正好路过都市风情街!挺特别的!都是30年代上海的一些东西,看见老虎灶,有轨电车,还有石库门什么的!挺特别的一条街!还有卖各种商品的店铺!还是不错的!让通往地铁的道路不至于那么无聊!哈哈!",1
这家店是超有人气的创意手艺蛋包饭店。中午的时候，附近的上班都来捧场。起初，我是对蛋包饭没什么兴趣的，感觉不就是饭外面包层蛋吗？但是吃到嘴里，才知道：品质和味道，太好吃了，而且算是这几顿中相对便宜的。大爱～ 还点了冰淇淋，草莓超级新鲜，是实心草莓，味道很好，赞～～～ 等吃了冰淇淋，环顾四周。。。满座,1
可以DIY蛋糕和巧克力的小店 店面不大 所以要提前预约 蛋糕盒巧克力区域是在一起的 略显拥挤 我们是过去DIY巧克力的 店里提供模具 自己用小棒子在胚子上点颜色 钱是根据做的巧克力的克数来定的 当然比起外面卖的 还是很贵的 不过真的很有意思 老板娘也很耐心 旁边做蛋糕的也很吸引人 下次想去试一下,1
这个店真的很差，且不说蛋糕做的样式很难看，用料也很少，工作间居然还能看见苍蝇...真的很垃圾..以前就在金凤呈祥的小甜点里吃出过小虫子，这次换了个店结果还是这样，看样子整体都很差。,0
听音乐会时环境比较好，音效不错，举办的音乐会比较有品位 很喜欢在里面听交响乐演奏，好有气势 厅里面的环境很好，很舒服，值得推荐,1
真心觉得没有以前好了。 价格提上去了， 全自助变成了半自助， 连金针菇都吃不到了， 点的肉类上的哈慢哈慢， 就算上了量也很小，只能反复催。 唯一留下深刻印象的就是不断向你推销2000元充值的金卡。 坑人啊！ 价格你们想调就调，自助方式你们说变就变， 现在还要我们买卡，2000块放在卡里不是直接被你们套牢啦！,0
特地特地过去，为了买他们家的巧克力，虽然没有非常非常华丽的包装，但是味道还是很纯正的，松露巧克力，黑巧克力，和巧克力脆脆都很不错~~,1
团购的，288号称10头鲍的。尼玛你们家什么称？这东西都好意思叫鲍鱼，还十头？失望。本来想着好味道还可以去下一次，但是这个出品在店里号称卖688，那我脑子是被驴踢了才会去吃！还不如沃尔玛100块的出品。失败。浪费钱！,0
我是从前年的时候玩的开心网，当时因为身边的同学朋友都在玩，算是一个比较潮的休闲游戏吧。当然都说什么偷菜啊，被狗咬啊之类的。也疯狂的迷过一段时间，每天就盯着电脑看，什么时候该收菜什么时候又有活动，都很关注。当时还有很多有才的网民推出了些什么种菜歌之类的，觉得挺有意思的。后来工作以后就几乎没有玩了 偶尔看到别人玩，看到里面也更新了很多。比以前更加丰富了 呵呵 腾讯空间里有的游戏还挺有意思的，当打发时间吧,1
团的券，48，一个牛板筋锅，两个素菜，一份主食，两人吃稍微剩一点。 味道相当好，牛肉和板筋都很烂，也相当入味儿。主食要的手擀面，很不错 总值，性价比很高的一家店。,1
德华楼的年糕和包子可是武汉老字号了，我爸爸妈妈都说过。他家的年糕我没吃过，没有发言权，包子我吃过，很好吃，但比较贵，而且个头很小，偶尔吃吃还行。,1
从16:30-19:40泡的。 饭点的关系，人稍稍少些。 有附送的自助餐，不过真的不怎么样~~ 环境要求只要不脏就可以了。 去的时候还看到卫检所的车子~~ 不知道是去玩的还是去检查的~~,0
环境还可以~周四去的，只营业到12点半，不好 点了杰克丹尼，红牛~ 吃了土豆泥，鸡块之类的，玩了伙游戏，周围老外挺多的， 地理位置也不错，是个地下室~ 其他都不错~ 不时会有表演的,1
新派的纸上烤肉，烤出健康和美味。特味牛肉鲜嫩耐烤，黑椒牛肉味道纯正，香嫩耐嚼。每次去他家吃，基本都得站排，更看出他家生意之火。,1
三里屯里环境很不错的休闲之地，喜欢这里幽暗的调调却不沉闷，只是人很多略显吵闹，汉堡的SIZA让人咋舌，难怪要用刀叉慢慢吃，还是喜欢小SIZE一排排的BURGER：）,1
味道一般 价格偏贵 服务很差 唯一感觉有印象的是炒年糕，不过也只是街边口味，卫生状况也叫人担忧，豆腐里疑似有头发，后来给我们换了一盘，下次应该不会再去了。,0
很高兴这家店还开着，几年前就去吃过很是思念他们家的羊排和牛肉煎包，那个美味啊。而且价钱也算是实惠，环境还可以。,1
和师兄俩老爷们来吃...... 榴莲酥做的太酥了，我有点拿不起来...... 猪肉布拉肠很腻，导致我现在胃还难受 汤中规中矩 还有那个鸡块叫什么名字，很不错 服务非常到位，在遇到的服务中算不错的,1
很好吃，喜欢。。。那个滋补汤也不错。要是能让我团购到就更好了，哈哈，是不是该给支持你的用户多点活动呀。美中不足的是会员卡只能用在办理的地方。希望能改进。,1
"曾经在他家买过一个钱包,样式是他家的标准款,做工也不错.最近几次去他家逛,赶上节日还能有折上折,还是很合算的,偶尔有些特价的包包还算便宜.",1
"一个拉面面也不多料也不出色, 吃完都不满足的, 远远比不上康师傅还抬那么高价格。连橙汁都做得那么难喝! 以后不会光顾。",0
黄焖鸡比我想象的小份，不过味道还不错，我用汤汁泡饭来着，有点甜甜的，可能是我期望太高，觉得好像也没有大家说的那么吃了欲罢不能的感觉，回来了以后，口感快要忘光了 没吃过的，可以一试，毕竟我觉得做法还是很有鲁菜的风格,1
全料热干面3.5，真心难吃，神马东东，吃的满口黑乎乎的 蒸饺4，LG要吃的，皮子很厚的，蘸点醋还可以吃吃 豆浆2，这个没回都会点，我们都稀饭的 另外买了一包热干面29.5，回来送送人 看到附近居民过来吃早饭，一碗热干面，换做我们的口味，一大早肯定吃不下去的,0
觉得好利来明显地没有味多美好，但不知怎么回事，天津的味多美好少好少，好利来的蛋糕面包都太普通了，没有什么亮点，点心也不怎么样~,0
比起老店差远了 环境不好 菜的味道也有差距 点的葱烧海参 吃起来咯吱咯吱的 应该是沙子吧.... 老字号的酒店 幸存的已经很少 有些人该反思一下了,0
因为就在家门口，去吃过四五次。 整体上学海底捞，但是服务差太远了。 价格还可以，就是自助小料太贵了，8块钱一个人。 味道也还行吧。,0
一直在美食城吃午饭，这边倒是没注意过。看了点评今天过去买了，没有惊艳的感觉，但也不难吃。用料比较实在，吃一个是能饱了。,0
"玉玲珑精致景观餐厅里面的环境还是很不错的, 在这儿吃饭的顾客也是特别的多, 基本上每次来吃饭都是要等桌位的, 这家的淮扬菜在这儿还是小有名气的, 我特别喜欢这儿的鸭血靓蹄花,里面的蹄花被烹饪的特别的嫩, 吃在嘴里粘糊糊的,很有口感, 扬州炒饭也是相当的不错, 里面各种各样的蔬菜丁, 看着整碗炒饭都是非常的丰富啊!",1
好不容易找到了，五个人要了两条金樽、两条虹鳟。金樽生鱼片，虹鳟烧烤。生鱼片不错，但烧烤虹鳟有一条烤的不太熟，懒得再加工了，没吃完。菜团子有点咸了，否则会多吃点。,1
口味还好，就是大众烧烤店，环境很差，不过吃烧烤也不用太计较。经常需要等位。除了鸡翅和疙瘩汤之外，其他都没啥可吃的,0
离应用物理中心较近的涮羊肉……味道真的不错……分量也很足…… 羊肉一来一大盘……真实诚…… 味道还行吧，好像跟其他涮羊肉差不多…… 就是没什么特色……,1
公司以前用的快递都是DHL，有货发送都是用DHL，所以一直选用DHL，发觉DHL服务态度很好的，虽然他们国内包裹还是蛮贵的，但是效率很高，对于他们的番茄炒蛋车觉得蛮鲜艳的，最近很少看到他们的广告，希望能和UPS FEDIX一样，多些广告 可以拨打800的电话，貌似是24小时的说。,1
今天中午预定了包房，约11点多到的，这边唯一好的地方大概就是包房无最低消费，不过听说晚上就只有套餐，定金100，菜还要提前订好，还好住的近。 进来服务员连包房位置都不大清楚，上菜刚开始还好，到十二点半极慢，等一道桂鱼等了整整一个小时，实在太不像话，直接买单走人，隔壁也是有几个菜等不及，买单走的。 另外一个恐怖的是排骨汤里有菜虫，难道都不洗菜的？ 没有什么印象深刻的菜，鱼也退了，以后不会再去！,0
和男朋友兜五角场兜完去吃的，味道可以，但是选位置的时候选了一个里面的角落，服务不好我们坐的很里面菜久久不上每个菜都是我出去催的最后一个菜是脆皮蹄髈还上错到包房去了，就退掉了，一个服务员还可以还免了我们毛巾的钱，但是其他服务员就很差了。,0
昨天中午在阿俊酒家吃的饭，十二点开席，下午一点了菜竟然没有上齐，我提前订的包桌，服务员态度很差，要水都要了四五次才上来，而且还不是免费的白开水，催菜时服务员那个冷漠，好像我欠她钱似的，领班的和服务员竟然对着我们吵起来了，菜也很难吃，基本上是去了不会再去了。,0
给人的印象很高雅很有品味的自助餐厅，美食很多的，特别是这里的甜品和海鲜是最喜欢的菜，卖相精致诱人，口味也很出众的！ 三文鱼，鹅肝酱，老虎蟹都是很新鲜美味的食物，人气很好！ 提拉米苏很纯美！ 赞！,1
呷哺都一样，高峰时期等死人。。。 但是这家在枫蓝里，等的时候稍逛逛也挺好的 吃的推荐拼盘，自己一个人的话 一份拼盘就可以吃的饱饱的了,1
这么说呢，第一次去觉得还可以，后面再去了一次，不知道为什么，服务差不要说了，菜也不怎么样，只有个点心酒酿小圆子和发菜海鲜汤味道还可以，其它得就是在不怎么样了，价钱也比以前贵好多，以后不敢再去了,0
星期五来过1次，D自助餐还可以，不过不失，品种5多，但都几好味~~~~· 但隔音太差，音响又5好~~~~ 还有，D服务员会成日过来体下你，惊你浪费食物~~~,0
我吃了这么多的豆捞，这家真的让我太无语了，点了热红茶，续杯加热水，10分钟没来，问服务员怎么回事，居然回答我，水没烧开。因为是晚餐时间，在门口等也就算了，从坐下了到上菜，起码30分钟，服务员互相推脱责任，这个真的要好好改善。,0
去过几个比格的店，这家的鸡翅是最难吃的，烤的都糊了，批萨的边也烤的干巴巴的嚼不动。不知道是不是我去那天烤箱正好坏了?,0
味道还是偏酸， 吃了个什么五谷还是什么的， 难吃。后来去超市的时候，还被保安大叔拦在外面， 叫我吃完再进去 。我晕的来。反正觉得没超市的酸奶好喝,0
服务员很可爱 因为每次去几乎都有小宝宝跟着，难免会吵会闹 幸好服务员会帮忙照顾着 真的很感谢哦 很遗憾经常到这里却没喝过这里的咖啡 经常点一壶花茶，还不错,1
有快餐，晚上加班在店里买肉饼，说是现做，但很快就从里面拿出来了，而且还切好块了，比较纳闷，接过来就觉得分量不对，而且外观不像新出锅的，店主非说足秤，因为同事在对面的711买吃的，我就去店里过了下秤，才7两，回去找店主理论，他怕影响生意，带着气把肉饼扔进垃圾筐里，钱退给我了，这件事弄得很不痛快，看店家就不像正经人，流氓气很重，再没去吃过东西,0
没要炒菜 就吃水饺了 去的人多还是不错的 尝了好几种口味的水饺 个儿可真是大阿 看点评说炒菜也不错 下次去了一定要尝尝 总之 吃起来不错的一家店 就是服务一般了点,1
特别赞一下他们家的红烧肉，非常非常好吃，建议大家去试试。每次去都必点的菜 。不会太油腻，炖的很酥，很烂。反正超级赞拉。,1
因为在上海觉得非常好吃去北京的时候特意去吃过，味道确实不错。每年冬天只要想吃火锅了不多说和老妈老爸一起只去东来顺吃。羊肉每次必点，炸酱面爸爸蛮喜欢吃的。,1
调了个日子去拍婚纱照，很开心很激动的去了，不凑巧那天拍一半下雨了，不过还是很开心的，一直很担心会不会拍出来很效果不好，昨天去看照片了，悬在心中的石头终于落下来了！照片很满意，比我想象中好看多了！谢谢你们的工作人员哦，那个摄影老师很幽默哦！期待我们的成品！！！,1
每次路过能不能忍住买个掼奶油吃吃 太好吃了，可惜夏天到了，一会儿时间就会化 小方当然也很不错 每天下午5点后，由于8折优惠 门口总是排着长队,1
我一直觉得好乐迪的歌曲没有钱柜的多，音响也没有钱柜的好。 而且他们家买50送50的活动很没意思，只有周日晚上5点到周四可以用，通常这个时间你也没空来，经常就浪费掉了。而且必须用会员卡才可以使用赠券。而且只能在大拇指店和正大店使用。 圣诞那天号称最低消费什么的，结果我们买了一大堆东西才发现最后不需要的，鄙视他们,0
很失望！以前对川菜印象深刻就是因为十年前的菜根香，今天中午彻底否定！服务员象算盘，拨一下动一下。。。,0
号称自己是泡芙大师 所以每次经过都很想买来试试 终于有一次有机会就下手了 对别的东西都没有兴趣 所以本来只想称两个泡芙试试 结果服务员吵凶的说最低3元起卖 只好再要了一块菠萝味的华夫饼 华夫饼真的超难吃 中间的果酱和劣质 泡芙也一般般 不会再去,0
开在南大边上的一家甜品店，品种丰富，印象深刻的居然还有冰糖燕窝，168一碗 由于晚饭吃饱了，就点了奶茶和西米露，价格非常便宜，奶茶5元，椰汁西米露6元，还有布丁，味道也很不错，看了下甜品的菜单，价格适中，10几元，20几元的居多 里面还有不少人，点了一份甜品，在里面玩三国杀的，总体来说，很不错，下次想尝尝他家的甜品,1
是在一个停用的加油站里面，就在二环路外侧边上。和几个北方过来的朋友一起，还不错啦，我们都比较喜欢那种白味的。兔子肉也很嫩，只是感觉吃到最后，味精味儿有点儿重。,1
读大学的时候，老公引以为傲的食堂，常带我去吃。小盘鸡饭，小盘鸡面都很经典， 汤汁很入味，浇面浇饭很好吃啊，土豆煮的酥烂，还有花椒的麻~量足料多，无比怀念，当初是七块钱一份，现在不知道什么价格了。,1
我真是太爱看电影了，几乎是看遍沈城的电影院了。在中街，当年除了光陆就是它家了。其实那时候我还是更偏好它家，毕竟那时新玛特也是新商场，装修风格和新旧程度都要好于光陆。而且还可以吃喝玩乐一条龙。在这儿看过不少的电影，最后的印象就是周星驰的功夫了。真是好久了，现在再也不去这儿看了。,0
虽然他们家也是以川菜为主的的商家，但是给我的第一行感觉就是精细！装修、餐具还有环境的软件布置，有点江浙饭店的做派融入期间，服务也很好！ 菜做的挺有特色，并不是拘泥于一位的辣，香鲜麻辣俱全！很不错的一家专业菜馆！值得推荐一下！,1
一桌子凉菜，大冬天的看得我胃抽搐。。。 朋友们喝着酒，觉得还好，我坐在门口边，风呼呼地吹，冻死我了，环境不好。 喝了一碗碗豆汤，炖很烂的豌豆，蛮好喝的。 凉菜没有尝。。。,0
元祖实在太差了，提货券竟然规定9月6号就过期了。别人家都是到中秋当天过期，更差的是400电话一直说是客服忙，门店电话一直没人接，台巴子企业！消法应该出台新解释规范这种有价提货券，才能更好的保护消费者权益！,0
去过几次，姐妹们都喜欢喝水果宾利，好像是叫这个名字，其实就是水果味的啤酒，最喜欢它家赠送的面包了，可是只有点正餐才送，甜品味道一般，香肠比较有特色，环境，怎么说呢，就是演艺吧，比较适合上了年纪的人去。,1
环境还可以，但是空调很不足，这么热的天吃烤肉，空调还不打足点那不是要人命吗。服务员的服务还是可以的，会主动教我们怎么烤肉，还会帮我们烤。我们4个人，3个女生，点了一个好像叫合家欢吧。肉都是很薄的一片，总共那盘子加起来也没半斤肉吧，好像要100多，性价比超级差。我们是自己烤的，烤的比较慢，慢慢吃容易饱。如果2个男生吃估计都吃不饱吧。反正如果是我自己来吃，我是绝对不会再来的,0
尚一汤，尚一汤，汤还是很不错额，不过不知道有没有添加什么东西，总之味道还是很好。泰式的番茄味道真的是很到位，刺激每一个味蕾，好吃,1
订座要提前一天才有的定，不过位置也不算难等，过去就有个位置的，但是要在6点半之前，因为店真的不大。 干酪鱼特别好吃啦，梨汤有点略甜了，其他的也都ok，菊花鱼骨头还不是特别酥，扎了我两下〉_〈 好似这家没有非吸烟区，吃饭期间一直被邻桌的老烟枪们熏着，特别难受，要是能有个非吸烟区就好了。,1
开在五角场，无意路过便进去试试，生意很好，有时要排队等候的，点了一个蔬菜锅底，很便宜，10块钱。一盘五花肉，还有一盘特价的肥羊，一份石锅饭，一份金针菇，还有份咖喱虾。两份饮料，两个人一共才103块，是不是很划算呢。,1
首先推荐烧饼，好多顾客都打包他家的烧饼，外焦里嫩的，咬一口回味无穷。汤底肉骨茶的很鲜但是有点腻。我们没怎么看菜单，服务员推荐的两人套餐就差不多了。环境真的不错，比较高档。价钱也真是不便宜啊！,1
时间坐标算是天津比较久远的咖啡馆了，装修是那种田园风格，舒适的沙发，田园派的碎花，环境很舒适！闲暇时和朋友来喝一杯咖啡时间很享受的事~,1
觉得是不是开不下去的感觉，店里冷冷清清，服务很差，东西也难吃，那个汤感觉不是高汤，估计肯定是。。。反正味道很奇怪的又特别香。以后肯定是不会去了。,0
同样的慕名而去，坐105路去的，打车回了，回杨浦车费真心贵，连出租车司机也诧异杨浦没有炸猪排吗？人来疯呗，微博看到转帖后就心心念念的要尝一下，20:45到那里的，一直到21:15才见阿姨出来，开始生油锅摆摊，先炸馄饨和春卷的，这时间足够把你盼望死，都炸完才炸猪排的。猪排吧，就是普通猪排啊，不晓得最初炒作的人是不是她家亲戚，哎。。。不算失望的，但就一般咯。胖姑娘和阿姨还一直在吵架的说~~,0
路过这家发现就马卡龙卖就买了一个香草的尝尝。 咬的第一口很失望 因为外面本该酥脆的但是受了潮 估计没保存好或者时间放长了 粘牙的很 但是要到里面的夹心还是ok的 虽然很甜但是还算浓郁,0
GZ第一间，人地SH，SZ都五知第几间了！真系失礼！！ D款起码无HK UPDATE得感新啦，之前系HK BUY左的款，我系呢度要几星期后这见到！去试衣都惨，排队排到变化石！ 我觉得UN 的料仲好过距咯，虽然都系叫做棉，但洗两水超易变形，无语！！,0
这个店。。。。跟顺风考得那么近……肉类的价格也相近，但是比较起来觉得差距还是不小呢……总觉得肉有点老似的…… 服务也很差劲，有次在他们3楼吃的，让他们去拿点东西，因为他们总是忘记我们加点的什么，所以一趟一趟的跑，后来服务员居然冲着我们喊了一句你们能一次点完吧。直接我就怒了……,0
同事生日在这聚餐了一回，因为离单位特近，同事又是古都的常客，所以定了这家店。他家的刺身还挺新鲜的，视觉效果也非常的美。坐在榻榻米的包厢里很惬意。那个乌冬面也很入味，里面有牛肉，好吃的！服务员得知同事生日还送了人手一份的焦糖布丁，味道挺浓厚的，尤其是焦糖部分。寿司的大米质地也算不错。此家的日料算是性价比较高的，就是位置有些不起眼！,1
新年聚餐，都是一早下好单的，而且吃的时候不一定有。 乳鸽比较出名，外干内嫩有汁。 蒜茸生菜，几爽脆。 扣肉肥，味道平淡。 橙汁猪扒用了浓缩橙汁，很开胃。加点的糖醋排骨粉多肉少而干，难吃。,0
感觉比较破了 毕竟在杭州里面 跟富阳的没法比 环境比较糟糕 大夏天的一股恶臭扑鼻而来 动物品种比较少 看起来没有精神 脏兮兮的 不过人不多,0
吃过了很多地方的呷哺这里的服务态度是最次的一家店，这里装修成了一个开放式，虽然作为跟多但是过道很窄很拥挤，商场整个地下一层的环境由于呷哺影响，环境非常的糟糕，这里人很多，来晚了就需要等位，而且服务态度极次，我们点的菜服务员都没有上齐，而且也没有记全，叫服务员根本叫不动，服务员还在自己的工作过程中打闹根本不顾顾客的叫唤，全部沉浸于自己的世界之中,0
开放式的公园紧邻热闹的长寿路，人流量较高。音乐喷泉好像开得比较少，场地用来晨练倒是很不错。公园里有许多雕塑文化。每天来这里带孩子散步的长辈也不少。,1
服务很差，服务员不是老大妈就是楞小伙，叫服务半天没人搭理，上个菜都笨手笨脚 请客的人那天有点脑子进水，大冷天的晚上定的是那种竹棚子——四面八方都在透风，冷得不行，还扬言这个是他们的特色，很难订到的包间——说的是夏天吧，过时的大叔……我坐在竹棚子里面冷的跺脚，看着别人坐大厅的热闹温暖，那个纠结啊~~~~~~ 还闹酒闹了半天不放人，我半身都冻木了，好不容易挣脱身，回家立刻泡热水澡开空调偎被窝，结果还是感冒了……悲催的回忆,0
说实话有点失望。 来天津的第一天就住在五大道上，桂林路下车，一路走到大理道，愣是没觉得多有特色 很多老房子外表肯定都翻修过了，里面也都改成了餐厅或者索性变成了民宅 觉得不甘心，第二天起来坐马车溜了一圈，发现真的很小，虽然名人故居的确很多，但实在没看出什么特色,0
经常到她们家来过一下嘴瘾，呵呵，朋友几个都是爱辣的，所以经常会一块聚聚的哦 他们家的环境还不错，口味更是没得说，服务也还好，挺适合朋友聚餐 家庭聚会什么的,1
去过最差劲的一家呷哺呷哺，服务跟不上，环境脏乱差，点菜等半天，上菜等半天，最让人受不了的是，放东西的格子里面有油，一个不小心，把我白色的包包弄脏了！,0
生意非常的好，每次去都有很多人，双休日的话位子多数都要等，东西的品种特别的多，不过他们叫牌的方式有点乱，里面的员工也挺辛苦的，喉咙迟早受不了,0
看了点评去的，说实在有点失望，饭店很小，我们15个人（其中五个小孩子），饭店只有一张桌子很勉强的做得下，可是大桌也没有转盘，我们只有站起来夹菜吃。饭店环境很差，也很拥挤，菜的味道还可以，但也没到传奇的地步。,0
在朋友的介绍下去吃的，这家火锅店性价比很高，鸡汤是招牌，如果口味不错，先喝鸡汤吃鸡，然后刷锅，2个人人吃的话点盘鸡，再点盘肉就足够了，因为还送5份蔬菜,1
好多年以前跟姐姐去的，要不是她带着，也不会去这样一个看上去就很贵的地方，哈哈 看到好多人说服务不太好，已经忘记的差不多了哈 就是觉得东西好贵 我初中的时候还得是5年前左右吧，一杯什么什么的就得16元以上了 一盘内容超小的吃的就得20元+ 姐姐说不如深圳的仙踪林好 感觉环境实在是太差了 特别特别的嘈杂，地方还小 和肯德基麦当当之类的快餐店没有区别 那还费这事干嘛，不如街边买两杯快客好了,0
看完电影过来随便吃一些，两年没来了，人倒是很多，找服务员很困难，但是东西也越做越难吃了，蛮失望的。估计以后不会再光顾了。,0
如果不是因为别的地方排大队是不会来的。什么港式茶餐厅，做的太差了，点了较快的云吞面、叉烧面，好失望。那个面线有一股子碱的味道，一吃就知道是没处理好的，太差了！价格也是出人意料的贵。叉烧嚼不动，很没水准，朋友点了个有打折的饭，才打折了2块钱，那个饭的卖相也很差，一看就没有食欲了。不会考虑去第二次。,0
对他家也算是久闻大名了，本来是奔着炒肝和灌肠去的，结果到了炒肝已经没有了，就要了2个豆泡丸子汤和2份炸的荤灌肠，我是一个比较节约的人，但凡正吃下去的都吃下去，可是这个灌肠真是够绝的，不知道为嘛有一种苦味，还很油腻，我吃了几片实在受不了了。总之不会再来第二次了。,0
非常非常的一般，服务简直国营老店的风格，完全不敢恭维…… 份量少，性价比不高，本来那天是想吃韩包子的，结果路过他们家，觉得貌似有点想吃担担面，于是走进去，点的担担面，炖鸡面哇，还有小份蒸饺，那个蒸饺的皮子哦，才叫厚哦，吃进去简直像在嚼啥子一样…… 应该不会再去了,0
好奇怪，最近发现好多以前的点评都没有了 而且这家店才评了没多久吧 难道是因为我说他难吃？ 再让我评一次还是难吃难吃难吃！ 羊蝎子火锅吃完满嘴涩，感觉不干净味道又糟糕！,0
苏州居然只有一家快乐柠檬，上海随处可见的。 久光下面吃的很多，这家快乐柠檬在边上，不是很醒目，人也很少。 去的时候几乎不要排队，店员连柠檬头的等号牌都懒得发了。 点了一杯葡萄柚芦荟绿茶，味道一如既往的好喝。 更喜欢她家的奶茶。,1
看起来比较老旧了 好在位置还不错 虾饺、餐包、凤爪、叉烧包这些还是不错 果然是老字号 价位也不是很便宜 主要是附近靠金光华 方便,1
这里有些时候搞活动。或者有些商品特价的时候还是很划算的，基本每次去都会有东西特价，所以一直会买东西，去超市就是这样，哈哈,1
这里的服务很差很差，还不如一些区级医院呢。门口站着的不知道是迎宾还是干嘛，连个问候也没有，看到病人也不询问。部门之间互相推诿，预检和服务中心互相推卸，挂号的人就是机器，一句问候也没有的，还给你乱挂，比方今天医生不在，她照样给你挂出来。 最奇怪的还是保安，不让停车，非要你去傍边的饭店，闻讯哪里有直达电梯，他说你坐扶手一层层上好来，又不是七老八十，我叹气啊！ 要不是我知道的一个医生在这里，我是不会来你们这里的，拽什么拽。,0
只有生蚝刺身是ok的，烧烤真心普通了点啊，烤带子的肉咬都咬不动！服务态度差到不行了，上菜几乎用扔的，哎！,0
店面虽小 但很精致 看的出很花心思 从菜单上看 菜式也不多 但是生意却很好 台湾特色的客家小炒味道很不错 卤肉饭也很赞 无意间点了一个和风豆腐色拉 还不错 也蛮有特色的,1
服务极度怠慢，一共就两桌人在吃饭，里面的服务员都不在做事，各忙各的，点的菜很多没上来而且很慢很慢要催很久。拜托，生的蔬菜而已，你是要种吗。总之服务很差劲，菜也一般般。自助的东西只有牛肉和猪肉，连鱼肉刺身什么一样没有，蔬菜上来都只有一点点还慢的要命。开在这种地方尽早关门大吉吧就。,0
某天中午，跟女朋友想去这家看电影，却碰上大家吃午饭去了，一个服务员都没有。然后我们以为是免费场，随便找了一个厅就进去看了。当时是大笑江湖，效果很差，而且不好看。看了2/3，居然有人来查票了。。。。才知道不是免费的，真是糗大了。不过，证明，这家真的不怎样啊！！蚊子都没几只……,0
因为还念念不忘鼓浪屿的粒粒香扁食，看到很多妙香扁食分店。一天早上正好看到就去吃了，当早饭。点了好几样东西。很是失望啊。 扁食，味道很一般。 拌面，完全就是么什么味道啊。。花生酱很不给力啊。 炒饭，冷的。。。味道倒是相比而言最好的了。。唉。失望的不是一点点啊,0
四个人要了不少。感觉明太鱼有些干，不过下酒还是不错的。干煸鱿鱼丝太辣啦。吃了两口就放弃了。烤串味道还是不错的，明太鱼汤很好喝，很鲜。石锅豆腐相当不错。鱼皮包饭没尝到。最后吃完了才知道，服务员忘记下单了。。。,1
上学的时候每周必去一趟家乐福 一兜一兜的吃的往家拎 现在是单位发卡的话才去 单位发哪的卡我就去哪 哈哈 前阵刚发完家乐福的卡 正好赶上现在有活动 满500立减100 不过好多商品不参加活动的 比如二楼的东西还有油 即使这样 人也是嗷嗷的多 有些货架都空了。。。 那阵势都跟不要钱的似的 排队结账就排了半个多小时。。。 反正总体说来吧 去那买些吃的和日用品还是比较值的 像家居用品什么的就太不值了,0
吃了几次，味道还成，没什么特别好的，每次去都会尝试小菜，但几乎每次都失望，反正口味感觉怪怪的。没得吃了才回去吃，一般不会主动去吃,0
南区一街的阿康真是越来越烂了，土豆烤不熟、牛肉颜色怪异、可乐好像是假的……每吃一次就失望一次。。。。 都不如张江的阿康了╮(╯▽╰)╭,0
这家电影院是上次和LG一起来的，本来是不会来这里的，不知道他在那弄的票，就说带我来这里来啦 这里离我家太远啦！坐了好久的车呀！哎！看个电影也真受罪， 这里的环境还不错，交通也还算可以，没有直达地铁不过有直达公交，因为我就是坐的公交嘛，嘿嘿 这里买东西也很方便，不过价格方面有点不敢恭维 电影里面也还不错，暗暗的灯光，感觉很温馨浪漫，嘿嘿 这里的椅子坐着不是很舒服，太硬啦！难受 不过这里的价格还算便宜啦！,1
看了网上说的周末放题每位100元，到了现场却说每位预约价是135元，东西漏单严重，基本上第一第二次点单时漏20%，以后基本一半以上，店里有不少日本人，服务员也基本上是围着这些东洋人，应该是不会再去了，毕竟东方路上又不是只有这一家饭店,0
真地不错，自制羊肉和自制牛肉不错，服务生很给力，总是在你需要的时间点准时出现，让人吃的狠舒服，下次再去,1
某个周六和我朋友去了这个新里程店，其中单点了三文鱼刺身和帆蛎贝寿司，上来一看傻了眼，三文鱼刺身小的可怜，每片比半截大拇指还小；上来的帆蛎贝寿司，黑色的肠子都没处理干净，服务员说，店里的东西都是这样的，他们的服务态度很挑战肝火，反正这个店，我们不会再去了。这服务态度真不敢恭维。,0
街边小馆，内容就是家常菜，也有烤串什么的。味道很一般，菜的量还挺多的。有小份菜可选，当你吃不了的时候可以减少浪费。,0
那次和发小逛了一天，走的腰酸背疼腿抽筋的。实在走不动了，路过这里，就去他们家吃了，给朋友打了电话也一起来，人多热闹吗！！不然吃着多没意思，嘿嘿 总体感觉还是相当不错的，点了不少菜，味道做的都很地道，干净卫生。服务员的态度很好，映像深刻，下次还去那边吃。。,1
最喜欢必胜客的pizza，只是价格偏高，午餐时间还要排队，所以好多时候不愿意排队会去吃巴贝拉。必胜客的披萨确实很好吃，自助色拉也很新鲜，因此逛完街后常常会选择去必胜客。,1
口味比较淡，好像不是很干净，吃过一次酸菜肉丝粉，拉肚子，再吃过木耳肉片饭，不够入味，喝了豆浆后见效很快，又拉了一会，不知道是我肚子太敏感还是运气不好。不会再去了。,0
真是人气旺，晚上9点，这家门口排队，当然包括我，兴冲冲的冲过去，点了芋圆2号，因为有芋圆有地瓜，人太多，就打包回家吃了，可是。。。。不是说热的是红豆汤底吗？木有看到啊，几块硬的不得了的地瓜，芋圆呢，完全没有Q的感觉，甚至连芋圆的味道都吃不出来，清汤寡水的一碗汤，薏仁都没煮烂，这这这太让人失望了，不是一点点，上次的芋贵人只能说是一般的水平，这次的鲜芋仙简直是槽糕，18元的价格，真是不值啊，以后应该不会尝试了,0
每次到宁波我都去吃 泡椒牛蛙很好吃 而且这家做得很干净 花蛤非常划算 好像才18还是28？超级大一盘 看来还是得在吃海鲜的地方吃海鲜啊 便宜又好吃,1
很喜欢这家超市，每次坐地铁，都会顺便去转一下。很喜欢超市里做的寿司和饭团，买回来吃很方便。他家的鸡胗和鸡肝很好吃！！！而且价格不算贵，有时候还会半价！！！不过进口水果和蔬菜什么的，价格那叫一个高啊！！！,1
上次人家喜酒放在这里，觉得环境的话不咋的，菜的话也就很一般很一般，记忆中就椒盐大王蛇还可以，别的都不灵的，可能是婚宴的原因。。。服务也不好，有个服务员态度很差！,0
过去总觉得这个名字似乎面里面有不干净的海鲜，其实完全是想多了。它家的米粉味道不错，还可以单点脆脆的腐竹，放到汤里，或者直接吃，还挺享受。同事里一云南的小妹专门爱吃它家，可见味道还成。,1
姐姐过生日去的，当场办了张会员卡，说什么可以立减50，音质不怎么样，。MV也不怎么样。歌也不是很多，有些想唱的歌也没有，估计办了这张会员卡，以后不会去了吧。 。,0
朋友结婚就在这里办的酒席，这个地方环境真不错，而且服务员的手脚也蛮利索的，上菜的速度也蛮快，这里的菜的味道还可以吧，就是没什么特色，不过总体来说还是可以的。,1
外表非常不起眼的很低调的餐厅，也不太好找，但内涵丰富，装修也很有特色。 来的人都是回头客～服务员说这家店的老板一共有三个人，都很喜欢西藏，石锅则是从西藏专门背回来的～～ 极力推荐石锅土鸡,1
六必居酱菜真心的是保持品质的老字号哈哈~ 酱菜是最爱的~而且就没有味道变过感觉~ 最爱的就是麻仁金丝了！因为甜哈~酱黄瓜也不错~酱菜疙瘩也是要甜口儿的内个~ 还有糖蒜是家里经常买的哈~萝卜干觉得没有什么特别的~倒是喜欢萧山的多一些~,1
店面看上去像个大酒店的样子，一进去像个大食堂，服务慢，菜太咸，量倒是蛮足的，可惜味道实在太差了，应该是不会再来第二次了,0
上次在他们家买了一个睡衣，一套内衣和底裤，感觉还不错，店员也特别热情，现在东西穿在身上也觉得还很舒服，还是不错的，以后还会继续支持他家的东西，就是，，，价格还是涨了吧，而且活动和折扣都比较少,1
我再次声明 我不是因为想吃KFC才去的 我是因为饿 话说那天一行三人去了老妈米线 点的菜跟以前一样 没想到一是价格上去了而是量少了 菜全扫光才发觉大家都没饱 又不想再吃米线 所有杀到KFC 一人2块鸡一杯饮料 他家的鸡块好像蛮油的 不过但是饿着就也没在意 后来我又后悔了我有罪 自从他家有了点的人不少 不过自从我上次看到照片以后就再也没兴趣了 样子还没公司加班定的盒饭卖相好,0
晚上去的时候人超级多，最喜欢坐在外面。听着音乐，喝点东西，和朋友聊天，客人以外国人居多，店员基本可以讲外语，有无线网络，所以可以看到好多人在一边喝东西，一边用电脑。 经常会搞一些啤酒的打折，促销活动，所以价格不是很贵。 有很多西式美食，汉堡，披萨，薯条，份量都很大，点餐的时候，要考虑一下食量，要不然就需要打包。,1
一点都不好 一个刚刚学会做按摩的小男孩做的 很不舒服 问他做这一行多久了 回答竟然是两个月。。后来找领班，免除了按摩的费用算是表示歉意 因为我们做的是 足浴加身体按摩的套餐 下次不会再去了,0
环境还可以，但可惜，项目和班次安排得真的不是一般的没水平。有两三次，都因为人数不够就关了班，而且也没有在课室前贴纸告示，让我傻傻地等了十来分钟，也不见工作人员上前来解释，太失望了。唯一可取之处就是桑拿房吧,0
"服务态度极差,就是一无赖,饭菜里面有头发和指甲,超恶心,千万别去,老板和服务员全是无赖,结帐时多算钱,去了就上当受骗",0
今天下班跟同事一块来吃的，看上去挺醒目的牌子。就是门口有点不好找……… 一进去服务员的服务态度特别好，呵呵…由于饿肚子的原因一看这么多好吃的。马上开吃，哈哈……：不错……不错……不一会就吃不下了……呜呜！！！总体比比格好多……,1
环境是不错的 感觉音响效果很棒 地理位置不太好 有点偏 但是相对的 人就比较的少 没有什么排队等着买票了啦 下班过去还是有些选择性的哦,1
位置有点难稳，不过味道很好， 正宗的电白菜，帮衬过几次， 最喜欢捞粉，那些酱油特制的，外面好少做得出这种味道。 墨鱼饼很香口，墨鱼一粒粒很脆，水东芥菜也是一重点推荐。,1
这正一味是连锁店呀，可这店与店之间做的口味相差也太远了吧。 总是去君太那家正一味。 这次和朋友逛街在崇文门她想吃正一味就来了这家店，这家做的太难吃了。,0
味道不错~ 经常去吃 前几天点的印度酸辣小火锅（好像是，不记得了）， 一份比萨， 还有海鲜咖喱， 味道超级好。心活念念还想去吃。 烧烤自助餐一般，还是自己点的好吃。,1
味道差，价格贵，很烂，那个什么80快一斤的鱼肉，难吃的要死，吃完下来发觉我们点的那块鱼肉还在台子上呢，*** 老板装糊涂，人生地不熟的也不好说什么了，只能给各位提个醒,0
之前听不少人说他们家味道正，过年之前和对象去吃，真是令我们失望啊，我们点的烤五花肉，还有大酱汤，泡菜汤。石锅拌饭。还有什么菜忘记了，真是接受不了啊,0
搞群聚去参与的 环境实在不怎么样啊 二楼的包房又小空气又不好 没有排风 简直又闷又乌烟瘴气 菜式很一般 我基本也没怎么吃 自己是不会去的 价格也不便宜,0
我们去的时候中午，没什么人，很冷清 要的是牛肉锅，肉不是很多，加了点牛骨髓、菜等 俩人花了120，不便宜， 单点的菜都很贵，给的很少 吃这个东西花那么多银子很不值 味道重，大冬天的不可以吃那么多盐,0
朋友要一起过来吃的，说是他家的还不错的，一起过来尝尝怎么样的，母鸡汤还是比较的鲜的，喝了碗 火盆驴肉第一次吃驴肉，吃了一块觉得不是很好吃就没有吃了，几乎是一人一块的玉米饼的，都是比较的喜欢吃的，他们还是比较的喜欢的，只能说是个人口味的，有人爱吃就有人不爱吃的，我比较喜欢的就是土鸡蛋炒木耳的鸡蛋的，吃着比较的香的~~~~~~大家吃的也都是比较的满意的，分量还是比较的大的~几个人吃的都是饱饱的,1
又是伯伯推荐，中午来到了这家其貌不扬的小店，进去灯光老昏暗老有情调的，哈灵呀，中午没什么人，我们很吵，哈哈哈哈哈，晚上来应该很不错哦。我们6个人点了3个批萨，他们家批萨可以一半一半的，批萨味道还行吧，还点了个奶油面，味道很浓，还有个八爪鱼爆好吃！这家还可以叫外卖呢，而且没有规定起送价哦～,1
第一次去就办了会员卡，吃下来感觉一般，冷菜的选择面很少，菜价也偏贵，一开始是觉得这家算附近比较高档的，吃下来很失望！,0
从扬州回上海经过镇江在点评上找到这家吃晚饭的。本想老字号总不会让人失望，可真的是不怎么样，大煮干丝和扬州的小饭店也没法比，就隔个江怎么能差那么多？糖醋小排整个就是甜的，甜的把醋味也淹盖了。狮子头的肉一点也不紧实，筷子夹上去就全散了，胃口也没了，我们几个只能盯着豆苗下饭，唉...,0
离公司很近，附近都吃遍了，这家餐厅中午人气蛮旺的，红烧牛肉面味道还不错。也叫过外卖，这个速度啊，就是快，而且没有最低多少钱起送的，一分也送，不错。,1
再也不会去他们那里，我说剪齐刘海，居然帮我剪丸子头，怎么走出去啊！白痴不会就不要出来做发型师，害人啊！在也不会去了！,0
选了很多一般。。确实是真的一般 我想我又把期望值放得过高了。。。。 今天大概中午11点去的，一个人都没有 速度是很快 但是第一眼看到，两个字：失望 吃到第一口，三个字：太失望 是那种快餐的纸碗，很小，真的不值这个价啊%〉_〈%,0
不能刷卡，不给发票，服务态度奇差，上菜速度超慢，价格贵，锅底居然还要钱，而且量非常少，喂猫都不够。总体感觉就是一个差，唯一可以说说的，也许只有香锅的口味了。甜品真的不咋地，那个豆沙刨冰超级难吃，下次一定不去了！,0
服务态度太差了！打电话去预约完全是爱理不理的声音，听着都让人很不舒服，难道生意好了就是这么做生意的？郁闷，完全让人不想再去第二次的服务，希望老板能好好培训下服务员和电话接听员！,0
"公司年会聚餐选在这里..由于公司人多,这里就略显狭小.点心种类众多,味道一般 般.抹茶的还不错,榴莲酥很棒,酥酥的,馅料很足.奶油蘑菇汤味道也很好.发现鹅肝 酱基本没人动,估计是摆的比较隐秘..被我逮到了,呵呵,吃的这个满足,其他的就没 什么太多出彩的地方.如果以后有优惠还会再去",1
毕业半年就开始怀念这里的菜了，每次想改善伙食了就会和同学来这里吃饭，到现在还是觉得这里的宫保鸡丁最好吃，而且有好多好多回忆……,1
曾经有年清明扫墓过后也去他们家吃过。因为小时候在我们的心目中，他们家可是名气响当当的老字号呢。 可是百闻不如一吃啊，吃过之后实在令人难忘，总之是去过一次再也不会去第二次就是了。 点了鲃肺汤，价格贵不说，清汤寡水，根本没有什么鲜味。 其他菜的水平连一般中上的饭店水平都达不到。 服务态度也很差，点菜的时候势利之极，没有什么好脸色看。,0
比较正规，价格比店里便宜好多！还经常有活动，限时抢购等等，这次还送了我最喜欢的爱尔康的护理液。以后隐形眼镜就在合亚买啦！,1
菜和服务还算中规中矩的，不会很差，但是酒就有点问题，我们开始拿了一瓶半斤的，用分酒壶倒完才一半多点，虽然我们觉得怀疑但是他是在外面倒的也没办法，我们又再拿了一瓶叫他拿进来倒，足足高了3cm。我觉得有点水平的餐厅要用这样的方法欺骗客户有有一点点过分咯,0
昨天看了点评跟朋友一起四个人过去吃的…… 其实我想说，海鲜的价格真的不便宜，跟市区的海鲜酒楼比，几乎一样了…… 我们坐江边的位置，对面是生物岛吧，不是大学城，看起来就是个荒岛，江水很缓，像在池塘边吃饭的感觉…… 点了椒盐濑尿虾、清蒸桂花鱼、炭烧生蚝、蒜茸粉丝蒸扇贝、蜜辣牛仔骨、客家豆腐等，出品中规中矩，海鲜不如市区好点的大排档的味道…… 总结：一般般的地方，也许不会再去,0
具体价钱忘了，要的浓情抹茶味加的巧克力，太甜太甜受不了，巧克力碎碎非常难吃！！！！以后不去吃了，还不如吃麦旋风。失望啊！,0
管理混乱，经常换教练。 现在涨价了就不去了，一点儿都不值。 健身器材坏很多天都不带修的。 卫生也是个很大的问题。 越来越差劲。 想办卡的还是赶紧躲了吧。,0
拿了美团的券去的，不过不打算再去了！披萨很小很薄很难吃，罗宋汤很稀很少也很难喝。感觉披萨就像是烤的饼干抹了些酱，比两个手合起来略大一些，还等了很久很久。虽然没有尝试饮品，但是下次不准备再去了。,0
老牌子的奶茶店，味道不多说了，反正价格不贵，曾经是我们对奶茶最初的认知和选择。现在又多了一项业务内容---烤面筋，很新奇、闻起来也挺香，结果一试，切，真坑爹！没有想象中面筋的咬劲，而且里面完全没有入味，整体吃起来还不如口香糖，好奇害死猫，以后可不上当了。,0
大学时候去过2~3次，觉得比较家常的菜系。然后口味很好，菜量也大。 有大学社团聚餐就会去，因为距离王顶堤的东方之珠比较近所以野猫活动前也会去。 前几日路过还看到做了新的门面。真想进去回味下大学的感觉,1
每年体检都在这地方，里面的有些根本不能称之为医生，有病的检查不出来，能检查出来的恐怕已经到了要准备棺材的程度了。实在是太差。,0
基本上就是农家乐的水准，房间简陋，床上用品不洁，淋浴水不热还小的可怜。泡池水温也不高，而且脏兮兮的。下次再也不会去了。,0
真心后悔去这家店，满心欢喜的想弄个新发型，结果弄出来的梨花头是什么东西啊！！！还一个劲的让我办卡，办你妹啊！老娘就是销售，你那套小儿科就不要拿过来了！我非常的后悔，现在只能等两个月，等头发养长了再去弄一下！不要再去了,0
"走进他们家,蛮有欧式风格的,感觉很舒服,很喜欢吃他们家的芝士蛋糕,品味很好,而且他们家好像经常会有些优惠活动哦,活动期间来的话,还蛮划算的",1
吃一次安诚居可是不容易== 6点30开始拿号等位，一直到差不多8点才吃上。 点了中辣和爆辣两锅，中辣刚刚好，爆辣会特别的麻一些，不过都很好吃。 烧饼也不错，就是好小一个哎 没有点涮品，鸭头果然让我难忘==以后找机会还要去~~ 虽然等位等的这么久，但是很值！,1
经常在那边定盒饭，口味还蛮广式的，蛮好吃的，特别是鸡腿饭，烤出来的，豆浆也很纯，其他饭就还可以吧，盒饭性价比不高,1
晚上实在饿的不行了，约几个发小一起去吃的卤煮 久违的香味啊，不过貌似没有原来味道那么厚重了，也符合我最近清淡的口味（哈哈，说卤煮清淡，会不会有人骂我呀？）新炸的灌肠，好吃~~麻豆腐感觉没有后海一家好吃，也是太过于绵密了，没有我喜欢的“渣滓”感觉，不过味道还行。我们这次单点的一份一份，不是那种一整碗的那种，所以我觉得量变小了，最近的物价啊~~真是让人忧伤呢，不过老店的感觉还是小时候的感觉，很舒服~,1
和日船的不能比，章鱼太少太少了，虽然便宜一点，但是，吃了很不爽，以后应该再也不会买这家的章鱼小丸子了，而且还很油。,0
同事真是太得瑟了，为了怕买美团的券上当，直接先去这家店体验了一下。还好不用我掏银子，中午时分提前预订了一下。所以不用等位，小锅很干净卫生，而且每次都加的是高汤，很喜欢。肥牛真的不错，不会一下进去就散了。丸类以前没有试过，这次点了一份，很新鲜，而且是纯肉没加什么淀粉！这点很健康哟！人均80，因为叫了饮料，还打包了人家的烧饼，太没起子了。很好吃，回来用大马买了美团的券券，下次还要去。不过打着送给爸妈当结婚纪念约会的礼物。HOHO,1
厨子都跑了，啥菜都没了。屋里巨冷，穿羽绒服烤暖气还哆嗦……再也不来了………………………………………………,0
同学的婚礼吃过一次，脆皮乳鸽确实名不虚传，是我吃过最好吃的一家，环境也不错的，适合家庭聚会，婚礼举办什么的，有空再吃一次。,1
台湾美食，不是非常合口味。感觉都淡淡的，但是里面的环境真的挺不错的，很喜欢房顶的那种许愿灯，好漂亮。原木颜色的桌子和凳子也非常有感觉。因为这个环境让我有还想再来的欲望。,1
十一点去的 人很少 环境很好，十二点就陆续进人了，有点乱。猫眼曲奇热的吃非常好，凉了有点像趣多多。炸虾很好吃，也不是很油。两个人花了100出点头，披萨剩下了。很好下次还想去、,1
"和朋友们一起去的,听说是王菲开的,还听说是某个电视剧在这拍的,不知道真假了,也许吧.呵呵 座位还设最低消费,感觉太不值. 舞池太小,人太多.",0
在万体馆这里，很多明星开演唱会就会住在这里。去他们的咖啡厅吃过自助餐，搞活动买一送一的时候去的，人还挺多的，菜品不算很多，但味道不错，生鱼片等都挺新鲜的。还有个宴会厅，可以在里面办一些讲座等。,1
前两天他们家散传单，说新推出了羊蝎子，买一锅送一锅，反正在我家小区里面，我就和家人过去了。 一进门刚坐下，被告知吃羊蝎子必须上二楼，因为只有二楼才有锅，于是又起身去了二楼。 二楼有点冷，虽然空调开着还是有点冷，桌椅摆得很挤，有点小后悔来这儿吃了。 来了就点呗，被告知羊蝎子是买大锅送小锅，而且小锅还是券，倒。。。 这里的羊蝎子是那种吃完了可以用底汤涮火锅的，可是那个底汤太咸了，涮起来好难吃啊！ 我现在都不想去用那个送的券了,0
前段时间和几个朋友去了，。菜的味道还可以，就是服务太差了。服务员把酒精灯里的酒精掉到菜上了叫他换一盘，人家可好拿走了一会，又是那盘上来了，要是吃坏人了怎么办啊，一点责任心都没有。,0
菜都不算便宜，各种地方菜都有，量不多，没有想到吃的人还是蛮多的。我想我不会再去吃第二次了，因为觉得性价比不高了。,0
楼的门面不算大，蛮女性化的一幢楼 但是里面基本都是日系风格的牌子，偶喜欢 人不多，购物环境还是OK的，当然价格也不便宜 值得一提的是有化妆间,1
说句实话我从来没有吃过这么难吃的香锅，米饭凉的，环境很差，香锅不仅很咸关键是非常的油，难吃极了，排骨也吃不动。嗨~~受不了！吃的我和女友现在肚子都不舒服呢~~,0
锅包肉是大爱啊！这家店做的味道不错，我是非常喜欢~还点了苦瓜炒笨鸡蛋，味道也不错，离家近，会常去的，老公也爱吃他家,1
去得挺晚的 但还是等了会儿位子 人很多 环境一般 面也等了一会儿 我点的都是双浇面 一碗鳝丝猪肝 40元 量还是比较多的 汤头很浓 很好喝 面很劲道 一碗猪肚大肠 35元 一定要点双浇 贵是贵了点 但还是会经常来的,1
每年的打开音乐之门演出季，都是孩子们的节日，因为不仅可以享受美妙的音乐还能吃到美味的冰淇淋。这可爱的地方留下多少童年的欢乐,1
只吃的点心，味道相当一般。中午两点多进来，看不到服务员，坐下几分钟竟然没有人搭理。最最关键的是虾饺里吃出了个毛发状东西，吃完下午逛VILLAGE，我和女朋友都胃胀了一下午。再也不去了。,0
以前住的宿舍就在公园边上，窗下就是公园里面了。周边居民散步休闲的好去处。公园不大，但做的挺细致，湖面、长廊、假山、绿树。。。还可以划划船。到了夏天有露天游泳场，经常爆满，人跟下饺子似的。很喜欢这的环境，搬了家还经常去，现在还是免费的了。,1
我们是因为它是刚刚开的，就是过去凑凑热闹。过去的时候还可以打的，回来的时候根本没有出租车。走了半个多小时，才看到一辆出租车。反正是不会再去了。,0
服务超级差.简直垃圾.有朋友过来打招呼.未坐够5分钟就要收茶位费.正垃圾.咩服务态度啊宜家.前台收钱态度又差.以后都不会再去.,0
超爱辣个美国大樱桃，越深红越好吃。摆上桌以后爹地全部吃光，妈咪惊讶地说，全来你也爱吃水果哇？别的地方不太好买到，记得百盛下面的bhg也有～,1
这个商场是我平时逛的最多的一家，觉得里面的牌子比较全，而且打折的力度有时很大，主要是我觉得一楼卖鞋的真的挺全的，觉得逛一个商场就能下来，比较省时间，但是觉得他们家会员卡什么的不是很给力，而且有个别商铺的店员服务态度真的不是很好，整体来说还是不错的,1
是我吃过的最差的粥，就是一碗白粥，把配料扔进去，根本没有熬过的感觉。服务员估计没发年终奖，板着一张脸。实在不怎么样的一家店。,0
场地都是50一小时的。 夏天有空调，有时打球有点冷，容易受风。 地板是塑胶的。不错。 有4块，不好订。 灯光可以，天花板够高。 楼下是健身房和更衣室，楼上也有更衣室。比较简单。 可以免费停车。要在柜台找服务员盖章,1
很差，不会再去了： 1、音响就不说了，全是破音，还不如家里的。 2、服务态度很差，服务员没什么服务意识，感觉是专门培养监视顾客行为的。 3、苛捐杂税多，带点零食要罚款，地上洒了点酒要200清洁费。 4、态度牛的很，出了问题一点商量余地都不给，服务员表情确实很暴力，培训时要求用气势压倒顾客？ 5、环境确实是新的，但风格好像是专门给高中生设计的。厕所脏。因为新所以给2星。,0
同学在那里举行的婚宴。那里的大厅很正气的，有很大的舞台，四四面面的人都能看到舞台，中间没柱子挡着，大家都能看清楚。 菜色也不错的，中规中矩的，菜量也可以，总之在那举办婚宴不错的。,1
新开的店，装修不错，地儿宽敞，和单位离得近，和朋友去了几次，自己平常也去，比较熟悉。服务员态度没的说，味道什么的所有店都一样，就不多说了。 这个店出彩的地方我觉得就是地方比较宽敞，四人桌比别的店多。,1
以前经常光顾，现在没机会啦，不去大连了。希望以后还有机会能去那边吃饭。 大连的确是一个吃海鲜的地方，哪里都有美味。,1
新开的，每次去都是看到很多人在门口排位，昨天看到不是很多人，等了大概十分钟就到我们了。 比想象中好，还不知道它已经是第三家分店了。点了烤五花肉和烤一些蔬菜，还点了汤和石锅拌饭，紫菜包饭就一般了。总体感觉挺不错的，以后还会去。,1
在复旦考完笔试和同学去吃晚饭，去的时候还比较早，人不是很多，但觉得店里环境还是很不错的，没有一般火锅店的嘈杂。点了酸菜鱼，味道不错，量也挺足的。然后点了一些常规的吃火锅的东西，很人性的可以点半份。总体感觉这家不错，以后会在光顾。,1
新开张，就去吃中午的套餐。 点的68元套餐，一份生态鱼，一份菠萝古老肉，一份杭白菜。2碗饭，外加清水汤一份。 这里的上次速度实在是慢的可以，等了足足半小时，味道也一般，而且我们竟然不知道门口的调料还收费，恶心了一把，算了。。。,0
点了一个狗不理包子，一个蒸饺，中午想吃辣汤没有，包子要多吃有多难吃，蒸饺勉强还可以吃吃 ，反正是凑合着吃了，下回不会再入此门。失望 ！,0
云南办事处么，寄予厚望。 去了之后发现不过如此。不失望，也谈不上惊艳。 这种地方就是，不去会觉得遗憾，一定要亲自跑一趟才踏实。 顺路的话会再去，不会特意去，不会馋,0
二医大～～～～环境不怎么样，看上去是蛮旧了～～～～ 食堂一般般，当然还是在松江比较幸福，吃遍松江！！！！！ 不过人家学校好呀，氛围也好，出来都是医务工作者，哈哈～～～崇敬额～～～ 想当年我也想去的～～～,0
还真是这样，去年去过一次，今年去过一次，主要是离家近，真是阿姨叔叔级别的，哈哈，为什么啊，其它酒吧不都是年轻人嘛，还真看不到帅哥，失望 不过我们去通常是自己人一帮子人玩，主要是喝酒，但有帅哥看看也养眼啊，今晚要去，也是和朋友约好了，看看有没有变化，哈哈,0
这个商场我非常喜欢，因为有吃有玩，可以购物完事，吃个饭，而且经常有打折活动，商场非常大，可以好好转转，建议来这赶上节假日，有很多打折活动啊。,1
"优点:菜的量很惊人,基本人人都要打包; 缺点:就是不好刷卡; 口味:反正和一般的东北菜没区别; 希望:老板可以把价格降低,把菜量减少,这样比较不浪费",0
浦东三家游泳馆还是浦东游泳馆和碧云便宜一点 冬天很冷啊 服务态度也很差 游泳馆是国企开的嘛？ 所谓的一年期的体检卡 也只是为了收费做做样子 最后还是什么人都可以去游啊 那怎么能保证水的干净呢,0
服务态度很差，感觉服务员比客人还要拽 退房的时候感觉都不太搭理 有什么事情问的时候，也是爱答不理的样子,0
冬天朋友请吃饭去的，从学校到这还挺远的。屋子里面铺着地板，用的是地热，要脱鞋子。用的全是小桌子，跪在垫子上，不习惯，还是让老板娘换了小凳子。老板娘挺漂亮的，嘿嘿！牛肚火锅，没有传说中的那么多牛肚，菜倒是满多的；煎豆腐很不错，外焦里嫩，是我最满意的哦；炒米条一般般，跟别处的差不多：辣炒五花肉带走的，味道还可以，如果当场吃会更好的吧,1
服务就一句话：差，很差，非常差 上到领班，下到服务员都很丧~~ 晚上温度到零下，都不开空调的，用餐者都穿着厚厚的外衣，菜品很快就冷掉了，让服务员开，都没人理~~~ 就冲这种服务态度不会再去这种地方，也奉劝大家不要去，垃圾~~~,0
很有特色的一片区域，似乎刚刚规划的，去年中秋来的时候大多店铺还是空空的呢。 但建筑确实很有味道，甘熙故居露在外面的门脸好小，找了半天才找到入口。 门票20还是25我忘记了，不过，很值得的，里面可以逛好久呢。,1
五一的时候和老公一起去吃的，石锅拌饭很一般，量很少。性价比不高。服务也不是很到位，客人也不多。端午节路过那里的时候发现竟然拆了。,0
吃的一般，環境也很普通。 等位要排隊，對，是排對沒有號，終於有坐位了，服務員看到你叫她回也不回，桌上的東西叫了六七次，等了十分鐘，才有人來收！再也不會去！！,0
随便吃吃还可以，店内环境还可以，坐的靠窗的位置，窗外的环境太差了，看出去都影响心情的。 吃的么特价的39元的披萨，熏肉还蛮多的，酱么一股番茄沙司味，不灵。 饮品也不好，看图片点单的卖相貌似蛮好，拿上来吃吃么就是麦乐酷一样的东西，只能说和图片还算符合 小食的薯格有点焦，别的就没什么了,0
去的时候人很少，比较清静。团可以选黑鱼和草鱼，结果一个服务生很牛气不屑一顾的说绝对没有，从来都是草鱼，死活不信，最后查完以后才承认是他们的失误，最后补给我们2个菜，味道还可以，就是那服务生的态度让我很恶心，反正是不想再去了，花钱添堵当孙子谁愿意啊？,0
离中心、武警、妇幼保健院，等等医院都蛮近的一家饭店。第一次去吃的时候好像是高一吧，也好像还叫什么温馨人家啥的，或者是其分店的的名字。上次又去吃是因为照顾病人，中午请客，就在这家随便吃了点，菜的分量还是不少的，味道也蛮不错，我喜欢吃鱼，就点了个鱼，又点了2个凉菜，2个热菜，随便吃吃，本来想给病人带的，但是不能吃油腻的。就没带。一般很少来这边，因为感觉一往这边跑，就要和生病有点纠结的关系，所以，一个饭店的地理位置是多么的重要啊！,1
看了一下，很多人号称这里是老字号。我很纳闷，北京哪家老字号的卤煮吃起来像吃皮带一样！？好恶心！这里比北新桥那家还恶心！！而且卤煮里居然只有3小段肠子！太黑了！12元一碗！！ 永远不会再来了！！！,0
不知道这个店怎么会一直经营下去的，跟朋友团的餐，结果我们华丽丽的没吃饱，两个人的套餐估计一个人能吃个8分饱？想点别的也没有，只有套餐里的东西还都很贵，一份麻将小料要8元，选择范围太小，而且口味也没吃出云南特色，下次不会再去了,0
因为这个广场，顺带开发的房子都涨到18000了，值不值见仁见智了。 吃东西的地方挺多，价格稍贵了点。 有迪卡侬和超市，还有,0
经常逛，商品齐全，服务很好。特别是那个卖电压力锅的大姐，介绍产品特别周到，还教了好几样拿这个锅做的特色食品的方法。买锅回家，立刻尝试，效果很好，味道很棒。,1
"除了烤鸭,其他味道都不怎么样. 据说家里人是多付100 然后菜上的是双倍? 但是味道不好,服务员态度也很差,初五去吃的.上热菜速度哈慢",0
就在我家楼下，环境很差，就在菜场边上，难管理，好多卖菜的摊主竟然摆到小区里面，不过吃的东西还很多的，就是太乱了，人太多了。,0
对这家店简直失望透了 住在家乐福附近好歹也算这家店的常客 越来越夸张越来越黑 买鸭舌一次比一次少 满满一筐鸭舌不抓上面偏偏从下面油里捞 20快钱只有7支 塑料袋里厚厚一层油 你怎么不干脆直接往里面放石头啊,0
论环境，人少对我来说就是不错的了。东西挺全的，楼上一层，楼下两层，从前经常来买夜市的菜，很便宜，服务员态度也挺好的。积分，的确不知道是怎么算的，会员倒是免费办理，每次都是刷购物卡，也不知道具体怎么积分，每次貌似都没有什么积分。换购也没有啥实用的，倒是结帐没那么多人排队，让我很欢心。,1
典型的香港茶餐厅装饰，门面环境还宽畅，，上菜不慢，菜量足，菜都很入味，干炒牛河，味不错，牛仔骨好吃但价贵68元，如果减量减价会更好。,1
"好几年前在这吃的平生第一次日本料理,只记得当时觉得好值,不到百元每人能吃那么多东东,也是在那里,爱上了三文鱼,不过自从闺蜜开日餐后就再也没去外面吃日餐了,深感不值,哈哈.",0
单位发的观影券，那天跟妹妹还有表妹去看了功夫熊猫。这个差评不是因为厅小，不是因为环境设施不好，虽然确实不怎么样。而是因为那个售票员，我们要中间的位置，她说都没有了，那我就说最后一排边上吧，票打好了，一张加5块钱，这没啥，可是电影开演后半个小时了，放映厅也没坐多少人，我们自己换了位置。去TMD我拿观影券就不卖我好位置啊。真垃圾,0
一次晚上10点多了吧 和几个朋友去吃的 可能因为很晚了吧 服务员都很懒散 朋友点的水煮牛肉 一下筷子飘上来一次肉末子 不知道哪找来的烂肉 没一个整块的 还没仔细看上来的菜呢 服务员就把我们这边的灯关了 只开着收银台那边的灯 这时还有两桌客人没走呢 大家都抗议 后来服务员理直气壮地说我们该打烊了 就这服务 相信那天碰上的都不会再去了,0
中午吃个定食' 走进去一个人都无'。点了个牛排套餐' 55大洋。结果肉上来了' 就没人了。你们不帮客人烤就算了 可是烤肉夹子要给我啊。吃着吃着 还发现味噌汤里有只小虫。我恶心了半天 连忙不吃了。结帐时发现还收我6块服务费力呢 这年头。抢钱的真多。 还有 牛肉很差。难怪都没有客人。谁去谁二'咱也就二一回,0
有次跟同事去吃的 具体点了哪些记不清了 反正五花肉啊 牛舌啊 牛小排啊 金针菇啊等等 这些烤肉一般必点的菜都点了 这家烤肉的味道都还行 这不是重点 重点是 油贱的好厉害。。。那种烤盘式的烤肉没什么油贱的 但是这个纸上烤的 好吓人。。东西放上去油乱飚 我们2男2女 基本都是一个男的在烤 我们2个女的基本都不太敢烤了 烤的人的手被油猛贱 都红了 由于留下了这样的印象 所以以后都不会再去吃了吧。。,0
由于一段时间没上来了，这是在9月品尝的，有些菜式也忘了， 如果户藉在园岭的凭身份证可以免费办理会员卡一张，打8.5折 不过好像等位30分钟以上可以打折，一般都要等位的。。。。。 双皮奶我一直都喜欢吃的，这家做得也不错 那天点的菜味道都不错，我们一家吃得也很开心， 顺德菜出品是可以的，不然不会这么旺，天天排队吧,1
对不起这个价格，这么贵，也没吃出来有什么惊艳的。还是超市里的那些就够了。以后不会来吃了。只是长得好看，味道讲不出。,0
大兴最好的水煮鱼！绝对是！开了好几年了，每次饭点去都要等位，不过等等绝对是值得的！ 推荐最好吃的水煮鱼，还有蕨根粉、宫保鸡丁、京酱肉丝等家常菜，狮子头也不错，每次去都点不到，早卖完了，很抢手的说～,1
去好乐迪无聊在里逛逛 币有点贵 一元一个币 不过我们的币 五毛一个币 很便宜的 电话 13752249297 13821454465 QQ 287750964 多买优惠更多 赌机那间房子经常关着门 无语了 换了娃娃 还要等 经常没货 郁闷 不过小娃娃也还是可以的,0
在这么远的红松东路能找到如此漂亮的酒店还是相当难得的。首先房间还是很不错的，大大的。餐厅还是要重点推荐一下——美味而且很正宗的的意式餐厅真是不可思议——意面、饭类、色拉、比萨选料认真，味道很赞，酱料也是相当的浓郁，牛肉饭的味道也是相当棒！牛肉饭和面条的价格从几元到二十几元不等。服务员速度蛮快的.,1
蛮喜欢的一家店 就是有点小贵 好友最喜欢的就是三文鱼系类 每次必点 感觉这边也不错 可惜我们今天去的时候特上海曼没了 有点可惜 芝士玉子卷热的时候吃最好了 比较喜欢这个 还尝试了一下鱆红鱼刺身感觉也不错 蛮喜欢的一家的日式料理店,1
"同事结婚摆酒就是在这里, 地方还算好找, 燕岭大厦下车走50米左右就到了 呢度应该是专门吃粤菜,市师鸡真的五错, 皮滑, 肉嫩. 即使冷吃都很好味. 这里的菜分量真是很足, 具体价钱真是五清楚啦,不过朋友话700几一围, 呢个价格系市区真系未必可以有甘多菜, 而且有甘多分量. 性价比很高 蒸桂花鱼, 鱼肉嫩, 赞! 排骨...比较肥...不过味道还可以 如果要摆酒结婚, 呢个地方绝对令客人吃得饱而且又五会失礼",1
满大街的都是申通快递，不知道为什么，这么差的快递公司，现在还业务这么好！无语！ 难道是因为便宜？ 市内6元，外地10元的价格，的确比较亲民。 但是，上次在申通快递了一个东西，由于地址不详，就被打回来了，我每次问那个快递人员要，他总说“在我家放着呢，下次给您拿”，这都两个半月了，还没给我拿回来！难道要私吞客户的东西？,0
拍摄顺利~摄影师态度很耐心，也很合作，也很热情~拍摄地点军工路地理位置有点偏，但环境还是很整齐的~服装选择很多，礼服挺华丽~,1
听别人推荐，去试试。有老字号的好处和毛病。地方不大，人多，有点挤。干炸丸子，很好吃。炖肉刀削面味道也不错，量挺大。挺适合做食堂的，就是离家有点远。,1
除了价格在徐家汇还算便宜之外简直是one day world 要不是单位在这指定用餐绝对不会再来第二次的店 东西上的慢还三天两头搞错 更有几次吃出小强和虫子！！！,0
我是世博的时候288元订的大床房，小是小的来，窗帘就是一块红布头拉拉，床离开走到很近，外边始终都很吵，总之一句话，以后不会再考虑这家了。团购再便宜也不去！,0
全国都有的一家甜品店 糕点主要就是泡芙了 泡芙的种类是特别的多 推荐香草 抹茶的 很好吃 布丁什么的也是不错的 服务热情还是不错的,1
这个是马后炮点评，怎么着也过去几个月了吧…… 第一次去是和杨明明去的，中午；第二次是和我妈来的，晚上。 一直都想吃这个，每次坐车路过的时候都心想这个一定挺好吃的。 结果果然挺好吃的，鱼是现杀的可以从电视屏幕里面看，端上来的时候鱼肉还会动呢。 反正就是特好吃！我词穷！锅底也不错鱼也不错点的其他的菜啊什么的也都不错！ 就是吃到最后觉得有点儿咸了…… 以后还会去的。,1
零食味道好得没得说 可是要是那服务能跟上去就好了 几个上了年龄的人在那里弄 服务态度也很差 买个东西板着个脸,0
以前因为有园林卡 所有去过好几次 但虽然较小但也五脏齐全 小巧玲珑却又别具风格 和其他地方比起来有独特之处 不错,1
很实惠的火锅！一份羊肉20多块，竟然有7两，比起小*羊的实惠多了。虾滑也不错，貌似拌了葱，但是很美味，两个人100块足够了,1
没什么特色，能吃的菜很少，东西上的很慢，总之很失望。没什么特色，能吃的菜很少，东西上的很慢，总之很失望。没什么特色，能吃的菜很少，东西上的很慢，总之很失望。,0
离我家很近的一个地方~从高中就开始光顾了，很喜欢它家的时光精致三明治。早餐套餐里配的面包也是松软可口。PIZZA也不错~这里选择比较多，偶尔和朋友小聚聊聊天可以来这随便吃吃。,1
实在是懒的不想出门 又不知道吃什么 偶尔才会叫 毕竟吃这些垃圾食品没营养啊 不过有时侯就是想吃 也没办法 只好放纵自己的肚子拉 希望不会发胖,0
原本以为这里就是吃烧烤 来了才知道家常菜做得也不错 叫了两菜一汤 加羊肉串 肉头 两个人吃很饱 因为菜量大 当然味道也不错 下班六七点钟过来也不用排队,1
涨价涨得厉害啊 而且分量少的可怜 一点都不值这价钱的感觉 人蛮多的去得时候 点的猪肉白菜水饺 少的是可怜啊 而且吃出了浓重的大葱味 无语啊!,0
喜欢blt。因为我一般来这里是买芝士，奶油，这里的价格也不贵，而且品种也多，适合我啊。只是觉得这里的狗粮太贵了。宠物店的会便宜些。,1
周六中午去的，事先预定过，不用等位直接进去了，二楼场地很大，但是服务员很少，点单，加水都要叫很多次，还没人理。点完单，前面上菜速度很快，但是最后2个菜，催了好几次，每次都说马上来，结果最后一个菜，到买单了才送来。生日说会送长寿面，也就是一个小碗，里面就一根粗面条，旁边配了一个蛋。 总体来说，服务实在让人无语，其他还行。建议多招几个服务员,0
去吃过两次，价格还是很贵的，有优惠券还可以，每次必点粉丝扇贝、碳烤生蚝，呵呵，榴莲酥和龟苓膏也不错，东四十条也要开一家了，期待中,1
去过，去过！ 还办了张年卡呢，很不值，地方很小。极地站的企鹅也一直没看到。 当然小动物们还是很可爱的。尤其是海洋剧场的表演，小海豚，海狮，海狗。超可爱的。,0
价格有点小贵，幸亏是别人请的。环境很好，很有情调，离江滩很近。辣的跳确实蛮辣的，我只吃了一点，比湖锦好吃一点，这些菜份量都好小啊，周围交通很便利，可以推荐一下。,1
川菜说真的我有点吃不习惯，来这里也是朋友带我来的 不过自从在这里吃过之后我就特别喜欢吃啦 喜欢它的辣，更加喜欢它的麻，也特别香 这里的菜做的也特别的好吃，很入味，菜都很新鲜，吃起来口感说的好 最喜欢吃这里的麻婆豆腐，很麻，豆腐也特别的嫩，吃起来很好吃，现在都还回味无穷呢 红袍鱼虾也蛮不错的，虾大肉多，值得一尝 这里的服务态度也还不错，很热情， 价格方面也都很适中,1
味道一般吧 环境一般 至少不算太差 服务也一般 等了半天才有服务员来给收拾桌子 烤盘也等了半天 肉嘛 老是一大堆肥肉的 瘦肉的太少了 也就每次最多见到一两盘吧 东西种类不算太多 要是喝饮料 就踏实喝盒装的果汁吧 也就这还算行吧,0
我说的这个人均消费可是他家刚开业那会打5折的人均消费噢，米斯特的比萨总感觉性价比不高，一个经典比萨要160块左右，他家的比萨好象都是薄饼，味道还可以，就是不值这个价，他家其他小吃品种极少，最多的就是鸡腿鸡翅还有薯格，他家的特色之一就是无限量的自助沙拉了吧，但沙拉的品种很少，印象最深的就是黄桃和饼干。,0
想吃点带汤水的东西，旁边一家店有人吵架，换了盛记，点了两样东西没有，后面叫了咖喱牛肉粉丝汤和锅贴，牛肉只有两块，粉丝也少得可怜，比小杨生煎里的粉丝汤差很多，锅贴也有点冷了，味道也一般般，不会再去了~,0
每次外地有朋友来问我南京有什么好玩的公园 我都会推荐这家。最好住在旁边的珍珠泉酒店 早上起来就能看到公园内景 很美啊 ！里面游乐设施也超多 还有烧烤 万米长城 滑道 竹筏 ！写的自己都想再去一趟了 呵呵,1
点了招牌手工。。。。。料少，失望。。 广告贴着买一送一，晃点人。。。。。。送的是饮品。。。 有送小袋的甜花生。。 奶球要了一份，最后倒入送的饮品里。。 要的是仙草。。。口感就是王老吉。。。,0
还行 吸烟区太小了，就两桌，说话都能听得很清楚，受不了骂脏话打牌的。沙发有点老，挺低的。服务员到是挺勤快的，加水什么的。,0
进店觉得有股不好的味道，有点臭，麻辣烫素的五毛，串小的不能再小了，荤的一块到三块，真够贵的！！有汤，不过味道一般，烫出来觉得只有一点点，量好像缩水了，没什么环境和服务可言，服务员和老板都很“厉害”，等了很久。总体感觉很不好，下次绝对不会再去了。 还有，吃完拉肚子了~~~~~,0
服务态度很好 进了店站在柜台看菜单会被服务员说您坐下点菜就行 小菜很赞 跟小时候一样赞 海带丝 花生米 酱牛肉 每次都舍不得不给点齐了 其实面有很多种 就是每次还是点了招牌的牛肉面 所以无从得知其他款口味如何 地点就在魏公村地铁站路口 非常好找,1
千万别乱点，调怎么做，哪里做都不会难吃的点。不然会付出代价的。凉粥实在不怎么好喝，软豆饼吧大概，就想东北粘豆包压扁油煎了似的，烧心。至于青笋，是我吃过最难吃的拌青笋了……,0
很方便，并且相当实惠，自己感觉不错，饭很干净，整体来说，很喜欢这样的快捷店，建议能在北京周边多开几家就好了。推荐，很不错！,1
以前经常来买布料或者衣服，可以说是物美价廉。现在东西的质量越来越差，价格反而越来越涨，有点失望啊！如果改走高端路线，环境又跟不上。,0
早就想好要吃的，吃好火锅么正好呀~~ 找了好一会儿才找到啊~~ 点了热的大壹丸1号和芋Q牛奶冰，大壹丸1号选了仙草汤底的，有花豆有珍珠有芋Q还有金薯，温温热热蛮好喝的~~芋Q牛奶冰选了一半芋Q一半金薯，金薯就是地瓜丸，比芋Q要更好吃哦，浓浓的奶味加上满满当当嚼劲十足的芋Q和金薯，不错呢~~下回要吃吃看冰的大壹丸1号~~,1
香茅咖喱鸡饭是正宗的泰国味道，超出我的预期，本来以为是国贸里面又一个骗钱糊弄事的地方，没想到才还真是用心做了。 以后有机会还回来吃。,1
这个酒吧的气氛上什么的都还是比较的不错的呢，自己没事的时候到这里休息休息感觉上很不错，而且这个酒吧的人气也都很好。,1
服务员趾高气昂地跟旁边一个用团购券的小姑娘说，我们都送你2斤鱼了，你还说什么啊！ 真无语。这券也是人家花钱买来的，而且这活动也是你们要参加的。真以为谁占了谁多大便宜。 其中一个服务员小姑娘很有个性。走路始终跑着跳步，很亢奋。 酸汤鱼味道还好，总之西南口味。,0
正好逛田林。。有人发传单。看到价格便宜。就去吃了。。 真的是。。不吃不知道。。一吃。连跳楼的心都有了。。 那个羊肉。。哎呦喂。。。从来没吃过那么难吃的。。。吃了半天也不知道什么味。。服务员态度也不怎么样。。环境让人感觉。。非常不灵。。,0
上周去吃的，在新中关转了转没什么好吃的就去这家了，最低价格的盘子好像是六块，但是只给上两种，我们大多吃的15，20左右的，觉得性价比不太高，但味道还可以，有一个里面裹得炸物的寿司，不知道叫什么，但味道很不错~~,1
夏天的时候去的，本来想看熊猫，但是夏天太热了，熊猫都在睡觉，而且是背对着观众，这是坑爹呢，麻烦您翻个身撒5555555555555园子太大，绕了半天才找到企鹅馆，结果还关门了5555555555,0
朋友带我来这里玩 在包间里 感觉听高级 有mm在包间里帮我们调酒 还有分水果 还有推荐雪茄抽 不过我不会 环境挺好的 来这里玩,1
人较多，味道一般，还没吃完就去wc了，不会再去，服务很差，服务员比较‘藏’，菜量还算大。但很慢，停车不是很方便，很一般的。,0
给一个朋友送行的，选了这家牛排，不知道是我要求太高了还是怎么滴，牛排估计厨师也分不清楚几分熟，味道一般。。肉很硬，，自助的这块真的太差了。。。没什么菜。。炒面居然还那么多人吃。。甜点也不行，水果就几样。。。西瓜上的倒很勤快，现磨咖啡也没喝到。。总之吃牛排还是不要涂便宜，，,0
叫了一碗三十几块的虾仁面，一个字，难吃，比一些小面店的都要难吃，这种老字号的做出来的面竟然这种水准，怪不得门面越做越小,0
今天路过就进去吃，以前去过几次，觉得还蛮好的。今天却让我非常的失望！我点了三个热菜，上来两个是错的。其中有一个鸡汁银鳕鱼，上来一点鸡汁味道也没有，问服务员说是鲈鱼，上错了。换！结果人家拿着菜兜一圈回来说是银鳕鱼！奇了怪了，你服务员天天做，这个菜是什么都会搞错，难道你一不小心把真话说出来了，你们是挂羊头卖狗肉？！一理论，那个服务员的态度真叫一个差啊！唤来领班，态度也不好，实在很气人！虾爆鳝里面的虾是凉的！真是混乱！,0
说实话，这里的面包味道越来越不行了。体积也越来越缩水，价钱却是一路攀升，已经涨到4元了。服务生的态度依然是那种不容置疑的冷漠，一句话，失望！,0
这家店的辣酱面超级好吃呢~~~我连吃了1个礼拜，都不过瘾。生煎也好好吃~~~一咬，汤汁四溢，这时候要慢点吃哦，别烫着了。 其他都一般般，就是辣酱面我最爱,1
我和老公都很喜欢吃他家的涮羊肉。。而且价钱也不贵。。。。。。。。每次到那都是点那几样东西， 他家的 羊肾不错。。大家不妨下次点盘尝尝。。。。。,1
上次去旅游的时候，朋友请的客 那天可谓是鱼大比拼，一整桌菜差不多都是鱼（他们知道我喜欢吃鱼） 最中意就是酸菜鱼和剁椒鱼头了，又下饭那天真的吃撑了,1
一直在市区jeans做头发~~~没想到在家旁边也开 了一家~~~~ 店里环境很不错~人也不多~排队啥的比人广的几家要好多了~~ 而且美发师也更客气的说~选了James来做头发，james人很安扣啦~手艺相当精致~很仔细~细节处理的很好~ 做了个简单的刘海~层次打的很漂亮~脸型一下子赞了许多~ 下次过来烫个头~好好弄弄~,1
牛肉粉丝汤，非常的入味好吃，生煎不用说了，大爱，建议去吃 好吃真心好吃越吃越开心，价格又实惠，很幸运每次去都有位子哈哈哈,1
烧鹅没有，有点失望的！叫了油爆虾，结果和图片相差甚远，超小一盘！还有什么骨头淋白菜，卖相差加难吃！超扫兴！！还有小牛排什么的！和男友吃的一顿心理不爽！再也不会来了！,0
装修了好久终于开张啦，金壁辉煌的，不过菜价也上去了，口味没的说，挺赞的。红柳烤串，酸奶，大盘鸡，凉皮等等。居然还有表演，每晚还不一样。这么铺展开在这么偏得地方，一看就是服务公家的，总体来说很好，就是贵嗒~,1
有时候经过想吃了，都会去买。。。最爱的还是抹茶杏仁。。不过现在吃的多了，觉得也没有最早这么喜欢和好吃了。。更多的就是解馋，哈哈。。。我是馋老呸。。：）,1
去过几次，一般以牛排、鱼生、蔬菜为主，喝点葡萄酒。菜品质量一般，主要是和朋友聚餐时，自助餐能基本满足大家的口味。原本要办一张卡，但哪天的服务很糟糕，牛排不热，而且很硬，但服务生就是不肯认错，所以就over了。顶着静雅的名号，就应该有头等舱的服务。,0
叫的外卖 30起送 没办法只好叫了3份馄饨 要求一碗是下好的 其他的都是冷冻的送来 结果送来的时候都是已经下好的 问外送的怎么回事他说他不知道 要求他去换 他说与自己无关就走了 打电话去问 说搞错了，也不派人来换 送来的也都是破了的 态度太差了！！！,0
逛街逛累了 看利福广场新开了好多餐厅 姐妹想吃日式拉面就去了 环境服务都还好 可惜料理味道实在不敢恭维 拉面汤味道很差 咖喱淡淡的还可以 就是不能刷卡 很是可惜,0
有段时间因为用了DHC的果酸类产品，过敏了~ 在龙之梦兜的时候看到了这家就进去了，里面的小姐看了看我的脸后，就给我推荐了欧碧翠这个牌子，说是专门针对比较薄的皮肤，有红血丝的皮肤，后来就买了400ML的水和乳液，当场再用积分换了一只小面膜~ 用下来感觉还是蛮好的啦~,1
具有武侠小说的一家餐厅，非常有意思。整个吃饭的过程都很享受。叫花鸡叫做凤舞九天。特别好吃。不油腻。紫霞神功就是茄子烧油条了，不过是有江湖规矩的要先吃油条然后在吃茄子的哦～～哈哈 ，，8错8错·,1
今天说想吃烤肉，OZ哥就带我们来香猪坊了。这家在商场里，车位很少。不是饭点儿来的，等了几分钟就好了，他分两种座位，一种是普通的，一种是跟韩国家里那种矮桌，坐地板上。猪排和牛舌最好吃，五花肉比较淡，没味道，梅花肉太瘦了。免费送很多东西：生菜，白水，酱汤，小菜，蘸料。这些都可以无限加。蘸料的酱很好吃，算是烤肉店里很好的。酱汤也不错，里面料足。火锅面小份的够3个人吃，同学们可别眼大肚子小。,1
历史很悠久的电影院，在我很小的时候就去过的，呵呵 里面设施不怎么样，也一直没有更新过吧，还是老样子 不过就是胜在价格上，适合比较怀旧的人去,0
喝一次后悔一次，饮料的名字是挺有吸引力的，做出来就发现不值，分明是奶精冲出来的嘛，不知道为什么发展势头还很旺，开了一家又一家。,0
评论的人少估计是他们给网站的赞助少吧。。。 呵呵 网站么 都是需要钱滴。。。不给钱五毛就少 给钱了 五毛就多。。就这个道理 ccav就是最大的xx 给钱了 你就成名牌了,1
因为离家比较近 选择了华浦了 在里面读过英语 小班化 里面有个茶水间 老师是个男的 上课蛮幽默的 结果没考出来 哎 浪费钱啊,0
这里好像是他们的厂家还是什么，有人认识，工作日的时候直接进去买的铂金和钻戒，铂金比市场价要便宜60元，还是很划算的,1
非常喜欢他家的烤串，味道火候都非常的好，烧护心枝是他家的特色。到了饭口人非常的多，唯一不足的就是环境差了些，屋里不够亮堂。。。,1
妈妈非要在这里买结婚四件套说便宜，好啦样子是马马虎虎啦，但是贵死了，比品牌的都贵，还和我说是好料子，真是受不了啊，做工还是可以的，停车也不方便，不打算在这里买东西了,0
绝对适合肉祖宗的偶呀~！！！ 一直要吃的。鸡排很嫩。盐酥鸡也不错。 还有香菇。红薯之类的也可以的。 换换口味嘛 但是发觉晚上大多都是男人在买。就我一个小姑娘也在买。O(∩_∩)O哈哈~,1
"地方忒别小,客流也小~~~ 服务员态度也不好,口感就更不用说了~比超市买的还难吃,总之以后再也不去这家店了,东西也不是很便宜.",0
去了这么多家好乐迪，对这家最无语！因为以前是星时空，不知道好乐迪过来之后，是不是除了重新装修了一下其余都没动过！这音响，要多破有多破！还影音不同步的！MV都还是山寨的！反正我是再也不会去唱了！,0
受不了！真弱！连刷卡都没有！受不了！真弱！连刷卡都没有！受不了！真弱！连刷卡都没有！受不了！真弱！连刷卡都没有！受不了！真弱！连刷卡都没有！,0
很差！不是一般的差！我发誓这一辈子都不会再去了！服务态度很糟糕！吃他家东西就像要饭一样！那些肉硬的像石头一样！！花钱买罪受~~,0
很一般的味道。很一般的服务，鸡蛋根本不是煎出来的，还是凉的，实在受不了，肯定不会再来的地方。不过空调还可以。,0
正宗粤菜，份量可以，价格还实惠。可以常去。推荐鲍鱼鸡，碌鹅，老火汤，蒸边鱼，炒牛河。一个亲鹏会晤性价比高的吃饭去处,1
之前去过一次，人有点多，感觉有点闹了，觉得服务态度不怎么样，本来约了人在那里吃饭也没见过面，只说了桌号，去问了服务生，就随便指一指，让自己去找，弄得出丑了,0
部门季度活动，我组织大家黎食自助餐 出品好多，而且好多都好有特色噶，三文鱼同象拔蚌刺身好新鲜 鹅肝酱配梳打饼虽然有D怪，但味道创新 焗蜗牛，生蚝，大虾，冻蟹都吃了很多，肉的煮法很多，味道也挺好 今天我还特意尝了咖啡，是手磨的，很香 不知道晚餐的菜式是否一样，下次可以尝尝,1
相比较附近的几个还是不错的，起码在装修，东西的质量 ，款式来说，已经不错了，尤其是后来又有二期，地下还有些外贸的，那次和便宜去选了7.8件毛衣，就花了300多块钱，感觉超便宜，而且东东质量都不错，楼上基本都是一些牌子，建议想买羽绒服的朋友们要到快年底时候去，价钱和现在差的很多呢。,1
到这里的交通很方便，有地铁，也有多条公交线路。 商场里的品牌还不少，折扣也比较多，性价比相对来说不错。 吃饭的话，这周边也有像肯德基或者小吃的地方。很方便,1
"一个字差! 上来的蒸滑鸡像隔夜菜回一回.鲜虾腐皮卷是放了很久的皮都软掉了.第一道菜上的是西兰花,哪家上菜这样上的?点的汤不知道加了多少水,淡的莱... 以后不会去了 .",0
区庄店是蒙小肥羊的总店，但是我觉得无论各方面都不如江南大道中店，管理有点问题，服务不太可以，上菜慢，拿个杯子也要半天才到，出品也不及江南大道中点，特别是那个烤羊排和羊肉锅贴，水准一般。地面也很滑，有个小孩已经滑倒两次了，下次都不会来这家店。,0
搬家到人民公园这里，于是就近去河西游泳馆练习一下，由于去年就刚学会一点，所以想，里面的阿姨态度特别号，可是进去以后，就特别失望，只有三四个泳池，而且浅水区也是最少1.5米，我根本都不敢游，只能在里面跑跑，走几步。水质也挺差的，只游了一次回来就感染了妇科病，烦死了。游泳的人也是以四五十岁的阿姨为主，只有一个救生员，如果我没记错的话。,0
在宏鑫下面转了一圈，实在没寻到啥想吃的。于是上来吃康师傅。临时下了点评的优惠券，要了半筋半肉面，我是鲜茄的，朋友是泡菜肥牛。说实话，本身抱着随便吃吃的心态，所以突然吃到这么好吃的面有点意外。主要是汤汁很好。最后都喝光了。难怪说加3元多一份浓汤呢。挺好喝的。 回到家很晚了，打嗝还是那个汤汁味儿。是有多香啊。不错滴O(∩_∩)O哈哈~以后应该还会去吃。,1
这家店 真的很难找 问了酒店的老板娘 再根据我的实际考察 说一下 沿着弥敦道走 不到重庆大厦一点 看到一个卓越 旁边有个？乐活？ 往下的电梯 米兰站 进去右前方到底 就是兰芳园了 丝袜奶茶 喝道现在最美味的 每次来必喝的 哈 老阿姨要吃米粉 要了份套餐 猪扒包真的是灰常灰常让人回味滴 以后还会来光顾你们的,1
儿子看到广告上画的蔓越莓杏仁暴风雪，要了个中杯的，20m，我们两个人分着吃了，还是觉得有点太甜了，不过味道很好，儿子吃的很开心。大食代旁边有挺大一片座位，中秋节去的，没什么人，不错~~~,1
虽说叫汤包但其实是小笼。点的番茄的，好看又好吃！ 皮薄，汤汁足，而且（也许是因为有番茄的缘故）一点都不腻。总之是相当好吃！ 蘸的醋可以放姜丝。,1
鸭子很好吃 外焦里嫩的 一般的就可以了 贵的那款 吃完后 觉得和普通的一样 哈哈 反正没吃出来有多么的好吃 停车还算方便 烤羊肉也不错,1
DQ一般都是暴风雪，以前都加奥利奥，同学非说加奥利奥直接吃麦旋风就好了。上次尝了个芒果口味的，也还成，不加奥利奥，改加M豆了，觉得不可取，下次还是算了，加腰果啥的算了。,1
装修得很漂亮，价格也还可以。提供水果，可惜水果款式太少。汤底很香，菜料也足。尝试过好几次，带了一些朋友去吃过，评价都很高啊,1
真是太坑爹的地方了，门面就一点点，小的看都看不到，找了好久才找到，里面坏境也一般，感觉挺旧的，餐点吃饭的人很少，所以感觉里面冷冷清清的，没有气氛。服务员素质普遍不高，对顾客的问题也回答不上来。结账的时候一看，真贵啊。太坑爹了。总之有种上当的感觉，以后不会再去了。,0
服务态度真心差啊!!!居然赶客人一刚，而且一杯热水也需要收费…无语…好吧…下次再也不去这家店了!!!,0
班级聚会去的 就因为一个回民 搞得我们什么都吃不到i 还非要跑这么远的地方来吃 味道很糟糕 环境嘈杂 服务质量一般,0
印象城-1F，位置有点靠底，生意倒还是蛮好的。 米线分量很足，也蛮劲道的。比以前在观前老店吃的量多。吃了一碗香辣牛肉米线，牛肉还不错满入味的。其他米线还没试过。,1
这家店很差。上菜慢，服务不好。结账的时候还多收钱。我们点了三个菜，三个易拉罐的可乐。结账的时候112.菜金是88。剩下的24块钱，去掉餐具3块钱，难道易拉罐7块钱一瓶？？ 要发票，老板娘头也不抬，说没有。我靠，太横了。,0
店挺好找的，环境也不错，价格也算便宜，不过品种不是很多，而且很多东西都缺货，也有挺多的商品标着商检中还不能买，不过里面的店员态度很好很有耐心的。,1
从小就习惯冰激凌吃巧克力的，这家的很不错，味道浓郁，量也够足，还可以加料，挺甜的，吃到最后会觉得有些腻，总体还好，人气不如津汇那家旺。,1
蛋糕的品种还不少，最近月饼上市了也有月饼卖。味道么就像楼下几位说的，重糖重油重口味，开始吃的时候感觉好满足，但是越吃越腻，到最后吃恶心了，几个礼拜都要绕着走。 蛋糕的价格不便宜，乳酪蛋糕一小块就要6块钱了，相比面包的价格又有点太便宜了，很大一个才3，4块 环境不太好，营业员阿姨会威武地挥着苍蝇拍随时将不良分子就地正法,0
定下了VERA WANG的一件婚纱 遗憾的是Anne Barge的那件婚纱没试到！！！ 等着代购回来的婚纱啦 老板娘人很好~ 下次我们多多交流装修的事啊！！ 明年礼服也到你这里来看~,1
唉，这是怎么了呢，当初去避风塘的时候没有座位，就转移阵地去了旁边的，空啊，真空，原来是 有原因的，服务一般，环境一般，口味一般。不会再去了,0
本来是冲着羊蝎子去的，结果发现今年涨价了，而且相当厉害，一锅极品要200多，味道一般，而且服务态度极差，感觉不值。不会再去了。,0
下雨天，住皇冠假日，出门不便只有在这里吃饭。所有桌子都在催菜，餐具之脏乱，管理之混乱，出品之难吃。唯一就是非常便宜。为什么不能适当的培训一下服务呢？男侍应生个个都是蓬头垢面的，看着就觉得不舒服啊,0
第二次去，不知道为什么全变了！服务生从穿制服的小姑娘变成特别没有礼貌的特不专业像是从附近随便拉来帮忙的路人！脾气特冲还甩脸！等了一个半小时菜只上了1/3，可店里都没有几桌客人！烤肉蘸汁也没了？！什么情况。再也不会去了。,0
很有名的一家西餐厅，价位较贵，味道一般。西点不错，各种口味的都很好吃，西餐太贵，环境还不错，也比较好找。服务一般，不是很热情。,1
当时我们坐在靠门的地方。有点冷，是1月份去的。暖风的空调虽然放在我们旁边，但是吹不到我们。。。不过还是很好吃的。我推荐里面那个越南春卷，牛扒还有一个巧克力的甜点。地方不大，但是布置的环境还行。菜单是一本老旧照片的书，挺让我眼前一亮的。,1
啊？这边居然还有烩面？？？！！！改天有空一定找找这家店在哪！ 一年多没吃过烩面了，真想念烩面。虽然不是河南人，但大学四年最美好的青春是在河南度过的，所以时常怀念烩面，，，一定去试试，再难吃也要去，呵呵,0
这条街卖面的店有好几家的，永兴面馆好像生意最好了 一般永兴面馆排队的人特多后，我就会来这家面馆吃 小锅青菜肉丝汤面，还行，味道淡淡的，吃起来很舒服的 馄饨也吃过一回，也还行，还有拌面也吃过一次 因为吃的时间比较早了，有点忘记了，就觉得都还行吧，没有太难吃 主要是中午为了填饱肚子的，吃饭的人很多，每回点好后，要等好久才会上,0
我们一起来登高，哈哈，够高，风景当然就是不错了，自助餐我觉得哪里也差不了多少，这里种类也不是最多的，出品不合口味，主要是环境，来吃环境的,1
还好还好 每次经过那里老婆嘴馋都要买了吃 我吃了感觉还好吧 一般性 不过老婆喜欢的 生意还是不错的 要排队买 饿的时候吃吃感觉不错,1
之前名气还很大的，慕名而去的.几次吃下来还行。但是。。。在锡州中路上新开的铁皮饭店真的是让我失望透顶啊。！！！还有几个客户跟老板要退菜说是清真鸡不是清真的，一看就是高压锅压的。然后我点的百叶包蒸鲜肉，那个百叶还是馊的，让服务员尝尝是不是馊了，居然跟姐说，我们不能试吃你可以要求换菜。我们试吃了之后还能卖给谁，难道我退了的这个馊菜还要再给客人吗！！！！！！！！！,0
我以前总是从这边路过感觉很好，很有档次，第一次去还是朋友和我一起去的，我吗结账的时候才两百多，很实惠我们四个人一个人也就几十块,1
台湾菜，总体而言，精致不惊艳，很有家里妈妈的味道，很有人情味的感觉！ 环境很不错，优雅小资。 有靠落地窗的大沙发，背后是中关村的夜景，很有情调！ 【煎猪肝】最喜欢的招牌菜！猪肝嫩而多汁，酱汁的味道也很棒！ 【台南发财馆】类似港丽的厚多士，绿茶的面包诱惑，但里面可是真材实料！觉得更好吃！ 【台式炒米粉】很家常的味道，不功不过。 【蚵仔煎】也是很家常的味道，不功不过。不过卖相很好看。 【红豆沙小丸子】甜甜的，不错 总之是值得一去的餐厅！,1
味道很不错 有点偏向安徽那边的口味 ，当然我吃是正好 可惜了我的朋友被辣的乱叫 ，呵呵叫中也不停的夸好吃 地道 过瘾！,1
铁板还是不错的，鹅肝很香，鳕鱼也非常的嫩，还有好吃的虾鱼鱼肉qq的，牛肉一般啦没吃出什么味道，鲍鱼挺新鲜，海胆不限量，螃蟹是小花盖，也不限量，鳗鱼一般,1
这家店我刚刚开始吃米粉的时候只有8块现在长到了14要死吃不起了，不过这家的味道是我吃的所有米粉里面最好吃的。特别是笋尖，每次吃都会另加一份笋尖回家。而且这家人特别的多，要排队。呵呵。每次吃的时候心疼死了不过还是值得的。,1
路过的时候买了巧克力布丁奶 巧克力双拼 红豆珍珠奶~ 第一次喝它家巧克力的~~~ 很好喝诶 巧克力布丁奶 很香！口感也好 也不会很甜 巧克力双拼呢 是布丁加红豆 要的半分糖 但是依旧很甜…… 是不是只要加红豆的就会很甜呢…… 红豆珍珠奶茶 好吧 很甜很甜~~~ 看着好像又新出了几样面包~~~等着下次回家买来吃,1
太恶心了！服务态度奇差无比，菜居然没有明码标价。宫保鸡丁和盖浇饭的量一样，盖浇饭10米，居然菜要18米，还是他们自己说的，菜单上没标。里头花生几乎可以忽略不计，然后比椒盐排条还贵出2米。跟他们理论，居然从厨房冲出来个YP流氓要打人。还不开发票，偷税漏税哦！完全可以无视的一家店！,0
巴湘龙虾广告做的不少 但是味道比较让人失望 虽然我只点了一份小份的龙虾 但是龙虾的个头也着实袖珍了点 剪腮抽筋的做法 但是肉太干了 还用干锅来做 感觉只是一个噱头 其他还点了些菜 只能说般般吧 提不起多说的兴趣了 以后应该也不会再去吧 完,0
"我可是在这家店从小吃到大的啊!以前在江南中学门口的时候就经常去那边去,实在是特近了,而且小笼啊小馄饨才是上海小朋友早餐的正选!最喜欢的还是里面的排骨年糕,比鲜得来什么的强多了,年糕是软年糕,不是那种炸的,很好吃.自从大富贵拆迁后,也有1年多没吃过了.现在大富贵搬到普育东路这里了,还是满近额,今天特地来吃排骨年糕,价钱涨到了8元,但是排骨也大了很多额,味道还是和以前一样那么美味,环境也比以前好了,也大了.以后有机会来这里吃吃锅贴看看.",1
喜欢去这家，离住的地方也近，里面也有我喜欢吃的菜，请客吃饭也是九堡这边比较不错的地方。其他川味观店还没有去过，不知道具体情况,1
虽然不怎么样 看起来管理有问题 可以砍价的！！！ 不想选也没辙 遍地都是。。。 只好选他家了 每年都送好多衣服过去 衣架挺次的,0
很糟糕的一次经历，因为知道外婆家很出名所以春节到了杭州就去那里了，因为离住的酒店也近到那也已经晚上8点多了还要等位很不爽到了点菜时候要什么菜没什么菜其他菜都咸死了总之这顿吃的超级不爽,0
很喜欢他家的甜点，甜而不腻，而且还很适合给老年人吃。这次过年买了他家礼盒送人，包装大红色，看起来很热闹喜庆的颜色。就是售货员态度不好。,1
经常行北京路都经过这条路，不过都五是甘多人帮衬（或者说根本没人，五通前面那条食街抢晒巨D生意）——果日路过贪得意 试下，味道五是话差，但是感觉周围都吃得到落，但是没有惊艳的感觉，应该没有什么特别的原因就不会再来了,0
在澳门吃的最泪流满面的一餐..因为终于只花了一点钱就吃饱了 T T 保记身处小巷，比较难找，店面也比较简陋，来光顾的大多是本地人。其实它是一家历史悠久的老店，老板娘朴实亲切，好热情~ 牛腩粉口味相当醇厚。真庆幸穿越了那么多华丽花哨的食店，最终还能邂逅它.. ~.~ 建议吃咖喱牛腩河，不要选25的套餐(多个饮料而已..)，因为实在不解为什么套餐里配的葡萄味芬达要$7一瓶... 总体来说很赞，能找到的话一定要试试看。好怀念呀~,1
"经常会和单位的客户来这里吃饭,大红沙发有种很VIP的感觉,环境一流,服务员的服务态度也都不错,味道嘛不愧是湘菜,辣,辣,辣,我平时就吃半碗米饭,但是到了这里就要两碗了,呵呵,不过辣的很好吃!味道还是比较正的,比如干锅鸡杂,酸辣藕西,家家小炒肉都是不错的选择!强烈推荐去试一下",1
西坝河的这家梭边鱼 是我最喜欢的一家 经常和3个闺蜜一起吃饭 下班去的话 这家是我们四人的中心点 所以经常约在这里 鱼肉很嫩很鲜美 还有鲜虾丸 青笋 藕片 非常好吃 每次必点 冬瓜仙草露！最爱！,1
赶火车，就随便挑了个东方既白，这店在市区也吃过，还行，哪想到，到了火车站价格倒是不见太亚花花，可是25元的卤肉饭，居然几乎看不到肉末，只有一层油浇在上面，要不是赶火车没时间和他绕，真的要好好争取下自己的权益。太差了,0
环境没得话说了 非常的洋气 里面很有情调~ 很适合文艺青年的地方~ 整整一个下午坐在里面那样的滋味，真的蛮有感觉的~ 露天的位置更有种不错的感觉 一个下午陪上自己爱的人坐在外面喝些东西 坐在那 看看花 看看树 看看天 看看车 看看云 还是蛮文艺的~ 很不错的地方~,1
第一次去哪里，买的衣服不合适要去退，竟然一副晚娘脸，说神马要持卡者本人退，买的时候怎么没说啊。以后有本事和hk一样买的时候看卡后签名呀，朋友亲自来退有再三刁难，服务很差，下次不来这家买了，虽有三层但东西不多,0
音质和自助餐都比较差，更加离谱的是筷子都勺子每人一个都不够，而且每人只额可以拿一个。帮人拿都不可以，自助餐品种也很少，什么都有限制。服务员也很少，从进去到K房一个服务员都没有的，自己找房间。极度无语。,0
"老公来了这里心心念念要去,结果喝了说很失望 从地铁下来走了至少2km才到....... 我不太爱喝羊汤的,觉得还凑合,但是贵了. 19一碗,香脆饼加肉9块 加粉丝3块 没啥性价比",0
盼望很长时间的地方，今天中午单位有宴请，终于如愿，但吃完后就是失望，菜很咸，很油，我怀疑根本就是二把刀的厨师做的菜！宴请的话千万不要去这里，做菜的水平会让主人没有面子，青年人去吃个热闹还可以。,0
中山西点在三好街开店真不错，去其他分店太远了。 头一回在他家买蛋挞，一元钱一个。质优价廉，价钱是值了。 皮做的一般，里面的液体象碗鸡蛋糕，蛋味浓浓的，呵呵。 家乐福，大润发超市也卖过一元的蛋挞，但是没有这个好吃。 太多的选择，蝴蝶酥，泡芙，椰蓉条，选的这些都是很轻的， 每样少买一些，多买几样。花了10元钱够就解馋了，哈哈。,1
新丰小吃从来都是一到饭点一定人满为患，这一家也不例外，最为叫人惊叹的是他们家服务人员的算术速度，你说出自己要点的东西她立马就能给你算出需要的钱数，而且极快的完成找零 吃的东西同样没的说，价格实惠不说，味道也很是不错,1
正好路过看到这家店外观还可以就进去吃了 服务员之间说话的时候面带微笑， 但是帮客人说话就像欠了她钱一样的很不耐烦 现在好像有禁烟令，但是3楼乌烟瘴气全部都是香烟的味道 很普通的茶叶茶也要收钱， 菜上的速度不是一般的慢 以后绝对不会再去,0
今天中午去的，虾鸡都很鲜.粥清淡，适合这季节.不上火。现在有团购活动，梃划算的，农科店过阵还要上晚茶呢。,1
推荐波士顿龙虾配面 肉紧致 量比较大的 两个人分吃半饱了 海鲜饭也还可以的 靠窗 环境很安静 聊天很不错 边上客人感觉是商务请吃饭的来吃饭 下次试试他们家的点心~,1
大家去这家店聚餐过一次 总体还行吧 不过听说没以前的口味好了 里面的凉菜皮蛋还行 点的一份碳烤鱼，好咸的说 还有一些都是家常菜 我觉得个人而言不会再去了,0
之前在那边住的时候经常去 毕竟是比较新的 所以环境还可以 服务人员态度也不错 有时候它们会做活动 所以相对来说还是比较优惠的。,1
不灵额，我第一次买居然还发神经的买了三文鱼寿司。。。。哈难吃，拜托那个叫鱼肉？吃上去跟橡皮差不多。搞不懂买的人还蛮多的。。。,0
早上就在这吃的自助早餐，价格是38元一位。 虽说价格不便宜，品种也不算太少，但是质量实在是太差劲了。 我喝了碗血糯米粥，吃了点酱菜，然后还吃了一个荷包蛋，和几个油煎馄饨的陷 ，因为，我去拿的时候馄饨就剩几个了，而且都破了皮，所以只能吃些陷。 中间老公看见有人排队，就让我去看看那，我一看是在等小馄饨和面条，所以各拿 了一碗。小馄饨还行，面条是老公吃的，味道如何不清楚。 最后，吃了几块橙子，喝了杯淡淡的咖啡。,0
以前晚上去吃过几次宵夜、种类很多、像大食代一样、价格便宜、但味道不怎么样，也就是随便吃吃的。上菜慢.,0
对这家饭店实在很无语啊，幸亏可以打五折，否则原价去吃，真的是冤大头了，价钱倒在其次，关键是菜的味道实在不敢恭维，好好的鸡头米炒百合，咸得要死，真是糟蹋食材啊，外婆红烧肉和玉米烙还可以，但是大多菜烧得都不好，不知厨师哪里请来的，烧的都是江北菜，一个味，跟我们单位的食堂师傅一样一样的，哈,0
综合的大商厦，吃喝玩乐，全部有，这一圈的楼都是连着的。购物，游戏厅，电影院，饭店，超市，滑冰。非常齐全。非常现代化，活动也挺多的。非常喜欢。,1
在搜秀的一楼 感觉还行吧 地方不是很大，东西还是不少 前几天买的蛋糕把 然后最近开始喜欢蛋黄酥 还有抹茶的 哈哈 等下次过去的时候，继续找蛋黄酥吃,1
对于这家店，真是没法说！地方很小，高峰的时候都是小桌，要是晚上8点以后去，有空座的地方还不让你坐，这不行，那不行的。8点半以后最好不要去哪吃饭了，点这个没有，那个没有的~要是没有关门不就得了！要了个蛋羹，感觉都放了很长时间了，边上都硬了，店员说是用微波炉没打好。没打好你上它干吗呀！能吃么！而且快闭店时去，服务员的态度十分的恶劣！~就跟你欠他们钱似的！~ 开门做生意，能干就干，不能干就干脆关门算了~ 以后不会再去了！~,0
开了很多年了，非常棒非常专业的图片社，有不少摄影专业人士和广告公司在这里制作作品，以前听说地铁里的灯箱广告也是这里做的，在北京应该是比较有名的图片社，专业水准！,1
晚饭以后被人带去品酒的，喝了几口金黄的葡萄酒，很好喝，一点酒味都没有（不好意思，我不会喝酒），可是其实是40多度的，所以吸口气，马上觉得脸都热起来了。好玩的地方。,1
服务不错，设计的发型也很满意，不像别的理发店强力推荐烫啊染啊，叫你花钱。我本来是剪一剪， 但是觉得他叫弄得不错 后来又烫了一个，也是我第一次烫头发，有点贵，但效果不错 支持一下,1
因为早上顺路 经常在这里买 但是很失望 喝的东西简直难以下噎。对不起这个价格啊。。。面包什么都还可以。。。服务嘛真的不咋地。。。我忘记是南广场还是北广场了 反正对面是必胜客~,0
没有什么评价的，不通风，很热，很差。 地板差，气氛也一般。有些教练驻场，纯锻炼目的的初级爱好者可以报名学习一些。 和电影院一起，停车位少，经常要停到路边，也不知道抄不抄牌。,0
去吃的时候是在晚上，LG真是不能吃自助餐。我们两个人才喝了4杯酸奶……鱼啦，虾啦什么的热菜全都很咸，不懂是不是南方人吃不惯北方的菜。寿司也还行，看上去比吃上去感觉好。总之吧，一分钱一分货，上菜的挺快的。冰欺凌好难吃……,0
晚饭吃的是吉阿婆麻辣烫，吃好之后就想要来一杯coco呀~~选了焦糖奶茶~喝过好多次了，还是一如既往的好喝！！！和LULU一起买，用了维络城买两杯减两元的券！超值~~~,1
人多啊，过安检的时候人山人海啊，还老有加塞儿的，所以时间上一定要安排好，不能太晚，否则影响自己登机也浪费别人的时间。,0
以前聚会的首选，很久没有去了，前天去了次真是怀念啊。只有一摞华的银鳕鱼最好吃！吃过好几家日是烧烤都没有他家的好吃 还有牛尾汤可以喝下两碗，就是清酒有些参水的迹象。。。但是吃的味道还是很赞~,1
味道真的是一般中的一般，价格不算便宜味道不行啊。以后不会去吃了，不过最吸引的点是等餐的牌子啊，做好了会亮的，省时省力。,0
LG过生日时他的朋友送了一个ebeecake的蛋糕，包装精致典雅。打开一看，俺这个烘焙爱好者一眼就看懂了：6吋，蓝莓芝士，奥利奥一类的黑色饼干饼底。味道、口感中规中矩，偏甜。总之还是不错滴！,1
这个怎么说呢，真的很失望，那么多家回味，这家最让我失望了， 不知道是不是我个人问题，真的很咸，而且料也不如其它家回味的多,0
是我去过服务最烂的一家店，现在一壶壶的茶茶壶都很小，没喝几口就要加水，按铃半个小时都没人理你，直接叫服务员，服务员让我们等一下，然后又是半小时，真心累，还设什么最低消费，让人不爽，想吃年糕竟然没有，环境杂乱，十分吵闹，再也不会去了。,0
特别特别爱吃这的香炸鹌鹑 很嫩很香 入味很好 还有手抓大排也很棒 很好吃 不过环境真的好嘈杂啊 说话都费劲 很火的店,1
东坡肉肥而不腻，很难得呀； 鱼头汤乳白色，不知是不是放了牛奶，还担心是勾兑的汤，但真的很好喝，喝了好几碗呢； 小河虾也很不错，酥酥的，咸淡刚好 芦蒿很新鲜，不错,1
只能说非常一般，要不是揽客的小伙那么热心，我们才不会进去～ 就如楼上朋友说的，店小、音箱非常吵、歌手唱的都是非常老的歌，而且品味比较差，就没听到一首好听的～ 价格不算贵，但是跟质量一比，实在觉得不值～不会再去了,0
面包好像还不错，挺好吃的，喜欢毛毛虫面包，还有好像叫地中海面包，记不太全了，就是椰蓉的面包。好吃是好吃，就是感觉价格贵点。反正，分和哪的比吧。比起超市的桃李啥的，是贵点，比起那些新式面包店，价格又好像差不多。,1
逸夫是看戏的好场子，即使做的后面一些，舞台上的表演还是看的蛮清楚。 现在还可以网上购票，自己选座，很好呀~~ 外面每逢演出，总有不少黄牛转悠，这点让人有点不太舒服。,1
在电视上看到的介绍，介绍的悦宾的由来，于是打算去看看 在胡同，不太好找，不过一进门就特有北京味，完全是几年前的感觉，如今北京飞速发展，还能看到这么有老北京味道的地方真不多，泪奔~~~~ 人多，等位，价钱不是特便宜，但味道特好，糖醋排骨一直大爱，到哪都得尝尝，这个味没的说，绝对回味，蒜泥肘子也不错，哈哈，我怎么那么爱吃肉呢？ 挺值得推荐的一个有老北京记忆的地方，赞！,1
两年前新开的，原本以为168都差不多，但这家满让偶失望的，新开的店，天花板发霉的黑乎乎的还滴水，果然老房子改造的不大好，入住时淋浴房的防滑垫子下全是水和头发，恶。。。下次不住这家了,0
比较整洁的店，有台布，椅子也是软面。 点菜也是用电子方式的，只要告诉菜单上的编号即可。 菜做得还是很有特色的，口味也很好。 只是我们去吃时，楼上有大席，服务员和厨房把我们完全忘记了，催了很久才发现菜还没有开始做。最终一顿简单的晚餐拖了两个小时。,1
办卡260/20次，主要是针对大众的，本校的学生和老师好像有优惠。一次2个小时，但是晚上6点以后就是一个半小时了，水质还行，学游泳的小孩子太多了，最好早上去，人少，另外工作人员的服务态度，很差，很讨厌！,0
以前一直去那边吃点心，味道很不错，这次试了那边的套餐，新装修的第一天开张，环境和之前差不太多。老实说口味上还真是SOSO，不过号称价位高，也试了以前没食过的，就算体验吧！,1
和公司同事聚餐， 服务非常周到， 三文鱼也非常新鲜。。环境是那种日式榻榻米的， 大家围坐在包厢里一起吃饭聊天，很惬意。 帅哥老板忙不过来也会来帮忙 生意很好，最好提前定位。,1
1.不能刷卡 2.点了4个菜，1个鱼香肉丝很咸，一个炒蘑菇跟没放盐一样太差了，口水鸡中规中矩，沸腾鱼还行 3.量很少 4.餐厅里面挤挤挨挨的，环境真不好,0
史上服务态度最差的麦当劳，真丢人，买咖啡自己挺不清楚就＂切＂，有病啊，丢人现眼，服务态度差，素质低到极点,0
工作在附近，方便，合口，价格公道的一家店。烤鸭味道很好，不腻，还有个什么鱿鱼，很好吃，每次必点的菜。碰上送烤鸭券，更划算。,1
这里 位于福田中心区，交通还是比较方便的。出门就是中心区，是我住过城市中比较方便的一家。喜欢这里的高雅，软软的床睡着很舒服。有家的感觉饿u。,1
"总的来说环境还是不错的,味道也可以,为了办会员卡吃的我和老公都快晕过去了~不过会员卡可以打8.8折!~正好是在满100返50的时候去的,很值!",1
服务真心差啊~叫点单，回答永远是稍等，然后就愣是在位置上等了15分钟才点上单，还要看那个服务员板着个脸，好像欠了她什么一样 漏单情况严重，点的茶碗蒸服务员搞不清楚是哪桌的，就往工作台上一放，等我们催的时候才拿过来，完全冷掉了有木有！大虾天妇罗从头到尾就没见上桌啊。 三文鱼刺身一般般，好几片中还有鱼骨，北极贝有股怪味，第一次吃到没去壳的甜虾。。。 总之，感觉真心不好，宁愿多加点钱去其他的日料店，服务、食物质量都比这好很多，以后不会再去了,0
每次点餐想都不带想，直接腿堡套餐。这次是受到了广告的诱惑，点了那个咖喱堡，哇塞，失望的要命。味道怪怪的，还小小的。再也不会点了。地方不算太大，还有一个小隔断，是专门给麦乐送的叔叔们休息而准备的。,0
傣妹真是火啊，但凡热闹点的地方都有它们家的服务员拿着菜单沿街推销。 东西看上去挺便宜的，都是几元几元，其实吃下来也不便宜。 最受不了的是它家没茶水供应，只能买饮料，吃个火锅下来很大的开销啊。,0
好吃啊 好吃啊 上海很难有这么好吃的北方风味的食物了 本人最爱吃的就是他们家的米皮了 量很大 价格却很便宜 5元一份 可以吃饱 味道嘛 算算 辣辣的 感觉非常不错哦~,1
又难吃又贵。太可怕了。服务员都像我们欠她钱死的，尤其是大嗓门的那个领位。没问我们吃什么口味，就给上的辣的，结果一点都不辣，明显用的剩料。,0
春节时候吃的年夜饭，知道年夜饭是大批量做的，肯定不会好，所以也没报啥希望，只是考虑到毕竟要2千多的价格应该稍微好点吧，没想到真的很令人失望。菜一下子都上来了，不仅桌子放不下，包房内的台子都放不下，后来居然都放在走廊上的台子上，这个速度也太快了吧。结账的时候我们发现点心少送了，居然还不退点心的款，却说再给你们做，如果我们没有发现，不就是混过去了。,0
最近很喜欢的品牌 有好感是在用了他家的泥娃娃之后 此面膜真心好用 特别对于我这个白头遍布的脸〉 〈 只要10分钟白头去光光的感觉真的好 在专柜也试用了扭转乾坤面霜 透明的质地和补水能力强大 还有百米焕肤霜 去角质赞 这2个便是我接下来的目标~,1
差差差差差，等了两小时，也没把东西上齐。环境又乱，肉上的又慢，关键是每次量还特小，味道就那么回事吧，吃顿饭基本都是在等待中。不会再去了！,0
"有点怀疑是不是小绍兴,印象中的小绍兴应该不是这样的. 生煎是冷的,让服务员换成热的,没想到,徽波炉一转就又给上座了,实在是倒胃口. 小笼的味道也不好,皮太厚了. 只有小馄饨还过得去。 总之,好失望,希望老字号能保证质量,不能光凭招牌来糊弄人。",0
每次路过都忍不住买一杯喝 感觉这个店还是挺不错的 当着你的面鲜榨的 而且服务员的服务态度也超好的 多喝水果汁对身体好哈,1
好兄弟结婚选的这里，真是皇家园林，就是不一样，好像感觉以前是一户人家。 估计是哪个王爷的儿子什么的吧。 牛仔骨非常不错，很嫩，不知道是不是放了嫩肉粉了…… 菌汤也很好，一百多碗一起上很壮观。 总之不错，就是很贵。,1
昨天平安夜去三里屯吃印度料理，顺便逛了一下，真心觉得布局special~所以不是明白状，圣诞节外面很多美丽的装饰倒是不错，逛街吧晕乎乎的，可能不适合我这种路痴吧~,1
晚上8点去的 有点晚了 比较清静 不过寿司的种类也不是很多了 味道还是不错的 喜欢三文鱼寿司 喜欢他家的大麦茶 服务还是不错的 要了一个猪扒饭一类的 量挺大 味道一般 还是寿司好吃~~,1
一漂亮姑娘推荐的，跟我说既好吃又实惠，话说她一定能成为一个贤惠的妻子，谁娶她谁有福气。 言归正传，话说这家店跟她说的一样，确实既好吃又实惠，炸灌肠、麻豆腐、芥末墩神马的，都是京味儿十足。宣体踢完球，一帮人过去搓一顿，也花不了多少钱，哥几个聚会也可以啊，总之这地方真的很不错，恩。,1
下午四点多去的，订了大堂的位子，没有靠窗的了，只能坐门口。花园里的专列和整个餐厅的布置都给人很怀旧的感觉，不论是家人用餐还是商务宴请，都是不错的选择。 冷菜点了酱鸭，很入味，都吃光了。 热菜是砂锅鱼头，清炒菜心和红烧肉。鱼头有点辣，不过还是我可以接受的范围，吃的热火朝天啊。红烧肉虽然会影响减肥，但是冲着美味，也就偶尔破戒吧。 喝了点他们的七年陈黄酒，酒量不好，尝个味道。 下次想要过去的时候，还得早点订个窗口的位置，看看花园风景。,1
从开业起，感兴趣的除了大鼓就是小鸟，哈哈，还有个喝茶的小餐厅，菜还是不错滴，尤其是时令的鱼类，价格也还是可以滴，总体来说不错,1
为了果腹吃吃还是可以的， 要说味道多好不见得。 要说差劲也不会差到哪儿去。 毕竟价格在那个地方管着。 但是确实只能果腹。 而且还很昂贵。,0
说是肯德基的兄弟品牌进去的 东东实在不是怎么样 而且也不是特别便宜 可以当做简餐吃 但是应该不会再去了吧~呵呵,0
好久没吃饺子了，朋友说富力广场新开一家饺子馆就来试一下，总体来说都很不错，就是价格有点小贵。没有负一层的实惠。,1
一句话评价就是：来了第一次再也不会来第二次的店。蟹的味道太一般，看着不是很卫生，没有食欲，涮火锅的时候更是一点味道都没有，叫了沙茶酱吃了一口就倒了，说不出来的味道，回家我老公，我妈还有我都拉肚子，不想再说了。,0
吃的中午套餐，还可以接受，不然晚上太贵了哦~~~面包和酱都很好吃，主食也好吃，甜品有点一般般哦~~~总的来说不错！！！好吃的说~~~吃了牛排，下次想试试看银鳕鱼~~~,1
以前暑假学校没的吃的时候经常去这里吃，价格也还公道，东西也很好吃。最爱的是鸡汁汤包和鸭血粉丝，那个汤包真是好鲜好好吃~！,1
味道不算正宗，但是经常去吃 这里就是吃个环境，适合和女士谈天屋内灯光昏暗 来这里的老外不少，印尼之类的比较多 价格上谈不上多好，人均120左右吧 做的辣汤可以试试，咖喱锅分绿的和黄的咖喱，看你是要加鸡肉还是牛肉之类的，这咖喱就是下饭用的，菠萝饭感觉很一般 这里做的柠檬鱼很清爽，可以一尝,1
黑椒牛排香嫩多汁，我喜欢 扇贝又大又好吃，嘿嘿 基围虾一般，可能我要的口味不适合，下次不要白兰地的，换一个。。。 意面不错，要的番茄酱的 下次尝尝大家推荐的鲅鱼饺子吧，O(∩_∩)O~,1
好难吃的汉堡啊~~~面包松垮垮的，里面的肉没有肉的口感。 比KFC和MDL差远了啊。应该不会再有下次了。。。 上次老妈买回来的，吃了一半就不想吃了。,0
早餐有时候会有强烈想吃的愿望 喜欢紫菜瘦肉粥和牛奶麦片粥 然后点一笼要看师傅心情的虾饺 还有最近越来觉得越好吃的韭菜盒子 有时候回家 妈妈会让我带一个金针菇捞拌 实在是他家意外之喜 小菜也不错 我说的不是推车上卖的 是门口盛在大缸子里那个 哈哈,1
"味道很不错啊. 路过的时候被他们的香味吸引,买了一点. 口味与众不同,具有很奇特的味道.主要是咸鲜味. 个人有点鄙视他们的外卖袋.很难带的!!!!不够贴心.",1
经济实惠 很多穿工作服的人都会选在这吃午饭 粥不错的 还有炒饭也不错 鸡蛋饼也可以的 不是很腻歪 旁边一个女生要的酒酿圆子看起来很好吃 改天我再试试。。。,1
好像这个牛奶棚只有杨浦区有，好喜欢他家的菠萝泡芙，味道哈嗲！吃了还想吃呀！ 抹茶蛋糕也是我的最爱，每次经过都要买上一大包。,1
去巴奴吃火锅就是为了喝菌汤，吃前喝一碗，嘿嘿，服务不错，点菜的时候服务员说够吃了，不够再点，不让多点，还怪会替客户着想嘞。锅底还分什么植物油 动物油。,1
和姐姐两个人星期五晚上去的，当时人很多，我们直接二楼进去的，问一个服务员一楼有位置吗？那个服务员两手抱着，说：“不知道，你们自己下去看！”被我们说了之后很不情愿地让旁边一个有对讲机的服务员问了下，实在无语了~~~清扬路那家态度也不好，有次我们同事不饿去点了粥喝两个菜，一个服务员正眼也不看我们，还和领导嘀咕，指着我们！,0
很小资的西餐厅，价钱是平民价，上次两个人吃才花了50却吃得很撑，最喜欢他家的抹茶布丁，之前下午茶还是半价，甜品买一送一，特地跑去吃，环境也都很不错，味道也很好，适合休闲小坐~,1
很好吃的爆肚，觉得羊爆肚比牛的更好吃吧。酱料也很不错，不过有人喜欢麻酱更多一点~ 觉得麻酱多了和爆肚气质不搭额。加点大蒜辣油才是正经事~~所以很喜欢。,1
傣妹换了装修 以前是像森林一样的 现在换的更现代了 可是感觉还是乱糟糟的 每次排队排的人很多 要等好久 因为价格很便宜 但是同学普遍反映吃了会拉肚子 应该不太卫生 上次吃过的牛肉碟子摞起来都20分米了吧 但是才花了100多 便宜啊 味道嘛 一般化 不难吃 但是看汤上面感觉很不舒服 适合请客 嘿嘿,0
配面包。。或饼干的冰欺凌，饮料小车。。 乌节路上有好多个~ 有好多口味选择，榴莲。芒果。。巧克力碎片。。巧克力。草莓等等 1块钱，便宜又好吃 我喜欢面包夹巧克力。。 又降温解暑。。又能吃饱肚子。。,1
这家离家比较近，所以常常去吃。 味道这么多年基本么变，就是配菜越来越少、价格越来越贵。 最搞笑的是，昨晚去吃，隔壁桌的人点了个蟹籽沙律，居然投诉说米有蟹籽，服务员辩称蟹籽卖光了。晕！那这还是蟹籽沙律吗？！ 另，味千的服务一直是不怎么样的，特别是每次都不让你坐的舒服，明明有很多空位，还非让你去挤很小的位子，⊙﹏⊙b汗,0
"地方挺大的，装修有点旧，这家的服务差, 呼唤半天没人招待, 客人不多，上菜速度超慢.味道也不好，是我吃过的上岛各家店中最差的。",0
"垃圾自助餐,服务也垃圾,我们是那个时候过生日什么,买三个人送一个人的时候去的. 东西少,也就算了,还不补充,叫他们补充也要叫半天,最垃圾的是那个男的餐厅经理,态度一塌糊涂. 这种餐厅,送给我去,也不会再去了",0
海底捞~名不虚传，据服务员介绍有20多种调料，吃上去脆脆甜甜的，口感非常好 最漂亮的就是那个贝类品牌非常漂亮，味道也很不错~很值得一去 门口有停车位,1
"没有在他们家看过病, 但是我带过朋友的狗狗去洗过一次澡, 讲句老实话: 不怎么样. 不是他们的技术有问题, 而是人品. 那里的技师都收小费, 当然不是反对他们收, 但是你不能对不给小费的狗狗不好, 应该一样对待, 如果你是真心爱动物的话. 如果服务好, 我一点也不反对给小费, 但是不给, 就给脸色看, 就是人品有问题.",0
差的一塌糊涂。那段时间巴犀一下子团了上万份，结果服务和内容就下降了N个档次。。去了人满为患，还什么吃的都没有，一盘菜N多人抢，扇贝没有 羊排没有 烤香蕉什么的全都没有，饮料淡的跟水一样，发誓再也不去巴犀烧烤了！！！,0
干烧鱼，狮子头是这里的美味，很香很好吃的，特别是干烧鱼，很入味的，口感很嫩很香！ 其他的菜也做得不错，人气挺好的！ 服务也蛮到位的！ 价格能接受！,1
晚上和闺蜜去洗澡 没什么人的 进去阿姨让你签什么字 貌似2条毛巾24 我无语 还好我们聪明 这个不是强制性的 我们带了 就没买。。不然就被宰了,0
一讲金矿，首先想到的是不菲的价格，然后就是出自炳胜集团的丰盛BUFFET！ 这里的BUFFET是不错，喜欢笼仔点心，是用币拿的~ 装修布局也几特别，古色古香的感觉~ 但那“四人起”的要求真的好讨厌！如果没有人数限制，会考虑多去的~ 就歌曲和音质而言，也不会很出色吧~ 还是怀念学生时代去的6个钟套餐，非常抵~,1
开业有半年的小店，因为离家近，去过很多次，喜欢他家的米线还有拌米线的肉酱，呵呵，特别是他家总是搞活动，可以上网打印免费的优惠券。,1
我的天啊，这服务，未免也太差了啊，真是吃吃一包气啊，等位的时候，小姐死活不说大概要等几分钟，这也算了，无所谓。就是叫点单，买单都要叫几次，这也算了，最夸张的是，叫他上个饭，居然叫了7，8次才上，这种服务，居然也生意好，实在太莫名了,0
过生日和老爸老妈来到这家店，位置不错很好找 点了酸汤鱼，小米渣，白肉卷，干锅鸡，鹅肝茶树菇，还有青岩豆腐炒风肉 点多了干锅鸡一口没吃 但是味道很赞服务员服务也还不错，有眼力见 只是点餐时应该提醒一下是不是点多了~还有就是北方停暖气的季节感觉有点凉，菜上来没多长时间就凉了有待改进~ 其他一律满分,1
太差劲了，中午吃的，米饭是明显的剩饭，锅里放半天了，还温的还有硬块，比盖浇饭还难吃，实在吃不下去。同样在万达那家店吃过，大爱，吃了好几次，同样的牌子不同的店，差距真大，以后再也不去了！太差劲！,0
买了benefit经典的猪油膏~~~ 味道真的很好闻呢~~~~包装也很漂亮~~~~ 用后卸了妆~还是会觉得皮肤滑滑的~~~~~ 很喜欢~~~~,1
"去喝茶,没有无烟区,很讨厌旁边不停吸烟的人,询问服务员,没有啥回应,很木。桌椅不舒服,空气中一股烟味,肯定不会再去了。似乎发现杭州的服务水准越来越差,好像到处是不愁客不来的无所谓态度。",0
不晓得为什么生意这么好，我觉得东西倒也将就，不过价格贵，环境一般，服务不怎么样，完全没有吃甜品的美好氛围，想必是这样的缺乏竞争吧~~,0
吃过一次大肠面，大肠浇头做得还可以，汤头差了点，面的量倒还是蛮大的~~~ 点盖浇饭的好像比较多，用餐环境有点小糟糕，桌子油腻腻的~~~,0
找结婚的酒店，去他们家考察了下。感觉底楼的那个厅还是不错的啦，我还是很满意的、当天还有人结婚，感觉气氛什么的都在我的期待中，在我的考虑范围内、,1
环境太吵 服务特别特别差 点完菜后等20分钟而且先上的锅贴10分钟后上的第一个菜 锅贴吃完后第二个菜上了 第三个菜服务员40分钟之后才上 我们已经不饿了 服务员还少写了一个菜 味道还可以吧 服务员太差太差太差,0
收到该店发来的短信，有周年庆优惠活动，兴致勃勃到店里购物，买了一堆东西想去乘晚6点的班车回家，司机告知没车，叫我自己走回去！到服务台理论，却找不到负责人，柜台服务员不问事。我去过周围七八家超市，基本都是乘晚6点左右班车回家，第一次遇到这种情况！从这一点可以看出该店的服务管理状况有多糟糕！,0
这家店老牌子了，也算上海的老字号啦，去吃了次，真的名不虚传呀，虽然环境和服务都一般般，但是菜的味道好的不得了。虾仁吃进去感觉很新鲜的，膳背的味道也烧的很透，还有蟹粉狮子头啊，蟹粉鱼翅啊 都很美味的，不过价格也挺贵哒，人多去吃吃不错,1
实惠、量大、人多、热闹，有东北的感觉。 拉皮不错，劲道！炖菜也很多，酸菜排骨想想都流口水！ 锅包肉、干煸豆角都是我爱吃的，，还有很多,1
周日同事聚会，订了一桌1500元/12人，不包洒水，但是个个都说不值，也没吃饱。我觉得就是蒸鱼好点，其它不什么样，也没啥特别回味的。,0
每次去都是吃的老鸭汤，其他的也没有点什么…… 老鸭汤味道还是可以，不过前段时间去的时候小份的里面鸭子明显减少了 蘸碟的味道说实话真不怎么样，要香辣碟的话最好把里面的油逼出来再蘸药好一点 肥牛点过一个，和外面的肥牛吃起来不一样，有点老 飞饼做的还可以,0
好吃！点了奶酪，味道和奶酪魏的没差~，白粥，皮蛋瘦肉粥，虾饺烧卖，虾饺皇，馄饨，还有比较经典的就是白灼芥兰，菜真的很嫩，总之很正宗，正点！ 就是菜单东西比地坛那家少很多，都是些小吃，还有就是人多的时候服务有些混乱，差点找了我们2次钱，呵呵,1
环境非常好，露天位在湖边，冬日的太阳暖暖的，口味倒是其次了。早茶很赞。只是各部门协调不到位，效率不高，导致座位利用率不高，外面排了一堆人，里面其实很多空位，只是没收拾出来。,1
朋友邀请吃午餐。 坐在二楼，环境清静。也看到有别枱在谈生意。 点了set lunch 中的: 罗宋汤+焗猪扒饭+柠檬水 。另外朋友点了：玉米汤+鸡皇饭+鸳鸯 set lunch 70元一份，性价比挺高的：味道很好、外观精美、材料十足。还有别的7-8款式：鲜虾意大利面、牛排、鸡排等等。。。 看到饼店有面包西饼卖。。。。下次再试！,1
昨天开始搞的活动，今天中午就送完了，参加的时候也没说有数量，完全违反广告法，坑爹呢……上当，再也不去这家了。,0
受不了，受不了，本来是来买东西的，结果卖家来楼下接我，说在十几层，结果绕了半天，上了电梯，到了他们店，说没现货，结果又带我去旁边邮局的楼里拿货，折腾死我了。而且都是奸商，比淘宝上卖的价格贵，要我加钱，后来干脆不买了，呵呵！,0
也许是交通不方便，也没有什么人气，但价格开的离谱，专门用来宰客的，而且谈不上有质量可言。地方大看的也累,0
吃的最便宜的鲜肉汤包，果然名不虚传，很好吃很好吃！而且昨天七夕去的时候居然还被我抢到位置坐了，不错不错，10块钱一笼，一笼10个，相当于1个包子1块钱，贵是贵了点，不过值得尝试啊！,1
卤煮我最喜欢吃了，这里的味道真的不错，和小肠陈不相上下，配料很足 老汤也很爽，绝对值得一试。,1
种类多，量足，续得很及时。周末的中午人有些多，但是不会混乱嘈杂。 这个价格比去外面吃即使是团购的日本料理都划算，况且还有那么多制作精美的五星级大厨甜点呢！ 甜点里头，推荐一个咖啡冻还是咖啡穆斯的，非常细非常惊艳非常好吃。 中餐没有印象深刻的。 以后一定还会再去！去之前最好要定位。,1
第一次去是为了看电影 去的是商场的B1 已经觉得气场强大 而后去了楼下的美食广场 商场规划的很不错 一看就是个高档次的 第二次去的时候到了楼上 偶哟哟～～～这个太嗲了吧 顿时看的眼睛发红了 呆了好几秒钟 太震撼了吧 商场楼下直通地铁的还是慢方便的 这里绝对是个败家的好地方呀～,1
冒节子肥肠粉是招牌菜，所谓冒节子，就是猪肠绕成了一个圈…… 味道比较正宗，很不多 就是地方太小，经常会到门外搭桌子再吃,1
好多人一起去的，不是我结的帐，所以其实我也不是太清楚人均消费，反正就是自主嘛，没什么太大区别，味道一般，尤其是那个冰激凌，很难吃,0
这里的包子皮儿薄馅大，无论是肉馅还是菜馅都很好吃而且价格不贵，我比较钟爱这里的猪肉三鲜，很美味~~大家都来尝尝吧,1
在建外soho吃的 面面小贵，觉得不值那个价位。 可能是由于中午饭点时间去的，人很多，还得等位。还不如来玩牛拉呢。 不会再去了,0
每次要吃泡馍都会来这边。 觉得这家羊肉泡馍真心好吃，就是馍略硬，糖蒜少了点，味道比西安一些地方做的还要好。 米皮也还不错，稍贵。 肉夹馍一般，不是很推荐。,1
就在家附近，超喜欢他家的牛肉禾粉，海鱼清蒸的味道相当不错。就是去的时候老忘记带优惠券，要是能每次满100减就好了。老公喜欢他家的猪红韭菜,1
还不错，跟朋友两个人坐在吧台，很喜欢的居酒屋的感觉，小小的，就是觉得没吃饱……寿司真是不抵饱啊……哈，作为一个资深吃货，还会再去的,1
环境特别好，很安静，特别适合一个人放松心情或者跟朋友们喝茶聊天。甜品种类多，花样全。提拉米苏等一般甜品店卖的甜品这边都有。很多小情侣来这里喝茶约会。很喜欢这边的气氛。,1
这是谁添加的呀？太牛了！ 再一次证明了，好吃的东西不分大小，不分场地，只要好吃就行！ 以前妈妈的单位在花市，所以吃过大爷的灌肠，味道很好！ 据说都是大爷自己做的，很干净的说！ 我爱吃炸的焦的，每次都让大爷给我多炸一会，再浇上蒜汁，别提多好吃了！,1
这家瑜伽馆地点好，交通方便，林和西地铁站出来进体育中心北门就是。最主要的是，这里的瑜伽导师比一般健身房的教练专业得多。还值得一提的是，冲凉房的位足够上课的人使用，这点比力美健好多了。,1
食材都很新鲜，感觉点心做的很不错，水晶虾饺个头很大，很鲜。还有一个粽叶裹着糯米团里包着干炒的点心也很好吃。环境和服务都很靠谱。吃完晃晃月河街不错。,1
这家店是鲜芋仙直营的么？不是加盟的？ 我去过静安寺的和大悦城的，古美路这家有点匪夷所思。 大悦城店，新店开张的买一送一券是可以当天使用的，古美路店不可以。 大悦城店，送的一是和买的一模一样，古美路店完全不是的，送的那份太糟糕了，量明显少很多，薄得不行。 本来开在古美路这种地段，就不像市中心那么火。 这家店真的很莫名其妙，感觉在砸鲜芋仙的牌子。,0
服务不好，点了烤五花肉，送的生菜都是烂的，叫他们换了一份，还是烂的。烤肉的品质一般性，其他菜也是水准平平，主要是服务不怎么样，所以以后不会再去这家了！,0
服务态度不太好，预订的时候电话都打进去了，接电话的收银员说你过一分钟再打来，我正在结账，真可笑，我不需要一分钟就能订好，对顾客怎么象是领导对下级?服务态度真不怎么样，没法夸她们。,0
"咖啡还比较不错,酒店的服务还可以,迅速有效.但环境不知道为什么，比较潮湿。 总的来说,还是不错的,酒店位置知道的人不多哦，广告没有做到位哦~~",1
路过 去吃刨冰 感觉真的很好 小料很多 每种都可以要 而且给的量也很多 味道不错 酸梅汤也很好喝 味道比较浓 一喝就感觉兑的水比较少~！还有他家有好久没喝过的瓷瓶酸奶 哇塞 好久没见到了 儿时的味道啊 下次有机会去尝尝大家说的红焖羊肉,1
武汉小吃，每次看见都会去买 很喜欢它家的鸭脖和锁骨 其他的没买过 是周黑鸭的忠实粉丝 以前在武汉4元一根，前几天去买的时候，广州居然卖到6块 不过因为喜欢吃，所以也就不在乎这些了,1
跟朋友都点的石锅饭，好油，我点的是腊味双屏，朋友点的什么忘记了，后来还点了2份提拉米苏，一般般吧，小姐服务好差，连杯水还得喊半天才给你送来，里面灯光昏暗，坐一会就想睡觉，不知道是不是快做不下去所以舍不得开灯，反正以后不会再去,0
"我只想说惠里越来越让我失望了。要不是冲着他家的自酿野杏酒好喝，我就去其他日本料理店了。很多常见的日餐点都没有，服务态度也不专业, 问一些经典日本料理都听不懂。。。",0
吃的年夜饭 量很足，服务很好 和北京的比起来，鸭子基本差不多，就是烤的稍微久了些，胸口的一口酥有点渣了，不过还是很棒 其他就是饼有些差距，上海的厚了些而且不够拧，叫法也不一样，北京叫一屉上海叫一笼 停车在地下车库，可以报销,1
昨天领导来了个朋友，到那边去预定了个标间，到了我提出先看房间，前台爽快答应了，选择一个楼层比较高的房间，环境还不错，看看外滩的风景，房间相对来说有点小，不过两个人住还是可以的。,1
刺身超级新鲜的说，吃到现在觉得这里是上海最好的日本料理店了，天妇罗也超赞的，就是价格真的挺贵的。 还有服务费的，啤酒也很棒。以后想小资一下就去这里了。,1
"主要经营粤菜的 去的时候很晚了,两个人也没有胃口,叫了2晚例汤,是老火汤,但明显兑了水 叫了个芥菜杂煲,还叫了酿三宝,但里面的豆腐发酸了... 有点失望,价格不便宜 环境还可以",0
用移动的电子兑换券去买的黑钻吐司面包，很好吃，只加了五毛钱，还有一个花生漩涡的面包，加了一块吧，味道也不错！服务很好！,1
看来大家的眼睛是雪亮的，就是这家店，店员都半死不活的样，上菜的速度巨慢，还要啥没啥。第一次去易买得的时候，实在没地方吃饭了，才去的这家，没想到是这样的结果，再也不会去了。,0
吃的什么各种烤肉记不清了，味道是不错的，就是太咸了，还有很多奶酪类的，沙拉，挺好吃的，算是有特色的了。旁边一个抽水烟的，的确是没有气味，心里长草下次一定试试。,1
上周日逛了一下午 我这人不追求品牌的，款式好看就行 所以相对来说款式还蛮多的 不过有些价钱接受不了 没有会员卡的话确实比较亏 所以尽量买打折的吧,0
相比于一直以来的期望，味道确实有些让人失望。杨枝金捞里的芒果品质挺一般的，甚至有些略微的发涩。西柚和其他配料倒还好，但整体的味道没什么让人眼前一亮的，就是普通的一道甜品，甚至不算出众。菜单上面几乎全是芒果相关的东西，品种倒是挺多，但真的没什么特别的念想要去多试几次了。,0
和朋友一起来的，两个人都点的石锅拌饭，小菜给的不少，土豆泥感觉味道不错，反正感觉比正一味的拌饭好吃，以后还会再来的,1
菜单上鱼18元每斤，点菜的时候也没跟我们说，结帐的时候却告诉我们黑鱼32一斤。价格欺诈。。。。 相当无语，再也不来了， 活鱼火锅口味也相当差。。。,0
今天妹妹过生日，为了方便就选在这里了，可是这里的环境真的很差，生意也较为冷清，除了些包房有食客，大堂里的服务员比客人还要多。价格不算便宜，菜却很一般，没有性价比可言。一个凉瓜排骨汤就要58元，汤里没有什么东西，觉得很不值，吃了一千多元没有什么印象深刻的菜，总之以后不会再去了。,0
没有办法，别人请才去的，不然都不知道，有点小失望的，服务员素质一般，菜也上的慢，唉~~~~希望有下次去的时候能有所改进，希望吧...,0
去过这里的签证中心2次，不是为我自己。 坐落在鲁班路附近，广发银行大厦的底楼。平日里人不多，尤其是早上；如果碰上的是我所参与的签证项目，人就更少了~服务态度还行，因为它并不是state-owned，自然没有类似于国有银行的蠢货这么恶心+低效率。,0
我经常去的一家店，这家店的味道还比较中规中矩，新推出的冰粥好喝，今天上菜速度很慢，最喜欢这里的大麦小枣山药粥，超级好喝！料给的特别足，不错，很喜欢，这里的气氛还可以，是个不错的吃饭去处。。。。,1
买了马卡龙.7块一个.买5个送一个.太甜拉.吃到最后好腻好腻.原味的还算强一点点额.没吃过其它的东西.应该不会再去尝试了,0
"之前美食节有澳门街摆档~感觉澳门街噶野平时听闻都好正 就去试下~但原来吾系一回事黎的~ 鸡排包10蚊两个~好坑爹~美食节真系吾可以当一回事 鸡肉系比较嫩,但系个包就又硬又干~ 完全就好似比块野就甘包住个鸡扒甘 完全丢澳门街噶面啊~",0
去吃的是38元一位的，45元感觉更不值。人真的好多，像是有多大的便宜似的，交钱跟抢钱似的。东西挺多，但肉品种类很少，有时就两种，看着还没胃口，摆的样子比较难看。人多就杂，东西也不好好放，就只适合大胃王去呼吧。,0
火锅味道还是不错的，和有家乡的味道一样，就是比家边的贵好多，喜欢吃那里的毛肚。 环境还将就，特别喜欢开着空调吃火锅的那种感觉,1
老婆和她的同事们经常去吃的地方，今天趁着去附近动漫谷玩，一家人过去尝了尝。 我没吃过康师傅的面，不好比较。 但是肯定比味千那种味精不要钱的面好吃。 点的他家的招牌番茄牛肉面，把面汤都喝完了. 就是不能刷卡。,1
刀工太差了~片的鱼片都带骨头~而且还有鱼皮在上面~鱼鳞也没有刮干净~味道很一般~上菜速度也特别的慢~而且上来的3斤多的鱼怎么看都不像是3斤多~也没让我们看~椒盐的味道还是可以的~总体感觉很一般~下次不会再来了~而且价格也很贵~,0
和朋友相约去的 因为她就在建外上班。。早早的去店里完全没有人就我和朋友 也没有人搭理我们 只能说是有特色的做法 而且等待的时间也很长。。至于口味要的是中辣但是完全尝不到辣味 喜欢吃偏甜口的或者口味比较不好麻辣喜欢清淡的朋友可以选择这个,1
环境一般，菜的口味也非常的一般，有时常卖相还可以、味道就差一点，需要改进一下咯。间野开左禁耐、竟然唔可以碌卡、让人相当的失望。,0
做梦的时候夹着的鸡腿还没送到碗里就被闹钟吵醒了，lg为安慰我特地点了个姜仔鸡，本来要了个花肉烧萝卜，被偶否定了，换了个天门滑鱼，要了4个苕粉包子。菜上了后，鸡子太辣，几乎我一个人干完了，味道还不错，鱼也很嫩，但是苕粉包子等了半天也不见上，一问说没有了，只好叫了3碗饭。环境还不错，中式风格，还蛮精致，就是服务稀烂稀烂，尤其是那几个又丑又懒的女服务员,1
每次那路过，看到那门口排长队的人，就知道生意有多好了 跟闺蜜去了一次，还是下午5点去的，等到7点半才坐到位子上 排队的时候那个很健硕的服务员阿姨就催促大家纷纷点锅，连位置都木有点嘛点啊 干锅其实很有味，但是很闲，吃不到半锅我俩就受不了了 环境也不咋地，感觉脏兮兮闹哄哄的,0
"买了一块榛果巧克力的尝尝鲜,还不错额,老妈说有点腻我觉得还可以~ 外带的包装很精致,店里装饰不错。 点单用iPad~",1
差，太差。听说有这么间店，今天来试试，结果那咖喱不知道被稀释过多少次，只有一点点的咖喱味儿。而且，饭也不是热的。以后再也不会去了。,0
就在我家附近，经常去，一年四季都有排队等位的，羊肉好，肉香，不煽，还便宜；咸的麻将烧饼灰常好吃，经常买了当早饭吃；一筐福也和好，里面豆腐、鸭血、粉丝、宽粉条、豆制品都有。两个人吃的饱饱的才50-60，满100还返券30，开发票还刮出过50块钱：）,1
不错的店，简单简约，不会觉得很夸张，也不会觉得太土气 价格比较便宜，觉得东西的用料还是可以保障的 喜欢棉质料的东西。这样比较舒服呵呵,1
就是海鲜大排档，味道一般，环境很一般，一行16人，我们就是随便找了个地方吃饭，呵呵，店面看起来比它附近的其它大排档大 吃完过后，晚上凌晨两点起来就吐了，太难受了，可能是海鲜不太干净吧，也有其他人反应肚子不是很舒服，真是坑爹啊！,0
档次一的很一般隔音效果更是不好，交通有不怎么样，歌还是挺新的，适合学生朋友聚会。价钱总算是比较平易的，没有自助餐就不是太好了。,0
一家诚信度很差的网站！以前有在他家团过门票，还成；后来有次中了淘宝上的驴妈妈试用（一份西塘的旅游套餐），结果联系了他家多次（电话、旺旺……），从来都米有人接，也没有任何反馈，后来也就不了了之了。既然做不起活动，就不要做，何必浪费大家的感情呢？！ 这样没有诚信的网站，我是再也不敢去了！,0
"搬来周浦后,这家店去得次数最多了.性价比还高的,菜还有点小特色.喜欢,呵呵 常点的菜有 砂锅虎头蟹饭:每次必点,我的大爱呀~~~~~~~~~里面的饭超级好吃,蟹也蛮不错的. 鱼肚丝瓜:家人很喜欢的一道菜 韩国粉丝:又是大爱,吃过的人都说好,又便宜 海鲜面疙瘩:这个汤鲜是鲜得来,很不错,性价比很高 醉三样:很经吃 牛排:不像人家都是面粉,好吃 酸豆角基围虾:没有介绍得这么好 其它菜就比较普通了 还有就是包房小了点.",1
地方很好找，和大浪淘沙在一起的，澳门街的咖喱食品和猪颈肉是公认的好吃，每次我一定会点上。葡挞也很好吃，味道丰富松软香甜。家人聚会我们经常去这里。,1
世茂工三商场没有开多久，其他的店人都很少，唯有这间店人特别多，还需要等很久。进去后环境非常好，看的出来装修及桌椅都是很用心的，菜品特色的很多，有很多中选择，点完后服务就很一般了，有什么事叫很久也没能给办成，可能是人太多的缘故？？？？？？以后选择再去的可能性不是很大了。,1
说起来还是人家请的，也不是在东方，而是在金轮国际广场，正好是我们客户的地盘，感觉环境不错，传说中这里年夜饭都被订满，传说有点夸张，东西味道不错，酱自取，鱼滑很回味，吃饭氛围不错,1
对于在广式粥的滋养下长大的我来说实在是很一般的粥店。从卖相到味道都不怎么样。此外，服务员很不注意卫生，手指直接放到盛食物的盘子里。给我们点菜的那个服务员还特别不耐烦，且势利。总之，对于我是绝对不会想到要去第二次的地方。,0
第一次去，位置不太好找，在一个院子里。好不容易找到了进去发现店实在是太小了，弄头发的人很多，本来已经预定了，到了却被告知需要等一个小时。无语啊......,0
独门冲的自助烧烤炉子真不给力，烤的慢不说，还有2个小时限时！最坑爹的是店里放的歌曲是单曲循环，真是听到要崩溃啊！再也不想来了。。。。,0
以前碳烤焗鸡饭是商务套餐，现在都没了，感觉很不好，因为点的人多所以就排除了吗…失望…扒类的牛排很嫩，但肉质不好，嚼起来肉没嚼劲。,0
服务员大多真的不怎么样。聊天不愿意过来，慢得要死，有点事还意见蛮大，三三两两在那闲话挖苦人。菜一般。实在不想再去。,0
很喜欢很喜欢这家39元的美国肥牛肉，真的特别的好吃呢，而且饮料畅饮，很值。不过人很多，一定要早点去才有位置呢！满分,1
"汤不是现煮的, 怀疑就是微波炉热热放在锅里, 要么就是一大锅直接成出来一碗. 绿菜早被煮成很暗的颜色了, 豆腐土豆什么的都是碎的, 一团糟, 看着就没食欲. 里头的蛤蜊都是死的, 只有2个是开壳的. 肉倒是不少. 最受不了的一点, 咸死人不偿命啊.",0
囧11楼，电梯乘上去后还要自己爬一楼， 环境不错喔~毕竟是新的嘛~~ 包房不错~话筒是无线的，电视机有点小了，可能房间大了的关系。。 饮料5元畅饮，，其实一杯下去我就差不多了。。 new~good,1
主打各色甜粥咸粥 是砂锅粥 吃过很多家分店 这家服务态度较差 而且环境不好，店较小 个人觉得粥较贵 小点心量很少 不够吃 而且皮蛋瘦肉没什么肉,0
大爱抹茶杏仁暴风雪，味道真心好~ 而且不容易化，已经连续两年买了他们家出的优惠券了，还是比较划算的说~ 倒杯不撒，确实名不虚传~,1
往事如烟啊，前两次去“宁大”吃饭已经是四年前的事儿了，转眼间我老了四岁 闲话不说，上礼拜又去吃了一次，有欣慰，也有不满 欣慰的是口味依旧，不满的是服务更烂了，神马东西都是马上好，一个马上，就马到驴上了 环境很好很干净 推荐羊羔肉 凉皮 羊脖子 臊子面都说好吃，我是四年前吃的了，这回没点，忘了。下回再评价吧,1
非常烂的餐厅，以后再也不来了，沙拉巨臭，海鲜饭除了酱油和盐就没别的了，电脑坏了不是理由，人脑才坏了！,0
不怎么样，办了卡，就去呗，只能说还行，楼上说的很对，真的不如朗琴园的西甲，差的太多了，远见名苑的任何东西都让人太失望。,0
上次一个本地的朋友过来玩，去这吃的饭，据朋友说，不算地道的本帮菜，不过口感还是不错的 环境还算清雅，平常吃饭的人还是比较多的，晚上去的话，正值吃饭的点有时间还要排队,1
心情不好的时候，这里还真是一个发泄的好地方。想玩什么尽情的玩。喜欢玩枪击游戏，玩完以后心里爽多了。其他的都还不错的。,1
就在入口第一间 立马被这群可爱的冰淇淋吸引住了 冬天里面吃一根雪糕，好有趣味哦 咬下一口，有樱桃果酱 下面是有酸奶味道的雪糕 一根冰淇淋，不仅造型可爱，还能有不同的口味层次 喜欢,1
昨晚和老同事一行五人去的，下班后直接冲过去六点半没什么人的。在徐家汇这样不用排队就能吃到饭的地方难得啊！点了好多好多，已经不怎么记得菜名了，特色菜都点齐了，有个叫什么BB鸭的好像，虽不是推荐菜，但味道不错。反正像我这种对美食不挑剔，又没有黄金舌头的人，这样的味道已经觉得不错了。下次还会再去。,1
点心很别致 甜点很好吃 奶油蘑菇汤超赞~ 寿司手卷也很棒~ 哈根达斯随便吃 第一次比较激动，第二次就觉得没有那么激动了~~,1
个人觉得这家比较适合去吃早点，午餐不适合，但人还是挺多的，各种面食都有，还有粤式点心，对北方人来说，可能不会太喜欢。。。。。。,1
都不知道这星哪来的，菜咸的太离谱！再也不会来了！吃了一口青菜立刻吐了出来！太恶心了啊啊啊啊啊啊啊啊啊啊啊啊啊啊,0
好久没有写点评了，今天中午跟姐妹们一起去了观影小火锅，店家的环境蛮好的，人也不多，价格便宜，味道又好，跟姐妹们吃的特别开心，老板也很好。呵呵。下次还要去，这么好的地段，这样的价格，真的好实惠啊,1
经常去珠江路，所以坐公交的时候，就能看到这家店，上次还进去买了一大堆东西，将近50块钱的干货，我这个人比较爱吃，所以经常储备一些干货零食什么的，这家的东西还不错的说，上次买的是小核桃仁，味道很不错····,1
服务很差，点菜时说好把香锅分两份上来，最后放凉了都没弄直到跟老板说，而且做的没有香锅味，特别咸。 炒菜很一般。 点的酸汤鱼鸳鸯锅，说把鱼切段，还是整条放进去的，根本不入味。 反正是不会再去了。,0
偶尔早点想奢侈一下会来他们家吃吃。 豆浆感觉特别的纯，味道不错，油条一看就和路边的早点摊有实质的区别。 但是价格确实也是非常的贵。吃过他们家早点的包子，感觉味道还是非常的一般。 中午饭每天都有特价的，吃过一次卤肉饭。 觉得有点闲了。价格还是偏贵一些。 本人还是建议去吃他们家的早点。,1
一行12人去打边炉，呢间店九点后有九折，不过我地人多，虽然未到九点，一样磨到经理比我地打个折扣。人气几望，不过服务员反应都几慢，叫距加D调料，一直到吃完都未加到。而且调料加第二次系要另收费噶，好无语... 食物方面，个冬瓜盅几有特色，味道够鲜，虾滑同鱼片味道五错。 综合来讲，价钱有小小贵～～～～,0
环境干净清爽，价格公道，菜肴美味，不过人比较多需要经常排队。 子母锅底大锅套小锅，辣多辣少随意选择。 滋奇双味碟更是特别诱人。 菜肴分量很足，点菜时服务员还会提醒删减菜品。,1
味道真的真的很不错，材食都非常新鲜非常好，环境不错，服务也很好，各式鱼丸虾丸的吃不够。算是正宗的港式火锅了。很推荐,1
和同事去吃午饭，吃到一个硬的东西，以为是石子，吐出来才发现是个螺丝钉。找来值班经理解释，经理说是钉木桶的钉子，不小心调进去了。难道装米、铺荷叶的时候不会检查一下吗，还是说木桶洗得不干净？不过以后估计都不会再去了，怕把牙磕掉。,0
开在非常混乱鱼龙混杂的七宝乐购附近 旁边还搭了一个很大的舞台 ms是说送手机之类的 每天都围了很多人 把这家鼎茶的环境感觉衬托的很不好 买过几次吧 一次好像买的是奶茶 还有一次是北海道奶茶 价格都不亲民 味道也一般 一吃就感觉是粉冲出来的那种 服务员也都是新手很外行的那种 因为那时候是在七宝工作的缘故 所以有时会光顾那里 总体来说不怎么样 真的不怎样,0
记得很早之前去，肴源还是一个小店，那时候和朋友点2个菜就很撑，量很大，最好吃的是这里的风味茄子，做得挺赞~现在又新盖起了一个酒家，装修得上档次了，价格也稍微贵了一些，但质量没下降，最好吃的是咸肉皇~还有一个是山楂山药，山药很脆，上面浇了层山楂汁~味道很清口~~特别推荐下~,1
老字号的电影院了，r很晚去的 人不是很多。看3D的电影感觉很不错，周边环境很热闹，交通很便利，滴一次去 朋友去过说实在,1
家里经常去吃，这家店的环境很好，服务也不错 菜不会太咸很可口，做的也精致，非常喜欢 各种小吃、点心做的也很好 以后还会经常光顾,1
上个星期感冒， 自己基本上没有什么胃口， 这两天终于胃口大开了 于是朵朵就在肯德基店里面吃鸡腿汉堡啊， 肯德基里面有很多不同口味的汉堡， 不过还是最喜欢的汉堡还是麻辣味道的非常的不错的哦,1
有可能是因为我背着书包去的关系，感觉很不好。 从洗头到剪头发到结账，态度都不怎么样。发型师叫我染头发，我说不染，之后就开始加快剪头发的速度了，草草了事。 去了一次我不会再去第二次了。换句话说，如果我不背书包去，他们态度肯定不一样。这样的店我情愿不去。,0
我们宿舍聚餐去的鹿港小镇，特别适合女生的小型聚餐。价格偏高了，而且菜的分量特别少…可是真的很不错！！尤其是港式奶茶特别浓郁正宗，菠萝油条虾简直是极品~~至于甜品，都特别精致美味。另外，卤肉饭和那个台式炒面混合在一起很好吃哦~卤肉的油太多了，可是像我这种不吃肥肉的人都吃的停不下来。总之是非常好的美食体验！,1
这个和清华边上的宴铭园应该是一家的，我看招牌上正面写着宴稼厨房，反面的似乎还是宴铭园的名字没改。菜色什么的也差不多，不过这种大店里吃饭，往往就很难吃得到如意的口味，排场比较大，吃起来，没有很深的印象了。,0
同样的价格比不上其他餐厅，明明点了很多菜，服务员却只上一半，以为可以忽悠我们，没有吃完的菜还让我们一定要吃完，不然他们要挨骂，既然你做的是自助，就要让顾客吃的够，不然你就按点菜来好了，厨师的水准也一半，偏咸的提醒过以后照旧，不会再去了。,0
老公单位发的票子，某天逛街累了，跑进去休息休息，挺久没吃哈根达斯了，原来涨价了，我out了，跟不上时代了要，呵呵~ 点了双球的，香草跟抹茶口味的，香草的味道很浓郁，好吃~抹茶味有点味苦，不过味道很纯正~！果然贵的还是比较有道理的呀~！,1
去动物园起晚了，所以现在这里解决了午饭，味道说不上多好多不好，都是很普通的家常菜，味道没有什么特别出彩的也没有什么难吃的，也有可能因为是周末所以人很多，11点多就要等位了,0
7个人吃了15k。算是比较贵了。 蟹的烹饪方法的确非常独特，味道也不觉得油腻，比较适合我们上海人的口味吧。 但是一顿吃下来，还是觉得其实没吃到什么东西。 虽然味道还是很不错的，但是觉得在这里吃饭其实还是排场大于口味的。,1
这家真的是挺失望的，名字叫烧仙草，实际给的是嫩仙草的。。。买了一杯吃了发现是嫩仙草，问服务员为什么不是烧仙草，服务员竟然说这个就是烧仙草，只能吃瘪了，里面还有薏米和金薯丸子之类的，真的只能说很一般，以后也不会再去吃的了。,0
吃了三次，其中一次是团购的。感觉一般，菜的味道还行，就是太重了，每次吃完都感觉咸了，回家之后只好猛喝水，所以以后基本上不会再去了。,0
难吃难吃 我不挑食的人 上次吃了一次 简直不能理解带我去的那个人怎么能吃的下去 桌子又油 环境又差 再也不会去！,0
"超喜欢他家的红油水饺!!!虽然一份也没几个,而且肉馅少,可是真的很好吃,只不过这次吃的厨师加胡椒粉的时候多加了点.咸死我啦啦啦~~但是还是推荐~~ 其次就是担担面,这个第一次吃的时候就爱上了.这次来也吃啦.看起来很不起眼,搅拌一下好美味呢.也极力推荐. 兔头这次LG吃了个(我害怕吃),不过感觉不是很新鲜.端上来的时候也是用微波炉加热了. 用了DP的会员卡,消费了50元,真的送了份价值6元的小吃哦.我要的是豆花.嘻嘻.还不错.",1
酒店的地理位置不错，在徐家汇万体馆，交通非常方便。酒店环境、服务都不错，就是有些老旧了，去的时候游泳池在维修，有些遗憾。,1
电话的前台冷冰冰 按摩师手法奇快 提出异议吧她还说这是她的性格 根本不是放松的保健 着急忙慌的给抓了一遍 让人从心里到身体都难受 这里很差！！！ 绝不去第二次！,0
"和朋友一起去的,第一次吃这样的蛇肉火锅,味道还是很鲜的,店的环境一般,但是生意很好,地方不大,调料不错,有点特别,其他的跟一般的火锅店差不多,里面的蛇经饭不错,不要发票的话可以9.5折.",1
原来，花哥已经上点评啦？超喜欢的，整个舟山东路，就这一家的红豆牛奶冰，牛奶龟苓膏好吃，呵呵，冬天的话还要爆米花，有天晚上12点，发现老板还开着门，好敬业哦,1
店员很热情，只要进店就会让你试尝，我喜欢猪肉脯，那个好吃，每次都会买10片。妈妈也很喜欢吃，他一边烤，香味扑鼻。只要走到B2就会进去兜兜看看买买。,1
如果是自己吃，建议大家就不要自己掏钱去买这个不值了。 味道普通，环境普通，海鲜普通，服务普通...两个人花了四百来块钱真没一道菜给人留下一丢丢深刻的印象，毫无特色的海鲜馆，可能门面从外头看着比较唬人，不出意外的话今后不会再来了。,0
2011年的最后一天，我也奢侈了一会，180块100克的松露，买了17种的口味，再加2个盒装的巧克力豆，一共552，拿回家给爸爸妈妈吃，他们居然说没什么特别的，好吧，我也承认我也没有吃出来有什么区别，基本是不会再去做葱头了。,0
非常差，上菜慢，包间很冷，东星斑蒸得又老又腥，服务员态度恶劣，连山西最普通的刀削面都很难吃，不知道这家的高评分怎么来的！,0
这个算是老牌子了，对他们家的眼睛什么的都还听满意··‘ 上次我就在他家做了一副，后来我朋友在也想换我眼睛，呵呵呵,1
算是很正经的大餐厅，服务到位，菜品口味很正，环境不错，这都是优点，缺点就是相应的价格偏高。个人感觉，酸汤鱼并不是推荐菜，其他随便点个菜口味都好得很，比如长寿菜、炒软哨，都不错。,1
有个服务员长的特别像高圆圆，而且记性很好，去了都认识我们，呵呵，菜很好吃，环境很好，服务周到，喜欢他们家的口味，好吃的菜太多举不过来了，呵呵,1
晚上六点半到的，要排队，人多，环境不好，两张桌子排的很近，谈话私密性不够 想吃港式茶点的，但是只有下午两点到五点和晚八点以后才做。。。,0
燕子屋是高消费的地方。不过燕窝本身也是价格不菲，服务较好送货上门，味道做得比自己在家做的好吃多了，现在好便宜，,1
服务不错，人均55有点打不住，我一个人就将近200，点的都是菜单上最便宜的！口味也不错！推荐鸡汤鲍鱼！,1
最近喜欢上他家的奶油香蕉面包，长条包中间夹着完整的香蕉和奶油，两头裹着酥皮巧克力，好吃超值.....价格才4块.....用会员卡还能打折.......,1
因为吃好饭想消化下，就去了这家掉娃娃，就在隔壁，然后发觉这里的机器真的是不行哎，基本上都是坏的，那种小娃娃的爪子是根本就抓不到的，还有那种5格的貌似刚开始就只能选2种一刚，反正就是非常失望啦，哎,0
同学生日的时候在里面买了个蛋糕 具体名字忘记了 买来才注意到原来是巧克力冰激凌蛋糕 味道很不错 环境也还可以 还是满喜欢的,1
东西越来越少了。以前的石锅拌饭挺多，也能吃饱，这次和老公去。我以为自己看错了。那石锅拌饭就锅的一半。越来越差劲了。物价上涨，什么都变少了。,0
奶绿+抹茶珍珠味道很好... 现在天热就改吃木瓜冰冰乐了...味道也很嗲~ 我妹妹超级喜欢吃牛奶冰~ 以前热中于草莓的~现在改成蓝莓的了~ 蓝莓没有草莓那么那么甜!,1
鼓楼南大街永远有两个商户门口排长队，一个是卖点心的，还一个就是这个炸糕店 馋得不行了，中午从五道口大老远跑过去，大冷天排了半天队终于到我了 一个炸糕一块五，于是买了六个 趁热尝了一个，还不错，跟驴打滚的材料一样 估计就是炸了的是炸糕，不炸的卷起来就是驴打滚 总的来说还不错，看好多大爷大妈一买就买好几袋！吃得了么。。。 排队要做好心理准备，可能一个人就买几十个，把一锅买完了您就只能等着了,1
真的一般般，吃了这次不会想去吃第二次，人手太少而且服务员傻傻的，问怎么还没找钱竟然回答说会找的，一脸不耐烦。烤鱼29但就值这个价了，鱼没有电视上大，一斤左右吧，还点了个金汤肥牛，酸不拉机的很难吃，量也少,0
不好，朋友在这里剪得，说剪得很差，想想也是，好的发型师怎么会到唐家呢，都在市区呆着呢，市区人多客流量决定着呢，想想，对吧,0
以前味道一直还行（不过我觉得最好喝的是金轮下面那家），今天买了杯布丁奶茶，看她做的时候放了一勺奶粉，当时没注意，喝的时候奶味超级淡，是coco里喝过最难喝的一次，我立即就跟它说味道淡，（同时另外一杯沫向奶茶也超级淡）让它重做一杯，它就做了，一边做还一边说再做也是这个样子，我拿到手后喝了口，还是一样的淡........我不知道到底是它做的失误，还是变抠了不肯放奶粉了..........以后再也不在新街口地铁站买了！！！,0
我只能说 这里的房间好小呀 地毯个人觉得看着有点恶心 颜色属于看着就很脏的那种 卫生间也小 相对经济型酒店 我还是倾向于其他几家了 不过崇明好像这样的酒店不多 在八一路上算是方便的吧,0
吃过那么几家瓦罐汤的店，就数这家最差劲了。 作为主打的瓦罐汤，很油，有一股油油的味道，不够清纯。 菜式做的非常普通，品相不好，味道也很一般。 和cocopark滋味堂那个瓦罐汤那是没法比了。,0
下午事情做完就无聊了...然后困了...然后同事就要请我喝星巴克了... 本来想买最爱的可可碎片的，同事说天冷了一定要我喝热的... 然后我就很听话的点了布蕾玛奇朵...然后我就后悔了... 很奇怪的味道，喝着喝着我喝出了塑料的味道.... 果然新品不是一般人可以随便尝试的啊.... 以后坚决可可碎片星冰乐！,0
小南国应该算是桂林当地比较有名的吃饭地方 但是这家店里服务员的素质实在让人不敢恭维 端菜小妹还算好 但是前台的工作人员哦 此处还是省略几百字吧 总之这是在桂林吃过的最差劲的一个地方了,0
犹豫了很久。 还是决定喝这个。比较健康吧。 朋友点了凤梨猕猴桃 我点了酸奶加木瓜好像。忘记了。 反正味道都不怎么样。 感觉味道怪怪的。 不过健康吗,0
11月12日21点多去吃的。 味道不灵，淡难吃。 最关键还服务不好，偷偷白了我们好几眼。搞不懂来。 反正不再去吃了，芒果也很生不入味,0
桂园潮丰牛肉店的汤果条，汤清甜而不腻，比起深圳同行其它所谓的驰名商店好吃多了，价格又实惠，10块钱就有的交易，份量足，味道好。火锅的话，也是蛮可以的。不过本人比较喜欢去哪里吃，牛杂果条。声明本人绝非托，只是一个牛肉爱好者。,1
非常难吃，极度怀疑里面的上座率都是做媒的！就连做招牌的乳鸽都好难吃！大家千万不要去！！！！！！！！！,0
21元是团购的人均价格。团购前去吃过，人均一般60元朝上，味道可以。这次团购点了一份A套餐，里面的牛腩和以前单点的做法也不一样，团购的菜说实话真的是很差，花这点钱我还情愿叫客饭的。几个菜还有股怪味道，汤也有股怪味道，也没敢喝。看到这样的菜，我都不高兴另外点，觉得浪费钱。,0
实在是很失望。 一直觉得北京说到吃水煮鱼就是沸腾鱼乡了。 上一次去还是n多年前，可是再去感觉味道很淡，鱼肉很少，还很烂， 真对不起这个价格啊！！！ 以后不去了，开发别处去。,0
环境太差，菜式不多，服务态度也不好，以后不再去了。而且不能用点评积分卡的，一点也不爽，换张吸油纸还要1元钱的，从来没有遇到过,0
地道的本帮菜 包间很宽敞 老妈红烧肉算是特色菜了吧 反正我是很喜欢 吃起来很香 不油腻 毛血旺辣度适中 刚好和我的口味 特色牛排倒是挺一般的 其他的菜总体印象都还蛮好的,1
哈哈，宋老师，我来帮你顶顶 我是在蜜室的徐汇店做的，算是家庭式的，装修是不太好。但是服务还是不错的。没有推销，做的也很认真。效果也不错。宋老师人很好。 马上要结婚了，所以第一次我就买了他家的瘦身疗程，达到了一定效果，还买了卡。慢慢做呢。 哈哈，最主要的是平时张妹妹会定时电话我督促我去做脸，我实在是太懒了,1
想吃饺子，进去了，一进门就是一奥运火炬，墙上贴满韩庚的照片和海报，柱子上满满的留言条。才知道是韩庚妈妈开的··· 大家都举着相机拍照 饺子很咸，梅花饺子咬第一口就是沙子，一盘子就浪费了。 菜一般般。上的很慢。 服务很不咋滴 可能更适合庚迷们追星。,0
公司组织旅游来着游玩。。很安静很舒服。。很老人家很喜欢来这里。。听说是什么广东4大园林之一。具体是不是就无从考证了。。位于番禺。。养了很多金鱼。。不知道是不是经常给人饿。一喂就一群围着。。。这里也是摄影的好的地方,1
很小的一个房间 里面放了 几张桌子 感觉有点挤 但是 看着仿古的木桌还是蛮有感觉的 羊肉 虽然是冷气的 却很嫩 里面的大桌子 居然都被预约了 生意还是不错的 不错的一家老北京刷羊肉店,1
慕名去吃的 实在是不怎么样 那个汤是很鲜，闻起来很浓厚的可是，总觉得有点假 。太香了点了，家里熬的土鸡也没这么个香法。就怕是添加剂啊。,0
有些小贵，只能说难得吃吃还是可以的 最喜欢的是红烧肉哇，做的还是非常入味好吃的，其他的印象不深额。。。 熏鱼感觉一般吧。。。,1
今天走到附近，发现开了一家COSTA，决定去坐坐。门口就看见两个沙发坐空着，我和BF兴高采烈的奔进去。结果，我敏感的BF的鼻子，问出来不对劲儿了。装修味道很重，待了一分钟，我俩实在受不了了，没喝，就看了一下就走了。所以别的不做评价，装修的味道，能去去吗？要不，根本不是咖啡香，就是装修的油漆味道，。没法让人愉悦！,0
中午在这里喝茶。点心、茶点出品很一般，特别是萝卜糕，有一般酸味；骨腩粥，太绵，还很多油，感觉不如白粥更好。茶位还要3块一位。 这次是偶尔经过而已，以后肯定不会再来的了，无论喝茶还是吃饭！ 另外，索取发票时，还要你去某层的办公室！分明是制造困难！,0
店小，东西款式少，价格不便宜，去了几次都扑空。电磁炉没有几款，营业员对产品性能不熟，不专业！以后再也不会去了的，买不到想要的东西！,0
环境好玩罢了，餐厅在转。。。这个自助的味道真是。。。咳。。。完全不值这个价。。。188套餐送中央电视塔和海洋公园的门票还比较值。。。,0
整体环境还不错，吃得是150元/位的自助，生的食材还是比较新鲜的，但是煎鳕鱼有的时候会觉得老，没有味道。可能因为是自助的原因，东西要第一遍的时候比较快，第二遍基本就得催了。,1
还有比他们家更难吃的西餐厅么？ 带着姥姥一块去吃 那猪排别说我姥姥了 连我都咬不动 披萨没味道 意大利面硬的跟钢丝儿是的 绝对不会再去了,0
"08年和09年在这里健身~~~后来09年下半年开始桑拿房就不开了,开始说是坏了,维修,之后1个月过去了,找前台投诉,被告知说其实没坏,就是没开,如果需要的话可以帮我打开~~~实在很无语....后来卡到期了就没续办了,觉得这家店太不厚道了!刚才看见别人的店评,发现桑拿还是""被坏""中呢~~呵呵,真可笑!",0
南大的老楼，标志性建筑，以前经过的时候后悔没拍个照。。等有机会去拍拍爬山虎，很有感觉。老楼里还很凉快~,0
自从味千的骨汤门曝光后，很久没有吃味千了~人还是很多，味道还不错，服务员反应有点慢，面都吃完了，点的小菜还没有上。点了一个蜜桃乳酸的饮料，满满大半瓶冰块，黑啊,1
去过麦凯乐的 感觉就是一般般吧 还要提前结账 败了 就是离得近 有时候还是回去 不过以后如果方便的话应该是不会再去的了,0
天津市号称万国之城 尤为值得一提的是五大道 也是来天津这边旅游的必经之所 玩景点也好 玩文化也罢 都要数得上这里了 拍写真、婚纱的不二之地 很多的饭店 西餐、中餐、酒吧 让五大道越来越商业化了,1
和我家还有学校那里的比差太多了吧！好难吃啊...笋尖完全没有味道......牛肚咸的和吃了盐巴似的。,0
环境朴素，价格公道，口味正宗~ 两个人点了三个菜，吃得超满足~ 土豆饼：釜山料理没吃到，在这里补偿 鸡蛋卷：挺健康 泡菜火锅：量很足，有泡菜、金针菇、拉面、五花肉、菌菇、老豆腐,1
以前坐车经常路过东方路的那家，去吃过几次，味道不错的，要排队 没想到偶尔路过五角场，这边也开了一家，也是生意兴隆啊,1
枫泾镇上气势最强酒店，菜的滋味不错，不像一般大酒店的大锅菜那么样每个菜子，都有自己的安息特色而且因为是近郊的关系，蔬菜更新鲜，鸡更有鸡味，还有很多乡村小食。,1
陷料足 外皮比较酥脆 品种也不少 价格不贵 最喜欢吃照烧鸡腿的 其他的感觉一般 但门脸儿不大，很好找 生意挺火，晚上买还得排队,1
墨西哥辣酱芝士。。。。味道比较奇特。。。 一定要乘热吃，不然冷掉会很难吃 薯条铺在上面，下面其实都是酱 个人还是觉得，薯条只能配盐吃啊！！,0
兴冲冲的跑过去 点了传说中的黄鱼煨面 黄鱼只有一点点 汤虽然是白色的 但感觉并不是鱼汤一点也不鲜 价格倒是不便宜40一碗 毫无性价比 炸猪排一点都不香 嫩肉粉放了很多 失去了原有的味道 服务很差,0
新开没多久，所以环境很不错，每次去了都不想回家，虽然很多游戏还不是很会玩，但就是这种状态才最容易上瘾,1
慕名而来 就是为了玫瑰香草慕斯 店里的环境不错 人还不少 有蛮多小点心的 稍等了一下 我期望已久的慕斯就来了 很漂亮 也很好吃 还打包了些小点心 朋友们都说很不错 所以很开心 下次一定再去 多试试其他口味 店员也推荐了几种 很感谢哦 嘻嘻~,1
"朋友介绍进入这家店,我觉得店的服务,卫生很好,服务员也非常的热情,经理们招待很周到,我很满意.下次我还会去这家酒店,我支持这家店",1
所谓“俗者食味，高者怡情”美食的精髓莫过于此，就餐需心情需环境更加的需要高雅的情操。传递美味需美食者齐聚一处。金香玉独特的中国风之气质，新派美食之韵味。必定会赢得‘食’尚男女深陷。相对的那一抹深情对望。爱之切切，在金香玉。聊之愉心，在金香玉。食之精神美味，在金香玉！在这里，续一段美食之缘！QQ群：92894312,1
就在公司对面，所以经常来这边，很方便，味道也还不错。喜欢这里新鲜的水果，服务员也满热情的，下次点评能不能来个团购啊，我要多买几张，哈哈。周末的时候叫上几个朋友一起来聊聊天也满不错的。。。,1
朋友滴男朋友请客去吃的 门面挺小的，位子和位子之间的距离很近，所以有点点吵 不过一群疯疯癫癫的朋友去太安静的店倒也不适合 点了挺多额 猪颈肉味道很不错~如果再烤得焦一点点就更好啦 菠萝饭第一次吃~很新奇，装在一只很大的菠萝里，里面的菠萝很好吃 最爱的就是那个咖喱蟹啦~~咖喱的味道很浓郁，拌饭特别好吃~~ 点甜品时候点的椰汁西米糕，上面是椰奶味的奶油兮兮额东西下面是西米露，好吃！ 价格有点偏贵，7个人800呢,1
和姐姐去过一次，牛排挺不错的，价位也还可以接受，不过冰激凌不怎么好吃了，偶尔去吃下还是可以的，希望大家多多光顾了，好多家这个店呢。,1
去过很多次了 老板和伙计很爽快 每天18：00才营业 食材都是当天最最新鲜的 必点扇贝 鱼豆腐 牛丸 椒盐蘑菇 烤翅 生蚝 听说小店年底要搬家 最不舍的就是这个老北京小院儿,1
去三里屯看电影的时候在这吃过一次饭。 服务员推荐话梅骨。这道菜确实不错。 其它菜的话，没有什么特别的。价格比一般的茶餐厅都贵一些。因为地点原因吧。 环境还不错的 说,1
店面很NICE 特地还拍了照片 特别想吃的东西 结果菜单上都 显示 停止销售- -真无语吖 起司蛋糕很诱人 可惜当时 不方便买 于是买了杯奶茶 热饮 乌龙珍珠奶茶 味道真不咋地 不过包装真的很卡哇伊 只能一次性消费吖 补充一句 那个奶茶 还是小杯的..........这价格 鼎茶都超大杯了,0
环境真的没话说，很宽敞气派，桌于桌的间距很好，既闻不到隔壁桌的烟味，也听不到周围人的谈话内容，洗手间很干净整洁，喜欢每间都有镜子的设计，洗手间的门隔音也很好，门一关里面听不到吵杂，而是静静的音乐。 生意好的没话说，排长队，叫号。 茶点其实一般般，牛肉肠粉像净肠，叉烧包虽然松软但是叉烧好少。。。其他的也不大记得了,1
主打广东菜，菜单上好多不是粤菜。烧鹅是微波炉加热的，一看就没动筷。白切鸡花了点功夫，可惜原料一般。炒河粉的水平太差，价格与出品不相符，吃环境了。,0
昨天看电影，节省时间，就吃赛百味 要了照烧鸡+牛肉的，正好特价，貌似牛肉的好吃。 一开始还在纠结要不要吃，当时还有空位，逛了一圈回来， 位子都快满了，只有收银台隔壁的位子。 可以免费续一杯，带走看电影喝。,1
那回中午我和老公去，想吃扭扭薯条，就让老公去买，买回来一看，都是碎的，就是没有长的，也没有扭扭的样子，都是短小的，有的根本就是剩渣子，当时挺生气的，指责老公，他说买的时候是带走所以也没看，说回去换，我想就算了吧，十块钱不想丢那个脸，再也不去了,0
看完电影出来已经1点多了，托着饿得咕咕叫的胃四处觅食。转了两圈，最后还是进了这儿。早已过了饭点儿，人很少，挑了个舒服的位子。鳗鱼蛋饭味道一般，加了鸡蛋就减了鳗鱼的量，汁也不够多，基本是就着酱油吃的。还是推荐鳗鱼饭。可惜现在特价鳗鱼饭只有周一到周五提供，有点小气呢... 刺身双拼在搞特价，58/份。对生的都一般，就没点。 其它也没什么特别可圈可点的了。,1
礼拜六晚上 在龙之梦不用等位 还有空位的饭店 估计很难找到了 这就是其中之一 菜谱上云南菜很少 都是改良过的普通家常菜式 点了20元一份的过桥米线 上来一看 真的不值啊 碟子蛮多的 可惜里面放的菜有点坍台 不值这个价 汤不够烫 蛋放进去很久才成型 而且蛋黄还是生的 鸡汤味道吃起来还算可以 不过里面味精蛮多额 吃过之后很容易口干 然后么桌子有点粘乎乎的 服务员么老是挡在空调前面自己吹空调 不给客人吹,0
2010年的时候去他们店里找经理，随便在那里吃了个快餐。吃的很郁闷。那些肉都是生的。或许是我们南方人不习惯。是自助快餐，又不敢倒掉。还有些水果，好差的水果做的。地方是很大，但食品很差。环境修地铁影响，要不然也还可以。,0
杨胖子的烧饼有不少家呢，虽然不是在这里买，但是还是点评在这里好了，省了再加商户，好麻烦！ 烧饼一般都是5毛，麻酱的、芝麻的、油酥的还有带各种馅儿的烧饼。 都不错，还是喜欢没有馅的烧饼，馅儿烧饼里面都是花花绿绿的，看起来很可怕，那么鲜艳的颜色。 这里的甜麻酱烧饼很好吃，麻酱味道很浓，甜甜的很好吃！ 早上去的早本来想买芝麻烧饼加鸡蛋的，可是买的时候芝麻的没有熟呢，只有馅的和这个甜麻酱的烧饼，烧饼正好新出炉，还是热的！,1
我是看了点评网才慕名去的 结果太失望了 环境差 感觉店好烂了 坐下来点了餐后发现竟然有蟑螂 而且不只一只 ==！ 一个餐饮店连基本的卫生都这样 真让人倒味口 炒面一上来 我就无语了 一团团的都粘在一起了 看起白惨惨的 就让人没食欲 朋友点的盖浇饭又太咸 炒的西兰花洗都没洗 上面都是小虫 让人怎么吃嘛 太太恶心太太失望,0
十一时候活动很大 说去买电脑 转了半天 觉得一个服务员的态度还可以 就卖了华硕的 第一天回家以后使用发现按键不灵没驱动 安装没用拿过去了 到他那里开不开机 花屏了 我说给退了吧 质量问题 不给退 闹了半天到经理室 也不给退 明明这样就是质量问题还要自己去检测很垃圾 就给150误工费 回来以后说给我们添麻烦了 买别的给优惠也没优惠 后来去的别的地方 在这里很投诉2层有个女经理很傻比 建议别在这样的店买电脑好多都是就一台 质量很不好,0
早上千里迢迢跑来这里吃~ 因为男友在微博上看到这家店。 不过倒是真的吃的很满足。 吃了糯米饭、馄饨和拌面。 味道很不错，哈哈。我喜欢这样的早饭。 店面装潢不错，很大一家店。听说有很多人，我们去的时候八点多，还好，并没有什么人。 第一次吃，感觉不错哦~,1
现在菜场附近这样的摊很多；这家是小夫妻两个人。下午3，4点就会出来摆摊，素的7.8元一斤，荤的22.8元好像，但一般荤的卖的更好呢。很多人没胃口就买来下饭，也有下酒的；我呢很馋，经常称点素的才几块钱，各色的材料，香菜，花生米这么一放，真的好赞。很四川的风味，很实惠，不过卫生状况就有点。。。 所以荤的我很少买，嘿嘿。,1
在月浦算得上数一数二的 重新装修过还不错 我们定了个包房 冷菜个个盘子超大 菜少的要死 是点菜的人点的不好 豆腐桶就点了3个 牛排 肉夹馍味道都满好 13个人才吃了600+,1
吃得很烂，其实要说人均40真的不贵，但真的不是物超所值啊，要是在这里吃，还不如去不远处的吉野家呢，再也不会吃了,0
又一次被错误的地图害了，不在现在点评网的地图位置，要顺着南坪路再往东偏北走，过喜来登酒店，已经快到龙门路的地方了，差了将近2公里的距离。 另外，不是自驾车去吃的话，回程就麻烦了，出租车很少。 环境不错，菜色不错。,1
在团组织网上买了一张55的优惠券，金椒深海无刺回鱼锅+凉拌毛豆+藕片+千张皮+功夫面一条+冰爽酸梅汁一扎，味道真的很一般，分量不算多。 主要是服务很差，券是要求预订的，我周一预订周五的晚餐，还要告诉我不一定有位置。等去吃的时候等了很长时间。 再也不会去了！！！,0
恩，一颗巧克力20元...一根巧克力棒棒糖要68...更雷的是我居然还买了...= =...好吧，本来想去买两个马克隆吃的，后来店员说非常好卖，前几天就卖完了...我们很郁闷！下次再去买买看！,1
和公司的同事一起去的。点了一桌子吃的，不过感觉有点太腻了，可能因为我们点的都是甜的，吃到后来剩了好多，浪费了，其实味道嘛也就那样啦,0
我知道玉石很贵，那是经过时间的磨练，才珍贵，可是琉璃不是人工的么，竟然也卖那么贵，好吧，说他做工复杂才卖贵，我无语，可是做的人没有一点美感，就等于一块玻璃，有些琉璃的款式一点没有美感，灯光打上去而已，所以要买到话，睁大眼睛了 玉石戴就了会圆润，琉璃会么？？？？？,0
餐具感觉不是非常干净，湘菜馆，味道中等偏上一点，价格不便宜。有一道干锅鸡，辣至极。酱香鸭非常难吃，强烈建议别点。海带有漂白粉的味道。铁板粉丝包菜、小炒肉和金针菇是今天点的最成功的菜。剁椒鱼头、窝窝头还可以。服务态度极差！服务员不怎么甩人!点个菜要叫半天！,0
特别记忆就是那个鱼头，很好吃，肉也很多，和蟹肉似的，服务员当时极力推荐，果然不错，环境也还算清静，不过地方不算很大。,1
以前上学的时候总去，离学校近。 她的冷面不错，寿司也不错！！ 还有海带汤，炸蔬菜，都挺好吃的。 环境相对来说也不错。 挺怀念的，现在毕业了，偶尔也还是会去。,1
肉越来越小了 价格么越来越高了 哎 以前小时候最爱吃了 现在有点失望吧 最爱原味鸡了 特别是三角哈哈都是骨肉肯起来超爽,0
因为就在家附近，过来很方便！元宵一个人在家所以来吃碗面~服务态度一个比一个冷淡！像我欠她多还她少一样！从来就没觉得这家店的服务态度好过！大过节的有必要吗？讨厌~！还有她们店长，总是穿着自己衣服在店里晃来晃去！无语到极点！！！,0
朋友请吃饭离得进就去了，就是一般烤肉的味道吧 ，肉挺新鲜的，吃的挺好，但是没什么特点，不知道是不是自己点的东西不对，没觉得不好，但是也没什么打算再去了,1
今儿是优惠券最后一天，买的68元套餐，面感觉吃不了是中药味儿，牛排还可以，里面人不多，听清静的，对于68的套餐价钱还可以，要是148的话很不值,0
一家环境不怎么样的大排档，但服务却相当好 我等位等左好耐，都系想食佢噶椰青粥水底火锅 要左两斤蟾蜍，一斤黄牛肉，仲有炒牛河 味道就一般般啦，价格好抵咯，建议黎试18式蟾蜍,0
中午出来早饭也没有吃，想随便吃点什么然后去逛街，就选这边了 这边的米线做的不错，麻辣牛肉米线做的很辣，味道很好。吃的时候还呛到了,1
很差的一家店，下的点评优惠券去了说要当天下载的，点评的优惠券用到现在我是第一次碰到这种情况，明明上面写着有效期几号到几号的~然后手机下载好了满百抵二十的居然一桌还只限用一次，优惠券说的是每桌限用一条短信而没说限用一次！然后更气人的是好不容易用了优惠券只抵扣了区区20块，还说特价菜要变成原价！真的送不起就不要送坍台伐！！！,0
拉面最好吃，小碗9块，大碗12 第一次吃的拉面特多油，导致味道醇厚，麻麻的味道充斥口腔，够味，结果第二次吃发现汤变清澈了。。。味道自然没那么浓厚了，可能是每次加汤的时候赶上的口味都不一样...不过还是蛮好吃的，面软软的，肉也给的不少。 炒面片15元，够量味道也不错。,1
这家花店花的品种还是蛮多的 我蛮喜欢他们店的摆设 给我们的感觉 就像来到了 花的世界 淡淡的花香味 感觉很舒服的,1
性价比比较高，吃了这感觉上海菜还是挺好吃的，很合我口味。不过这做的川菜就不要提了，点了个水煮鱼完全不入味。但是其他的小菜就很好吃，鹅肝完全出乎我以外，非常好吃。螺丝卷好吃，很顺口，鸡汁肉皮很和我口味，感觉放鱼翅进那鸡汤去熬，也是一样好味。不过没电成蟹粉豆腐，下次再去。,1
去附近玩，晚饭就在这里解决了，桌椅摆放的很拥挤，不舒服，谁让现在租金贵呢，每一块地都是黄金，服务员态度一般，没有正规的服务用语，不是宾馆嘛，马马虎虎了。上菜速度还可以，不过菜的马相不太好，还没有家里面烧的好看，口味也一般性，汤也没有烧出其中的滋味，感觉像烧开就上桌了，厨师肯定没有用心烧，大概老板工资给的太低了，心情不爽！！！炒菜有点太油，大概故意放多了浪费！哎~一般性啊！,0
朋友小区新开的小咖啡馆儿，非常不错，值得一提的是老板人非常好，非常友善，制作咖啡的全过程都是可以看得见的哦，一切有关咖啡的问题都会非常耐心的帮助解答：）咖啡味道也不错，环境也很幽静，很不错，下次还会再去。,1
来了长春就听说这里了~那天心血来潮就去了，人是真的很多，接近下午1点的时候去的，结果还是很多的人，正厅里面都没有坐，结果最后被安排到靠近后门的地方，有些阴冷，所以觉得有些不爽~ 因为只有两个人吃，吃不了很多，只点了一份水煮鱼，还有一个素菜，水煮鱼真的很不错，平时我都不怎么的，但那天还是吃了不少的，回来之后还总是觉得意犹未尽~哈哈~ 个人认为吃川菜配酸梅汁是很好的选择，不会觉得油腻~不过我倒是喝不出什么区别的。。。,1
是个老牌子的店了，过节和家人一起聚聚，蛮适合老人家的口味的。 冷菜蛮精致的，热菜很有以前的味道，吃了很开心。环境服务也不错。,1
公司聚餐跟老板一起去吃的，6个人900多，虽然说是川菜馆但是口味到北京怎么说也是要更改一些，酸菜鱼很不错，汤很好喝，胡椒的味道正合适，菜量总体还可以。以后有机会还会再去,1
有点失望。 也是20家之一。 但是味道不如附近的保罗。 只能说是烧得很一般的家常菜，和自己家门口小店差不多。 有点期望过大了。,0
很好第一个健身中心 里面的教练很多弄的样式也很多的 我们都喜欢来这里 晚上的时候做下运动 发挥下自己然后放松下自己,1
除了便宜，大概就真的是一无是处了。。。 报道里揭露的怎样怎样可怕的油或是什么的看了总是触目惊心 便宜没好货，总还是有道理的 很久以前吃过一次，便决定再也不会要有第二次,0
"去过这家店两次.第一次是4个人去的,花了170的样子,味道还可以,整体感觉还行,就是人多的时候上菜的速度非常慢,最好一次点完,后面要加菜的话会等很久. 第二次去比较郁闷,开始说要辣椒,上来个土豆非常辣,辣的不行,我自己算很能吃辣的,都受不了,就跟服务员说少放点辣椒,结果沟通不顺还是怎么的,后来上的一点辣椒都没放,味道很不好,吃了几串就打包走人了. 第二次去完就再没有去了,对这家店有阴影了....",0
玩桌游大部分会在这一家玩，环境感觉不是有什么特殊的地方，主要是这边交通方便，坐地铁直接过来，在一个就是游戏种类多，有挑战... 战争类的游戏我是不怎么喜欢玩的，谈判类的比较喜欢，角色扮演的也喜欢 智力游戏玩的少，因为本人智力不怎么好，没有爱因斯坦那么发达的头脑.. 店内的饮料是畅饮的，服务还可以，会主动过来加饮料,1
春节搞活动去的，用电影票加一块给一听可乐和5个币，新开的所以环境很干净。设备也很新，比较喜欢玩鼓和沙狐球，其他的实在是不会玩。,1
环境很有异域风味，服务态度不错。口感偏酸甜，但还是比较爽口，适合夏天没有胃口的时候尝试一下。泰酱茄子外酥里软，酸甜爽口，味道不错。芝士紫薯分量还比较多，很香很喜欢。牛蛙煲配菜多了一点，牛蛙不是很多。另外点了一份小扎的蓝莓汁，好喝~~~,1
還是喜歡兜老興旺2樓3樓~只要是上海小姑娘幾乎都去兜過餓~隨便穿穿還是可以的 不過最近衣服價格也很辣手的。。還不給還價 今天剛買了2條連衣裙。。媽媽說不值這個價錢。。哎！不過附近吃的蠻多的~,0
这里离家最近，去的次数很少，这次去觉得变化不小。可能是开业一段时间后，整体磨合的不错，服务员的服务意识也上来了，菜品也很新鲜，花色也很多，和世贸天阶店的差距在缩小 这里的水果和冰激凌不错，甜点也很好，鱼生还行，就是没有螃蟹腿，遗憾啊！！！！,1
以前总有去的，后面开了分店，总感觉味道有些差了，人也没有以往的多了，不过我还是会偶尔去一下， 烤蔬菜类的都还好，本人还是喜欢烤鸡翅和鸡胗，每次都会捎带点一些，都习惯了,1
看ls的点评，要关啦啊? 以前899办的一年半的卡，便宜吧。后来要和朋友一起健身，我介绍过去的，会籍顾问说送我仨月 可是后来发现没送，会籍顾问流动大，连人都找不到啦。 惠东店开业后，就去那边了，所以也懒得跟他们纠缠了 这家店老，所以器材不怎么样，上午来的话人少，还可以，晚上连跑步机都占不到 好处是有游泳馆，但是水很浑，那个漂白粉的味道啊，so只去过一两次,0
朋友来杭州陪着去过一次，花40块钱，上去看看也挺不值的，也没什么可看的，新建的雷峰塔里还保留着原来的旧的雷峰塔呢，估计进去就是看看这个的。。还有就是怕到顶层看看西湖。。。,0
他家锅贴饺很好吃啊，又上得快，饿得话首选。不过像是油炸的，酥酥脆脆的，馋鬼必选。肉饼也推荐，我还在征服中，每次去叫一种味道的。酱排骨男朋友非常爱，说实话挺超值的，9块钱一块，两块起叫。肉多多，选的材质又好，酱又入味。麻辣香锅一般般了，和别家选料不同，没有啥青笋鸡翅啊，反而有包菜。水煮牛肉便宜，但不咋样。酸汤肥牛也不咋样。,1
"周六中午这里不用排队,还可以打7.8折。点了清蒸桂鱼还挺大一条鱼,98米一条。折后比较划算。羊肉煲跟图片无论从配菜还是份量还是有差距。给个四星鼓励下。",1
团购的，感觉服务员不太热情啊，也没太多提醒，就说回家放冰箱，结果拿着一边儿逛就开始吃，开始的太冰硬了，味道不错的，但是多吃一个就腻了，价格有点儿贵,1
真的很难吃 而且现在生意越来越差 从来没吃过那么烂的饭店 老板你可以倒闭回家种田了 什么厨师啊 怎么还开得下去？估计倒贴钱的吧,0
也是学生时代经常来的餐馆。 当时像这样以咖喱为主食的餐馆并不多，这家味道不错，价格也适中。 装修风格很温馨，条形沙发餐椅很像南方的茶餐厅。,1
菜油唠唠的。奶茶就是那种内蒙古奶茶粉冲出来的，羊腰好膻！丁丁炒面吃完满嘴大蒜味。最受不了的是：结账时看到帐台的小姐把冲调奶茶的勺子放嘴里舔，然后再用这勺冲下一壶奶茶！换言之点奶茶的客人都在吃她的口水！！恶心！不会再去了,0
要去新华百货，于是就找到了这里。人不少，旁边的大娘很热心，告诉我面好吃，于是要了一碗，不错，多种蘑菇+白菜，适合素食的人。话说其他的选择也不少，还有小笼包，不错，打算下周再去开发一下。4月中旬才刚开业哦，价钱也觉得合适,1
好.经常去吃因为住在附近...尤其是生蚝.很好吃.上次听朋友推荐去了次三牌楼的伯南烧烤..但是吃完感觉回来还没有福星的好吃...有点不足的是他家并没有菜品.只是烧烤为主.主食就是粥..喝酒的话少了点下酒菜.哈哈.但是还是不错的啊!!!支持`,1
人流很多的一家85度C，逛超市的人差不多都回来买一个。 味道还是一如既往的好，最近喜欢上了鸡肉墨鱼，非常好吃的说。,1
昨天約了朋友隨便吃吃就選擇了萊福士廣場的大食代 點了主食之後 感覺口有點渴 就打算喝杯鮮榨果汁 在攤位前站了5分鐘左右 果汁吧員完全忽視 問她什麽時候可以幫我們點單 她們說等她們忙完再說 朋友想喝草莓汁 那果汁吧員說現在草莓要賣11元一斤 你想虧死我哦 大杯要18元 摻水太多 不值這個價格。。。。。。 順便說一下 現在買冰沙+1元可以得到一個冰激凌球,0
来参加过婚礼。 宴会厅很大，室内装修得很考究，没有什么可挑剔的地方。 服务员都比较到位，菜的摆位还有什么菜用什么料蘸都会有说名。 菜品倒不是很出位，也许是要准备的量太多的缘故吧， 外观一般，味道尚可，印象比较深的是一份烤鸡，超美味！,1
吃海鲜很便宜的地方，不过遗憾的是去了两次都没能吃到大盆装的贝类海鲜。不过最喜欢的还是鲅鱼饺子和杂锅鱼。杂锅鱼的鱼肉和粉条豆腐都很入味，推荐！,1
今天是第一次来这里吃饭，感觉非常不错。烤肉串、烤鱼都很好吃，孜然的味道最喜欢。凉菜调的也很清爽到位，素菜都不贵。羊肉抓饭很正宗，都吃光了。拉条子料很丰富，吃起来满足。大家都吃的好撑，哈哈！酸奶醇厚香甜，推荐作为饭后甜品。,1
据说这家店很出名，所以一定要去试试啦。 点了一个什么饮料，结果一会儿说没了。于是换了绿橙汁。问是不是鲜榨的。答曰是。上来喝一口明显就感觉外面的橙汁兑了香精的好不好，超过50的价格，可以做鲜榨了吧。 点了一个鱼，一个茉莉花炒蛋。炒蛋上来之后快一个小时了，鱼才慢悠悠上来。刺很多。 总之不会再去。,0
春节回东北，朋友请客，去吃，很好吃，各种饺子，皮又薄，馅又鲜，和自已家包的一样，菜也非常好吃，东北的菜品应有尽有，饭店的地里位置也很好，就在二一九公园对吗，吃饱了还可以去公园逛逛。,1
菜上的速度那叫慢的出奇，一直想骂...味道也及其一般，吃过一次不会再来第二次。差劲！服务也很差！实在没什么可说的了,0
以前可以试吃的，预约后销售人员会准时送上门的 吃过好几个口味的，个人最喜欢的还是黑白慕斯 味道真的很浓郁，而且是分割好送来的 方便大家食用,1
"算是清河一带性价比较高的馆子了,清河..你知道的,没有什么象样的馆子,这家不错,环境比较卫生,口味也挺好,哪个海味葱煎饼,美味啊,,,,,就是外形变了,比以前小了,牛肉火锅面,大爱,不过吃过几次后,自己也琢磨出来怎么做了,而且自己做的跟他们家的味道差不多.呵呵!大酱汤中规中矩,凉菜不错,那个香汁白玉(就是白萝卜),是物美价廉的典范.要是不吃烤肉只吃主食的话,人均25就够了.",1
吃坏肚子了。。。。。拉了两天 吃了鳝丝面，死的鳝丝，我们单位三个人同时吃坏。。。 以后再也不去了 我同事说，不是鳝丝问题，前天他吃了辣肉也肚子疼,0
不经意路过的时候，这个店在发传单。就进去试了一下。觉得挺不错的。薯仔局的好好。酱是酸酸甜甜的，是冷的，淋在热热的薯仔上面，别有一番风味。 虽然后来几次去试了其他几种酱觉得都差不太多，但总体来说还是很新鲜的。,1
非常差的餐厅，8点半开始的结果9点半才吃到！很多菜点了都不上！而且10点就说是最后一轮了！大家请注意了，以后千万别来这家餐厅！微薄上宣传的那些人估计都是拖！以后不会来了！第一次做点评希望日后大家别上当了！,0
"很早以前去过几次... 每次去都好失望啊~~ 量少,价贵.... 尽管离我很近 我都不想去了 在那个地方真的是糟蹋了啊~~ 那么好的地理位置",0
说真的，服务员的素质太差了，尤其是接电话的，定位的时候就态度不好，吃后交费的时候更是差到极点~，挺好的店毁在服务员手上了。,0
就只喜歡吃他們家的糖醋排條~~~ 好像是里脊肉做的~~不是排條做的~~~ 但是特別入味~~~又下飯~~ 老闆的態度不錯~~ 可惜服務員的態度太差了,0
下午喝完咖啡，打起精神逛了一下午商场，晚饭时间就想吃米饭和辣辣的菜。 想起麻辣香锅，脑子里总是想起拿度麻辣香锅，朋友说不妨去尝尝川成元啊。 麻辣香锅的点餐方式都一样啦，就是看用的料会炒出什么样香味。 性价比还是很高的，味道当然很不错啦~辣的够劲，特意说不要太咸。 吃麻辣香锅能吃下两碗米饭，就是喜欢香锅。 又开发了一家。,1
因为要减肥…所以不敢点多…两个人就点了一个面和一份三杯鸡…一碗很素的面要48还挺贵…三杯鸡感觉不够嫩呢，有点失望…下次再试试小笼包吧…,0
俏江南的价格绝对算高的，环境还算可以的，服务也凑合，可那菜啊，实在是鱼翅的价格吃出了粉丝的味道，各位看着办吧，反正我是绝对不会再去了，这价格比它好的多了去了。,0
现在改头换面叫龙亨国际名商会所了，装修还行，妹妹太差，妈咪也差，都跟死鱼一样，搞不懂他们的核心竞争力在哪里？硬件要硬，软件也要跟上啊。公主小费和妹妹一样也要600，晕死。,0
环境一般，服务员态度么，就像没睡醒一样 说到菜， 招牌菜，招牌东一排骨饭，千万不要点哎，说的是排骨结果是一块样子长得不太 好的猪扒，有点挂羊头卖狗肉 蒜蓉西兰花，一般般 番茄牛肉意粉，还可以，就是料少得可以 好吧，下次不会再去了,0
平安夜去的。有个表演，还有二人转演出。但是表演整体感觉比较吵闹和俗气。可能是和东北风格有关吧。自助的种类很多。吃的也挺好的，而且晚上洗澡完又去溜达了一下，看很多菜还都有呢。比宵夜可丰富多了。服务很好，就是有怕你跑了看着你之嫌。可能是我多心吧，总之还是挺好的。,1
上次有点肠胃感冒，去了医院人难受的不行，还是一堆的检查。那次是个男医生，态度超级差。问我“你是想吃药，打针还是输液呢？”我当时都无语了，觉得我是来看病的，怎么知道应该怎么样好呢。后来他给输液，我说开一天的药吧，他说最少得开两天的。结果就输了点庆大就花了两百多。我无语了。是不是我这样的穷人就不能进医院了呢,0
觉得都有几多野睇：建筑风格、历史文化、风景……入去不需要收费，但仍会派发门票，哈！当是纪念也好。但是附近无咩食，游览一番要出翻来觅食！值得一去，但搭车去的话，不是很方便哦。,1
原本想着吃粥可以清清肠，后来当然此目的“未遂”。因为这个粥营养太丰盛啦，最后还是吃撑了。 点的是招牌的虾蟹粥，三个人半斤花蟹半斤竹节虾，熬成一大锅粥，味道是不错啦，但是感觉火候还不够到家，不够浓稠绵密细腻…… 另外还点了咖喱鸡蛋飞饼（味道有点清淡），煎饺（不错，馅料很丰富），还有浸在芝麻酱里的猪肠粉（好喜欢吃广州的肠粉啊）~~好饱吃的！,1
有兑换券，和亲戚一起去看的，当时正热播陆川的《南京，南京》，环境音效都不错，周围还有很多餐馆，公交也方便，朋友小聚是个不错的选择,1
东西普普通通，好多东西要等上菜了你不问他不会说刚刚你点的东西没有，而且那个态度差啊，也不能说差是乱。那天我去排队，我已经说了我是第几号，那个报号子的小姐叫一个号子叫好再问我们一下你是几号。报了一会儿号子人就跑开去别的地方了，有位子也不报，换个小姐报，那个小姐就再问一下，你几号。一个个问过来，等没有这个号子就再报一下几号几号有没有。可能是刚开业又有优惠卷子吧，所以边上上班门的人都人那边吃，所以他们乱死了、忙不过来,0
公园蛮大的，环境真的很美，给人的感觉很清晰，那里去的人很多，特备是小孩子老人都比较喜欢去那里玩耍。关键是四周都是居民，所以人比较多。,1
哎 居然我点的干烧伊面是最难吃的连肉的没有。。怎么回是这个味呢 这么极品的主食又怎么被我点到了ne ?悲催啊悲催。。很一般的港式茶餐厅吧要不是在上面歌城唱歌一辈子也不回来吧。。不过管饱一般价位 就那样吧。。不会让人又期待和失望的店子,0
和朋友去吃晚饭的，就点了两个饭，说要等15-20分钟，好，我们等，结果等了半小时还不见上来，问过竟然说漏单，，可是等上来的焗饭感觉像焦了一样。吃晚饭人也不算多，服务员都是站着的，吧台上好多放着的餐盘可是似乎没人送餐，不知道这些服务员都是干什么的，难道只是负责点餐说声欢迎光临的吗？难道只有服务员没有厨师的吗？以后再也不去必胜客了,0
开了很多年的麻辣烫店了。。 环境真的不怎么样。而且他家的菜是冲着外面放的。总感觉不是很干净的样子 味道么还是可以的。。打包走吃比较好,0
试营业的时候趁中午溜过去看了看。基本上还是一副工地样。没开多少店面。像我这种吃货么一有什么大型商场开业首先就去观察一下有什么吃的- -奥特莱斯让我非常失望。有店面的就COSTA DQ和意咖啡。正式开业的就COSTA一家。太没前途了。看来得等过两年再去- -,0
这家店根本就是垃圾中的垃圾！！第一次叫外卖打了一整个下午电话都没人接，第二次同事不心死，中午就打，结果有人接了，接电话期间一会跟这人说话一会接那人电话好不专心也就算了！1点半叫的外卖4点半都没到！！再打过去又是无人接听！！简直是垃圾中的战斗机，从来没见过那么不讲信用的店！！！根本是在糟蹋coco的品牌！要叫外卖的我劝你们还是省省吧，到死了都吃不到的！！,0
味道、价格， 觉得系客村呢头比较可以令人接受的。 停车不太方便， 因为经常车场都好火爆， 要等好耐电梯， 不过为了性价比高的服务和食物， 都值得啦！,1
小小的店面进去后给人的感觉很干净清楚，老板也很热情，粥有点点贵了，但是口味真的不错，也不需要等很久就可以上桌了都是熬好了备用的。喜欢他们家的蛋黄烤鸭粥。,1
就在翠阜新村旁边，物美超市（以前的易初莲花附近），感觉还好吧。时不时弄点儿小点心试吃。喜欢好利来的老婆饼，呵呵，好吃，以前5快钱一盒，现在物价啊，不行啦~在这儿吃了牛角，感觉好利来和津乐园的牛角味道都差不多。切角蛋糕也还行，慕斯蛋糕以前也才7~10块一小快，现在都涨啦~ 最后感觉这个店比较小，旁边挨着五福，价格上没有优势啊~,1
环境很好，毗邻朝阳公园，因为有国米专卖店在，所以经常光顾。 这里好像经常举行活动，今年跨年时候参加了2次，都是在广场免费的，冬季举行灯光节漂亮极了。 建筑有一些欧式风格，闲逛挺不错的，就是东西比较贵,1
卡布其诺咖啡竟然放了很多橙皮。很多东西点了都说没有。服务员丁点笑容都没有。就是安静没有客人。太差了！,0
那年压力大的时候，经常自己晚上一个人开车来这里喝上两杯，听听乐队的歌，一个人到微醺，然后待酒劲儿过去了，再回去。 乐队不错，毕竟当年选秀那个谁也是从这里出去的。,1
这个属于普通再普通的一家饭店了，也开了好多年了，菜没有任何亮点，但也不是特别难吃，就2个字--中庸 吃好就没什么记忆了，有时请客会去去！,0
去济南出差，路过这家小店，不知道它在济南这么火了，看到它的卖相不错就买了俩，味道的确很好，不像KFC那么腻，挞皮更酥松一些，比一般店里的蛋挞好多了。,1
作为主打产品，粥并不是很入味，而且速度超级慢，要等上快半个小时，优势是价格不贵，而且卫生比路边摊要强点。服务态度很差，没人理你，叫过来一问三不知，连发票也没有！火大！,0
人气很旺的日式料理店，氛围不错，服务也挺好的！ 蒸蛋很嫩的，不知道怎么做的，自己试过几次，也，没有这边的嫩。。。 三文鱼很好吃的，肥硕厚实，口感很好！ 牛舌也不错，烤得很香的！,1
总共去过5次 每次基本上都都会多收钱。发票是假的。菜色一般。服务态度差。上次慢。 收款的时候菜价总要多于菜单上的菜价。一般多首：25元的菜当成28元来计算。,0
晚上的时候去有点混乱，环境一般，放的音乐有点雷人， 服务员态度还好，但是服务行为很差，吃的有点不爽， 菜色比较重口味。,0
腊月二十八中午去的，人不算多，几个服务生忙里忙外，有售现包的饺子，菜觉得是半成品加工的，上的很快，有个南瓜里面明显是凉的，饺子毫无特色，很难吃，,0
在它们家参团之前来大众点评网看下就好了，果然收钱之前和收钱之后服务大不同，真的狠烂！以后绝对不会再去它们家了。,0
真心实惠。口味也还不错呢～ (>^ω^<) 就是排队时间相对较长～绿茶饼、羊排、窝蛋牛肉都不错，味道很好。,1
越来越烂的地方，菜品发黑，显然用了地沟油。最可恶的是要零度可乐上来了含糖饮料，老子糖尿病，这不是坑人么？要拧檬水上来的是用开水泡的，这是缺心眼吗？,0
部门聚餐在这里吃饭的，老板很喜欢本帮菜，这里的环境挺好的，菜做得也蛮美味的，不管是冷菜还是热菜都很好吃的！ 扬州两头乌狮子头很给力的，鲜嫩入味，口感特别的好！ 水煮野生黑鱼片也不错，鱼片蛮嫩的，量也不少！ 不错的店！,1
怎么说也是全国闻名的医院 可是里面还是有乱收费的状况 自己没有用的东西也给加了上去 只能妥协了 医院的设备真的很差 应该更新了吧 还有就是住院在这里面更是比较困难 不是一般人就能住的啊,0
好吃不贵 在三楼，一上电梯就能看到 去的那天人不是很多 好多菜的名字很有特点，看起来很有食欲 周围环境也不错 朋友都很喜欢这里。,1
在公司附近，喜欢下班以后到那里买肉类和水果，虽然价钱贵一些但是品质有保证，经常光临的话办会员卡积分可以抵现也不错，不过其他东西比较少在他们家买，觉得同样的东西相对其他超市会稍贵。,1
实惠 实惠 真的很实惠 菜的口味不错 菜量也大 以前老店的时候就去吃过 十多年前的事了 这里的饭菜便宜的不便宜，贵的不贵。所以价格适中。 蒸饺非常好。10个才7块钱。 路过的可以去尝尝。 有免费的停车位,1
跟朋友两个人点了两个龙虾，一个飘香，还有一个干煸龙虾，还有干锅鸭头，总体来说，没前两年味道好，价格却比前两年贵了不少，干锅鸭头里的鸭头颜色怪怪的看了就没想法了，龙虾相对偏咸，穷喝饮料了，下次不会去了。不能拉卡，这点不好。,0
这里也是看的多，最好不别买 看着都不怎么样，去过一次，太恐怖了 垃圾市场差不多~~~唉 多的就不说了 大家自己决定吧,0
这家吉买盛太恶心了，我想去买OK卡，去之前打电话到总部确实是5点购卡结束。结果我4点01分到，居然不给买，说4点就下班了，我就晚了1分钟而已，也没法通融。坐在办公室卖卡的一个外地胖女人，凶的像要吃人一样，素质太差了。,0
图方便随便吃的午餐，叫了两份饭，记得是宫保鸡丁和一个什么牛肉，性价比非常不高，味道一般，量也不多，价格不便宜，以后不会再去吃这里的饭了。,0
上次老妈订新民晚报，送了20元的券，于是就随便花花啦，没想到倒是给我挖掘出一样好东西：巧酸梅。酸酸的不是特别甜，现在基本每个星期都要去买上一大袋，连LG都被我传染上了，哈哈，没事也要含一块，哈哈 其他东西觉得价钱偏贵，也不值这个价钱。,0
被骗了。晚上打完球回来有点饿想吃点东西，正好这里新出来一个招牌是樊记腊汁肉夹馍，还以为是西安那边开过来的，结果发现那两人拿馍和切肉的时候手都不洗也不戴手套，收完钱接着拿食物，太恶心了，我不争气地居然还没有反对的吃下去了，好难吃，肉很肥很腻，馍几乎不能吃，面是软塌塌的，好像没发好，而且还有酸味。彻底无语了，希望工商部门取缔这种路边摊性质的小门脸。打着西安樊记腊汁肉夹馍的幌子啊！,0
和同事去聚餐，原本想尝尝那里的羊蝎子，结果菜上了以后太失望了，和我在西安吃的没法比，全是骨头，没有肉，而且都是,0
旁边有格林豪泰和如家，如家态度最好，格林一般，速八那前台态度巨差，差点跟她吵起来。烦。也不知道所以的速八都这样，还是就他们家的。恶心,0
和同学一起过去吃的，水煮牛肉很不错，锅包肉有点偏甜但是分量很足，酸辣白菜醋有点多，水饺只有菜没有肉的感觉。。但是总体来说味道很好哦，比周边的店好很多,1
感觉这里比xx渔港好，起码环境好一点服务好一点，这是显而易见的。海鲜新鲜，分量还可以，就是扇贝比较小。比较喜欢这里的姜葱炒花蟹，味道做得挺好的，刚好是蟹肥的时候，花蟹也比较多肉。第一次用盐焗的方式吃花螺，发现别有一番风味，值得推荐。,1
本校学生有学生证办卡5元一次，很实惠。但自从今夏开始搞团购后人超多，好在集中在浅水区，深水区没太受影响。原来3小时的晚场切割成两个1小时场有点遗憾。,1
家里聚餐的时候去的 不怎么样的店家 上次去的时候 菜要么咸了 要么就是上的慢的要死 等了很长时间 而且空荡荡的 人都没几个 生意不怎么好的样子 以后...估计有人请 也不会去了,0
有一段时间特别的迷恋日本料理，后来看到他们在大众点评上面搞的活动，具体内容不记得了，好像是598一位的料理买一送一。他们家的菜味道很好，特别是海鲜锅，汤头很鲜，让人回味无穷啊，下次还要去！,1
唉……别提了，在他家吃了几次粥，服务员总是晕晕乎乎的，真受不了……要么菜给弄错了，要么是钱给找错了，还有就是上菜好慢啊……,0
简直垃圾，大家千万别去吃，阳朔的最后一顿太失望了，啤酒鱼的味道太烂了，厨师出来尝味道，竟然用手抓，然后说帮我回炉。我靠，他没卫生常识的啊。点的醉漓江虾，一半是死虾。点的茄子酿里面的肉就指甲盖那么点，都是面粉。一句话：这店太烂了。,0
因为公司在边上，所以有时候会来这边吃饭，哎，我们对这家真是无语了。他家是出了名的算花账，基本上每次吃完饭算账的时候，总会“被”增长，然后他家的烤鱼还成，但是分量非常不够。每次都得跟他们打一架，郁闷的要死，因为周围吃饭的饭馆太少了。所以有时候还会去。不过建议其他的朋友就别绕路去了。太崩溃了！,0
以前都不爱吃面包现在就特别喜欢吃他家的面包啊，刨冰啊，但就是比起人家的太贵了啊，不过质量和数量也是有保证的了。嘿嘿,1
幸好订了包间，他家的人气实在旺，本想改成中午的，立马就说订满了，只好作罢，大厅里面很吵感觉，但包厢里关上门就清静多了。菜都很小份，但做得都很精致，口味也很不错，也算对得起这份价格，结完帐，服务员除送了优惠券还送了份盒装枸杞酒，包装挺精美的，也算是意料之外的惊喜,1
难道真的是物美价廉了所以才常常爆满么？ 其实也并不是特别便宜嘛 而且楼上楼下每到饭点都很拥挤 实在是不适合商业宴请啊 便宜聚餐都还勉强凑合 毕竟人太多了每桌都隔得太近 说个话都不得清闲 传说中的火焰牛肉 就是太有噱头了 味道么我还是更喜欢街边的烤肉串 脆哨土豆泥还是不错的 蒸蛋也很嫩 其他菜就是无功无过的吧,1
在山顶玩累了，来这里解决午饭比较好，快捷，价格便宜，窗外可以看山景，比较开阔。 有很多套餐可以选择，味道不错，还有适合女孩子吃的迷你套餐。,1
还不错 在这里吃过一次婚宴，感觉味道还好吧，先上的各种开胃小菜挺好吃的，正式开席之后，上了三大件，海参 鲍鱼 大虾，海参觉得么什么味道 也许本来就是这样吧，鲍鱼和大虾倒还不错。。。新娘子也很漂亮！！！总之比较完美的婚宴。。。,1
在东北炖你可以感觉到“物廉价美”，感到东北人的豪爽。 菜的分量很实在，口味也不错，喜欢吃拔丝山芋、土豆泥 十几个人吃了才三百不到，具实惠啊 就是生意太好，定位子比较难,1
和LG一起去一般都是点的子母锅，上回去觉得火力有点不太够，觉得还是电磁炉的比较方便，煤气的既不安全，火也容易受风的影响乱飘，造成锅的受热不匀，特别是冬天的时候。 它家的酸梅汤还是很好喝的，吃火锅的时候一定要点一壶。最近有每盘羊肉8元的活动，还真是便宜，不过羊肉明显口感不是特别好，不是很嫩，有点木渣渣的感觉。,1
其实说起来还挺有渊源的，最早刚毕业的时候找工作，还曾经给这家外语学校投过简历，很快就通知去面试了，结果由于自己的原因，没有去面试，错过了一次机会呀，但是并不后悔！,0
我就是一楼朋友和他一起去的朋友，实在太差了那里的服务，我们一再说明来不及了要赶电影，他们服务员还跟你墨迹墨迹的说，菜马上就上，打包叫了15分钟来了3个人，都没有一个给我们打包，最后来了个小姑娘还是心不甘情不愿的一副面孔，受不了这样的态度，这样的店铺怎么能经营的下去，以为名人开就一定成功啊，艺人开店是吧双刃剑啊，自己去把握吧！！！,0
"在这家店剪过刘海,还不错的,首脑在深圳的总店好像,评价都挺好的,所以选择来试试,剪完之后感觉还可以,同学也说蛮好看的.价格和卡顿相比要贵十块钱左右.",1
"只能用失望两个字来评价。5点点的菜,包括一条鱼,结果7点30分鱼还没来。很多经典的菜都没有了,一味的让客人点海鲜,放弃自己的传统,一味追求高消费,我看终将没落",0
慕名而来，专门为了吃这块儿的两家砂锅店。 其实吃完后有一点小失望的。 粉丝略烂，菜不是很入味。 汤只有一个字：咸，吃完感觉快要被hou死了。 不过生意超好，也许是不合我的胃口？,0
跟去过的另外几家店比确实不怎么样。环境不好，店面太小，好多其它店可以找到的东西这里没有，问服务员竟然说他家没那款。。。收银装袋都有差距,0
请同事喝，同事的焦糖玛其朵，我的一杯椰果奶绿。最后的结果都是喝了两口全部进垃圾桶。。。。。口味实在是。。。。。。。。那个咖啡还号称是蓝山现磨的。。。。很无语,0
蟹粉小笼里的陷居然是蟹胆和蟹壳，味道更是难吃，皮粘牙，肉无弹性。让人不理解，还买了蟹壳酥饼，乖乖，不评论了，微波炉食品,0
"他家的衣服很舒服,休闲款式 很英伦 喜欢一件绿色的短袖,但是没有我的号码...很悲剧 在君太看见过正店 价格不算便宜 这里的价格很合适,款式也还说得过去 反正能逃到些不错的",1
大厅的味道 真的...... 没有洗澡 实在不想洗 必须穿那里的衣服 上一批客人脱下的衣服扔在地上，叠好放进消毒柜，接着穿。回来的路上我总觉得身上很痒。 自助餐的形式，感觉像囚犯在抢饭一样。大家别这么疯狂行吗？ 打小鱼的游戏是我们唯一enjoy的项目，可惜领悟得太晚了。谁让我们笨呢。 到休息厅玩了一下，垃圾桶的味道太猛，我撤还不行吗。 以后这里必须留给*雨鸥和*超吧还是。,0
买过衣服和鞋子 鞋子质量很好 打折的时候买挺划算的 虽然不是以鞋子为主打的 不过质量倒也是不错很过关 老公挺喜欢这个牌子的,1
听说这家店开了有快20年之久了，这家店貌似什么时候都这么火爆，无论包间还是大厅，都需要提前预订，很喜欢他家的素炒油菜，味道极棒的说，“糟货”也是一绝。 LG很喜欢这儿的八宝辣酱，在大堂***较便宜，说实话，这儿只适合偶尔去解解馋，因为还是比较贵的~~,1
晚上快打烊了 有卖十元一盒的寿司 于是买了一盒回去尝尝 好难吃啊 一点没有寿司的味道 还好没有再多买一盒。。。。。 看来还是便宜没好货啊,0
下班晚了 没时间烧菜 和老婆孩子就在这家解决了一顿 四个菜 没啥特别的味道一般般 量也不多 性价比不高 下次不会可以再去了 毕竟龙柏地区好的港式料理不少,0
午市套餐很合算，点了黄咖喱牛腩配米饭还有九层塔铁板意面，四饼拼盘。味道很不错，咖喱味很正宗，还有很有弹性很糯的年糕，配米饭超好吃。意面有点黑胡椒的味道，也很入味，面条很Q。小吃拼盘里的虾饼，春卷都很好吃的。这个天坐在室外很是惬意～推荐，很不错哦，下次还会去。,1
在这里参加了好几次培训，也考出了好几个证书。学校环境非常好，硬件设施也很齐全。每幢楼的安保工作做的也很好，学生要凭学生卡才能进入。,1
东南亚风情的餐厅，最喜欢咖喱皇配上香米饭，太棒了，猪颈肉蘸着酱十分好吃，冬阴功汤的香料很特别，菠萝饭就像炒饭一样，倒是一般，椰汁西米露也很好吃，作为饭后的小甜品很爽口，环境也还不错，异域风情，服务一般，七点之后有表演，可以上台参与。,1
呢度D野超级难吃，个招牌炒饭咸到想死，面食又难吃，服务态度又差。。一句讲晒，以后吾会再来。。。。。。,0
喜欢这家的三叶草多过国金店~ 从今天开始我正式成为三叶草控~ 衣服设计越来越有自己的风格了~ OT Tech系列真的满嗲的~ 鞋子我也决定抛弃NSW啦~ 存钱~一切只为三叶草~,1
这个球馆还不错，灯光很给力，亮堂堂的，看起来比较新。 球道没记错的话是24条，实木的。位置在大厦地下，很安静。可以免费停车,1
下午的火车，中午就在附近走走，实在不知道吃什么好。看到小必就进去了。东西比上海的差很多！先是柠檬茶。不知道是不是跟署蓉拼的下午茶关系，上来的居然是淡的，跟白开水一样。。无语。。。接下来署蓉上面的芝士烤的都焦了，恶难吃。。。悲剧。。然后批撒。选的是芝心的，2中拼，有个什么鸡肉的，难吃！！点的面。上海每次必点。这次点了以后也超难吃，肉都看不到，面很淡。还点了个汤。淡而无味。餐具。。,0
2年前去过1次，非常差！ 服务非常差，半天没个人，过来一个那个脸啊，真像欠他好多钱！ 性价比很低，比清香阁差远远了，那时候就决定再也不去了！,0
在北京路逛街，朋友推荐了这里，他家的环境的确很一般，就是那种成都小吃的范儿，不过东西应该做的比较正宗了，点了红油抄手，端上来的时候自己都吓了一跳，真的是上面漂了一层红油的。唏嘘着终于吃掉整碗，狂奔出去找冷饮啊，呵呵，过瘾~~~,1
吃的是师大的那家，没有什么生意，很冷清，看套餐配的是小西红柿，没什么兴趣，还要贵十元钱，于是决定点单面，20元一碗，因为我不想吃辣椒，就说要找没有辣椒的，服务员居然骗我说只有套餐里边才有没有辣椒的，我无语，一看套餐和不是套餐的面，都是一样的名字，怎么可能有辣椒，于是 还是点的单面，没有被骗到，果然是没有辣椒的 这一招也太卑鄙了 面味汤味肉味都将就，但是只有四块牛肉，真的不值20元啊,0
现在东西越来越不行了，蟹少不说，价格还贵，4个人吃饭点少了还给脸色，靠，这都什么事儿啊。这是我再也不想去这家店的主要原因。 其实水蟹粥自己也能做，要做好也不难。 驰名的水蟹粥看来已经是过去的事儿了，唉，落败了,0
首先是菜品非常少 比起其他的清水海 上井之类的料理，可点的东西实在是少的可怜。 而且价格算是比较贵的，实物和图例有相当大的差别，所以分量很少。,0
前两天家里人来武汉看我们，晚上在金三利吃的，女生服务员还一般，男服务员的态度真是差的没话说，我们点了基尾虾，他拿过来让我们看，我叔叔说虾有死的能不能换掉，他却说虾肯定会有死的，没什么问题都一样的，我晕死，怎么可以对客人有这种态度，虽然店看着满气派的，但菜品做的很一般，这样的服务态度和菜品口味，我想下次不会再去了。,0
"我是他家的忠实粉丝,几乎每天中班下班都会去光顾,生意好得不得了，味道很特别的小龙虾,其他的东东都没有试过,不知道味道好不,小龙虾一般都称45元去头去茎的那种,吃起来方便，嗯怎么讲呢,总体觉得龙虾还ok（前段日子45元的比较大比较新鲜，现在小了很多）但味道还是那么特别。总结：没试过，住周边的朋友值得一吃！",1
这个饭馆原来有外卖，现在不知道为什么，没了。 整个饭馆的外观是那种比较中国风的，进去后，整个就是一个纯饭馆。标准的桌椅布局，没有任何装饰，地方倒是挺大，一间套一间的。 服务的我就不说啥了，老板娘说话很冲很干练，但是冲的让人有点接受不了。 我和同事，一个人要了一盘宫保鸡丁盖饭，一盘鱼香肉丝盖饭。量很大，饭很多，菜单盛出来也能当盘菜了，这点是很厚道的，味道吗，也就那么回事，盖饭吗，吃不出鲍鱼的味道来～,0
碧云社区这里很漂亮，LP的姐姐结婚拍外景选在这里，要了杯喜欢的大杯摩卡，坐在沙发上，一边看看美女们拍外景，一边看看那些外国小孩奔驰在球场上，还真是很惬意的享受啊！,1
拿着点评网的优惠去的。秘制牛柳的确挺嫩的，可是小肥羊不怎么样，放一会就烂遭遭的。蔬菜和菇类拼盘果然有分量，其他的蔬菜呀什么的都可以不用点了，吃不了，呵呵。,0
基本上除非附近没有吃的才会考虑这间店，贵不在话下，二十多元的套餐分量不够也算了，但味道实在是很难吃，不过肥牛饭还可以接受~~~,0
卖一些进口的东西，。在这里东西不知道为何，心里就是比较踏实，比较放心。环境很好。导购的服务也很好。价格略高的一点，但是在可承受范围之内。买的安心用的放心吧。,1
环境实在是差的可以！摊位就在垃圾桶周边不超过十米！味道还算可以，态度还真是一般估计生意好的原因！因为边上就是是粥店我想吃过他的东西一定也吃过边上的粥给我的感觉他的生意是粥店给他带来的！,0
很书香，一栋别具老上海装修的小楼，余秋雨提名的。很有世道，出门的黄金砖-粢饭糕，口味醇正，齿颊留香，其他的大多传统的上海菜的浓油赤酱，虽然不是很爱，但是还是可以吃吃的，味道不错。布置还是不错的。别具特色，可以一去。,1
满干净，喜欢中午抽空去做指甲护理，小姑娘们都满开朗热情滴……做了他们家的光疗甲，因为都是OPI的产品，觉得还不错！价格还行，性价比高！,1
服务态度太差了，食物又缩水！芝士焗番薯，是以前的三分之一。所有食物都严重缩水！服务态度差得严重，服务员掉头就走不理客人，下单又发脾气。主管又百般推搪。开发票又翻我白眼。我以后绝对不会再来！！！,0
慕名已久，但是去过之后有些失望，可能是开的时间太久，有些懈怠了吧。先说菜品，肉烤的一般，很多嚼不烂，至于鹅肝，牛舌没看见。服务员态度不好，嘟嘟囔囔的。朋友远道而来，有些影响心情，只能匆匆吃完再去别家续摊了。,0
同学请客，菜不错，印象最深的是现场煎的牛排。 周末家人聚餐就定这里了。 第二次光临这家餐厅，上菜速度比较慢，冷菜基本上来一个消灭一个，上菜次序也有问题，荤菜不上素菜先上，主菜没上，点心倒先上来了，真是晕了。,1
港式茶餐厅，装修的很有特色，看着很舒服，服务人员态度也很好，鲜虾云吞面，馅料很足，真的有虾哦，叉烧很正宗，好好吃，虾饺也好吃，沾虾的我都爱吃，呵呵！还点了一客肉酱焗意面，无功无过，咖喱牛肉饭做的还不错哦！还会再去的，逛街的好选择！,1
点左杯西洋菜蜜、菠萝冰，我只想讲我系黄振龙买杯酸梅汤都仲好过距。西洋菜蜜饮完一D都唔解渴，菠萝冰系罐头菠萝加糖水噶味道，贵，简直系坑爹，下次都唔去了~！,0
在万达里，权金城的档次算是比较高的。 逛累了来这里吃烤肉感觉很给力。 这儿的环境比较不错，没有太大的油烟味。 喜欢那个腌过的牛排，有骨头的那个，就是价格偏贵了。,1
是上海中医药大学的附属医院 以前陪同学去看过病的 真是一个狂斩人的地方呀 晕死 以前的人流量很少 所以去一个病人 要斩到你血淋嗒滴的再放你出来的 现在可能好很多了吧,0
跟香港当地的没法比较，价格高了但是东西的品质也只不过这样。其实味道和新旺差不多价格却要涨几倍，有所失望的！,0
特价菜不能多点是一个遗憾，刚开业时去非常合适，价格很便宜，吃的也很不错，辣的非常香！吃川菜是一个非常不错的地方哦！,1
我跟老公两人去的 这家店开业时间不长 我们点了一笼猪肉大葱的 ￥32元8个 呵呵 味道还不错 比庆丰包子铺好得有限 比不上价格 驴打滚好吃 酸辣汤好喝,1
我们去得时候没有铁栅栏的车，问了售票员，她说天气太冷铁栅栏的大家都不愿意做，所以就不开放了。进去之后里面东北虎很多，虽然都是懒洋洋的，很多都趴着，但是看到几只在追逐小鸡，抢食的感觉，果然是丛林之王呢，很彪悍，很好看，拍了很多照片，还看到了狮虎兽白老虎很洋气~很好玩~,1
很贵的一家店，才开张没多久就去过了。 朋友点了卤肉饭，我吃的什么牛肉饭 感觉分量很少，特别是肉。朋友觉得味道还行。 以后应该不会再去了,0
好吃，服务态度哈好，饮料货真价实，干净无异味，价格公道实在， I like this shop!!!,1
呵呵，与BF偷懒了，不高兴自己做饭，看到他家，被名字吸引，挺有韵味的，就跑到他家蹭吃啊。 到的时候是午饭时间，但是明显上座率不高，略显冷清。 环境嘛，还行啦，原本以为名字脱俗，里面也会是风雅之所，进入后后有点失望，不过人不多挺清净的。 感觉好像可供挑选的菜的品种不多，所有的菜里面貌似只有西芹百合有点印象，青青翠翠，很爽口，饮料最好不要点，性价比太低了。 感觉上没有什么特别吸引人的地方。,0
在旁边的公交卡打印了优惠券，一碗鸡肉饭一个乐16.8好像，男朋友点了一个双拼饭，+了6元，得了那个小老虎，挺好看的，点餐的速度挺快的，由于是新开业的，人比较多，到处都是吃饭的人，非常热闹，感觉很好,1
这次是签到得徽章去购买DQ的。第一个8折，第二个5折。 买了一个奥利奥芝士和抹茶杏仁的。 (1)奥利奥芝士：个人比较习惯这样的口味，但是吃到一半的时候就吃不下去了，最后都吃腻了。哎，和个人觉得和麦当劳的麦旋风差不多。 (2)抹茶杏仁：抹茶味挺浓的。但是吃不大习惯。不过朋友很喜欢吃。 活动网址：,1
去年吃的、翻照片发现的 地段很高级、价位也不便宜。内容也还可以、菜式就是这些。总体来说、过年来来是可以的。 大家推荐的也是我觉得印象深刻的。比如焗扇贝、比如龙虾(我们最后还吃了龙虾泡饭、这个超级鲜美~我喜欢)、比如牛肉、还有个三文鱼沾XX酱(不是芥末、是红色的酱汁。肉蛮新鲜的、我也喜欢) 环境不错、服务我记不清了,1
一群朋友去吃的，总的来说还行，招商银行卡可以打8.8折。在重庆对粤菜不敢有太高的要求。 昨天又去了一次，太失望了，他们服务非常不到位。这次是和一个朋友去的，点菜的时候服务员一直说我们点的不够，结果剩下好多东西。这样的服务太让人失望了，完全不考虑长远性。而且这次感觉虾饺皇明显小了很多，以后不会考虑再去。,0
和姐姐一起过来的， 姐姐是NICK做的头发， 姐姐帮我约了TIGER做的， 姐姐一直跟着NICK做头发， 说一直要带我过来做头发，说这边做的 发型师很日系的，就过来了， 做头发的时候他们的日本发型师带了 个漂亮的MM来了，看着很有艺术范，剪发不愧为680啊， 呵呵 姐姐的发型是做了个长卷发， TIGER给我做了一款像梨花头的造型， 效果很不错很日系， 都做好几天了今天碰到姐姐才想起来要上点评支持哈， 推荐,1
真的很不错，佛跳墙一盅126不便宜，不过味道也不错，料也不错；甘露球4粒28，虾肉裹了海鲜汁炸的，海鲜汁创意不错，但炸过后整体比较腻，不太喜欢；鲍汁扒螺肉45小份，很好吃，下面铺的芋泥，裹在一起尤其好吃；肉粽3元也还不错，理论上讲北方人应该也会适应；面线糊18小份，哭泣啊，好大一盆，北方人可能觉得不错，不会很糊糊，这边人可能会觉得很一般吧，2人吃的好饱，而且还吃不完，个人觉得比较值了。,1
头天去了让人大失所望的石象湖，到了这，简直觉得太巴适了，东西比较杂，也就是齐全，而且照顾到各种年龄段的人，很不错，是说有个邻居说他一年要去玩几次。,1
必胜客其实哪家店都一样，没啥大区别，去积水潭这家店主要还是下车饿了，就去吃一些，必胜客的鸡翅是最赞的，每次去必点的，现在必胜客有免费的下午茶“咖啡”，还不错的,1
哎呦…不是我找茬，这家经理态度太恶心了！！！什么叫没车位就换家吃～什么态度啊～从开店来到吃饭现在…这批服务员都不知道换多少了,0
这里的东西还蛮贵的，而且是个小店，比dq贵店，那些水果捞都是20网上的。蒋文哲要了28的红豆冰，我要的三色水果捞22元，味道也就还好，主要真的很不值。,0
店里面的环境不错，不过这里的人气挺旺的，每次忙的时候去会没位置的！ 这里的拿铁味道不错很喜欢！而且价格上也不是很贵！,1
这家店真的很差，不论环境还是服务，从没见过如此差的，晚上和朋友去吃鸡公煲，味道太咸太腥，服务员居然说太咸自己带水来加，不管是服务还是口味真的领人失望到底，打算去的朋友三思啊。,0
进屋后，发现大厅空空如也，一座客人都没有，就已经料到是否是家***了。。 看了菜单 一个字 贵！ 吃了以后 两个字 不值！ 大家最好别上当了。。。,0
和朋友看电影的时候进去吃的。。。。朋友点的双皮奶 她说很一般，不值。。。我点的椰汁西米露，，恩也就是那样吧，，和我在家自己做的速溶椰汁一个味道，，就是加了点西米,0
新开业打7折三个人去的，东西很不错，要了肥牛组合，丸子组合，虾滑，墨鱼滑等等，锅底很好，加汤都分种类的，小料相当好，尤其喜欢香妃酱，还有他们自制的酱油，不足之处是地面和台阶有视觉干扰哦，容易吓着...再就是他家的墨鱼滑不如银海大世界里的小肥羊实在...,1
在他家照的结婚照，前期说的天花乱坠，等拍照那天开始就忽悠你开始掏钱，早就了解这圈里的潜规则但没想到这么严重。不断的加钱让你进入他的圈套。最主要的是等你交完钱他们就翻脸不认人，一点小小的改动也说这不行那不合规定。本来高兴的事弄的大家都别扭。而且感觉他们影楼根本不是一个整体，没有人协调各部门之间的关系，互相推诿责任，钱到口袋就不是他们了。 就这一回管够，再也不愿蹬他家门了。难怪现在越来越多人去工作室拍照，估计各家婚纱店都大同小异。,0
星期天晚上去吃，可能是新开的店，进去直接就有位子。服务员态度很好，会介绍肉，和帮着烤。蘸酱的味道很不错，肉也还蛮新鲜。饭后还可以自己去挖冰激凌。,1
大堂没有几根柱子，很宽敞明亮，所以显得档次很高，当然菜价也不低，所以也只有每次单位吃年饭才去。 很喜欢那里的鱼头，又香又辣。还有类似于东皮肉一样的五花肉，让我们这些不爱吃肥肉的女生都爱不释手，既想吃又怕吃。 听说这里的晚茶也不错，真想去试试。,1
刚开业的时候很兴奋地冲过去吃 外面看上去还可以 然后 失望了 反正。。。 么撒特殊原因是不会去了,0
团的，给服务员打电话问路，她也不知道，后来态度还特别不好，进去以后，没有正规日料的氛围，服务员态度也不好，问她有没有番茄酱，还不乐意给，你上的东西都带番茄酱，竟然告诉我没有，什么破地方啊！反正以后再也不去了！,0
周末LG单位同事聚会，吃完烤肉，就直接来好乐迪唱歌啦，由于人多，选了一个大包，空间很大，音响也不错，曲目很全，大家争着抢话筒，HIGH......以后还去哦！！,1
喜欢星巴克哈~经常喝~并且我很执着。。。夏天一定喝焦糖星冰乐。。。 好好喝。。。。 跟朋友来等飞机，聊聊天 舒适，愉悦 星巴克哪里都有哈 就不多评价了。。。。 味道环境都还算可以的一家咖啡店罢了 全世界都能找到 都能喝到 我爱星冰乐。。。。 只是经常第一口喝猛了，冰脑袋。。。。巨疼。。。,1
菜感觉好难吃，服务也不好，以后再也不去和记了。。 晚上吃饭人好多，大多感觉都是中年人士~~ 2个餐前小菜还要钱，茶水都没有，一天世界~,0
回家有时候会路过这里，馋了就在这里吃一吃。有一次去真的惊呆了，店员们就这么吵起来了，我的麻酱吃问其中一个店员要，她居然冷冷的看了我一眼，然后走开了。。。有点儿无语，吃过的服务最差的一家呷哺，在新光天地的店是否也能把服务做上去呢？？？,0
唉…每次努力登陆一下都是来写貌似投诉信的东西…早就应该听点评同学们的话啊…楼下同学说的我已经综合感觉到了…比如芒果酸到我以为那是酸品…英国炒饭完全是我刚学炒饭时候水准…杂菜没熟…午餐肉应该也是最廉价的。我只能挑出五只虾仁抚慰下我受伤的心…一定不会再来了…,0
他家还算不错，肉很新鲜，丸子还行，锅底有咸淡，服务一般吧，价位也能接受，菜类可以要半分，调料不是自助，不太好，喜欢自助的调料,1
依托秦淮河风光带，以南艺后街为名。但去过几次，不说味道，单说价格，就很不怎么样。难不成名为南艺后街，赚的就是学生钱？对于普通老百姓来说，这种路边的小吃的价格真的是高了,0
这家三禾分店不是一般的差！先不说出品的肠粉有多难吃，就是服务那一方面就很让人气愤！ 每次在公司点餐，送餐时间都超出一个半小时，今天11点多点的餐到两点都还没送来！打电话过去问，居然说出“有那么长时间吗？“一点都没有觉得抱歉的意思！不知他们是漏单了，还是工作效率低的可怜！明明就在公司大厦的对面，就是乌龟爬，两个多小时都已经爬过来了！ 缺乏服务意识就没资格做服务行业！希望那家分店真的要好好反省一下。 给附近上班族做个参考。,0
一般都是晚上去了，最喜欢一饭甜品店的冰沙了，味道口感相当不过，而且很真，料很足。不过那些热的比如芝麻糊汤圆、西米露之类的就不怎样了~~~~ 每次去一定整两杯奇异果冰沙和芒果冰沙，4元一杯，经济实惠，强烈推荐！！！,1
这家店，是翡翠坊那里开出来比较早的 味道么实在不敢恭维，刚开业的时候去吃，服务跟不上，环境实在太糟糕，才开业的店啊，那个地板居然油腻腻的~~~ 打死不会再去了~~,0
下午的时候去的，环境真是。。。 偌大的一个店里居然没有空调，服务员还骗我们说有。。。 后来指一指一落地小风扇告诉我们那个就是。。。 而且小风扇也不是谁都能吹到，还得好几桌抢着用，热得不行，呼吸完全不顺畅。。。 杏仁都是潮的。。。你要是回去加热好歹也专业点烤一烤，完全难吃 还有鸡翅。。。真舍得放油啊 最后开发票说发票机坏了。。。 特么的再也不会去了。。。,0
去过几次，牛排味道还行，有一种饮料很好喝，忘记叫什么了，其它的好像也没有什么了。有一次结账还结错了，晕~还好对了账单~ 总体来说还行。,1
我觉得南京的汤包有些甜，而且也没有特别惊艳的感觉，同学说好吃的不行了，可能是我抱的希望太大了吧，不过开在游客来来往往的地方还是很实惠的，第一次吃汤包中间有个小碟子，汤包汤水也很足，皮薄馅儿也大，还是很值得去的老店！推荐大家！,1
路过东安路、之前看过点评进去吃了一碗辣肉面味道一般、服务员的态度和之前点评上说的一样实在太差、特别是帐台上那位收钱的女服务员态度最差凶的很、还有靠近有名的大医院卫生条件要特别注意，我以后不会去了、服务态度要提高呀。,0
好吃！！ 精致的粗茶淡饭，餐厅环境很好，价格不贵 非常喜欢 有江南的小口菜肴 有武汉的特别气质 融合的相得益彰 菜品不算多，但已足以。,1
端午那天逛西栅，刚好走到附近雨下得大起来，抬头看见巷口挂的牌子，就进来避雨兼果腹啦！当然要点乌镇最特色的湖羊肉面，碗很大，不过面并不满，我们两个女孩子是够吃的，羊肉的量很多，肥而不腻，软糯香纯，让我这个一向不大爱很喜欢！！！,1
价格有点贵，但环境不错，薄底披萨也是真心的好吃，虽然没点点评上大家推荐的北京烤鸭披萨，但是美国披萨也是不错的，料足味道佳。有点焗蘑菇，cheese是蛮多的，但是味道有点淡，配的酱料还可以， 但是也有点偏淡了，这个下次应该不会再点。服务人员态度还是很好的，吃完还会很有礼貌的问你今天的东东味道是否还可以，呵呵~~总体来说，还是不错的，下次会再去的。,1
亲爱的涛姐姐做东~~ 印象很深刻的一道菜叫**小肥羊 很对我胃口 还有个名字很噱头的菜叫：称心如意（底料用的腐乳 上面是蛏子） 味道还行吧 环境不怎么样,0
团购去的，太不好找啦！！！东西种类也少得可怜，味道也一般。出来找厕所都是难上加难，似乎周围的设施还没有形成规模，失望得很。,0
地方是长条形的，后排的同志比较辛苦，视觉听觉都蛮受影响的。 吃的东西倒还好，一来是吃饱了，二来是味道还算可以。 服务么只能一般咯，不过也可以理解的，这么多人要照顾，不可能完全周到的。,1
"这边挨着工地有点偏僻,人比较少,我喜欢吃咖喱饭,里面的牛肉特别烂糊.鱼香肉丝的很一般,总觉得菜太少.服务员在没什么客人的时候互相说话聊天的声音太大,干扰到用餐的客人,有点不正规.",1
生意好得不得了 世博整顿之前那些竹签拗的造型像座山 偶尔吃吃 味道一般 肉很大块 2块钱一串羊肉 串5颗肉 第一次过去吃 一串羊肉上的5颗肉烤的时候掉到只剩两颗 老板照样很殷勤的拿给我 我无语 老板很大方的说 下次来给你多点 我无语。。。,0
虽然是老字号，不过这个店面可是够远的，去世界公园游玩还是蛮方便的， 最起码比不知名的路边小店地道，况且我算是爱上火锅了现在,1
唛歌价格很实惠，买三送一，自助餐也还不错，我唱歌一般首选这家店，地理位置很方便，就是比黄龙店感觉小了点，但不影响k歌的心情。,1
前天请朋友吃饭，在点评上看到了这家，就和朋友去吃了 点了干锅牛蛙，金汤肥牛，手撕包菜，还有钵钵鸡~ 手撕包菜一般般，其他都挺好，量都超多.. 牛蛙里的配菜很喜欢，年糕外脆里糯，超好吃~牛蛙也很多诶 总体来说菜都不怎么辣，适合上海人口味~ 最后买单打了8折 才吃掉114= = 真心便宜核算 下次还会去~,1
经济实惠，干净卫生，服务态度好，真的很怀念。 方便食堂的韭菜合子，韭菜肉饺子，还有学士二楼的自选小吵，都不错的。当然还有免费的茶水哦。,1
前年的圣诞夜去过一次，只有圣诞套餐可以选择，于是跟朋友就点了套餐 以前对上岛咖啡印象还可以，不过后面却很失望了 价格不便宜，三四百一套，吃的东西缺很少，跟朋友都普遍没有吃饱 人不多，但是老实讲这里一点情调都没有的，要不是忘记预约，应该不会考虑这里的 空气也不灵，都是烟味，地方本来就有点局促的 服务态度我记得很一般的，因为提出要冰水，服务员态度不冷不热的 后面因为有这种的体验，再也没有去过上岛咖啡了。。,0
中午去吃的套餐，40元左右，上菜很快，配套也很齐全，日式的那一套东西，有小菜，有蛋羹，有味增汤，有饭后水果，主菜的量还挺多的！中午吃吃还不错！,1
主要是态度 真的不好啊。。。。。在外面吃的 说里面没有位置了 好吧 虽然之后还是看到有不少人上去的。。。吃完了就去想拍张照片 刚刚照相机拿出来。。。。 态度好一点打声招呼吧 真的凶巴巴的欠她钱一样的！ 一个各自一米四的服务员 在那边叫 不许拍 就是你几个 叫你不许怕听到了挖 然后说了好多啊！。。。。无语了 我看了一下其他评论 有些也这么说的 服务问题、、、 虽然你们人流大挺忙的 名气也响 但是希望可以有良好的服务态度吧 加油吧,0
烤鸭还算过的去，服务太差，菜太贵，而且啥都要钱。点了个鸭松，十人桌生菜叶只给八叶，再要就没有了，只能再点一份鸭松。实在呕气，他家服务员都这么牛。今后打死不去了！,0
"记得小的时候在这里吃过, 后来搬家去那里不方便, 但是最近蜜请我又去了一次, 说是回味过去的经典, 确实不错, 老西餐厅, 环境好哈! 味道也很地道的说! 喜欢罐闷牛肉很好吃, 亲们可以试一试哈!",1
真的不怎么样，不知道怎么生存下来的。当然每个人口味不同。听说老板娘是个网络红人，没看出来。价格也不低，所以，其实你可以选择路过就好,0
八中对面的万邦超市下面的避风塘，简直就是给八中学生开的专用饮品店。高三的时候开的，那个夏天几乎每天都要光顾的店，放学的点儿需要排队。避风塘的奶茶，沙冰，冰粥什么的都很好喝。,1
想吃没吃过的湘菜，所以就在点评上搜索到了这家店。7点半左右到的，翻了菜单看到有黄鸭叫一阵兴奋，想吃啊，谁知道点菜的时候说是没有了，失望！点了干锅花菜豇豆，红椒扣肉，猪肚XX（名字忘记了）。总体来说味道一般般啦,0
听说他家开张了南京分店，就冲去品尝，试了肥瘦肉夹馍/岐山臊子面/酸辣肚丝汤/鸡蛋醪糟/凉皮。作为陕西人，可以保证的说，都很正宗和美味，感觉就像回到家乡的这家小吃馆一样 不过外地人应该会有一些不习惯，老公就觉得肉夹馍太油腻，建议可以选瘦肉+皮，甚至纯瘦，就比较适合大众口味了 还有酸辣肚丝汤，除非你很喜欢味道酸辣的，南方人肯定吃不惯了，老公喝了表情很困惑，哈哈，我妹妹很喜欢,1
如果说什么都划算肯定是错误的，要看你挑选了。因为有些东东都是国产的，价格相差不多。 东西这是蛮多的，上至手表类下至食品类，反正都有的，就是要在来之前做个功课，因为价格的对比是件累人的事。,1
环境、服务、口味都很一般，最痛苦的是大热天偌大的店堂只有一部空调，客人全都汗流浃背，因为陕西口味多数是热汤，其中滋味可以想象。品尝了肉夹馍、羊肉泡馍、岐山臊子面、关中麦饭等等，普遍的特点是“没味道”，都很淡，所以也就不觉得香。应该不会再来了。,0
环境相当一般，服务也很一般。大部分服务员好像挺没记性的，跟他们说过的要求转身就忘记了。 上菜速度还可以，但是整桌菜没什么有印象的。剁椒鱼头都没蒸熟。不会再去第二次了,0
不知道哪位朋友把这一家店面的图片贴错了，四院对面这家完全没有这么光鲜。。我来这家时第一印象是挺小，走进了一看发现还挺脏。就是一个窄得不能再窄的档口，里边的工作间特别暗，能看出来真的很不干净，墙面都挂着厚厚的油污，又小又暗的房间堆着调料面粉什么的乱七八糟的。。。服务的话，我去过两次，见过两个服务员，一个比一个态度差，说话像吃了枪药，我不明白了，我是求着你卖我东西的？,0
老早老早就听说过海底捞，后来陆陆续续也去吃过很多次，怎么说呢，口味一般吧，不过相对其他火锅店是很安全的，环境也还好，值得一提的是，大家都认可的，服务非常非常好，一个小姑娘看到我们的同座女友捧着鲜花，就问是不是有什么喜事，知道后，一会儿功夫就变出两个布娃娃送给我们说的，还有一个老爷子的服务在动作上也许有点僵硬，不过笑容和态度是很真诚的。看来真如很多人说的那样，已经没有人可以拒绝海底捞了为！支持！,1
那边的石锅伴饭和豆腐汤不错 烤物也不错 经济又实惠 和老公经常去吃 就是地方又有点小 有时候坐不到位子 当场吃比较好,1
附近没什么类似的店 被强迫在这吃的 牛肉烩面又油又难吃 面本身还没味道 汤上一层热油 生煎还王 任何一个小区门口的生煎店都不会比他家差 昨天还吃了吐了,0
大巨蛋 大巨蛋 十足是我的最爱 每次路过都会要来一个 十足的美味啊 热的时候那更是美味极了~~ 他家也会根据实际 出一些 美味 ~好看又好吃啊~~,1
每天下班经过这条路，就买点心，酸奶，一直都在这家买的，感觉还不错哦，面包都挺好吃的，还有酸奶，都很新鲜的，在他家称了笑口开，说称十块钱的，叔叔就称了十块2毛，他就要了十块，服务都蛮好的，下次会经常去。,1
朋友来苏州旅游，带她们去金鸡湖玩然后去了这家店。简直是灾难，上的空心菜里有塑料条，娃娃菜吃出土，跟她们服务人员交涉，换了一份，结账时候还算成了两份娃娃菜两份空心菜，价钱还贵的要死，要发票说没有。永远不会再去了。简直是一场噩梦。,0
新推出的人参鸡腿饭套餐，尝试了下，还不错哦 鸡腿很嫩哈，不会出现不文雅啃鸡腿的样子，用筷子播播就能撕开肉 里面还有人参片，汤很清淡，微微有些参味，还有几片小木耳~ 白米饭上撒着些肉末，味道好好，再过着生菜吃，蛮营养的一餐。 不过我最喜欢的还是排骨饭和香菇鸡腿饭~,1
常常去他们家吃麻辣烫呢 口味真的很不错 每次去人都是非常多 不过等候麻辣烫的时间不长 老板娘动作很快 就是地方小了一点 座位很少 最喜欢的他们家的素丸子 土豆 宽粉 每次去这些都是我必拿的 而且价格也不是很贵 基本上我买个6、7元钱的就能吃的很饱了呢 很实惠,1
路过，随便找的，所有的店家里，这家干净，环境较好，人也不是很多。 服务员态度确实是不错。 爱吃虾饺的人，觉得这家做的尤其入味。 煲仔饭也不错. 不算性价比高的,1
店面觉得蛮宽敞，服务很亲切，有耐心，还会在点菜时候提示不需要点太多。鸡锅价格都不太高，都送5份素菜。我们又点了其他的三份，吃的很满足。鸡肉很嫩，汤也很香。不知道是否是味精造就，汗。有店里自制的酱汁蘸着吃，非常美味。冷天吃上这样一锅鸡汤，感觉很幸福。以后还会再去~,1
红宝石越做越差了，没以前好了。。 鲜奶小方2块起卖，6元/块，蛋糕上的鲜奶越来越少了，薄薄的一层，蛋糕胚子不够细腻，原来买鲜奶小方是冲着它的性价比，现在性价比降低了，觉得失望了。。 掼奶油6元/杯，一杯鲜奶吃的爽~ 客观来说还是可以的，价格也是亲民的，就是性价比不如以前了，还会继续去~,0
挺正宗的湘菜，够味、够辣。价格也实惠，上菜快。平民化的餐厅，发展挺好，据说房间天天要预定，真是好生意。,1
相当的悲愤啊……和小石头在万达转了一圈，不知道吃什么，看他家上座率还可以，就来了。感觉菜价比较贵，当然，现在什么都贵，可是他家实在是性价比不咋地。服务员少，千呼万唤也不来，烤肉要自己动手，让服务员帮忙是不可能的，人家说人手不够。烤肉的味道还算凑合，蔬菜合盘、蘑菇合盘什么的都不怎么样，我看他家老板是穷疯了，四片生菜两条黄瓜两条胡萝卜要20。人家别的地方烤肉都是赠送配菜的。总之下次不要钱也不来了。,0
鹅肝不错在冷点中，价格比较实惠。晚餐生意出奇的好啊！价位上属于中等。地段不同。翻座率很高。老板娘忙不过来了。人手少。生意上说小饭店属于不错。环境还可以。,1
东西不便宜，分量不是很多，味道过得去，不至于太难吃！关键是不辣，我老公可吃不了辣，一点点辣就辣死了，就要开始灌水或者牛奶来接辣了！不过东西真的有点偏贵了，觉得性价比不高！,0
"朋友介绍多次,今日一去果然,还没进门老远就闻到的烤羊特有的香味,虽然刚在西华门饭店吃过午饭,但依然感觉有食欲,考察了一番,订下了圣诞夜的晚餐!盼望哦! 圣诞没吃烤火鸡,来吃了烤全羊,也许希望大了,所以品尝后并不像想象中的那么好,也许是最近吃多了,烤羊架上来以后很有气氛,但动刀切割有点费力,皮脆肉也挺嫩,就是口味没平时的烤羊肉串足,倒发觉后来切盘端上来后的羊排很不错,那羊杂汤的口味不是太喜欢.尝过一次可以了,下次还是换些精致的淮扬菜吃吃.",1
